Date,Machine_ID,Product_ID,Defect_Type,Defect_Qty,Scrap_Cost
2025-01-24,M201,P104,Assembly Defect,10,2120
2025-04-28,M403,P104,Calibration Error,7,917
2025-05-30,M401,P104,Assembly Defect,9,2205
2025-08-07,M301,P104,Dimension Error,12,1068
2025-05-07,M203,P102,Dimension Error,8,1040
2025-10-20,M404,P103,Solder Defect,12,1980
2025-11-01,M201,P101,Assembly Defect,14,1358
2025-01-28,M103,P101,Calibration Error,9,2160
2025-09-08,M402,P101,Dimension Error,8,1728
2025-02-26,M303,P101,Dimension Error,5,780
2025-09-23,M301,P104,Dimension Error,6,1344
2025-11-21,M404,P102,Calibration Error,7,980
2025-01-12,M402,P101,Assembly Defect,10,1440
2025-04-21,M303,P104,Assembly Defect,5,745
2025-12-28,M404,P102,Assembly Defect,6,510
2025-06-26,M202,P104,Solder Defect,10,1270
2025-08-28,M101,P104,Dimension Error,6,990
2025-08-10,M404,P101,Dimension Error,6,606
2025-11-22,M104,P102,Calibration Error,2,282
2025-07-24,M104,P102,Solder Defect,8,896
2025-04-07,M404,P104,Assembly Defect,8,1384
2025-11-03,M302,P101,Calibration Error,16,3312
2025-07-30,M403,P101,Assembly Defect,11,2299
2025-01-06,M404,P101,Solder Defect,8,1920
2025-07-27,M304,P101,Solder Defect,7,1323
2025-05-17,M102,P104,Solder Defect,6,1176
2025-09-28,M203,P103,Dimension Error,7,1505
2025-05-18,M203,P101,Calibration Error,11,1595
2025-09-22,M304,P104,Calibration Error,9,1710
2025-06-18,M302,P101,Assembly Defect,16,3808
2025-03-08,M404,P102,Solder Defect,4,948
2025-01-06,M203,P101,Dimension Error,6,1326
2025-09-17,M204,P104,Assembly Defect,15,2130
2025-02-12,M402,P104,Assembly Defect,15,3585
2025-09-15,M301,P103,Assembly Defect,5,450
2025-10-10,M303,P102,Solder Defect,12,1572
2025-04-06,M102,P104,Assembly Defect,11,2101
2025-01-03,M303,P102,Dimension Error,7,1666
2025-11-16,M102,P101,Assembly Defect,8,960
2025-04-16,M102,P102,Dimension Error,6,1062
2025-04-11,M204,P101,Calibration Error,11,1562
2025-07-03,M401,P103,Assembly Defect,6,480
2025-05-06,M101,P104,Solder Defect,10,1700
2025-05-21,M102,P102,Dimension Error,8,1064
2025-03-25,M101,P101,Calibration Error,8,1920
2025-11-08,M304,P102,Solder Defect,10,2220
2025-06-17,M101,P101,Assembly Defect,11,1232
2025-04-13,M103,P102,Solder Defect,9,1602
2025-09-22,M201,P101,Assembly Defect,8,1720
2025-03-05,M102,P102,Solder Defect,8,1344
2025-06-02,M302,P104,Calibration Error,21,3591
2025-08-16,M404,P104,Calibration Error,11,2530
2025-09-27,M201,P103,Assembly Defect,6,1458
2025-12-15,M303,P102,Solder Defect,11,1925
2025-02-13,M202,P104,Calibration Error,3,384
2025-09-21,M201,P104,Assembly Defect,17,1921
2025-10-28,M304,P101,Assembly Defect,9,1143
2025-07-05,M304,P104,Dimension Error,13,2795
2025-09-27,M103,P103,Assembly Defect,8,1848
2025-01-22,M204,P101,Solder Defect,7,1589
2025-08-05,M303,P103,Assembly Defect,4,832
2025-08-21,M401,P101,Assembly Defect,4,332
2025-12-29,M302,P103,Solder Defect,21,1827
2025-09-19,M201,P103,Assembly Defect,11,2024
2025-12-31,M302,P101,Calibration Error,16,1376
2025-08-16,M402,P103,Assembly Defect,7,1190
2025-11-04,M203,P103,Assembly Defect,9,1890
2025-09-19,M103,P101,Calibration Error,5,1245
2025-03-20,M403,P104,Assembly Defect,10,1560
2025-08-17,M403,P104,Dimension Error,6,894
2025-07-10,M202,P103,Assembly Defect,5,550
2025-03-06,M203,P104,Calibration Error,8,1224
2025-10-28,M204,P104,Dimension Error,8,1896
2025-01-20,M101,P104,Solder Defect,11,1672
2025-06-19,M304,P103,Assembly Defect,11,2475
2025-12-19,M402,P104,Assembly Defect,10,1070
2025-08-12,M402,P102,Calibration Error,10,2240
2025-06-24,M402,P104,Solder Defect,4,476
2025-06-18,M304,P102,Assembly Defect,6,522
2025-03-28,M403,P104,Dimension Error,9,1323
2025-11-16,M101,P104,Assembly Defect,9,999
2025-03-21,M201,P104,Calibration Error,10,2030
2025-07-23,M304,P102,Solder Defect,7,1064
2025-07-08,M104,P102,Assembly Defect,7,742
2025-09-12,M102,P101,Assembly Defect,11,1672
2025-07-06,M303,P102,Assembly Defect,12,2040
2025-07-02,M303,P103,Dimension Error,7,889
2025-03-04,M402,P102,Calibration Error,5,875
2025-12-03,M404,P104,Dimension Error,6,1260
2025-01-28,M304,P101,Assembly Defect,12,2736
2025-02-16,M101,P104,Solder Defect,8,1240
2025-04-13,M103,P104,Solder Defect,9,1566
2025-06-18,M404,P103,Calibration Error,13,1339
2025-11-17,M403,P102,Calibration Error,11,1980
2025-10-12,M401,P101,Calibration Error,5,485
2025-12-09,M402,P101,Assembly Defect,6,1470
2025-12-14,M101,P101,Solder Defect,10,1740
2025-07-10,M203,P101,Solder Defect,10,1070
2025-07-09,M203,P102,Solder Defect,10,1210
2025-07-27,M302,P101,Solder Defect,27,3456
2025-12-18,M204,P102,Dimension Error,7,994
2025-09-13,M102,P102,Solder Defect,10,2500
2025-12-09,M204,P104,Calibration Error,11,2717
2025-02-02,M203,P103,Assembly Defect,5,975
2025-09-24,M104,P104,Dimension Error,8,1520
2025-07-26,M204,P103,Calibration Error,9,738
2025-10-06,M204,P103,Solder Defect,5,635
2025-05-31,M202,P104,Dimension Error,9,1386
2025-09-04,M301,P102,Dimension Error,4,632
2025-05-21,M101,P103,Dimension Error,11,2695
2025-10-14,M203,P102,Dimension Error,5,1165
2025-08-11,M402,P102,Dimension Error,6,1392
2025-11-30,M303,P101,Dimension Error,16,3088
2025-06-04,M301,P102,Assembly Defect,7,1253
2025-09-27,M403,P101,Assembly Defect,10,1450
2025-07-16,M203,P103,Calibration Error,6,618
2025-06-17,M303,P104,Dimension Error,5,795
2025-12-01,M201,P102,Assembly Defect,4,328
2025-03-20,M401,P101,Dimension Error,8,1184
2025-10-29,M401,P104,Dimension Error,6,1500
2025-09-23,M103,P101,Calibration Error,7,805
2025-10-23,M201,P102,Calibration Error,8,1184
2025-07-16,M404,P102,Calibration Error,10,930
2025-04-26,M403,P102,Calibration Error,8,1632
2025-12-28,M301,P101,Dimension Error,8,768
2025-04-15,M402,P104,Assembly Defect,10,2130
2025-06-17,M404,P102,Solder Defect,14,2058
2025-06-18,M303,P104,Assembly Defect,9,1755
2025-12-06,M401,P103,Dimension Error,11,2288
2025-07-17,M101,P101,Assembly Defect,6,996
2025-02-04,M201,P104,Dimension Error,6,1476
2025-08-06,M301,P103,Assembly Defect,14,1876
2025-08-01,M204,P102,Dimension Error,10,890
2025-07-08,M402,P101,Assembly Defect,7,1337
2025-07-01,M203,P103,Assembly Defect,14,1750
2025-01-22,M102,P103,Calibration Error,10,1020
2025-12-17,M402,P104,Assembly Defect,8,1568
2025-02-21,M304,P102,Solder Defect,9,1287
2025-06-16,M103,P101,Assembly Defect,9,2232
2025-01-12,M303,P104,Assembly Defect,4,960
2025-02-21,M204,P102,Assembly Defect,4,880
2025-06-13,M102,P101,Assembly Defect,8,1024
2025-04-06,M202,P104,Dimension Error,10,1850
2025-12-30,M203,P102,Dimension Error,11,2541
2025-12-21,M102,P103,Calibration Error,10,1330
2025-04-15,M104,P101,Dimension Error,10,900
2025-09-16,M103,P104,Solder Defect,7,623
2025-07-06,M201,P102,Solder Defect,6,1290
2025-05-17,M304,P104,Assembly Defect,5,1140
2025-07-28,M304,P101,Assembly Defect,8,904
2025-08-31,M101,P102,Assembly Defect,6,1422
2025-11-14,M402,P101,Solder Defect,4,616
2025-04-21,M303,P102,Solder Defect,11,1749
2025-01-04,M404,P104,Assembly Defect,8,888
2025-04-24,M102,P104,Solder Defect,7,574
2025-11-01,M201,P102,Solder Defect,10,1820
2025-10-09,M403,P103,Assembly Defect,12,1572
2025-08-24,M104,P103,Dimension Error,12,1692
2025-03-21,M102,P103,Calibration Error,9,909
2025-11-09,M201,P104,Assembly Defect,6,858
2025-02-14,M202,P104,Dimension Error,6,1110
2025-06-29,M401,P101,Calibration Error,3,408
2025-04-14,M401,P101,Dimension Error,4,684
2025-06-23,M101,P104,Calibration Error,10,1440
2025-08-21,M303,P103,Assembly Defect,16,1888
2025-08-04,M403,P102,Solder Defect,5,705
2025-07-27,M404,P101,Calibration Error,6,1176
2025-06-10,M104,P101,Solder Defect,9,1539
2025-12-17,M402,P104,Solder Defect,6,1134
2025-10-24,M101,P103,Dimension Error,4,396
2025-02-06,M202,P101,Solder Defect,7,1246
2025-08-21,M203,P102,Calibration Error,8,1384
2025-04-07,M204,P102,Solder Defect,13,3133
2025-07-09,M301,P103,Assembly Defect,7,700
2025-08-03,M303,P104,Solder Defect,8,1544
2025-10-25,M302,P102,Calibration Error,13,2795
2025-04-27,M102,P102,Assembly Defect,5,625
2025-07-22,M301,P104,Assembly Defect,6,1440
2025-12-17,M303,P101,Solder Defect,8,928
2025-01-18,M302,P101,Solder Defect,16,2528
2025-10-06,M102,P103,Solder Defect,9,828
2025-11-07,M204,P102,Assembly Defect,7,1260
2025-07-06,M204,P102,Dimension Error,9,1179
2025-05-02,M101,P103,Dimension Error,16,2784
2025-12-25,M302,P102,Dimension Error,15,1200
2025-10-23,M302,P101,Dimension Error,20,2780
2025-08-19,M403,P101,Calibration Error,2,208
2025-08-25,M101,P103,Dimension Error,6,570
2025-02-26,M202,P103,Calibration Error,8,1768
2025-12-15,M204,P102,Dimension Error,6,618
2025-08-18,M304,P104,Solder Defect,10,1960
2025-07-13,M403,P103,Solder Defect,8,1360
2025-11-06,M104,P104,Calibration Error,7,1568
2025-05-03,M101,P101,Solder Defect,3,504
2025-07-05,M103,P104,Calibration Error,5,715
2025-11-30,M103,P104,Calibration Error,13,2288
2025-05-28,M404,P101,Assembly Defect,4,624
2025-01-23,M401,P103,Assembly Defect,11,1870
2025-03-18,M303,P102,Assembly Defect,12,2388
2025-01-11,M404,P104,Assembly Defect,14,1134
2025-10-23,M301,P104,Calibration Error,13,1079
2025-08-29,M303,P104,Calibration Error,11,2717
2025-04-04,M403,P101,Calibration Error,4,740
2025-01-14,M201,P104,Solder Defect,6,666
2025-10-15,M402,P101,Solder Defect,10,860
2025-11-07,M204,P104,Solder Defect,11,2530
2025-11-29,M103,P103,Solder Defect,4,888
2025-02-04,M403,P101,Solder Defect,4,520
2025-03-11,M404,P104,Calibration Error,5,1075
2025-01-13,M304,P104,Dimension Error,7,1435
2025-09-11,M102,P101,Assembly Defect,7,1610
2025-08-26,M201,P104,Calibration Error,8,840
2025-02-23,M303,P104,Dimension Error,6,948
2025-08-11,M101,P104,Dimension Error,9,1179
2025-11-22,M303,P103,Dimension Error,10,2240
2025-12-18,M104,P102,Calibration Error,6,534
2025-07-01,M104,P102,Assembly Defect,14,2548
2025-05-03,M403,P103,Calibration Error,8,1360
2025-01-23,M102,P104,Assembly Defect,6,642
2025-08-06,M403,P103,Dimension Error,6,1458
2025-08-31,M203,P103,Solder Defect,9,1989
2025-03-08,M104,P104,Dimension Error,12,1764
2025-09-18,M403,P103,Dimension Error,12,2340
2025-11-07,M204,P103,Assembly Defect,7,1729
2025-10-09,M302,P102,Calibration Error,14,2492
2025-11-06,M404,P101,Calibration Error,8,1352
2025-03-16,M102,P101,Calibration Error,9,855
2025-12-23,M401,P103,Dimension Error,8,1944
2025-10-23,M104,P102,Dimension Error,11,2255
2025-02-27,M103,P104,Calibration Error,7,931
2025-07-09,M204,P101,Calibration Error,16,3840
2025-02-09,M204,P104,Calibration Error,8,720
2025-06-14,M401,P102,Dimension Error,5,875
2025-04-29,M204,P103,Assembly Defect,9,1125
2025-08-05,M202,P101,Calibration Error,11,2563
2025-12-12,M301,P104,Assembly Defect,10,2020
2025-09-16,M104,P101,Calibration Error,9,1998
2025-03-22,M401,P102,Assembly Defect,6,1044
2025-03-04,M403,P102,Calibration Error,8,896
2025-03-12,M204,P101,Dimension Error,11,2695
2025-08-24,M402,P103,Solder Defect,6,852
2025-10-18,M301,P104,Assembly Defect,9,2196
2025-11-28,M102,P103,Assembly Defect,6,1218
2025-12-21,M404,P104,Solder Defect,6,1182
2025-06-03,M203,P101,Calibration Error,10,1570
2025-04-19,M302,P103,Calibration Error,18,2574
2025-09-15,M103,P101,Assembly Defect,6,1236
2025-06-30,M102,P102,Dimension Error,6,720
2025-01-26,M301,P101,Calibration Error,8,1416
2025-10-30,M304,P104,Assembly Defect,5,930
2025-04-06,M301,P102,Calibration Error,11,2497
2025-02-21,M402,P104,Dimension Error,11,891
2025-09-24,M303,P103,Solder Defect,3,546
2025-10-21,M301,P102,Assembly Defect,6,888
2025-02-24,M102,P101,Solder Defect,8,1248
2025-03-16,M404,P104,Assembly Defect,6,1434
2025-04-09,M304,P103,Calibration Error,13,1417
2025-01-01,M104,P101,Dimension Error,7,1652
2025-11-15,M104,P102,Calibration Error,5,1200
2025-10-28,M204,P103,Dimension Error,10,1620
2025-04-18,M302,P101,Solder Defect,20,3260
2025-09-13,M102,P102,Assembly Defect,5,985
2025-07-09,M401,P101,Solder Defect,2,370
2025-05-27,M202,P104,Calibration Error,6,942
2025-06-21,M303,P103,Dimension Error,6,726
2025-01-02,M202,P101,Calibration Error,9,1503
2025-12-30,M301,P104,Calibration Error,12,1392
2025-12-06,M204,P103,Solder Defect,11,2255
2025-02-12,M403,P102,Assembly Defect,10,1380
2025-05-22,M401,P104,Solder Defect,6,1434
2025-06-24,M301,P104,Solder Defect,12,2988
2025-01-26,M402,P101,Calibration Error,8,1808
2025-09-27,M103,P101,Dimension Error,8,1816
2025-07-03,M104,P104,Calibration Error,10,1660
2025-03-10,M103,P103,Solder Defect,8,1000
2025-01-01,M202,P102,Assembly Defect,6,1452
2025-02-24,M404,P103,Dimension Error,6,582
2025-07-16,M102,P103,Dimension Error,7,1008
2025-12-07,M103,P103,Assembly Defect,4,444
2025-04-09,M203,P102,Dimension Error,4,720
2025-07-04,M101,P102,Assembly Defect,12,2784
2025-02-04,M303,P104,Assembly Defect,9,1989
2025-03-01,M403,P101,Assembly Defect,11,2211
2025-10-08,M202,P101,Assembly Defect,9,1125
2025-06-05,M202,P102,Solder Defect,7,1603
2025-03-01,M104,P103,Calibration Error,6,1356
2025-10-26,M301,P101,Assembly Defect,9,972
2025-05-26,M101,P101,Calibration Error,7,1477
2025-07-05,M401,P102,Solder Defect,5,760
2025-03-28,M402,P103,Calibration Error,7,567
2025-03-03,M202,P101,Solder Defect,9,1755
2025-06-04,M102,P102,Solder Defect,7,1666
2025-09-17,M302,P103,Dimension Error,18,3744
2025-09-20,M401,P104,Assembly Defect,5,1195
2025-06-02,M103,P102,Dimension Error,11,1397
2025-11-04,M104,P102,Dimension Error,4,788
2025-12-09,M303,P101,Dimension Error,6,954
2025-05-20,M104,P103,Calibration Error,6,708
2025-02-28,M101,P101,Solder Defect,5,640
2025-02-01,M303,P102,Calibration Error,9,954
2025-07-03,M401,P102,Calibration Error,8,1232
2025-04-04,M301,P101,Calibration Error,8,936
2025-05-09,M401,P102,Dimension Error,4,808
2025-02-11,M204,P102,Solder Defect,4,460
2025-06-10,M204,P103,Calibration Error,10,1410
2025-10-02,M402,P104,Solder Defect,4,776
2025-08-31,M401,P101,Assembly Defect,6,684
2025-11-13,M203,P104,Dimension Error,8,1448
2025-08-29,M302,P101,Dimension Error,22,2508
2025-02-08,M102,P104,Assembly Defect,12,1500
2025-05-30,M102,P101,Calibration Error,6,810
2025-12-24,M102,P103,Solder Defect,6,504
2025-12-19,M404,P102,Assembly Defect,7,1386
2025-03-12,M304,P103,Calibration Error,10,1900
2025-06-27,M302,P101,Dimension Error,24,5184
2025-10-31,M203,P102,Dimension Error,6,1146
2025-12-30,M204,P103,Calibration Error,14,1904
2025-10-12,M104,P102,Calibration Error,11,1947
2025-11-28,M203,P102,Dimension Error,9,1980
2025-11-30,M402,P101,Dimension Error,7,630
2025-05-21,M202,P102,Assembly Defect,7,1372
2025-11-30,M204,P101,Assembly Defect,6,1368
2025-05-01,M103,P101,Dimension Error,16,3648
2025-10-31,M202,P101,Calibration Error,7,1127
2025-05-08,M302,P104,Solder Defect,22,1782
2025-08-29,M101,P104,Dimension Error,7,1225
2025-01-04,M302,P103,Dimension Error,18,3024
2025-08-22,M401,P104,Dimension Error,4,448
2025-02-06,M204,P101,Assembly Defect,10,2280
2025-07-03,M103,P103,Assembly Defect,7,1197
2025-05-23,M202,P102,Assembly Defect,4,916
2025-06-20,M303,P101,Calibration Error,7,896
2025-12-29,M102,P103,Solder Defect,9,1521
2025-05-31,M104,P104,Calibration Error,7,1736
2025-12-19,M304,P101,Solder Defect,11,946
2025-11-02,M402,P104,Assembly Defect,7,1169
2025-02-24,M204,P104,Calibration Error,6,1092
2025-07-02,M101,P103,Solder Defect,12,1728
2025-02-03,M404,P102,Dimension Error,7,812
2025-03-14,M204,P103,Calibration Error,8,1496
2025-12-26,M404,P104,Solder Defect,7,910
2025-12-14,M202,P102,Solder Defect,8,920
2025-09-22,M103,P104,Solder Defect,10,2140
2025-11-15,M204,P103,Assembly Defect,6,1158
2025-12-16,M303,P102,Solder Defect,9,882
2025-03-24,M403,P103,Dimension Error,2,284
2025-09-12,M203,P101,Solder Defect,8,1264
2025-11-07,M203,P102,Solder Defect,5,420
2025-10-01,M401,P102,Calibration Error,12,1116
2025-08-10,M303,P103,Solder Defect,7,602
2025-05-01,M104,P101,Calibration Error,8,1488
2025-06-02,M304,P101,Solder Defect,9,819
2025-03-08,M103,P102,Assembly Defect,10,990
2025-12-28,M301,P101,Solder Defect,7,1358
2025-01-24,M201,P103,Dimension Error,7,672
2025-08-06,M404,P104,Calibration Error,11,1397
2025-02-02,M302,P104,Solder Defect,20,5000
2025-03-07,M101,P103,Calibration Error,10,2440
2025-06-09,M404,P103,Calibration Error,8,1056
2025-06-07,M302,P102,Solder Defect,18,3330
2025-07-04,M103,P101,Solder Defect,3,465
2025-07-22,M101,P101,Solder Defect,10,2410
2025-05-30,M104,P102,Solder Defect,6,840
2025-06-22,M304,P103,Dimension Error,9,2034
2025-06-05,M201,P101,Dimension Error,3,351
2025-12-17,M201,P102,Assembly Defect,8,1504
2025-12-21,M403,P102,Solder Defect,8,1640
2025-07-13,M103,P104,Dimension Error,10,2050
2025-08-05,M404,P104,Assembly Defect,4,384
2025-04-22,M404,P104,Solder Defect,3,336
2025-04-20,M103,P102,Dimension Error,4,976
2025-11-22,M202,P101,Assembly Defect,10,2090
2025-09-01,M204,P101,Assembly Defect,4,688
2025-03-01,M301,P103,Assembly Defect,6,1248
2025-07-29,M103,P104,Calibration Error,6,906
2025-02-28,M101,P104,Dimension Error,6,954
2025-12-13,M102,P102,Solder Defect,12,2028
2025-09-06,M303,P103,Calibration Error,7,1575
2025-02-24,M303,P102,Dimension Error,9,1035
2025-01-17,M304,P103,Assembly Defect,7,1631
2025-04-08,M204,P102,Dimension Error,3,300
2025-12-12,M303,P103,Solder Defect,9,1665
2025-04-27,M303,P104,Dimension Error,4,328
2025-03-13,M102,P104,Solder Defect,6,1020
2025-04-11,M403,P103,Calibration Error,6,564
2025-12-18,M304,P103,Assembly Defect,11,1826
2025-04-23,M303,P103,Assembly Defect,3,267
2025-08-19,M402,P104,Dimension Error,10,2080
2025-09-27,M202,P102,Solder Defect,12,1056
2025-01-20,M403,P102,Solder Defect,7,1050
2025-01-12,M302,P104,Solder Defect,17,2108
2025-06-01,M401,P101,Dimension Error,8,1384
2025-12-09,M404,P101,Assembly Defect,11,1144
2025-01-12,M302,P104,Dimension Error,18,1800
2025-09-25,M402,P103,Assembly Defect,8,944
2025-08-10,M201,P103,Assembly Defect,10,2070
2025-01-31,M301,P104,Dimension Error,8,808
2025-02-28,M101,P101,Dimension Error,8,1592
2025-01-08,M204,P102,Calibration Error,4,652
2025-08-26,M102,P103,Assembly Defect,5,685
2025-01-15,M403,P102,Calibration Error,6,948
2025-07-12,M402,P104,Assembly Defect,15,3495
2025-12-14,M102,P102,Solder Defect,8,1168
2025-04-27,M104,P104,Dimension Error,7,1673
2025-11-01,M201,P103,Dimension Error,5,1130
2025-03-24,M302,P104,Solder Defect,19,4085
2025-03-04,M104,P102,Solder Defect,9,927
2025-09-19,M402,P103,Calibration Error,11,1254
2025-05-07,M103,P103,Assembly Defect,6,1062
2025-07-10,M104,P101,Calibration Error,7,1386
2025-07-08,M103,P104,Solder Defect,7,595
2025-05-06,M301,P102,Dimension Error,9,1341
2025-04-12,M201,P103,Dimension Error,4,800
2025-06-01,M101,P103,Calibration Error,8,1416
2025-03-12,M303,P101,Calibration Error,13,1716
2025-03-05,M103,P103,Assembly Defect,10,1070
2025-11-23,M103,P101,Solder Defect,1,243
2025-03-12,M101,P104,Solder Defect,6,1230
2025-02-22,M204,P104,Calibration Error,10,930
2025-01-17,M304,P102,Calibration Error,4,396
2025-12-12,M302,P103,Calibration Error,26,4888
2025-08-13,M204,P103,Calibration Error,11,2453
2025-05-16,M201,P103,Dimension Error,11,1210
2025-03-05,M402,P101,Assembly Defect,9,2151
2025-10-20,M302,P103,Calibration Error,21,2121
2025-10-01,M301,P103,Assembly Defect,9,1197
2025-08-13,M303,P102,Dimension Error,17,3655
2025-03-07,M304,P101,Solder Defect,9,1341
2025-11-10,M302,P101,Calibration Error,21,2394
2025-04-10,M304,P103,Calibration Error,7,1183
2025-09-19,M102,P102,Assembly Defect,10,2450
2025-03-29,M101,P103,Solder Defect,10,2060
2025-06-11,M102,P104,Solder Defect,10,2290
2025-12-18,M403,P102,Assembly Defect,4,584
2025-05-31,M201,P103,Calibration Error,4,604
2025-12-27,M404,P104,Dimension Error,5,1015
2025-05-10,M302,P103,Dimension Error,14,3220
2025-05-06,M102,P103,Dimension Error,5,760
2025-01-28,M102,P104,Solder Defect,6,1068
2025-10-18,M201,P104,Assembly Defect,6,1314
2025-08-11,M201,P104,Assembly Defect,13,2249
2025-04-17,M404,P104,Calibration Error,7,1561
2025-06-30,M302,P104,Solder Defect,25,2625
2025-03-13,M104,P101,Assembly Defect,9,774
2025-08-28,M202,P103,Assembly Defect,9,1530
2025-04-12,M402,P101,Solder Defect,3,573
2025-01-31,M204,P102,Assembly Defect,12,2388
2025-01-16,M403,P102,Dimension Error,4,456
2025-07-04,M104,P104,Assembly Defect,10,1310
2025-03-05,M401,P101,Calibration Error,3,339
2025-07-10,M102,P102,Assembly Defect,6,858
2025-12-12,M301,P103,Calibration Error,6,1182
2025-10-13,M304,P102,Calibration Error,6,1134
2025-02-16,M404,P103,Dimension Error,5,735
2025-06-22,M302,P103,Assembly Defect,15,3135
2025-03-01,M202,P104,Calibration Error,11,1177
2025-09-10,M302,P102,Dimension Error,14,3010
2025-04-28,M201,P102,Assembly Defect,10,860
2025-03-24,M203,P102,Dimension Error,5,1250
2025-03-08,M404,P104,Solder Defect,9,1782
2025-07-29,M301,P101,Assembly Defect,14,1260
2025-05-23,M401,P103,Assembly Defect,8,840
2025-02-11,M202,P104,Calibration Error,10,2090
2025-02-10,M104,P101,Assembly Defect,6,486
2025-03-11,M201,P102,Solder Defect,16,3232
2025-11-29,M302,P103,Assembly Defect,17,3638
2025-03-11,M403,P104,Dimension Error,10,2030
2025-05-20,M202,P102,Calibration Error,9,1449
2025-12-24,M301,P102,Calibration Error,8,1944
2025-08-22,M203,P102,Dimension Error,9,1917
2025-04-21,M402,P102,Solder Defect,10,1680
2025-03-03,M102,P101,Calibration Error,7,1239
2025-01-01,M404,P104,Calibration Error,6,582
2025-05-12,M203,P103,Dimension Error,4,900
2025-12-08,M401,P103,Calibration Error,10,2070
2025-02-04,M304,P103,Dimension Error,6,858
2025-02-27,M101,P103,Calibration Error,4,324
2025-10-14,M203,P101,Dimension Error,13,1768
2025-01-16,M304,P101,Dimension Error,5,1195
2025-04-18,M204,P104,Dimension Error,5,690
2025-02-23,M201,P104,Calibration Error,7,1050
2025-02-13,M302,P103,Solder Defect,15,2940
2025-12-09,M304,P101,Calibration Error,5,925
2025-10-06,M101,P101,Solder Defect,9,1800
2025-03-19,M202,P101,Dimension Error,12,1212
2025-03-22,M104,P103,Assembly Defect,9,1134
2025-05-06,M303,P104,Solder Defect,6,678
2025-05-01,M203,P101,Assembly Defect,6,1428
2025-11-16,M403,P103,Solder Defect,9,1773
2025-07-04,M403,P101,Calibration Error,8,976
2025-04-11,M101,P101,Dimension Error,9,720
2025-11-06,M302,P101,Dimension Error,21,1743
2025-03-28,M301,P101,Calibration Error,8,688
2025-01-25,M403,P104,Dimension Error,6,1476
2025-06-28,M404,P103,Assembly Defect,5,1090
2025-06-23,M101,P103,Solder Defect,8,1256
2025-06-21,M102,P103,Dimension Error,10,1250
2025-05-08,M401,P104,Assembly Defect,8,1440
2025-03-07,M403,P102,Dimension Error,4,664
2025-02-23,M104,P103,Calibration Error,6,540
2025-06-07,M204,P103,Assembly Defect,11,1001
2025-12-16,M301,P104,Calibration Error,9,963
2025-09-07,M401,P103,Calibration Error,9,1395
2025-11-06,M203,P103,Solder Defect,7,1316
2025-07-13,M403,P103,Solder Defect,6,1158
2025-10-12,M402,P103,Assembly Defect,9,1746
2025-05-19,M103,P101,Solder Defect,10,1810
2025-11-27,M402,P104,Calibration Error,7,1323
2025-05-29,M103,P104,Calibration Error,5,1235
2025-10-24,M403,P103,Calibration Error,6,1176
2025-08-31,M102,P101,Calibration Error,8,1208
2025-10-22,M203,P101,Dimension Error,8,1184
2025-07-02,M201,P103,Calibration Error,8,1536
2025-10-07,M101,P103,Dimension Error,4,320
2025-05-30,M102,P104,Calibration Error,8,1432
2025-06-26,M103,P104,Assembly Defect,9,1620
2025-10-24,M202,P104,Calibration Error,11,1012
2025-04-23,M202,P104,Calibration Error,4,668
2025-09-12,M104,P102,Assembly Defect,6,1074
2025-09-05,M202,P101,Calibration Error,9,1287
2025-01-03,M101,P103,Dimension Error,9,2232
2025-09-17,M304,P101,Assembly Defect,13,1807
2025-03-14,M302,P102,Assembly Defect,18,3186
2025-01-11,M101,P101,Assembly Defect,11,2255
2025-10-03,M203,P104,Solder Defect,9,1188
2025-01-16,M203,P103,Solder Defect,5,710
2025-11-23,M401,P103,Calibration Error,6,672
2025-10-29,M303,P104,Assembly Defect,9,2133
2025-12-14,M403,P104,Solder Defect,6,1242
2025-01-23,M402,P101,Solder Defect,17,3519
2025-05-20,M401,P101,Assembly Defect,6,846
2025-05-07,M403,P101,Solder Defect,10,1510
2025-10-30,M103,P104,Assembly Defect,9,1368
2025-04-11,M401,P104,Solder Defect,7,1743
2025-11-23,M401,P102,Dimension Error,6,1146
2025-04-06,M103,P103,Dimension Error,12,2460
2025-06-04,M101,P103,Assembly Defect,7,1225
2025-09-14,M402,P104,Solder Defect,4,856
2025-03-18,M302,P104,Assembly Defect,22,3300
2025-03-29,M404,P103,Calibration Error,8,1920
2025-02-02,M301,P101,Dimension Error,7,868
2025-08-03,M203,P103,Calibration Error,5,505
2025-11-21,M202,P102,Calibration Error,7,952
2025-10-23,M202,P101,Assembly Defect,13,2912
2025-01-13,M101,P104,Solder Defect,11,1474
2025-03-12,M101,P103,Assembly Defect,11,2310
2025-05-13,M304,P104,Dimension Error,10,2030
2025-02-06,M304,P103,Solder Defect,7,1386
2025-11-29,M401,P104,Solder Defect,5,775
2025-06-11,M402,P102,Solder Defect,8,840
2025-07-25,M302,P103,Dimension Error,25,4550
2025-09-09,M403,P104,Assembly Defect,7,1407
2025-08-10,M401,P104,Assembly Defect,8,1624
2025-07-21,M102,P103,Calibration Error,9,738
2025-09-14,M303,P102,Dimension Error,3,477
2025-06-18,M303,P102,Solder Defect,14,2870
2025-07-06,M102,P103,Dimension Error,9,1935
2025-03-10,M404,P102,Dimension Error,8,1376
2025-06-03,M301,P102,Calibration Error,4,324
2025-08-09,M103,P103,Solder Defect,11,2046
2025-11-07,M202,P104,Calibration Error,6,1470
2025-09-27,M402,P103,Solder Defect,9,855
2025-07-14,M404,P102,Assembly Defect,12,2232
2025-08-10,M203,P101,Calibration Error,6,726
2025-02-14,M301,P102,Solder Defect,7,903
2025-02-15,M203,P102,Calibration Error,9,765
2025-02-10,M104,P101,Assembly Defect,9,765
2025-07-25,M304,P103,Assembly Defect,12,2004
2025-09-25,M404,P103,Assembly Defect,12,1368
2025-12-23,M302,P103,Calibration Error,22,3960
2025-02-23,M303,P101,Assembly Defect,8,1032
2025-07-30,M403,P103,Assembly Defect,4,784
2025-12-29,M203,P103,Solder Defect,13,2535
2025-10-20,M203,P104,Solder Defect,13,3224
2025-05-04,M303,P103,Dimension Error,7,1316
2025-11-13,M402,P102,Calibration Error,11,2398
2025-12-31,M304,P104,Assembly Defect,8,776
2025-08-26,M201,P103,Dimension Error,8,728
2025-12-21,M104,P101,Dimension Error,7,791
2025-05-16,M402,P103,Dimension Error,5,935
2025-12-27,M202,P102,Dimension Error,8,1736
2025-05-26,M201,P104,Assembly Defect,7,763
2025-09-06,M403,P102,Dimension Error,6,1218
2025-10-17,M102,P101,Solder Defect,10,1130
2025-12-02,M404,P101,Solder Defect,5,1190
2025-06-10,M201,P101,Calibration Error,6,1308
2025-12-05,M403,P102,Solder Defect,6,672
2025-03-05,M304,P101,Solder Defect,12,2904
2025-05-21,M304,P104,Calibration Error,12,1896
2025-05-19,M402,P102,Calibration Error,11,979
2025-02-18,M401,P103,Dimension Error,5,920
2025-04-22,M204,P102,Assembly Defect,4,356
2025-09-25,M201,P103,Calibration Error,12,1356
2025-07-16,M201,P103,Calibration Error,9,1953
2025-02-16,M301,P101,Calibration Error,3,279
2025-11-26,M404,P103,Assembly Defect,8,1856
2025-09-27,M302,P101,Assembly Defect,13,1235
2025-03-14,M302,P103,Calibration Error,18,1656
2025-09-07,M301,P103,Solder Defect,8,1864
2025-04-19,M204,P102,Solder Defect,7,1603
2025-11-24,M403,P101,Calibration Error,7,1029
2025-05-19,M101,P103,Calibration Error,5,510
2025-01-13,M101,P104,Dimension Error,12,1248
2025-12-09,M202,P102,Assembly Defect,4,564
2025-03-08,M404,P104,Calibration Error,9,1845
2025-08-12,M304,P103,Assembly Defect,6,1152
2025-07-23,M103,P104,Calibration Error,11,2123
2025-07-02,M404,P102,Assembly Defect,5,810
2025-06-08,M104,P103,Dimension Error,11,1144
2025-04-03,M401,P104,Dimension Error,7,749
2025-06-23,M204,P102,Calibration Error,8,1880
2025-05-17,M202,P104,Solder Defect,2,230
2025-02-05,M304,P101,Solder Defect,6,798
2025-05-11,M204,P102,Solder Defect,8,1528
2025-03-22,M404,P103,Calibration Error,8,1224
2025-08-17,M404,P102,Calibration Error,9,2016
2025-02-05,M201,P101,Calibration Error,7,1365
2025-02-27,M104,P102,Dimension Error,4,672
2025-11-03,M204,P103,Assembly Defect,8,1584
2025-12-08,M103,P103,Calibration Error,3,303
2025-02-15,M402,P102,Calibration Error,9,792
2025-12-28,M401,P103,Solder Defect,6,546
2025-01-02,M301,P103,Calibration Error,6,1080
2025-05-09,M203,P104,Assembly Defect,4,616
2025-05-09,M203,P102,Dimension Error,6,1380
2025-02-17,M301,P102,Calibration Error,8,648
2025-11-20,M102,P104,Calibration Error,8,976
2025-08-15,M401,P102,Assembly Defect,11,1320
2025-08-25,M102,P104,Assembly Defect,11,2233
2025-02-24,M102,P102,Calibration Error,7,1526
2025-07-10,M203,P101,Solder Defect,11,1001
2025-10-29,M102,P101,Dimension Error,8,1072
2025-11-21,M201,P103,Dimension Error,4,980
2025-09-01,M403,P103,Assembly Defect,8,1464
2025-07-09,M402,P101,Dimension Error,8,976
2025-10-11,M302,P104,Solder Defect,13,2002
2025-05-21,M402,P102,Calibration Error,9,1143
2025-12-31,M302,P104,Assembly Defect,22,4070
2025-09-28,M302,P101,Assembly Defect,20,3700
2025-04-13,M303,P101,Dimension Error,15,2400
2025-09-11,M203,P103,Solder Defect,11,2321
2025-07-07,M104,P104,Dimension Error,12,2700
2025-12-12,M401,P103,Assembly Defect,14,3192
2025-07-29,M303,P104,Solder Defect,11,990
2025-11-24,M204,P102,Dimension Error,8,1280
2025-03-20,M202,P104,Assembly Defect,5,1060
2025-05-12,M201,P101,Solder Defect,9,2016
2025-03-23,M202,P102,Assembly Defect,10,1030
2025-05-16,M303,P103,Dimension Error,6,1380
2025-11-21,M304,P102,Dimension Error,11,2684
2025-03-08,M204,P104,Dimension Error,11,2035
2025-01-24,M301,P101,Assembly Defect,7,812
2025-08-08,M302,P102,Solder Defect,15,3570
2025-08-30,M102,P101,Calibration Error,7,1428
2025-03-21,M202,P102,Solder Defect,3,252
2025-11-14,M203,P103,Calibration Error,7,1113
2025-12-10,M203,P102,Calibration Error,8,1880
2025-11-23,M304,P101,Solder Defect,10,2500
2025-06-06,M401,P102,Assembly Defect,9,774
2025-08-24,M402,P103,Calibration Error,8,1872
2025-01-28,M403,P102,Assembly Defect,4,828
2025-07-26,M403,P101,Solder Defect,10,1920
2025-09-16,M201,P103,Assembly Defect,4,728
2025-08-09,M401,P104,Assembly Defect,12,2676
2025-04-24,M402,P101,Assembly Defect,7,931
2025-09-23,M402,P102,Assembly Defect,10,840
2025-09-29,M303,P103,Calibration Error,5,825
2025-11-21,M402,P102,Dimension Error,9,1143
2025-07-13,M401,P102,Calibration Error,7,812
2025-06-17,M403,P102,Dimension Error,13,1846
2025-11-20,M302,P104,Calibration Error,19,1786
2025-12-16,M301,P104,Calibration Error,6,774
2025-12-11,M204,P103,Assembly Defect,13,2470
2025-08-02,M401,P101,Solder Defect,8,1360
2025-02-21,M302,P104,Solder Defect,21,1932
2025-07-13,M401,P102,Dimension Error,8,1704
2025-12-23,M404,P102,Assembly Defect,11,1584
2025-11-06,M301,P101,Calibration Error,8,1968
2025-12-13,M304,P101,Dimension Error,8,1912
2025-12-29,M303,P104,Solder Defect,5,690
2025-12-08,M302,P103,Solder Defect,23,5014
2025-04-27,M204,P101,Calibration Error,11,2409
2025-01-15,M104,P104,Calibration Error,9,1332
2025-08-29,M402,P101,Calibration Error,3,735
2025-04-15,M404,P104,Calibration Error,7,1687
2025-11-09,M101,P101,Calibration Error,10,1200
2025-01-15,M103,P104,Calibration Error,8,832
2025-09-14,M304,P102,Solder Defect,9,729
2025-11-18,M201,P102,Solder Defect,6,1038
2025-03-19,M203,P101,Calibration Error,7,994
2025-07-22,M203,P101,Assembly Defect,7,567
2025-10-31,M202,P101,Calibration Error,12,2448
2025-01-24,M202,P102,Solder Defect,13,2860
2025-11-01,M402,P104,Calibration Error,8,704
2025-02-27,M202,P103,Solder Defect,7,994
2025-02-20,M403,P104,Assembly Defect,8,1456
2025-10-22,M101,P101,Solder Defect,8,848
2025-12-02,M103,P104,Dimension Error,8,1336
2025-04-19,M202,P103,Assembly Defect,6,1290
2025-05-03,M301,P102,Dimension Error,8,872
2025-07-10,M103,P103,Assembly Defect,11,2266
2025-06-05,M402,P101,Solder Defect,7,1393
2025-11-17,M102,P104,Solder Defect,4,456
2025-09-05,M201,P102,Solder Defect,10,1450
2025-01-28,M102,P102,Solder Defect,7,1533
2025-04-14,M302,P101,Calibration Error,15,1830
2025-02-27,M401,P101,Solder Defect,8,1400
2025-11-04,M203,P102,Assembly Defect,10,990
2025-10-07,M204,P102,Assembly Defect,9,1143
2025-12-31,M403,P104,Calibration Error,9,1548
2025-03-17,M102,P102,Solder Defect,11,1496
2025-02-27,M104,P104,Dimension Error,3,672
2025-06-27,M302,P102,Calibration Error,16,2848
2025-09-10,M101,P101,Solder Defect,7,1274
2025-08-17,M104,P101,Dimension Error,9,1791
2025-10-02,M402,P102,Solder Defect,9,1125
2025-06-13,M104,P103,Calibration Error,8,1672
2025-07-23,M301,P102,Dimension Error,11,2123
2025-04-30,M101,P102,Calibration Error,12,1080
2025-11-11,M302,P101,Dimension Error,26,4316
2025-04-17,M101,P103,Solder Defect,8,1376
2025-04-12,M103,P103,Solder Defect,10,950
2025-12-07,M303,P101,Dimension Error,10,1620
2025-06-13,M101,P103,Assembly Defect,8,968
2025-10-08,M302,P104,Dimension Error,22,2090
2025-04-30,M404,P103,Dimension Error,11,2145
2025-11-09,M404,P101,Solder Defect,4,892
2025-12-02,M204,P101,Dimension Error,5,900
2025-05-20,M302,P101,Assembly Defect,21,2919
2025-06-14,M303,P101,Solder Defect,14,2898
2025-03-25,M403,P102,Dimension Error,6,1464
2025-11-01,M403,P102,Calibration Error,10,2200
2025-04-06,M101,P101,Calibration Error,5,565
2025-01-06,M304,P101,Solder Defect,8,960
2025-02-02,M203,P103,Solder Defect,5,945
2025-04-11,M401,P101,Solder Defect,4,952
2025-11-02,M102,P103,Solder Defect,7,875
2025-06-05,M102,P104,Assembly Defect,9,864
2025-02-03,M404,P103,Dimension Error,4,396
2025-02-15,M403,P101,Dimension Error,10,1490
2025-10-04,M304,P104,Dimension Error,4,840
2025-10-12,M401,P102,Solder Defect,8,968
2025-05-11,M102,P104,Solder Defect,5,790
2025-11-21,M302,P101,Calibration Error,21,5208
2025-09-24,M104,P101,Solder Defect,5,525
2025-05-21,M303,P104,Dimension Error,7,1274
2025-08-26,M403,P104,Solder Defect,13,2977
2025-06-23,M201,P103,Dimension Error,4,348
2025-02-19,M404,P101,Calibration Error,6,624
2025-08-19,M402,P103,Assembly Defect,5,495
2025-09-05,M403,P101,Calibration Error,10,1190
2025-12-07,M203,P101,Assembly Defect,7,1183
2025-04-28,M302,P104,Calibration Error,18,3546
2025-12-03,M201,P103,Calibration Error,8,944
2025-01-31,M304,P102,Assembly Defect,12,2568
2025-10-16,M404,P102,Assembly Defect,5,1040
2025-09-13,M202,P104,Calibration Error,4,952
2025-11-08,M203,P102,Assembly Defect,7,1400
2025-12-17,M101,P102,Assembly Defect,10,870
2025-11-10,M204,P104,Dimension Error,12,1560
2025-11-07,M302,P104,Assembly Defect,20,3060
2025-05-17,M201,P104,Calibration Error,10,2290
2025-10-13,M204,P103,Dimension Error,10,1680
2025-03-09,M204,P101,Dimension Error,6,1494
2025-08-21,M401,P102,Calibration Error,7,1407
2025-05-08,M303,P102,Calibration Error,13,2067
2025-01-02,M401,P102,Solder Defect,6,636
2025-07-30,M402,P102,Calibration Error,6,894
2025-01-31,M104,P103,Calibration Error,10,1030
2025-07-11,M401,P102,Assembly Defect,4,668
2025-04-01,M402,P102,Dimension Error,10,1230
2025-09-28,M402,P102,Calibration Error,10,1290
2025-07-06,M403,P101,Assembly Defect,6,900
2025-05-17,M304,P103,Solder Defect,7,1729
2025-06-06,M203,P103,Assembly Defect,5,585
2025-02-13,M103,P101,Dimension Error,4,664
2025-05-16,M301,P103,Assembly Defect,5,1010
2025-11-25,M302,P102,Solder Defect,28,6188
2025-09-30,M302,P102,Assembly Defect,21,2940
2025-09-16,M104,P103,Solder Defect,8,968
2025-11-16,M104,P101,Dimension Error,8,1192
2025-09-09,M202,P103,Dimension Error,7,1071
2025-04-02,M403,P102,Assembly Defect,8,1536
2025-04-15,M303,P102,Dimension Error,9,1575
2025-11-27,M104,P103,Calibration Error,9,720
2025-02-01,M403,P103,Solder Defect,7,1022
2025-07-08,M103,P102,Assembly Defect,13,2626
2025-10-19,M202,P102,Solder Defect,8,1328
2025-08-27,M202,P103,Assembly Defect,6,780
2025-02-09,M101,P101,Calibration Error,2,288
2025-07-27,M302,P102,Dimension Error,23,5589
2025-12-15,M401,P102,Assembly Defect,9,1188
2025-01-25,M103,P103,Dimension Error,10,830
2025-08-06,M402,P104,Solder Defect,9,774
2025-07-13,M402,P102,Dimension Error,8,1272
2025-11-07,M104,P102,Solder Defect,10,2120
2025-09-09,M102,P104,Assembly Defect,11,902
2025-08-06,M103,P103,Dimension Error,10,1010
2025-06-29,M101,P101,Solder Defect,11,1342
2025-06-13,M101,P102,Calibration Error,8,800
2025-08-01,M102,P101,Assembly Defect,11,1023
2025-04-06,M404,P102,Dimension Error,7,1470
2025-04-27,M201,P101,Calibration Error,6,570
2025-10-11,M401,P101,Assembly Defect,7,1659
2025-10-08,M302,P102,Assembly Defect,16,3168
2025-11-13,M401,P104,Dimension Error,7,1463
2025-05-14,M202,P101,Solder Defect,7,1715
2025-02-04,M302,P101,Assembly Defect,17,1938
2025-05-12,M401,P101,Dimension Error,12,1644
2025-09-08,M202,P102,Dimension Error,10,970
2025-07-01,M304,P102,Assembly Defect,8,1864
2025-12-29,M301,P104,Assembly Defect,6,1488
2025-08-29,M402,P102,Dimension Error,5,1175
2025-09-15,M202,P102,Solder Defect,5,835
2025-06-10,M404,P104,Dimension Error,14,3472
2025-11-04,M203,P104,Dimension Error,11,2101
2025-01-09,M404,P103,Solder Defect,5,450
2025-07-08,M203,P103,Solder Defect,7,1127
2025-01-03,M301,P102,Solder Defect,3,420
2025-06-24,M402,P101,Calibration Error,11,2365
2025-07-02,M402,P104,Dimension Error,4,332
2025-11-13,M402,P102,Assembly Defect,16,2528
2025-12-13,M403,P104,Solder Defect,12,2448
2025-06-17,M103,P102,Solder Defect,4,376
2025-02-15,M302,P102,Dimension Error,12,2988
2025-03-12,M401,P103,Assembly Defect,9,954
2025-09-27,M101,P102,Assembly Defect,7,1176
2025-10-26,M302,P101,Assembly Defect,21,5082
2025-04-30,M303,P104,Assembly Defect,6,846
2025-06-22,M202,P103,Calibration Error,6,1200
2025-08-21,M303,P101,Dimension Error,8,1488
2025-12-16,M304,P103,Dimension Error,8,1096
2025-09-06,M301,P103,Calibration Error,10,1640
2025-02-08,M202,P102,Assembly Defect,12,2652
2025-05-29,M402,P104,Solder Defect,8,808
2025-12-04,M404,P103,Calibration Error,11,1320
2025-09-03,M202,P103,Dimension Error,11,1793
2025-03-24,M203,P104,Dimension Error,8,1160
2025-12-14,M102,P102,Solder Defect,10,1370
2025-12-07,M303,P103,Solder Defect,10,1920
2025-01-01,M102,P103,Solder Defect,9,1503
2025-10-20,M103,P102,Assembly Defect,7,812
2025-08-01,M303,P104,Assembly Defect,4,544
2025-12-22,M303,P101,Calibration Error,7,1645
2025-09-04,M401,P102,Assembly Defect,7,847
2025-11-11,M302,P104,Solder Defect,17,1921
2025-08-11,M202,P101,Assembly Defect,6,570
2025-09-19,M304,P102,Solder Defect,9,1629
2025-05-06,M203,P103,Dimension Error,8,792
2025-02-05,M404,P104,Calibration Error,6,1164
2025-03-15,M202,P104,Assembly Defect,9,2106
2025-04-07,M203,P101,Assembly Defect,9,954
2025-12-31,M103,P104,Solder Defect,5,890
2025-01-25,M204,P102,Calibration Error,12,1140
2025-09-16,M304,P103,Assembly Defect,10,1020
2025-09-28,M302,P102,Dimension Error,20,3800
2025-01-28,M202,P101,Calibration Error,6,612
2025-04-24,M404,P101,Calibration Error,14,1358
2025-01-17,M204,P104,Dimension Error,8,1480
2025-09-13,M403,P104,Dimension Error,5,705
2025-08-02,M303,P104,Dimension Error,12,1908
2025-07-02,M304,P103,Assembly Defect,10,2380
2025-01-30,M203,P103,Solder Defect,4,948
2025-06-19,M301,P102,Assembly Defect,7,756
2025-02-25,M102,P102,Dimension Error,10,2390
2025-04-15,M303,P103,Calibration Error,9,1260
2025-01-26,M201,P102,Calibration Error,14,1792
2025-12-01,M103,P102,Assembly Defect,7,679
2025-06-09,M303,P103,Solder Defect,8,1584
2025-01-12,M201,P104,Assembly Defect,5,420
2025-08-10,M201,P104,Solder Defect,5,890
2025-08-14,M302,P101,Assembly Defect,22,2442
2025-06-02,M302,P104,Dimension Error,16,1712
2025-08-04,M302,P102,Assembly Defect,20,2280
2025-08-21,M403,P102,Solder Defect,6,744
2025-10-26,M302,P101,Dimension Error,21,3423
2025-09-02,M202,P103,Calibration Error,5,1250
2025-01-18,M202,P102,Assembly Defect,5,1045
2025-11-14,M203,P104,Dimension Error,5,540
2025-03-24,M304,P102,Assembly Defect,10,2150
2025-10-14,M103,P103,Assembly Defect,9,909
2025-07-16,M303,P101,Assembly Defect,9,1440
2025-07-21,M302,P103,Dimension Error,15,2430
2025-03-15,M204,P101,Solder Defect,7,1022
2025-02-07,M304,P102,Assembly Defect,11,1309
2025-09-27,M401,P104,Assembly Defect,6,984
2025-05-11,M404,P101,Solder Defect,4,832
2025-10-29,M404,P104,Assembly Defect,10,910
2025-03-05,M302,P104,Dimension Error,15,3555
2025-12-14,M204,P104,Dimension Error,14,1624
2025-11-25,M303,P101,Calibration Error,11,2288
2025-12-24,M101,P101,Assembly Defect,6,1500
2025-02-09,M403,P104,Solder Defect,10,2420
2025-09-11,M204,P103,Dimension Error,8,720
2025-12-11,M204,P101,Dimension Error,9,945
2025-04-24,M302,P101,Dimension Error,21,4998
2025-03-07,M103,P104,Assembly Defect,12,2028
2025-09-04,M303,P102,Dimension Error,13,2184
2025-05-28,M202,P102,Calibration Error,8,1784
2025-07-24,M404,P103,Solder Defect,12,2040
2025-12-15,M102,P104,Dimension Error,7,1491
2025-09-18,M103,P103,Assembly Defect,10,1990
2025-02-26,M303,P103,Dimension Error,9,1674
2025-02-11,M402,P104,Assembly Defect,4,364
2025-10-17,M204,P104,Calibration Error,5,895
2025-05-09,M402,P101,Assembly Defect,8,1800
2025-07-09,M303,P101,Dimension Error,6,654
2025-02-06,M204,P102,Assembly Defect,7,1302
2025-04-07,M202,P102,Assembly Defect,5,875
2025-02-08,M201,P103,Dimension Error,1,235
2025-07-26,M103,P102,Solder Defect,4,468
2025-11-25,M402,P104,Assembly Defect,8,1776
2025-12-25,M401,P104,Assembly Defect,4,856
2025-09-04,M402,P102,Solder Defect,7,1582
2025-08-06,M204,P101,Assembly Defect,2,242
2025-09-11,M102,P103,Calibration Error,5,895
2025-10-20,M202,P102,Assembly Defect,11,2464
2025-02-10,M402,P103,Calibration Error,9,1260
2025-01-03,M104,P102,Dimension Error,9,1368
2025-07-27,M101,P101,Dimension Error,3,537
2025-04-15,M104,P101,Dimension Error,12,1704
2025-08-27,M101,P103,Assembly Defect,7,959
2025-07-18,M101,P104,Calibration Error,9,1116
2025-04-09,M101,P104,Calibration Error,7,1183
2025-08-02,M404,P102,Assembly Defect,13,2665
2025-08-21,M304,P104,Assembly Defect,10,1220
2025-11-08,M302,P101,Solder Defect,17,1394
2025-12-30,M102,P102,Calibration Error,9,1800
2025-04-15,M101,P102,Calibration Error,8,1264
2025-09-26,M202,P104,Assembly Defect,9,1593
2025-04-16,M303,P102,Calibration Error,10,1670
2025-07-31,M103,P101,Calibration Error,6,498
2025-05-05,M101,P104,Assembly Defect,12,2508
2025-12-08,M402,P102,Solder Defect,8,1784
2025-06-21,M203,P101,Solder Defect,5,520
2025-12-02,M202,P101,Dimension Error,12,2448
2025-11-05,M101,P102,Dimension Error,11,2068
2025-07-17,M401,P102,Dimension Error,9,2214
2025-11-12,M302,P104,Calibration Error,19,1862
2025-11-29,M204,P102,Dimension Error,5,815
2025-10-25,M301,P103,Solder Defect,12,1548
2025-04-13,M404,P101,Calibration Error,7,1750
2025-12-06,M301,P101,Calibration Error,10,2050
2025-07-04,M203,P103,Calibration Error,8,2000
2025-02-25,M203,P102,Assembly Defect,5,835
2025-03-06,M403,P103,Dimension Error,9,1755
2025-02-20,M303,P101,Calibration Error,12,1116
2025-07-09,M401,P104,Solder Defect,7,1372
2025-02-04,M201,P104,Assembly Defect,9,1062
2025-05-26,M302,P101,Assembly Defect,17,3961
2025-09-16,M204,P102,Solder Defect,13,1274
2025-06-17,M104,P103,Dimension Error,8,1544
2025-09-12,M402,P103,Solder Defect,7,994
2025-07-24,M103,P104,Assembly Defect,9,1728
2025-07-31,M304,P102,Calibration Error,6,684
2025-12-27,M401,P101,Assembly Defect,3,744
2025-05-18,M101,P102,Assembly Defect,5,1115
2025-05-15,M302,P102,Assembly Defect,17,3349
2025-09-03,M402,P104,Solder Defect,7,980
2025-10-05,M402,P103,Assembly Defect,10,840
2025-01-18,M103,P103,Assembly Defect,6,1092
2025-08-16,M203,P102,Calibration Error,9,2016
2025-12-23,M304,P102,Dimension Error,9,747
2025-03-01,M302,P101,Calibration Error,23,4531
2025-01-16,M402,P104,Solder Defect,4,892
2025-06-17,M204,P104,Solder Defect,8,1720
2025-09-10,M102,P104,Calibration Error,7,560
2025-12-09,M201,P101,Calibration Error,8,1936
2025-12-31,M203,P101,Solder Defect,10,1200
2025-01-06,M402,P104,Dimension Error,7,1323
2025-04-23,M403,P102,Solder Defect,11,1441
2025-11-28,M403,P102,Assembly Defect,9,1296
2025-09-15,M204,P104,Assembly Defect,7,1309
2025-09-05,M101,P104,Solder Defect,4,912
2025-11-19,M101,P103,Dimension Error,7,1736
2025-06-16,M404,P103,Calibration Error,7,1610
2025-07-28,M404,P104,Solder Defect,8,1288
2025-05-14,M401,P104,Calibration Error,9,2097
2025-05-05,M103,P104,Assembly Defect,6,1392
2025-01-03,M303,P103,Dimension Error,15,3300
2025-12-01,M404,P102,Solder Defect,7,1190
2025-09-22,M402,P101,Solder Defect,6,726
2025-06-19,M203,P101,Calibration Error,12,2760
2025-04-01,M402,P104,Calibration Error,8,1280
2025-05-20,M404,P101,Solder Defect,10,2240
2025-06-17,M102,P103,Solder Defect,11,1133
2025-05-31,M401,P101,Assembly Defect,11,2585
2025-08-28,M101,P101,Solder Defect,7,686
2025-10-24,M102,P101,Dimension Error,11,1463
2025-09-23,M303,P103,Dimension Error,8,1536
2025-12-30,M204,P103,Dimension Error,13,1976
2025-05-05,M401,P102,Solder Defect,8,1768
2025-11-06,M301,P101,Calibration Error,8,856
2025-10-22,M303,P104,Dimension Error,14,1358
2025-09-26,M204,P102,Solder Defect,13,1703
2025-01-07,M304,P103,Calibration Error,8,1992
2025-10-05,M301,P102,Assembly Defect,10,2410
2025-02-04,M104,P101,Solder Defect,6,780
2025-06-30,M302,P101,Assembly Defect,15,3735
2025-10-23,M302,P101,Calibration Error,18,4032
2025-08-18,M102,P102,Calibration Error,9,1287
2025-10-13,M403,P104,Dimension Error,5,895
2025-08-09,M102,P104,Calibration Error,6,1284
2025-10-23,M303,P101,Calibration Error,7,1113
2025-01-09,M203,P104,Calibration Error,9,1944
2025-08-25,M302,P103,Calibration Error,13,2795
2025-02-21,M203,P104,Calibration Error,10,1210
2025-12-20,M203,P104,Solder Defect,9,1134
2025-07-17,M401,P102,Calibration Error,13,1053
2025-08-30,M104,P103,Assembly Defect,8,1784
2025-02-10,M303,P101,Calibration Error,8,1096
2025-02-23,M103,P104,Dimension Error,9,846
2025-06-24,M403,P104,Dimension Error,9,1755
2025-09-10,M103,P102,Calibration Error,6,528
2025-04-27,M102,P102,Dimension Error,5,805
2025-08-13,M301,P101,Assembly Defect,5,1040
2025-11-16,M202,P102,Solder Defect,7,931
2025-08-02,M101,P104,Dimension Error,7,1435
2025-09-29,M404,P101,Calibration Error,9,1332
2025-11-02,M404,P102,Dimension Error,5,810
2025-06-24,M403,P101,Calibration Error,10,1830
2025-05-25,M402,P104,Assembly Defect,5,865
2025-02-18,M302,P103,Calibration Error,19,3249
2025-04-01,M304,P104,Assembly Defect,7,1092
2025-12-14,M201,P103,Calibration Error,8,1496
2025-12-02,M102,P101,Assembly Defect,4,424
2025-02-22,M104,P103,Dimension Error,7,1407
2025-05-08,M204,P103,Solder Defect,13,2093
2025-08-24,M402,P103,Dimension Error,8,1648
2025-01-19,M304,P101,Dimension Error,9,1944
2025-01-05,M203,P102,Solder Defect,7,1603
2025-04-25,M301,P104,Assembly Defect,4,380
2025-04-01,M404,P103,Dimension Error,11,1023
2025-05-08,M302,P103,Dimension Error,16,2256
2025-04-16,M201,P102,Assembly Defect,10,2390
2025-07-04,M201,P103,Assembly Defect,8,1560
2025-01-28,M303,P101,Assembly Defect,8,1328
2025-08-29,M201,P104,Calibration Error,7,1519
2025-10-06,M101,P102,Calibration Error,6,888
2025-12-13,M201,P104,Solder Defect,8,1408
2025-02-26,M401,P102,Dimension Error,14,3192
2025-08-25,M301,P104,Dimension Error,7,882
2025-04-21,M404,P101,Calibration Error,10,2220
2025-06-26,M301,P104,Dimension Error,9,1143
2025-07-31,M104,P102,Solder Defect,5,1180
2025-03-21,M202,P103,Solder Defect,9,1116
2025-12-26,M204,P102,Solder Defect,8,1440
2025-04-05,M304,P102,Assembly Defect,2,208
2025-09-14,M304,P103,Assembly Defect,6,1044
2025-05-23,M103,P102,Assembly Defect,11,2387
2025-09-29,M204,P101,Assembly Defect,4,320
2025-01-27,M204,P103,Dimension Error,9,1233
2025-01-15,M203,P102,Calibration Error,1,190
2025-09-01,M203,P103,Assembly Defect,7,1652
2025-01-05,M302,P104,Dimension Error,22,4246
2025-02-21,M402,P104,Calibration Error,8,824
2025-04-10,M201,P103,Solder Defect,9,1926
2025-08-02,M202,P104,Assembly Defect,5,890
2025-05-30,M203,P103,Dimension Error,4,712
2025-01-26,M202,P102,Solder Defect,3,681
2025-03-29,M304,P104,Calibration Error,5,1065
2025-11-03,M302,P104,Dimension Error,21,2814
2025-07-21,M203,P101,Dimension Error,6,786
2025-05-05,M101,P103,Dimension Error,4,360
2025-02-22,M404,P102,Dimension Error,8,944
2025-09-21,M101,P102,Calibration Error,8,1464
2025-06-09,M102,P103,Dimension Error,6,912
2025-10-20,M103,P101,Dimension Error,9,1269
2025-05-11,M204,P101,Calibration Error,7,728
2025-02-01,M104,P104,Dimension Error,9,1260
2025-07-12,M402,P102,Calibration Error,9,1926
2025-05-21,M304,P103,Assembly Defect,6,588
2025-05-29,M101,P103,Dimension Error,8,1896
2025-07-13,M201,P102,Assembly Defect,8,792
2025-02-23,M101,P103,Dimension Error,7,700
2025-01-19,M401,P104,Solder Defect,8,1984
2025-01-31,M202,P104,Solder Defect,7,1085
2025-08-03,M101,P101,Dimension Error,7,1029
2025-11-10,M303,P102,Solder Defect,7,1239
2025-03-10,M302,P103,Solder Defect,13,2418
2025-07-19,M404,P103,Assembly Defect,7,1400
2025-04-24,M201,P101,Dimension Error,12,2028
2025-01-29,M202,P103,Calibration Error,9,1206
2025-09-26,M203,P103,Assembly Defect,7,1015
2025-01-08,M403,P101,Solder Defect,8,1952
2025-01-08,M403,P102,Assembly Defect,7,602
2025-03-28,M204,P101,Assembly Defect,9,2187
2025-01-16,M402,P104,Dimension Error,7,728
2025-05-10,M303,P102,Calibration Error,11,2728
2025-04-12,M104,P104,Solder Defect,5,725
2025-08-22,M303,P103,Assembly Defect,9,864
2025-03-29,M202,P103,Calibration Error,6,720
2025-01-03,M202,P101,Assembly Defect,8,1976
2025-04-03,M102,P103,Calibration Error,8,864
2025-08-14,M401,P101,Solder Defect,7,840
2025-08-02,M402,P102,Assembly Defect,7,637
2025-06-17,M102,P104,Calibration Error,5,570
2025-05-23,M103,P102,Assembly Defect,8,1128
2025-01-28,M204,P102,Assembly Defect,4,364
2025-03-28,M404,P103,Dimension Error,13,1534
2025-05-03,M204,P103,Assembly Defect,8,736
2025-12-14,M204,P104,Dimension Error,14,2380
2025-05-12,M203,P103,Calibration Error,7,1561
2025-07-02,M101,P102,Calibration Error,11,946
2025-09-25,M402,P103,Solder Defect,6,918
2025-10-12,M402,P102,Calibration Error,6,1386
2025-11-29,M102,P103,Solder Defect,5,825
2025-01-30,M301,P104,Solder Defect,8,1320
2025-10-27,M101,P103,Solder Defect,8,1776
2025-03-06,M203,P104,Dimension Error,9,1107
2025-02-23,M102,P101,Dimension Error,6,864
2025-05-28,M301,P104,Calibration Error,9,2025
2025-02-24,M103,P104,Solder Defect,5,1020
2025-05-09,M101,P101,Calibration Error,8,1160
2025-07-02,M401,P103,Dimension Error,9,1476
2025-12-12,M404,P102,Dimension Error,9,1395
2025-05-23,M401,P104,Dimension Error,6,486
2025-08-15,M201,P102,Dimension Error,11,1936
2025-01-30,M302,P104,Assembly Defect,13,1521
2025-01-04,M104,P101,Calibration Error,9,1719
2025-09-22,M203,P102,Assembly Defect,8,904
2025-10-01,M302,P101,Assembly Defect,18,4104
2025-05-07,M304,P101,Dimension Error,7,588
2025-03-12,M401,P103,Dimension Error,2,384
2025-07-11,M201,P104,Dimension Error,11,2453
2025-05-29,M102,P102,Solder Defect,11,2079
2025-04-11,M401,P104,Solder Defect,4,788
2025-06-11,M201,P103,Solder Defect,9,1287
2025-06-23,M204,P104,Dimension Error,9,1332
2025-03-22,M204,P102,Solder Defect,6,798
2025-11-16,M304,P102,Assembly Defect,10,1140
2025-12-24,M401,P101,Assembly Defect,6,768
2025-04-03,M403,P102,Assembly Defect,8,696
2025-02-17,M103,P103,Dimension Error,8,1256
2025-08-22,M303,P103,Dimension Error,5,655
2025-12-11,M403,P104,Solder Defect,4,600
2025-10-29,M102,P104,Dimension Error,6,1296
2025-02-04,M302,P103,Dimension Error,23,5221
2025-09-03,M403,P102,Dimension Error,9,936
2025-01-17,M203,P103,Solder Defect,4,668
2025-08-29,M203,P104,Solder Defect,11,1023
2025-09-23,M101,P103,Solder Defect,18,3726
2025-06-10,M402,P103,Calibration Error,9,792
2025-08-31,M202,P101,Dimension Error,8,1992
2025-08-21,M103,P104,Solder Defect,7,1253
2025-06-13,M403,P102,Calibration Error,13,2405
2025-05-07,M302,P101,Solder Defect,12,1764
2025-10-03,M303,P104,Dimension Error,7,1365
2025-02-26,M201,P104,Assembly Defect,6,1212
2025-12-22,M202,P101,Calibration Error,4,920
2025-03-02,M202,P104,Assembly Defect,10,2460
2025-03-26,M301,P101,Dimension Error,11,946
2025-11-23,M302,P101,Assembly Defect,24,5352
2025-06-21,M304,P102,Dimension Error,6,828
2025-02-01,M301,P102,Dimension Error,7,1302
2025-04-15,M104,P103,Assembly Defect,11,2464
2025-07-26,M404,P101,Dimension Error,6,666
2025-08-11,M301,P103,Solder Defect,8,1192
2025-06-06,M101,P101,Solder Defect,7,1043
2025-01-19,M403,P103,Dimension Error,8,728
2025-03-18,M204,P101,Solder Defect,5,940
2025-06-09,M102,P104,Dimension Error,9,1080
2025-10-27,M402,P102,Calibration Error,4,892
2025-09-15,M303,P103,Calibration Error,11,2156
2025-04-16,M301,P103,Dimension Error,11,2497
2025-11-03,M201,P103,Solder Defect,11,2684
2025-11-02,M404,P102,Dimension Error,5,920
2025-11-20,M303,P103,Dimension Error,9,1557
2025-09-18,M403,P102,Dimension Error,6,582
2025-01-31,M303,P102,Calibration Error,9,1530
2025-11-28,M102,P104,Dimension Error,9,1773
2025-03-03,M303,P102,Dimension Error,12,960
2025-11-22,M104,P104,Assembly Defect,10,1370
2025-12-25,M101,P103,Solder Defect,17,2040
2025-06-29,M401,P101,Solder Defect,8,1240
2025-03-03,M203,P101,Dimension Error,12,2172
2025-09-11,M403,P103,Calibration Error,8,1616
2025-01-01,M403,P101,Calibration Error,9,1746
2025-10-22,M403,P101,Dimension Error,3,570
2025-04-20,M303,P101,Dimension Error,10,1550
2025-04-02,M403,P102,Solder Defect,7,1085
2025-04-18,M104,P104,Dimension Error,3,594
2025-07-23,M201,P102,Dimension Error,6,528
2025-03-15,M304,P103,Calibration Error,6,588
2025-07-22,M204,P101,Assembly Defect,8,1680
2025-06-08,M402,P103,Dimension Error,8,896
2025-06-21,M402,P101,Assembly Defect,5,890
2025-08-28,M202,P101,Calibration Error,11,2101
2025-11-14,M101,P104,Solder Defect,4,644
2025-12-30,M304,P101,Calibration Error,5,900
2025-02-03,M204,P103,Solder Defect,8,1912
2025-08-30,M204,P101,Calibration Error,12,1428
2025-12-11,M102,P104,Dimension Error,6,1152
2025-08-11,M401,P103,Assembly Defect,8,1976
2025-01-03,M303,P102,Calibration Error,10,1510
2025-03-22,M104,P104,Assembly Defect,11,1496
2025-06-21,M204,P102,Dimension Error,6,588
2025-08-27,M101,P103,Solder Defect,4,564
2025-09-23,M102,P103,Dimension Error,9,1233
2025-04-06,M104,P102,Dimension Error,4,772
2025-10-13,M401,P103,Assembly Defect,7,1155
2025-07-10,M201,P104,Solder Defect,9,1440
2025-03-03,M101,P104,Solder Defect,8,1352
2025-12-07,M304,P104,Solder Defect,19,3287
2025-03-22,M304,P101,Dimension Error,7,1512
2025-09-10,M301,P103,Solder Defect,10,1120
2025-04-08,M303,P104,Calibration Error,2,322
2025-10-15,M401,P102,Dimension Error,11,1573
2025-06-10,M402,P101,Solder Defect,14,2492
2025-11-28,M202,P103,Assembly Defect,6,576
2025-07-07,M103,P104,Dimension Error,13,2236
2025-02-08,M203,P104,Assembly Defect,7,1610
2025-06-21,M203,P101,Calibration Error,7,1372
2025-04-12,M301,P103,Assembly Defect,8,1720
2025-11-27,M101,P101,Dimension Error,7,1316
2025-12-19,M202,P101,Calibration Error,10,1480
2025-08-02,M103,P104,Assembly Defect,12,2112
2025-02-09,M303,P102,Dimension Error,12,1980
2025-05-08,M201,P102,Calibration Error,9,1314
2025-08-19,M102,P101,Solder Defect,8,856
2025-05-19,M104,P102,Dimension Error,7,686
2025-11-12,M301,P101,Assembly Defect,9,1287
2025-08-18,M302,P101,Calibration Error,21,4431
2025-02-26,M404,P102,Solder Defect,13,1079
2025-09-24,M101,P103,Solder Defect,6,984
2025-12-02,M102,P101,Assembly Defect,9,756
2025-04-09,M203,P103,Solder Defect,5,835
2025-01-18,M104,P101,Assembly Defect,7,1232
2025-12-30,M204,P103,Dimension Error,7,1617
2025-10-30,M102,P102,Solder Defect,5,700
2025-02-05,M104,P104,Dimension Error,4,900
2025-06-05,M402,P101,Calibration Error,9,2178
2025-02-08,M202,P103,Dimension Error,12,2328
2025-08-05,M301,P102,Solder Defect,10,1180
2025-12-28,M304,P102,Dimension Error,9,1080
2025-01-27,M403,P103,Assembly Defect,5,1145
2025-12-20,M303,P101,Calibration Error,4,716
2025-01-03,M201,P101,Calibration Error,6,822
2025-02-10,M301,P104,Assembly Defect,7,1302
2025-12-18,M304,P104,Solder Defect,9,1683
2025-07-20,M304,P104,Solder Defect,10,1340
2025-01-12,M302,P103,Solder Defect,17,2380
2025-09-14,M401,P103,Solder Defect,4,724
2025-05-19,M304,P101,Dimension Error,7,812
2025-12-28,M303,P102,Calibration Error,10,1120
2025-04-26,M101,P104,Calibration Error,9,1341
2025-10-10,M404,P104,Assembly Defect,7,728
2025-04-06,M402,P101,Calibration Error,8,1800
2025-07-06,M304,P104,Assembly Defect,5,810
2025-10-06,M401,P101,Solder Defect,4,648
2025-09-16,M203,P102,Assembly Defect,14,1246
2025-09-23,M204,P103,Assembly Defect,8,1936
2025-05-23,M201,P104,Assembly Defect,10,2240
2025-10-07,M104,P102,Solder Defect,8,1520
2025-11-10,M401,P103,Dimension Error,6,1416
2025-04-11,M202,P103,Dimension Error,11,1276
2025-08-23,M402,P102,Calibration Error,5,705
2025-08-01,M204,P101,Calibration Error,10,2000
2025-06-24,M204,P103,Solder Defect,9,1944
2025-04-16,M304,P103,Dimension Error,8,1784
2025-01-17,M202,P102,Solder Defect,11,1122
2025-08-21,M404,P101,Solder Defect,7,1309
2025-03-08,M302,P103,Solder Defect,17,3026
2025-12-05,M302,P103,Dimension Error,19,3287
2025-12-08,M203,P103,Solder Defect,9,2196
2025-05-25,M204,P101,Solder Defect,10,1350
2025-04-06,M204,P101,Dimension Error,15,3735
2025-08-07,M403,P101,Dimension Error,8,1504
2025-11-24,M404,P103,Dimension Error,5,1015
2025-11-27,M201,P101,Solder Defect,12,1200
2025-12-05,M102,P103,Solder Defect,6,1326
2025-04-28,M301,P102,Dimension Error,7,1554
2025-03-30,M401,P101,Solder Defect,11,2684
2025-10-07,M403,P104,Dimension Error,8,1904
2025-06-27,M204,P102,Assembly Defect,9,1044
2025-03-10,M303,P102,Calibration Error,9,2133
2025-03-08,M201,P103,Calibration Error,10,1720
2025-09-10,M404,P104,Calibration Error,9,1764
2025-08-22,M301,P103,Dimension Error,10,1660
2025-01-25,M202,P101,Assembly Defect,9,1143
2025-02-17,M104,P103,Assembly Defect,9,1710
2025-01-18,M204,P104,Calibration Error,7,1505
2025-04-28,M401,P104,Assembly Defect,7,875
2025-01-09,M302,P104,Assembly Defect,19,4370
2025-10-14,M204,P103,Assembly Defect,3,582
2025-09-01,M102,P104,Calibration Error,9,2070
2025-04-01,M303,P102,Calibration Error,10,2450
2025-11-24,M102,P102,Assembly Defect,4,636
2025-07-28,M103,P104,Dimension Error,4,924
2025-05-29,M402,P104,Dimension Error,11,2354
2025-12-07,M103,P104,Calibration Error,7,1302
2025-02-10,M204,P103,Assembly Defect,9,2187
2025-06-17,M201,P101,Solder Defect,6,1338
2025-06-21,M403,P102,Calibration Error,9,2169
2025-06-20,M102,P101,Assembly Defect,12,2364
2025-04-20,M404,P104,Dimension Error,8,920
2025-07-25,M203,P104,Assembly Defect,8,1232
2025-10-16,M404,P104,Solder Defect,6,1212
2025-10-11,M201,P102,Solder Defect,5,455
2025-10-09,M104,P101,Solder Defect,8,832
2025-05-11,M202,P104,Dimension Error,12,2784
2025-01-30,M401,P102,Assembly Defect,7,707
2025-06-14,M404,P103,Assembly Defect,9,963
2025-05-10,M102,P104,Dimension Error,5,525
2025-11-20,M101,P101,Solder Defect,7,1029
2025-11-20,M304,P104,Calibration Error,8,1192
2025-03-22,M202,P104,Assembly Defect,8,1840
2025-07-21,M402,P103,Calibration Error,11,2618
2025-06-02,M203,P101,Assembly Defect,13,1417
2025-08-22,M104,P104,Calibration Error,2,328
2025-02-02,M202,P102,Assembly Defect,5,660
2025-05-01,M303,P102,Dimension Error,5,990
2025-07-11,M403,P104,Dimension Error,10,1930
2025-04-19,M301,P102,Dimension Error,9,1485
2025-09-30,M404,P103,Solder Defect,7,924
2025-12-07,M103,P101,Assembly Defect,7,1715
2025-10-30,M403,P101,Assembly Defect,9,720
2025-08-29,M404,P101,Calibration Error,10,2100
2025-01-16,M402,P101,Solder Defect,10,2030
2025-05-16,M401,P104,Dimension Error,5,1170
2025-09-12,M301,P104,Calibration Error,11,1133
2025-08-24,M104,P102,Assembly Defect,8,1104
2025-07-08,M401,P104,Calibration Error,5,460
2025-04-22,M201,P103,Calibration Error,8,1432
2025-10-21,M304,P102,Assembly Defect,8,1304
2025-09-30,M403,P104,Dimension Error,6,792
2025-06-13,M101,P104,Solder Defect,10,940
2025-12-05,M404,P102,Calibration Error,8,1976
2025-11-01,M302,P104,Dimension Error,19,3534
2025-12-14,M103,P102,Dimension Error,9,918
2025-05-14,M203,P104,Calibration Error,4,428
2025-10-21,M401,P102,Dimension Error,5,825
2025-07-21,M302,P103,Calibration Error,21,1869
2025-10-26,M303,P101,Assembly Defect,6,1080
2025-07-25,M203,P101,Solder Defect,14,3444
2025-07-21,M203,P104,Calibration Error,7,770
2025-01-28,M304,P101,Dimension Error,4,584
2025-01-29,M403,P104,Solder Defect,7,1092
2025-09-14,M104,P101,Calibration Error,10,2470
2025-07-06,M203,P104,Calibration Error,13,3042
2025-08-01,M304,P102,Dimension Error,8,1920
2025-03-25,M303,P104,Dimension Error,8,1576
2025-08-29,M102,P103,Assembly Defect,6,936
2025-09-22,M102,P104,Solder Defect,9,1134
2025-12-22,M401,P101,Assembly Defect,5,770
2025-12-27,M202,P104,Solder Defect,12,1104
2025-12-03,M201,P102,Calibration Error,9,954
2025-04-19,M201,P104,Calibration Error,8,1600
2025-05-15,M402,P101,Calibration Error,6,576
2025-05-08,M402,P103,Solder Defect,8,1376
2025-09-13,M404,P101,Calibration Error,4,940
2025-02-04,M301,P102,Assembly Defect,8,768
2025-10-30,M304,P104,Solder Defect,5,1005
2025-08-12,M304,P103,Calibration Error,6,714
2025-04-23,M304,P103,Calibration Error,12,2628
2025-06-15,M404,P101,Dimension Error,4,516
2025-01-03,M201,P102,Calibration Error,5,1175
2025-04-25,M204,P103,Calibration Error,16,3504
2025-08-13,M404,P101,Assembly Defect,10,1290
2025-06-29,M402,P103,Dimension Error,9,1080
2025-07-30,M302,P104,Assembly Defect,21,3150
2025-12-13,M304,P103,Solder Defect,7,1372
2025-12-17,M201,P102,Solder Defect,15,1230
2025-03-04,M304,P101,Solder Defect,9,1962
2025-09-03,M303,P104,Assembly Defect,8,1352
2025-01-14,M303,P101,Solder Defect,8,1288
2025-09-29,M101,P101,Solder Defect,10,2230
2025-11-25,M402,P104,Dimension Error,5,730
2025-05-10,M404,P104,Solder Defect,9,2070
2025-04-19,M403,P104,Dimension Error,14,1806
2025-07-16,M302,P104,Assembly Defect,16,2176
2025-04-30,M302,P104,Dimension Error,17,3842
2025-07-29,M204,P102,Dimension Error,8,1816
2025-03-17,M201,P104,Calibration Error,10,2080
2025-02-28,M103,P103,Solder Defect,9,1134
2025-04-22,M404,P103,Calibration Error,6,1320
2025-11-24,M404,P102,Assembly Defect,8,1280
2025-01-26,M303,P102,Solder Defect,4,932
2025-05-29,M101,P103,Solder Defect,10,1440
2025-08-31,M201,P104,Solder Defect,8,1912
2025-09-02,M402,P102,Solder Defect,6,894
2025-07-01,M404,P104,Calibration Error,15,2760
2025-07-13,M101,P103,Solder Defect,6,1410
2025-10-13,M103,P104,Assembly Defect,8,1632
2025-04-29,M401,P104,Assembly Defect,3,396
2025-11-11,M403,P103,Dimension Error,4,624
2025-09-17,M304,P103,Dimension Error,12,1308
2025-05-06,M104,P103,Assembly Defect,11,1617
2025-11-04,M401,P101,Dimension Error,10,1420
2025-10-17,M303,P102,Assembly Defect,14,2828
2025-05-09,M404,P104,Dimension Error,6,906
2025-05-02,M403,P102,Solder Defect,5,580
2025-04-24,M301,P104,Dimension Error,9,1566
2025-07-16,M103,P101,Dimension Error,8,1320
2025-07-11,M404,P102,Calibration Error,8,1016
2025-11-01,M102,P101,Solder Defect,10,1620
2025-10-29,M101,P103,Assembly Defect,6,1014
2025-02-28,M403,P102,Dimension Error,5,810
2025-10-09,M304,P103,Solder Defect,4,648
2025-10-18,M103,P102,Assembly Defect,12,1884
2025-04-05,M302,P104,Calibration Error,22,4400
2025-02-22,M201,P102,Calibration Error,12,1716
2025-01-29,M402,P103,Calibration Error,5,655
2025-07-10,M203,P103,Dimension Error,7,1120
2025-10-27,M101,P104,Calibration Error,10,2080
2025-04-06,M104,P104,Solder Defect,11,2354
2025-09-08,M404,P103,Dimension Error,7,1463
2025-11-30,M201,P104,Calibration Error,6,1194
2025-08-06,M204,P101,Dimension Error,10,1960
2025-04-23,M204,P104,Dimension Error,2,370
2025-01-14,M404,P104,Assembly Defect,7,1155
2025-01-06,M102,P103,Assembly Defect,8,1384
2025-12-05,M102,P104,Calibration Error,6,1398
2025-07-24,M202,P101,Solder Defect,11,924
2025-08-15,M204,P102,Calibration Error,6,1098
2025-07-02,M201,P104,Calibration Error,6,1008
2025-05-29,M401,P102,Solder Defect,5,825
2025-11-15,M302,P101,Assembly Defect,21,4347
2025-03-03,M103,P104,Dimension Error,15,2415
2025-04-15,M403,P102,Assembly Defect,9,2187
2025-06-11,M103,P104,Solder Defect,6,1254
2025-12-10,M302,P101,Dimension Error,20,3200
2025-04-13,M101,P103,Calibration Error,13,2340
2025-06-23,M404,P102,Dimension Error,8,1704
2025-04-22,M304,P101,Dimension Error,6,516
2025-06-28,M103,P102,Solder Defect,12,2208
2025-11-07,M402,P104,Calibration Error,6,576
2025-03-07,M104,P103,Dimension Error,6,1320
2025-05-05,M403,P101,Calibration Error,10,2030
2025-09-24,M303,P102,Dimension Error,3,675
2025-10-13,M201,P101,Assembly Defect,5,1130
2025-03-29,M302,P101,Calibration Error,21,2226
2025-09-03,M204,P101,Dimension Error,10,1290
2025-10-17,M102,P103,Calibration Error,8,704
2025-07-28,M301,P102,Dimension Error,6,1272
2025-03-05,M402,P104,Calibration Error,6,780
2025-10-02,M401,P104,Assembly Defect,7,1750
2025-07-31,M102,P104,Dimension Error,9,1827
2025-07-10,M304,P103,Dimension Error,7,994
2025-06-17,M302,P101,Solder Defect,17,4131
2025-12-09,M403,P104,Calibration Error,12,2040
2025-01-07,M302,P101,Calibration Error,16,3456
2025-11-30,M103,P101,Assembly Defect,9,1467
2025-09-28,M403,P102,Calibration Error,3,501
2025-09-06,M302,P103,Dimension Error,23,2714
2025-01-24,M101,P102,Assembly Defect,7,763
2025-01-09,M302,P101,Assembly Defect,13,2587
2025-06-05,M204,P101,Dimension Error,9,1593
2025-01-08,M104,P104,Solder Defect,6,612
2025-06-25,M304,P104,Dimension Error,8,816
2025-04-29,M302,P101,Assembly Defect,17,4233
2025-12-02,M304,P101,Solder Defect,8,720
2025-06-09,M303,P103,Solder Defect,3,732
2025-10-11,M201,P102,Dimension Error,8,680
2025-07-27,M102,P104,Assembly Defect,10,2350
2025-06-07,M204,P103,Dimension Error,12,2952
2025-06-28,M102,P102,Dimension Error,6,804
2025-10-15,M203,P104,Assembly Defect,8,1632
2025-03-13,M202,P103,Assembly Defect,5,815
2025-09-19,M104,P104,Solder Defect,5,1070
2025-04-24,M204,P103,Solder Defect,7,1085
2025-11-26,M202,P103,Assembly Defect,6,1470
2025-11-22,M402,P104,Calibration Error,10,2350
2025-01-19,M102,P101,Assembly Defect,10,1710
2025-04-19,M101,P103,Dimension Error,10,2060
2025-11-20,M202,P103,Solder Defect,10,1570
2025-01-06,M401,P101,Dimension Error,13,1209
2025-10-17,M403,P102,Solder Defect,7,1449
2025-01-08,M104,P104,Dimension Error,7,1512
2025-10-15,M104,P102,Solder Defect,7,966
2025-11-17,M302,P104,Solder Defect,26,3276
2025-10-09,M104,P103,Solder Defect,10,1050
2025-07-15,M301,P103,Assembly Defect,10,1840
2025-07-17,M201,P103,Dimension Error,14,1946
2025-02-27,M201,P103,Calibration Error,6,1122
2025-02-25,M201,P104,Dimension Error,6,1386
2025-09-14,M403,P104,Calibration Error,3,363
2025-10-27,M304,P104,Assembly Defect,8,1640
2025-05-24,M304,P101,Solder Defect,7,1687
2025-10-16,M403,P101,Dimension Error,3,417
2025-11-30,M204,P101,Assembly Defect,6,1236
2025-02-18,M402,P101,Assembly Defect,6,744
2025-07-15,M103,P103,Assembly Defect,5,970
2025-02-14,M402,P103,Solder Defect,8,1176
2025-05-15,M104,P103,Calibration Error,5,950
2025-05-14,M302,P103,Calibration Error,17,3162
2025-11-02,M302,P103,Assembly Defect,10,2480
2025-12-11,M104,P102,Dimension Error,4,888
2025-01-23,M301,P104,Dimension Error,6,684
2025-01-11,M203,P102,Dimension Error,10,1430
2025-11-01,M401,P103,Calibration Error,6,954
2025-03-30,M404,P104,Solder Defect,11,2244
2025-05-25,M104,P103,Dimension Error,7,1022
2025-05-19,M101,P102,Dimension Error,10,1110
2025-04-08,M304,P102,Assembly Defect,10,1190
2025-06-16,M304,P103,Dimension Error,9,918
2025-10-13,M203,P102,Dimension Error,6,714
2025-02-15,M203,P103,Solder Defect,9,1548
2025-06-26,M103,P101,Assembly Defect,7,1043
2025-03-09,M304,P102,Dimension Error,7,1162
2025-01-04,M304,P104,Solder Defect,8,1680
2025-05-21,M202,P101,Dimension Error,8,960
2025-08-30,M103,P102,Dimension Error,10,1280
2025-04-16,M302,P101,Calibration Error,22,5236
2025-04-19,M404,P101,Calibration Error,5,590
2025-07-28,M404,P102,Dimension Error,11,1573
2025-05-05,M201,P104,Calibration Error,5,970
2025-08-17,M402,P104,Assembly Defect,4,764
2025-11-11,M303,P101,Assembly Defect,5,890
2025-10-03,M403,P104,Assembly Defect,13,2977
2025-12-18,M201,P103,Assembly Defect,9,2115
2025-11-09,M203,P101,Calibration Error,6,1116
2025-09-08,M304,P104,Calibration Error,10,1830
2025-07-29,M301,P101,Assembly Defect,9,1242
2025-07-27,M402,P104,Calibration Error,12,1524
2025-01-17,M203,P101,Dimension Error,8,888
2025-12-31,M203,P101,Dimension Error,9,1755
2025-11-02,M101,P103,Calibration Error,9,1413
2025-01-22,M203,P102,Calibration Error,10,1310
2025-02-22,M303,P101,Solder Defect,5,530
2025-07-23,M401,P103,Solder Defect,11,1320
2025-05-08,M402,P102,Solder Defect,9,990
2025-11-02,M204,P103,Calibration Error,7,686
2025-02-26,M304,P103,Calibration Error,11,2464
2025-09-05,M104,P103,Dimension Error,5,710
2025-05-14,M103,P103,Solder Defect,5,425
2025-12-11,M401,P104,Solder Defect,9,1872
2025-08-04,M202,P102,Dimension Error,9,1530
2025-01-31,M302,P104,Solder Defect,10,1850
2025-12-01,M202,P102,Assembly Defect,5,1030
2025-10-10,M201,P102,Assembly Defect,9,954
2025-11-23,M201,P104,Solder Defect,13,1846
2025-06-22,M102,P104,Calibration Error,5,480
2025-01-31,M302,P101,Solder Defect,17,3434
2025-11-11,M404,P101,Dimension Error,11,1254
2025-12-30,M103,P101,Dimension Error,5,1220
2025-07-01,M202,P104,Dimension Error,6,1122
2025-07-11,M102,P102,Dimension Error,8,1768
2025-02-17,M401,P102,Solder Defect,7,1078
2025-01-22,M403,P102,Dimension Error,6,780
2025-01-28,M403,P101,Assembly Defect,9,1170
2025-10-24,M101,P102,Solder Defect,5,1170
2025-03-21,M101,P101,Assembly Defect,3,750
2025-07-20,M202,P104,Solder Defect,10,2030
2025-01-04,M202,P103,Dimension Error,9,1377
2025-09-20,M303,P104,Calibration Error,9,864
2025-04-29,M202,P104,Calibration Error,9,1944
2025-03-02,M303,P102,Calibration Error,14,3248
2025-04-17,M202,P102,Dimension Error,7,868
2025-06-17,M301,P101,Solder Defect,4,620
2025-10-31,M204,P103,Dimension Error,5,870
2025-05-30,M204,P101,Dimension Error,10,1590
2025-07-04,M301,P104,Solder Defect,7,658
2025-09-01,M202,P103,Dimension Error,10,1350
2025-07-24,M402,P102,Dimension Error,6,1014
2025-07-04,M304,P101,Assembly Defect,12,1992
2025-10-06,M204,P104,Assembly Defect,6,534
2025-01-07,M404,P104,Solder Defect,13,3081
2025-10-25,M102,P102,Solder Defect,7,1351
2025-03-16,M104,P101,Calibration Error,8,1376
2025-10-28,M101,P103,Calibration Error,8,1064
2025-05-02,M104,P103,Dimension Error,13,2964
2025-08-04,M301,P101,Solder Defect,9,828
2025-02-12,M302,P104,Solder Defect,13,3094
2025-12-13,M203,P102,Assembly Defect,5,635
2025-01-04,M402,P102,Calibration Error,9,1602
2025-01-28,M203,P101,Dimension Error,8,1200
2025-03-08,M401,P104,Calibration Error,8,1112
2025-03-01,M401,P101,Assembly Defect,8,744
2025-10-09,M201,P102,Solder Defect,7,567
2025-02-02,M404,P101,Dimension Error,3,330
2025-11-05,M302,P103,Dimension Error,15,1365
2025-06-21,M104,P103,Solder Defect,9,1989
2025-02-07,M101,P101,Assembly Defect,6,1110
2025-08-14,M204,P103,Calibration Error,6,1116
2025-04-26,M304,P103,Solder Defect,5,1000
2025-08-10,M204,P103,Calibration Error,12,1764
2025-02-26,M204,P101,Calibration Error,7,889
2025-09-27,M401,P104,Solder Defect,7,651
2025-07-23,M402,P103,Dimension Error,10,850
2025-03-28,M302,P102,Calibration Error,20,3880
2025-08-14,M403,P103,Solder Defect,10,2500
2025-06-04,M102,P103,Dimension Error,11,1111
2025-09-13,M303,P102,Calibration Error,12,1344
2025-09-11,M404,P103,Calibration Error,9,1620
2025-03-04,M303,P104,Solder Defect,8,1456
2025-10-11,M204,P101,Dimension Error,13,1391
2025-06-12,M104,P101,Solder Defect,9,1314
2025-03-25,M301,P101,Calibration Error,7,1078
2025-12-26,M302,P103,Assembly Defect,19,3648
2025-04-22,M103,P102,Dimension Error,10,990
2025-08-29,M301,P101,Solder Defect,5,920
2025-07-25,M303,P103,Assembly Defect,13,3211
2025-01-28,M304,P104,Solder Defect,14,1806
2025-05-11,M101,P101,Solder Defect,7,1442
2025-07-26,M103,P104,Solder Defect,11,1969
2025-02-23,M203,P101,Solder Defect,6,636
2025-12-11,M201,P104,Calibration Error,4,864
2025-04-24,M103,P101,Dimension Error,6,726
2025-01-16,M204,P103,Dimension Error,4,920
2025-07-14,M304,P104,Assembly Defect,13,1079
2025-01-16,M103,P101,Assembly Defect,3,462
2025-03-08,M401,P101,Dimension Error,11,2431
2025-03-18,M302,P101,Solder Defect,19,2869
2025-04-16,M301,P102,Assembly Defect,7,1743
2025-12-29,M103,P101,Assembly Defect,2,402
2025-06-12,M302,P104,Dimension Error,11,1650
2025-09-28,M201,P102,Calibration Error,11,1045
2025-11-26,M402,P103,Calibration Error,6,588
2025-02-10,M402,P103,Dimension Error,12,1128
2025-04-25,M304,P101,Assembly Defect,9,2133
2025-03-18,M204,P103,Dimension Error,11,1980
2025-06-13,M201,P101,Dimension Error,9,1377
2025-08-06,M301,P103,Calibration Error,8,1112
2025-02-20,M402,P103,Assembly Defect,10,820
2025-08-09,M102,P103,Assembly Defect,4,424
2025-02-19,M203,P104,Solder Defect,6,822
2025-11-25,M302,P104,Calibration Error,27,2862
2025-12-17,M101,P104,Solder Defect,6,1458
2025-09-05,M402,P103,Dimension Error,6,1056
2025-01-28,M104,P102,Solder Defect,12,1800
2025-02-24,M303,P103,Assembly Defect,6,1230
2025-06-06,M404,P102,Calibration Error,11,1628
2025-12-26,M204,P103,Dimension Error,8,1144
2025-08-10,M404,P101,Solder Defect,10,2500
2025-08-07,M304,P102,Assembly Defect,3,423
2025-02-09,M404,P103,Solder Defect,11,1595
2025-01-03,M203,P104,Solder Defect,10,1010
2025-03-01,M303,P104,Dimension Error,7,1036
2025-11-26,M101,P103,Calibration Error,11,2464
2025-01-11,M303,P103,Solder Defect,8,1864
2025-06-29,M404,P102,Solder Defect,5,1075
2025-05-17,M403,P102,Dimension Error,4,724
2025-09-16,M102,P104,Calibration Error,6,1410
2025-11-07,M202,P103,Solder Defect,13,2457
2025-11-22,M104,P101,Assembly Defect,9,1332
2025-01-19,M401,P102,Dimension Error,14,2954
2025-11-27,M101,P101,Dimension Error,10,2080
2025-04-14,M103,P101,Calibration Error,6,1500
2025-03-02,M403,P103,Calibration Error,8,1768
2025-03-18,M202,P102,Calibration Error,7,700
2025-04-05,M303,P104,Dimension Error,8,1656
2025-03-12,M304,P101,Calibration Error,8,1696
2025-06-26,M402,P101,Dimension Error,10,1240
2025-12-19,M403,P101,Assembly Defect,9,927
2025-04-08,M301,P102,Dimension Error,5,1235
2025-12-29,M404,P102,Calibration Error,8,1048
2025-06-11,M404,P102,Dimension Error,6,870
2025-04-03,M104,P103,Calibration Error,13,1079
2025-11-08,M301,P102,Solder Defect,4,768
2025-11-01,M204,P104,Assembly Defect,9,972
2025-07-09,M403,P101,Assembly Defect,10,1160
2025-06-25,M102,P103,Calibration Error,4,996
2025-06-18,M204,P101,Assembly Defect,6,1026
2025-12-19,M404,P104,Calibration Error,8,1448
2025-06-01,M202,P104,Calibration Error,4,788
2025-10-27,M304,P104,Calibration Error,11,1496
2025-09-24,M104,P104,Solder Defect,16,1792
2025-10-26,M201,P101,Calibration Error,8,1296
2025-02-23,M104,P101,Calibration Error,9,2223
2025-04-17,M102,P101,Solder Defect,3,603
2025-06-18,M203,P103,Solder Defect,6,750
2025-05-14,M401,P103,Assembly Defect,7,742
2025-03-29,M203,P102,Calibration Error,5,630
2025-04-27,M202,P101,Dimension Error,9,1287
2025-09-26,M303,P104,Solder Defect,9,2043
2025-06-05,M203,P101,Calibration Error,9,1818
2025-01-07,M304,P104,Calibration Error,7,1414
2025-11-13,M202,P101,Calibration Error,5,540
2025-08-06,M202,P102,Dimension Error,9,2214
2025-01-28,M101,P102,Dimension Error,7,679
2025-07-10,M104,P102,Solder Defect,9,1746
2025-10-06,M302,P103,Calibration Error,19,1520
2025-04-12,M403,P103,Dimension Error,4,556
2025-10-06,M104,P101,Calibration Error,9,1197
2025-08-17,M102,P103,Assembly Defect,8,1448
2025-03-28,M302,P103,Assembly Defect,16,1392
2025-08-14,M404,P101,Solder Defect,9,1458
2025-04-30,M304,P103,Calibration Error,9,1188
2025-05-16,M104,P101,Solder Defect,7,1750
2025-10-12,M202,P102,Assembly Defect,7,658
2025-03-11,M301,P104,Dimension Error,9,2079
2025-10-11,M202,P103,Dimension Error,4,680
2025-04-23,M403,P101,Assembly Defect,6,1134
2025-05-31,M104,P103,Calibration Error,8,1080
2025-01-18,M403,P101,Dimension Error,17,3145
2025-08-02,M404,P101,Dimension Error,10,1340
2025-04-30,M103,P101,Solder Defect,6,1140
2025-12-23,M103,P101,Assembly Defect,11,1826
2025-04-23,M101,P102,Dimension Error,8,1056
2025-02-28,M203,P103,Solder Defect,7,966
2025-09-07,M404,P101,Dimension Error,14,1148
2025-04-21,M404,P102,Solder Defect,5,930
2025-02-19,M201,P101,Solder Defect,8,1224
2025-07-09,M201,P101,Dimension Error,10,1160
2025-02-19,M401,P102,Assembly Defect,8,1552
2025-12-21,M302,P102,Assembly Defect,21,4683
2025-05-19,M404,P102,Calibration Error,14,2408
2025-06-14,M102,P104,Assembly Defect,5,570
2025-10-22,M101,P103,Calibration Error,6,1068
2025-08-14,M104,P102,Solder Defect,10,1950
2025-03-23,M102,P103,Dimension Error,8,1760
2025-12-05,M101,P102,Assembly Defect,7,1134
2025-01-06,M104,P104,Assembly Defect,10,1510
2025-06-14,M402,P103,Dimension Error,10,2170
2025-02-10,M403,P103,Assembly Defect,9,1143
2025-01-18,M303,P103,Solder Defect,6,1452
2025-07-05,M103,P103,Assembly Defect,2,374
2025-09-05,M301,P101,Calibration Error,6,552
2025-03-01,M401,P104,Assembly Defect,10,2330
2025-11-02,M204,P101,Solder Defect,6,588
2025-04-25,M301,P101,Assembly Defect,8,704
2025-06-28,M102,P104,Dimension Error,6,504
2025-10-20,M103,P103,Assembly Defect,7,1330
2025-07-03,M302,P103,Solder Defect,14,1162
2025-01-21,M302,P101,Solder Defect,18,3330
2025-05-11,M304,P103,Dimension Error,11,1958
2025-09-28,M203,P103,Dimension Error,10,1690
2025-03-29,M304,P104,Solder Defect,6,912
2025-10-10,M201,P103,Dimension Error,8,1504
2025-03-10,M303,P104,Dimension Error,7,665
2025-02-12,M203,P101,Dimension Error,5,1170
2025-06-19,M103,P101,Solder Defect,8,984
2025-12-08,M104,P104,Assembly Defect,8,1000
2025-12-15,M304,P101,Solder Defect,10,1740
2025-10-17,M303,P101,Assembly Defect,11,1551
2025-02-25,M303,P101,Dimension Error,8,784
2025-09-12,M301,P101,Dimension Error,5,750
2025-09-04,M404,P104,Calibration Error,12,1260
2025-11-17,M102,P102,Calibration Error,8,1144
2025-03-04,M403,P104,Dimension Error,5,470
2025-03-25,M304,P103,Dimension Error,7,735
2025-07-31,M301,P103,Assembly Defect,12,2124
2025-10-31,M402,P103,Assembly Defect,7,1708
2025-09-16,M202,P103,Assembly Defect,8,808
2025-12-07,M204,P102,Solder Defect,10,1020
2025-05-04,M403,P102,Assembly Defect,12,1812
2025-09-10,M202,P104,Assembly Defect,6,1362
2025-02-17,M301,P103,Assembly Defect,9,765
2025-01-03,M302,P104,Assembly Defect,25,3625
2025-07-27,M204,P102,Assembly Defect,4,892
2025-09-15,M404,P101,Dimension Error,9,1278
2025-09-02,M401,P104,Dimension Error,9,1305
2025-10-20,M404,P102,Dimension Error,5,1075
2025-01-24,M303,P102,Assembly Defect,11,1287
2025-06-29,M104,P101,Dimension Error,4,444
2025-08-05,M201,P104,Assembly Defect,6,1158
2025-08-11,M403,P104,Dimension Error,8,1456
2025-01-30,M103,P101,Calibration Error,12,2076
2025-03-25,M401,P103,Calibration Error,4,668
2025-10-23,M203,P101,Dimension Error,6,1146
2025-10-24,M404,P101,Assembly Defect,2,374
2025-08-18,M303,P101,Solder Defect,10,2400
2025-07-11,M402,P102,Dimension Error,11,2244
2025-01-24,M302,P103,Dimension Error,19,3857
2025-02-26,M301,P101,Assembly Defect,7,1365
2025-08-28,M102,P102,Assembly Defect,8,672
2025-12-23,M103,P103,Assembly Defect,8,1216
2025-05-12,M302,P101,Assembly Defect,21,3402
2025-03-09,M304,P104,Calibration Error,10,2050
2025-05-13,M301,P103,Assembly Defect,7,1162
2025-06-22,M404,P104,Dimension Error,6,798
2025-05-04,M303,P103,Calibration Error,13,1040
2025-12-29,M303,P101,Assembly Defect,10,1350
2025-01-06,M403,P102,Dimension Error,8,1600
2025-03-08,M201,P104,Dimension Error,9,2034
2025-06-17,M404,P101,Assembly Defect,9,1080
2025-11-27,M402,P104,Solder Defect,7,980
2025-07-29,M402,P101,Calibration Error,9,1782
2025-08-11,M302,P103,Calibration Error,25,5825
2025-05-27,M203,P103,Solder Defect,11,1034
2025-09-04,M401,P101,Dimension Error,7,1190
2025-04-25,M404,P104,Dimension Error,4,856
2025-05-12,M201,P103,Dimension Error,6,642
2025-08-04,M302,P101,Solder Defect,20,2580
2025-12-15,M402,P103,Solder Defect,7,1400
2025-03-30,M303,P102,Assembly Defect,10,890
2025-02-20,M401,P101,Assembly Defect,12,2268
2025-11-10,M404,P101,Dimension Error,8,1912
2025-09-18,M201,P102,Solder Defect,9,1818
2025-12-09,M102,P101,Solder Defect,8,1040
2025-04-21,M302,P101,Calibration Error,20,4040
2025-06-03,M204,P102,Dimension Error,16,3616
2025-03-31,M301,P103,Solder Defect,3,663
2025-01-02,M103,P104,Assembly Defect,17,4012
2025-11-10,M104,P101,Calibration Error,3,678
2025-06-03,M402,P103,Solder Defect,3,429
2025-02-04,M104,P102,Dimension Error,12,2796
2025-02-18,M301,P104,Assembly Defect,7,1617
2025-06-28,M104,P101,Calibration Error,9,783
2025-04-07,M204,P101,Assembly Defect,6,1404
2025-07-17,M402,P104,Assembly Defect,7,833
2025-04-22,M302,P102,Calibration Error,20,3420
2025-12-13,M302,P102,Assembly Defect,23,3266
2025-08-31,M404,P102,Assembly Defect,9,2160
2025-10-09,M303,P101,Calibration Error,9,738
2025-04-02,M403,P104,Calibration Error,9,900
2025-08-21,M203,P101,Dimension Error,6,720
2025-07-03,M102,P103,Assembly Defect,5,650
2025-03-22,M402,P104,Calibration Error,8,1208
2025-12-02,M302,P102,Dimension Error,14,2534
2025-10-13,M403,P104,Calibration Error,10,2100
2025-12-07,M301,P101,Calibration Error,8,1712
2025-08-12,M403,P102,Dimension Error,6,1212
2025-05-12,M404,P104,Solder Defect,6,558
2025-05-31,M101,P104,Dimension Error,8,976
2025-11-02,M401,P104,Assembly Defect,10,1260
2025-05-25,M104,P103,Dimension Error,10,1360
2025-02-08,M102,P102,Solder Defect,8,1224
2025-01-11,M301,P101,Solder Defect,7,1379
2025-02-22,M103,P102,Assembly Defect,16,2288
2025-12-19,M204,P104,Solder Defect,8,1008
2025-08-05,M304,P104,Solder Defect,9,1386
2025-11-14,M401,P102,Assembly Defect,12,1932
2025-01-16,M103,P102,Assembly Defect,9,1197
2025-02-02,M103,P101,Solder Defect,7,1134
2025-09-19,M302,P103,Dimension Error,18,2466
2025-02-16,M204,P104,Solder Defect,5,455
2025-12-24,M103,P104,Assembly Defect,3,675
2025-04-08,M103,P104,Assembly Defect,8,1488
2025-01-15,M404,P102,Solder Defect,9,1143
2025-02-23,M403,P102,Dimension Error,6,804
2025-05-01,M404,P101,Solder Defect,7,567
2025-02-20,M302,P102,Dimension Error,12,1188
2025-10-10,M202,P102,Assembly Defect,5,415
2025-01-01,M402,P101,Calibration Error,6,1284
2025-07-15,M303,P103,Dimension Error,7,1281
2025-01-28,M202,P103,Solder Defect,8,1192
2025-05-08,M303,P101,Assembly Defect,8,1600
2025-02-12,M103,P101,Solder Defect,9,1413
2025-06-23,M102,P101,Assembly Defect,4,568
2025-02-05,M104,P103,Dimension Error,3,282
2025-03-19,M404,P104,Calibration Error,4,600
2025-09-11,M404,P104,Dimension Error,5,460
2025-06-17,M301,P103,Dimension Error,9,1062
2025-06-12,M404,P103,Solder Defect,13,1937
2025-03-28,M202,P103,Dimension Error,10,1460
2025-01-30,M401,P103,Dimension Error,16,1728
2025-09-09,M303,P103,Solder Defect,11,2332
2025-03-23,M404,P104,Solder Defect,6,654
2025-06-03,M104,P104,Solder Defect,5,870
2025-10-12,M101,P101,Dimension Error,8,1312
2025-07-01,M404,P101,Calibration Error,6,1092
2025-09-09,M401,P103,Solder Defect,4,588
2025-05-19,M302,P101,Assembly Defect,17,1955
2025-11-16,M301,P102,Dimension Error,16,3296
2025-11-19,M101,P101,Assembly Defect,12,1092
2025-02-03,M303,P101,Calibration Error,6,1152
2025-12-09,M402,P102,Dimension Error,6,1260
2025-05-10,M403,P101,Assembly Defect,7,812
2025-05-11,M103,P104,Solder Defect,4,620
2025-03-18,M101,P104,Dimension Error,6,1488
2025-10-03,M103,P104,Solder Defect,10,910
2025-08-08,M103,P103,Calibration Error,17,3213
2025-07-04,M404,P102,Calibration Error,4,928
2025-11-30,M403,P104,Dimension Error,13,1378
2025-12-16,M102,P103,Assembly Defect,8,888
2025-08-24,M103,P103,Solder Defect,8,696
2025-09-11,M402,P101,Solder Defect,9,1773
2025-06-28,M104,P101,Solder Defect,7,1358
2025-08-31,M301,P102,Assembly Defect,9,1566
2025-07-05,M403,P104,Solder Defect,8,1720
2025-11-17,M402,P104,Dimension Error,10,910
2025-08-10,M402,P104,Calibration Error,8,824
2025-11-06,M202,P102,Calibration Error,9,1404
2025-10-28,M104,P103,Calibration Error,5,410
2025-11-22,M201,P101,Assembly Defect,10,1200
2025-08-20,M202,P103,Dimension Error,10,2160
2025-04-24,M203,P104,Dimension Error,7,1057
2025-12-19,M102,P101,Calibration Error,12,1092
2025-06-26,M301,P103,Dimension Error,6,1440
2025-07-20,M101,P101,Calibration Error,10,1220
2025-06-25,M401,P102,Solder Defect,9,1944
2025-04-21,M402,P101,Solder Defect,5,1115
2025-10-04,M102,P102,Assembly Defect,8,1640
2025-12-03,M102,P101,Dimension Error,11,2706
2025-03-28,M102,P104,Calibration Error,5,985
2025-02-01,M204,P103,Assembly Defect,12,2856
2025-06-30,M104,P103,Solder Defect,5,900
2025-08-13,M401,P101,Dimension Error,8,1480
2025-03-19,M401,P103,Dimension Error,12,1548
2025-07-17,M102,P102,Assembly Defect,2,284
2025-07-12,M404,P102,Calibration Error,7,665
2025-11-13,M201,P102,Assembly Defect,2,300
2025-07-04,M102,P101,Dimension Error,6,1422
2025-05-18,M101,P104,Dimension Error,7,924
2025-11-29,M404,P101,Calibration Error,9,2178
2025-05-28,M104,P101,Solder Defect,11,2673
2025-01-03,M402,P104,Assembly Defect,8,1744
2025-05-30,M302,P102,Calibration Error,12,972
2025-05-22,M402,P101,Calibration Error,8,1280
2025-11-29,M402,P101,Dimension Error,8,712
2025-07-16,M301,P102,Dimension Error,10,1750
2025-11-16,M101,P103,Assembly Defect,7,1393
2025-11-09,M102,P103,Calibration Error,10,940
2025-05-15,M404,P101,Calibration Error,6,1230
2025-12-02,M101,P102,Dimension Error,6,1128
2025-05-15,M304,P101,Calibration Error,6,486
2025-12-18,M102,P103,Solder Defect,9,990
2025-11-16,M303,P104,Assembly Defect,7,1092
2025-09-04,M203,P101,Assembly Defect,6,756
2025-09-06,M302,P101,Dimension Error,15,3150
2025-03-26,M303,P101,Dimension Error,10,1210
2025-06-26,M303,P102,Calibration Error,8,664
2025-07-09,M201,P103,Solder Defect,2,322
2025-07-09,M102,P101,Calibration Error,12,1968
2025-03-22,M301,P104,Solder Defect,13,1339
2025-08-13,M404,P103,Solder Defect,12,2064
2025-03-04,M203,P101,Assembly Defect,6,612
2025-09-20,M101,P103,Solder Defect,10,1540
2025-02-22,M201,P101,Solder Defect,7,1442
2025-05-13,M102,P103,Assembly Defect,3,291
2025-06-19,M402,P102,Calibration Error,10,1190
2025-08-31,M402,P102,Dimension Error,6,1338
2025-10-20,M301,P104,Calibration Error,10,2100
2025-08-27,M203,P101,Calibration Error,7,1218
2025-04-02,M203,P101,Dimension Error,9,837
2025-07-07,M402,P102,Dimension Error,5,455
2025-08-13,M103,P102,Assembly Defect,9,999
2025-04-15,M404,P102,Assembly Defect,4,948
2025-02-14,M201,P103,Solder Defect,10,2250
2025-04-24,M402,P104,Assembly Defect,3,384
2025-08-09,M302,P102,Dimension Error,16,2064
2025-02-13,M302,P103,Assembly Defect,16,2992
2025-10-10,M104,P103,Solder Defect,9,1971
2025-10-26,M303,P101,Assembly Defect,7,1239
2025-12-26,M204,P101,Dimension Error,9,2142
2025-10-09,M404,P104,Calibration Error,9,1269
2025-12-11,M102,P102,Calibration Error,11,902
2025-05-24,M201,P102,Calibration Error,3,408
2025-12-21,M204,P101,Dimension Error,13,1053
2025-03-16,M303,P101,Calibration Error,11,2266
2025-01-09,M301,P101,Solder Defect,12,1908
2025-05-06,M402,P104,Dimension Error,2,422
2025-06-05,M403,P101,Dimension Error,12,2952
2025-03-20,M401,P101,Calibration Error,14,2772
2025-06-11,M404,P104,Dimension Error,9,1179
2025-07-31,M101,P103,Calibration Error,8,1632
2025-04-10,M102,P102,Calibration Error,10,1280
2025-01-23,M403,P101,Solder Defect,8,1880
2025-10-25,M202,P103,Dimension Error,5,1035
2025-01-26,M403,P103,Solder Defect,6,1284
2025-12-21,M401,P102,Solder Defect,8,640
2025-10-16,M402,P102,Dimension Error,12,2364
2025-09-28,M202,P101,Dimension Error,7,1533
2025-10-21,M401,P101,Solder Defect,2,352
2025-07-24,M103,P102,Dimension Error,8,1840
2025-01-25,M302,P102,Assembly Defect,14,3066
2025-12-11,M301,P104,Assembly Defect,7,1456
2025-01-12,M402,P101,Dimension Error,5,1160
2025-03-10,M202,P103,Solder Defect,8,2000
2025-11-09,M403,P104,Solder Defect,15,2025
2025-03-05,M102,P101,Calibration Error,8,1176
2025-10-14,M101,P103,Assembly Defect,7,1015
2025-09-29,M403,P101,Assembly Defect,5,1080
2025-05-07,M203,P103,Dimension Error,9,1449
2025-10-04,M401,P104,Calibration Error,3,537
2025-01-31,M202,P101,Calibration Error,5,485
2025-12-10,M101,P104,Dimension Error,9,1674
2025-06-02,M102,P103,Dimension Error,8,1936
2025-12-17,M302,P102,Solder Defect,23,4761
2025-10-12,M101,P102,Dimension Error,5,1070
2025-03-30,M303,P102,Dimension Error,8,856
2025-03-06,M402,P104,Solder Defect,5,765
2025-02-11,M303,P103,Dimension Error,13,2834
2025-11-22,M104,P102,Dimension Error,6,786
2025-02-09,M302,P102,Solder Defect,22,3652
2025-07-18,M201,P103,Dimension Error,7,1624
2025-11-05,M301,P103,Calibration Error,7,910
2025-02-26,M404,P102,Dimension Error,9,1233
2025-01-20,M304,P104,Dimension Error,5,955
2025-03-11,M102,P103,Solder Defect,8,1536
2025-09-24,M301,P104,Assembly Defect,7,581
2025-02-28,M303,P104,Dimension Error,10,1550
2025-07-28,M401,P102,Solder Defect,6,1398
2025-11-11,M404,P103,Dimension Error,9,1503
2025-11-20,M201,P103,Assembly Defect,6,1494
2025-06-03,M201,P103,Assembly Defect,8,1784
2025-08-05,M401,P104,Calibration Error,5,1180
2025-04-02,M102,P104,Calibration Error,11,1254
2025-08-04,M404,P103,Solder Defect,15,2850
2025-12-08,M101,P101,Assembly Defect,6,876
2025-02-23,M204,P102,Dimension Error,7,973
2025-10-13,M402,P102,Calibration Error,11,2607
2025-03-11,M203,P104,Calibration Error,6,714
2025-07-03,M301,P104,Dimension Error,10,1270
2025-10-16,M402,P104,Solder Defect,9,855
2025-04-27,M304,P104,Assembly Defect,9,1863
2025-05-18,M102,P103,Calibration Error,10,2050
2025-11-30,M103,P103,Calibration Error,7,1295
2025-03-16,M404,P102,Assembly Defect,7,567
2025-11-28,M401,P101,Solder Defect,13,1287
2025-03-18,M402,P104,Assembly Defect,5,895
2025-11-22,M102,P104,Solder Defect,8,1216
2025-11-06,M102,P101,Solder Defect,10,920
2025-11-02,M104,P104,Dimension Error,8,1368
2025-12-07,M303,P103,Assembly Defect,7,1113
2025-05-08,M102,P101,Solder Defect,7,1407
2025-09-23,M301,P104,Calibration Error,10,2470
2025-09-09,M302,P102,Solder Defect,22,3520
2025-04-03,M201,P103,Dimension Error,13,1690
2025-01-29,M404,P102,Calibration Error,9,963
2025-07-30,M401,P103,Dimension Error,9,2025
2025-02-24,M102,P104,Solder Defect,6,1440
2025-09-30,M401,P101,Solder Defect,12,2472
2025-02-17,M203,P103,Solder Defect,7,1701
2025-03-17,M304,P101,Solder Defect,7,1288
2025-05-19,M202,P102,Dimension Error,5,935
2025-05-12,M204,P103,Assembly Defect,11,2035
2025-06-23,M201,P104,Assembly Defect,10,950
2025-06-13,M203,P103,Dimension Error,6,1230
2025-12-11,M301,P101,Solder Defect,8,1480
2025-01-08,M202,P103,Assembly Defect,13,1677
2025-10-09,M404,P103,Assembly Defect,12,2796
2025-11-24,M404,P103,Calibration Error,5,475
2025-05-14,M103,P103,Assembly Defect,5,605
2025-09-29,M202,P102,Solder Defect,8,840
2025-07-24,M301,P102,Solder Defect,7,1736
2025-05-07,M201,P104,Dimension Error,5,755
2025-05-31,M302,P102,Calibration Error,16,3696
2025-12-26,M302,P103,Dimension Error,20,3780
2025-09-13,M302,P101,Assembly Defect,14,2744
2025-03-08,M301,P104,Assembly Defect,16,3808
2025-09-04,M201,P102,Assembly Defect,6,636
2025-10-16,M101,P104,Dimension Error,6,1440
2025-12-04,M103,P101,Solder Defect,9,2088
2025-10-21,M403,P103,Assembly Defect,7,868
2025-11-11,M202,P102,Solder Defect,4,708
2025-11-22,M301,P102,Solder Defect,5,560
2025-09-15,M201,P104,Assembly Defect,11,2299
2025-06-28,M404,P101,Calibration Error,8,1216
2025-09-22,M103,P101,Assembly Defect,7,1708
2025-07-06,M404,P101,Assembly Defect,6,1290
2025-05-14,M204,P103,Assembly Defect,10,1760
2025-06-29,M104,P102,Calibration Error,12,1836
2025-04-15,M301,P103,Solder Defect,7,1393
2025-12-21,M101,P101,Dimension Error,5,1230
2025-04-21,M103,P102,Assembly Defect,5,1180
2025-11-29,M302,P102,Assembly Defect,19,4142
2025-12-02,M301,P103,Solder Defect,8,1600
2025-04-18,M104,P102,Calibration Error,13,1274
2025-11-23,M104,P101,Calibration Error,5,900
2025-06-07,M201,P101,Solder Defect,7,1127
2025-05-12,M301,P104,Calibration Error,13,2574
2025-11-22,M403,P101,Dimension Error,4,376
2025-07-09,M101,P104,Solder Defect,6,1434
2025-07-09,M101,P104,Calibration Error,11,1958
2025-12-09,M203,P102,Dimension Error,11,2013
2025-04-02,M301,P102,Calibration Error,8,1512
2025-06-21,M403,P102,Solder Defect,10,2060
2025-11-07,M102,P103,Dimension Error,7,630
2025-09-04,M204,P104,Dimension Error,14,2884
2025-12-06,M303,P102,Calibration Error,5,1190
2025-10-29,M402,P102,Dimension Error,4,896
2025-02-25,M302,P103,Assembly Defect,20,2140
2025-12-14,M204,P103,Dimension Error,8,1800
2025-03-20,M202,P104,Calibration Error,8,1872
2025-01-10,M104,P104,Assembly Defect,5,530
2025-06-11,M303,P102,Dimension Error,7,1064
2025-08-17,M404,P101,Assembly Defect,8,1952
2025-06-19,M204,P102,Calibration Error,10,980
2025-11-28,M403,P102,Solder Defect,6,1500
2025-04-20,M302,P104,Assembly Defect,22,2112
2025-11-12,M402,P101,Dimension Error,7,1239
2025-07-04,M102,P102,Solder Defect,5,425
2025-01-11,M102,P102,Dimension Error,13,2795
2025-08-06,M302,P103,Dimension Error,13,1053
2025-06-29,M104,P102,Assembly Defect,7,966
2025-09-20,M102,P104,Calibration Error,12,1248
2025-11-11,M101,P103,Calibration Error,14,2884
2025-07-16,M203,P102,Dimension Error,6,1452
2025-10-22,M202,P104,Assembly Defect,10,1780
2025-04-06,M202,P104,Dimension Error,4,644
2025-04-10,M103,P101,Assembly Defect,8,968
2025-12-09,M301,P102,Dimension Error,5,570
2025-12-03,M101,P104,Assembly Defect,6,1164
2025-11-05,M203,P101,Assembly Defect,9,2214
2025-06-03,M301,P103,Solder Defect,4,924
2025-12-28,M401,P103,Assembly Defect,3,681
2025-11-30,M401,P102,Assembly Defect,6,786
2025-10-11,M301,P101,Calibration Error,4,824
2025-08-17,M103,P103,Dimension Error,8,1104
2025-12-07,M402,P103,Solder Defect,10,2450
2025-08-16,M102,P103,Solder Defect,8,1744
2025-03-21,M304,P101,Solder Defect,12,1044
2025-04-09,M103,P104,Dimension Error,12,1356
2025-01-10,M404,P103,Solder Defect,7,1050
2025-05-23,M304,P104,Dimension Error,9,891
2025-11-14,M402,P104,Dimension Error,11,1936
2025-01-05,M103,P103,Solder Defect,14,2086
2025-05-01,M301,P101,Solder Defect,6,480
2025-04-05,M401,P103,Assembly Defect,5,980
2025-07-13,M302,P104,Assembly Defect,16,3904
2025-07-22,M304,P104,Calibration Error,15,1725
2025-10-29,M404,P104,Assembly Defect,7,707
2025-01-31,M303,P101,Dimension Error,5,1065
2025-06-16,M101,P102,Calibration Error,5,710
2025-01-28,M302,P104,Calibration Error,13,2067
2025-12-26,M404,P101,Dimension Error,8,840
2025-07-12,M303,P102,Dimension Error,6,816
2025-01-07,M303,P102,Assembly Defect,5,610
2025-10-06,M101,P104,Solder Defect,7,1694
2025-08-02,M201,P102,Solder Defect,11,2497
2025-11-29,M401,P101,Assembly Defect,6,564
2025-09-03,M104,P101,Dimension Error,9,1629
2025-03-04,M401,P101,Calibration Error,10,1900
2025-08-24,M102,P103,Solder Defect,4,592
2025-03-02,M104,P104,Dimension Error,9,1737
2025-11-08,M402,P102,Solder Defect,7,1624
2025-10-22,M302,P104,Dimension Error,12,2700
2025-11-15,M401,P101,Dimension Error,10,1490
2025-11-12,M402,P101,Calibration Error,13,1534
2025-11-06,M204,P101,Dimension Error,6,1308
2025-09-22,M302,P104,Dimension Error,25,5450
2025-09-18,M201,P103,Calibration Error,8,1568
2025-06-28,M401,P104,Dimension Error,12,1500
2025-08-17,M301,P102,Calibration Error,6,498
2025-01-19,M403,P101,Assembly Defect,10,1450
2025-09-07,M303,P103,Solder Defect,11,1199
2025-04-10,M203,P104,Dimension Error,9,1062
2025-12-03,M103,P101,Assembly Defect,5,885
2025-08-17,M103,P103,Solder Defect,12,2604
2025-03-23,M202,P103,Dimension Error,11,1738
2025-11-08,M104,P102,Dimension Error,8,800
2025-08-04,M303,P101,Assembly Defect,13,3159
2025-03-27,M203,P101,Assembly Defect,7,1575
2025-07-29,M204,P104,Solder Defect,10,1370
2025-03-02,M103,P103,Solder Defect,9,1899
2025-02-08,M204,P104,Solder Defect,6,516
2025-05-22,M403,P101,Assembly Defect,7,1330
2025-06-06,M302,P103,Solder Defect,16,3504
2025-02-03,M303,P101,Calibration Error,8,1896
2025-05-11,M201,P104,Solder Defect,14,3360
2025-02-07,M202,P104,Solder Defect,13,1105
2025-11-16,M402,P101,Dimension Error,13,2769
2025-02-07,M302,P103,Solder Defect,19,4617
2025-08-07,M401,P101,Solder Defect,5,1010
2025-08-27,M201,P103,Calibration Error,8,640
2025-07-29,M404,P101,Solder Defect,8,1336
2025-09-23,M304,P102,Assembly Defect,15,1230
2025-05-11,M404,P104,Assembly Defect,4,812
2025-04-01,M302,P101,Solder Defect,16,1520
2025-04-12,M103,P103,Solder Defect,9,1917
2025-07-31,M103,P104,Assembly Defect,6,1380
2025-10-13,M402,P102,Calibration Error,10,1590
2025-11-09,M302,P104,Dimension Error,18,4410
2025-02-21,M301,P103,Calibration Error,9,1134
2025-07-05,M103,P101,Solder Defect,4,328
2025-03-11,M401,P102,Calibration Error,4,588
2025-11-15,M201,P102,Dimension Error,11,2244
2025-12-24,M404,P101,Assembly Defect,9,2043
2025-06-06,M202,P104,Calibration Error,7,980
2025-11-12,M304,P103,Assembly Defect,7,910
2025-12-22,M301,P103,Calibration Error,10,1030
2025-05-04,M101,P101,Solder Defect,16,2560
2025-11-28,M303,P104,Dimension Error,9,2106
2025-05-22,M104,P103,Solder Defect,10,1330
2025-11-15,M304,P103,Calibration Error,10,1200
2025-04-15,M404,P103,Solder Defect,16,3344
2025-04-21,M404,P102,Solder Defect,8,1584
2025-06-13,M202,P103,Calibration Error,3,408
2025-03-17,M301,P102,Assembly Defect,3,351
2025-02-19,M203,P103,Dimension Error,7,1589
2025-08-10,M303,P104,Calibration Error,11,2431
2025-01-04,M404,P102,Calibration Error,15,2625
2025-01-10,M101,P104,Assembly Defect,9,1467
2025-06-16,M102,P103,Calibration Error,8,1888
2025-05-30,M102,P104,Calibration Error,7,1484
2025-07-14,M202,P103,Assembly Defect,7,1491
2025-08-14,M202,P102,Dimension Error,7,595
2025-08-08,M202,P103,Dimension Error,11,1485
2025-07-14,M101,P101,Assembly Defect,10,1700
2025-10-03,M201,P102,Dimension Error,5,580
2025-04-14,M103,P104,Dimension Error,7,1225
2025-01-11,M103,P101,Assembly Defect,8,1040
2025-03-11,M403,P101,Calibration Error,9,1404
2025-02-18,M302,P104,Dimension Error,18,3186
2025-12-24,M402,P102,Dimension Error,6,612
2025-05-02,M403,P104,Solder Defect,12,2568
2025-01-16,M303,P102,Calibration Error,7,1526
2025-10-26,M103,P102,Calibration Error,8,1976
2025-04-25,M401,P103,Dimension Error,8,1384
2025-04-10,M404,P104,Assembly Defect,5,765
2025-06-20,M104,P102,Assembly Defect,6,1068
2025-03-21,M202,P102,Solder Defect,11,2398
2025-12-03,M203,P103,Dimension Error,8,1160
2025-12-13,M301,P102,Dimension Error,3,333
2025-04-18,M102,P104,Solder Defect,7,1561
2025-12-14,M401,P101,Dimension Error,8,1800
2025-10-31,M203,P103,Assembly Defect,7,693
2025-01-19,M401,P102,Calibration Error,5,1185
2025-03-14,M103,P104,Calibration Error,11,2519
2025-09-22,M401,P101,Assembly Defect,10,1270
2025-09-06,M304,P104,Solder Defect,6,564
2025-05-06,M402,P102,Solder Defect,8,1376
2025-07-12,M303,P104,Calibration Error,8,1280
2025-11-17,M102,P104,Assembly Defect,4,392
2025-03-13,M203,P103,Calibration Error,3,660
2025-09-28,M101,P104,Solder Defect,6,1284
2025-02-05,M103,P101,Dimension Error,2,210
2025-05-25,M202,P102,Dimension Error,6,516
2025-05-06,M402,P101,Assembly Defect,10,2220
2025-12-06,M302,P103,Assembly Defect,17,3468
2025-03-10,M104,P102,Calibration Error,8,1520
2025-12-30,M404,P104,Dimension Error,6,804
2025-10-14,M204,P101,Solder Defect,8,1672
2025-01-29,M302,P102,Assembly Defect,17,1547
2025-10-30,M404,P104,Assembly Defect,10,1760
2025-09-20,M301,P102,Solder Defect,3,666
2025-03-04,M102,P101,Dimension Error,10,1510
2025-08-25,M202,P101,Calibration Error,7,742
2025-03-04,M202,P104,Assembly Defect,5,1190
2025-12-21,M403,P103,Dimension Error,4,324
2025-04-22,M102,P102,Calibration Error,9,963
2025-03-10,M103,P104,Solder Defect,4,776
2025-01-09,M302,P102,Calibration Error,15,3090
2025-06-11,M103,P101,Assembly Defect,7,1652
2025-03-27,M101,P104,Calibration Error,8,688
2025-05-14,M104,P104,Assembly Defect,6,678
2025-08-21,M202,P104,Solder Defect,6,1326
2025-10-18,M104,P101,Assembly Defect,5,685
2025-02-19,M102,P101,Solder Defect,9,1773
2025-11-05,M202,P103,Solder Defect,10,1370
2025-07-23,M202,P102,Calibration Error,11,2409
2025-11-30,M101,P101,Calibration Error,6,1494
2025-08-18,M102,P102,Solder Defect,6,1344
2025-12-01,M103,P103,Solder Defect,5,495
2025-05-22,M401,P104,Solder Defect,6,840
2025-07-26,M102,P104,Dimension Error,11,1276
2025-09-09,M202,P101,Assembly Defect,7,1211
2025-01-25,M101,P104,Calibration Error,6,1014
2025-04-28,M204,P102,Assembly Defect,9,774
2025-02-27,M401,P102,Dimension Error,12,1356
2025-06-16,M103,P101,Assembly Defect,6,1362
2025-05-20,M401,P101,Dimension Error,16,2272
2025-01-19,M304,P101,Assembly Defect,3,315
2025-04-16,M204,P102,Solder Defect,6,1386
2025-07-22,M403,P102,Solder Defect,9,2070
2025-03-18,M302,P101,Dimension Error,15,1545
2025-11-23,M203,P103,Dimension Error,5,930
2025-06-22,M204,P102,Solder Defect,7,952
2025-07-16,M204,P103,Dimension Error,8,1208
2025-04-13,M204,P101,Assembly Defect,4,836
2025-01-10,M101,P101,Assembly Defect,7,742
2025-07-20,M201,P104,Dimension Error,6,1032
2025-01-23,M103,P103,Dimension Error,10,2120
2025-05-04,M104,P103,Dimension Error,8,1376
2025-01-03,M101,P102,Assembly Defect,4,968
2025-07-09,M304,P103,Dimension Error,9,1377
2025-11-26,M202,P101,Solder Defect,9,1872
2025-02-24,M101,P102,Calibration Error,6,738
2025-01-02,M104,P104,Assembly Defect,7,742
2025-11-04,M101,P104,Solder Defect,6,1392
2025-02-27,M404,P103,Solder Defect,6,1176
2025-06-25,M104,P102,Dimension Error,7,1386
2025-08-31,M304,P101,Assembly Defect,6,1092
2025-02-18,M401,P102,Calibration Error,13,3159
2025-09-21,M302,P102,Dimension Error,25,4700
2025-10-03,M404,P102,Solder Defect,9,1044
2025-01-02,M301,P104,Solder Defect,15,1305
2025-04-27,M401,P103,Calibration Error,11,1672
2025-09-07,M401,P103,Solder Defect,7,1008
2025-05-30,M201,P104,Solder Defect,5,1145
2025-08-13,M302,P103,Calibration Error,16,2480
2025-07-06,M304,P103,Solder Defect,8,1784
2025-01-27,M102,P102,Solder Defect,12,2268
2025-10-26,M304,P103,Dimension Error,4,520
2025-06-11,M402,P103,Calibration Error,9,1746
2025-12-19,M201,P103,Calibration Error,11,2035
2025-11-19,M103,P101,Solder Defect,3,672
2025-09-24,M202,P103,Assembly Defect,8,752
2025-11-27,M104,P103,Dimension Error,8,2000
2025-06-02,M403,P101,Calibration Error,12,1560
2025-08-03,M101,P104,Assembly Defect,11,1188
2025-09-09,M102,P104,Solder Defect,5,610
2025-03-30,M304,P102,Assembly Defect,6,972
2025-04-14,M103,P102,Assembly Defect,9,927
2025-08-19,M402,P102,Calibration Error,6,1314
2025-01-15,M304,P103,Solder Defect,13,2665
2025-07-09,M301,P101,Solder Defect,8,1432
2025-05-07,M403,P101,Assembly Defect,11,2420
2025-05-18,M202,P101,Dimension Error,5,640
2025-11-11,M203,P102,Dimension Error,8,1904
2025-11-19,M104,P101,Calibration Error,3,687
2025-08-05,M304,P104,Solder Defect,11,1254
2025-02-01,M401,P103,Dimension Error,6,906
2025-07-29,M404,P104,Assembly Defect,12,2376
2025-10-12,M304,P104,Calibration Error,5,820
2025-01-25,M301,P103,Solder Defect,8,792
2025-11-29,M302,P102,Calibration Error,15,2985
2025-01-08,M202,P104,Solder Defect,10,820
2025-03-15,M304,P103,Solder Defect,9,1296
2025-05-03,M201,P103,Assembly Defect,8,928
2025-01-06,M204,P102,Dimension Error,13,2158
2025-10-16,M104,P101,Solder Defect,12,2028
2025-04-06,M203,P101,Assembly Defect,12,1548
2025-01-08,M402,P104,Calibration Error,6,498
2025-12-10,M204,P101,Calibration Error,10,2230
2025-09-27,M302,P101,Solder Defect,19,4617
2025-09-01,M403,P104,Calibration Error,9,864
2025-10-25,M104,P101,Assembly Defect,5,415
2025-09-08,M104,P104,Solder Defect,5,1170
2025-07-01,M404,P103,Assembly Defect,4,676
2025-12-28,M301,P101,Dimension Error,6,1386
2025-03-01,M302,P102,Dimension Error,18,3600
2025-04-17,M302,P102,Solder Defect,21,3381
2025-07-10,M402,P104,Dimension Error,14,3290
2025-06-11,M403,P102,Dimension Error,7,882
2025-07-29,M204,P102,Dimension Error,7,945
2025-03-27,M301,P102,Dimension Error,8,720
2025-04-08,M103,P101,Assembly Defect,10,1840
2025-07-27,M303,P101,Assembly Defect,13,1248
2025-12-17,M204,P103,Calibration Error,6,510
2025-08-18,M401,P102,Calibration Error,11,2497
2025-09-17,M403,P104,Solder Defect,7,1708
2025-11-21,M402,P101,Assembly Defect,6,1440
2025-02-14,M104,P104,Solder Defect,10,1200
2025-12-15,M301,P102,Calibration Error,6,1134
2025-05-04,M403,P103,Calibration Error,5,990
2025-05-08,M102,P101,Calibration Error,9,891
2025-09-27,M301,P102,Assembly Defect,9,891
2025-04-07,M304,P104,Solder Defect,8,1528
2025-10-15,M201,P104,Solder Defect,12,1152
2025-02-25,M302,P104,Dimension Error,15,1290
2025-08-16,M203,P103,Dimension Error,14,3038
2025-09-04,M204,P103,Assembly Defect,11,1210
2025-05-24,M303,P103,Dimension Error,10,1580
2025-08-20,M203,P101,Solder Defect,4,724
2025-09-20,M303,P102,Dimension Error,6,1098
2025-04-29,M404,P101,Solder Defect,10,2190
2025-11-28,M301,P102,Calibration Error,7,637
2025-03-05,M302,P103,Dimension Error,24,2544
2025-07-27,M304,P104,Solder Defect,11,2332
2025-09-29,M102,P103,Solder Defect,9,1890
2025-12-17,M102,P102,Assembly Defect,6,912
2025-07-25,M202,P102,Dimension Error,6,576
2025-08-28,M203,P103,Dimension Error,8,704
2025-10-07,M403,P102,Dimension Error,6,786
2025-02-10,M301,P102,Solder Defect,9,1908
2025-02-13,M203,P104,Calibration Error,7,826
2025-10-29,M203,P101,Assembly Defect,4,664
2025-01-04,M204,P101,Calibration Error,8,1200
2025-10-18,M104,P101,Dimension Error,5,765
2025-09-08,M402,P103,Calibration Error,7,1414
2025-04-12,M402,P101,Calibration Error,12,1668
2025-09-01,M201,P102,Dimension Error,5,1110
2025-02-22,M103,P103,Assembly Defect,11,1463
2025-12-04,M202,P103,Calibration Error,15,1320
2025-03-31,M103,P102,Dimension Error,9,1836
2025-02-02,M402,P101,Calibration Error,7,994
2025-09-15,M302,P101,Dimension Error,19,3724
2025-07-26,M101,P102,Dimension Error,14,2226
2025-11-03,M101,P104,Calibration Error,10,1850
2025-12-20,M301,P101,Solder Defect,10,1660
2025-12-22,M101,P102,Solder Defect,6,1116
2025-09-04,M103,P102,Calibration Error,6,1158
2025-11-09,M204,P103,Calibration Error,5,470
2025-10-12,M201,P102,Dimension Error,7,1715
2025-09-22,M104,P103,Dimension Error,12,2712
2025-06-28,M204,P103,Calibration Error,10,1870
2025-10-30,M201,P102,Calibration Error,3,270
2025-08-13,M202,P103,Dimension Error,6,630
2025-12-14,M103,P103,Dimension Error,14,1680
2025-04-29,M102,P104,Dimension Error,8,1768
2025-01-16,M103,P103,Dimension Error,3,615
2025-01-20,M103,P103,Solder Defect,10,1180
2025-10-15,M101,P103,Assembly Defect,10,1920
2025-02-23,M202,P101,Calibration Error,4,748
2025-03-07,M302,P104,Assembly Defect,18,2952
2025-07-26,M202,P102,Dimension Error,9,1971
2025-11-28,M402,P101,Dimension Error,11,1496
2025-03-08,M403,P104,Dimension Error,9,774
2025-12-27,M402,P102,Assembly Defect,8,1944
2025-02-03,M204,P104,Solder Defect,9,1701
2025-07-04,M404,P103,Solder Defect,11,2035
2025-10-31,M301,P102,Dimension Error,8,1464
2025-12-29,M204,P102,Dimension Error,11,1925
2025-08-02,M103,P103,Assembly Defect,9,1224
2025-06-25,M404,P104,Dimension Error,4,824
2025-09-26,M304,P102,Assembly Defect,5,830
2025-09-16,M204,P104,Solder Defect,10,2170
2025-12-15,M203,P104,Assembly Defect,10,1590
2025-10-05,M202,P102,Dimension Error,9,801
2025-05-25,M201,P103,Assembly Defect,12,1956
2025-01-03,M202,P103,Dimension Error,9,1863
2025-11-24,M102,P102,Solder Defect,8,1616
2025-09-22,M202,P103,Solder Defect,9,1629
2025-02-25,M101,P102,Dimension Error,8,1480
2025-04-17,M202,P103,Solder Defect,9,1233
2025-09-18,M101,P103,Calibration Error,12,2460
2025-05-11,M103,P102,Dimension Error,6,1416
2025-10-09,M101,P104,Assembly Defect,9,1449
2025-03-03,M101,P104,Solder Defect,6,1422
2025-10-31,M403,P101,Dimension Error,7,1456
2025-04-16,M203,P101,Calibration Error,7,784
2025-11-15,M302,P101,Calibration Error,19,3800
2025-07-07,M302,P102,Assembly Defect,17,1632
2025-07-26,M304,P104,Assembly Defect,6,1038
2025-06-13,M404,P103,Dimension Error,5,670
2025-11-21,M201,P101,Solder Defect,9,2250
2025-09-11,M101,P103,Dimension Error,7,665
2025-06-22,M303,P104,Calibration Error,8,1704
2025-11-17,M302,P101,Solder Defect,22,4026
2025-01-04,M101,P104,Dimension Error,10,1090
2025-07-28,M103,P103,Calibration Error,9,900
2025-08-14,M401,P104,Solder Defect,4,488
2025-05-31,M302,P103,Dimension Error,24,4752
2025-12-26,M103,P101,Assembly Defect,12,1608
2025-04-28,M401,P104,Assembly Defect,4,788
2025-06-20,M304,P103,Dimension Error,11,924
2025-07-16,M203,P103,Calibration Error,8,1488
2025-01-11,M304,P102,Calibration Error,12,2568
2025-10-07,M202,P103,Dimension Error,5,1150
2025-07-24,M401,P101,Solder Defect,8,1688
2025-08-27,M303,P101,Assembly Defect,8,856
2025-05-29,M101,P102,Dimension Error,10,1370
2025-06-06,M403,P103,Assembly Defect,7,742
2025-03-12,M401,P101,Calibration Error,7,1365
2025-11-10,M102,P102,Calibration Error,6,1482
2025-11-07,M203,P101,Assembly Defect,10,1550
2025-04-21,M103,P102,Solder Defect,12,1560
2025-05-21,M303,P103,Dimension Error,8,1880
2025-11-09,M101,P101,Dimension Error,10,1270
2025-06-25,M401,P104,Dimension Error,6,678
2025-05-08,M102,P104,Calibration Error,9,1683
2025-06-28,M403,P102,Dimension Error,13,1274
2025-11-28,M304,P101,Solder Defect,8,1216
2025-02-20,M204,P104,Dimension Error,7,1372
2025-09-05,M401,P104,Assembly Defect,8,1824
2025-12-03,M203,P102,Calibration Error,10,1490
2025-11-04,M401,P104,Calibration Error,6,1194
2025-02-10,M402,P104,Assembly Defect,9,1476
2025-08-20,M104,P102,Solder Defect,4,936
2025-06-06,M303,P103,Solder Defect,7,847
2025-10-03,M301,P103,Calibration Error,8,1784
2025-09-28,M201,P104,Dimension Error,10,1830
2025-10-20,M301,P101,Calibration Error,8,1432
2025-07-18,M404,P103,Dimension Error,6,1254
2025-11-06,M401,P101,Dimension Error,11,2332
2025-08-06,M204,P101,Assembly Defect,9,999
2025-10-04,M204,P103,Solder Defect,9,2151
2025-05-27,M102,P103,Assembly Defect,8,1168
2025-08-27,M301,P102,Dimension Error,7,651
2025-08-20,M201,P103,Assembly Defect,3,447
2025-06-25,M201,P104,Dimension Error,6,576
2025-02-01,M303,P103,Dimension Error,5,1230
2025-03-25,M404,P103,Solder Defect,7,1372
2025-06-12,M103,P102,Solder Defect,10,1440
2025-07-15,M101,P102,Dimension Error,8,1752
2025-03-28,M101,P102,Assembly Defect,12,2220
2025-09-25,M104,P101,Assembly Defect,6,1296
2025-09-11,M404,P104,Solder Defect,1,200
2025-07-03,M101,P101,Calibration Error,10,2270
2025-12-01,M203,P102,Assembly Defect,9,1620
2025-08-20,M404,P103,Dimension Error,5,710
2025-02-17,M404,P104,Solder Defect,10,2120
2025-07-26,M202,P104,Dimension Error,4,768
2025-09-28,M402,P101,Dimension Error,8,1112
2025-04-26,M401,P102,Solder Defect,16,2256
2025-01-06,M203,P102,Dimension Error,8,904
2025-06-05,M402,P103,Solder Defect,13,3068
2025-05-10,M401,P104,Assembly Defect,7,1050
2025-10-18,M404,P104,Solder Defect,15,2400
2025-04-26,M401,P103,Assembly Defect,5,715
2025-05-12,M303,P103,Solder Defect,7,791
2025-02-25,M403,P104,Calibration Error,5,460
2025-10-04,M102,P101,Calibration Error,9,1935
2025-11-12,M204,P103,Calibration Error,7,1512
2025-01-05,M101,P102,Solder Defect,5,850
2025-05-07,M401,P103,Solder Defect,8,1224
2025-11-21,M304,P104,Dimension Error,10,2380
2025-08-03,M102,P101,Solder Defect,7,1631
2025-03-28,M203,P102,Solder Defect,5,800
2025-03-10,M302,P101,Assembly Defect,8,1280
2025-11-23,M403,P103,Assembly Defect,10,1170
2025-08-25,M402,P104,Solder Defect,6,1476
2025-03-31,M404,P104,Calibration Error,8,1128
2025-04-26,M204,P103,Dimension Error,13,3081
2025-06-09,M201,P101,Solder Defect,8,1768
2025-05-18,M301,P103,Dimension Error,8,1440
2025-07-13,M103,P104,Calibration Error,7,1589
2025-07-06,M102,P104,Assembly Defect,7,672
2025-01-08,M203,P101,Assembly Defect,8,768
2025-11-22,M404,P102,Calibration Error,10,2430
2025-07-28,M304,P102,Calibration Error,10,1450
2025-11-21,M402,P103,Assembly Defect,8,1216
2025-08-08,M103,P102,Solder Defect,4,544
2025-10-05,M301,P104,Dimension Error,7,868
2025-08-12,M301,P103,Solder Defect,6,594
2025-11-05,M202,P101,Assembly Defect,10,1330
2025-06-20,M203,P103,Assembly Defect,9,1134
2025-06-25,M402,P102,Dimension Error,6,1470
2025-01-02,M404,P101,Calibration Error,6,1254
2025-05-26,M403,P103,Solder Defect,2,284
2025-05-12,M102,P104,Assembly Defect,8,1904
2025-02-15,M303,P101,Assembly Defect,6,1302
2025-03-12,M301,P101,Assembly Defect,12,1920
2025-05-18,M402,P103,Solder Defect,6,678
2025-01-31,M401,P101,Dimension Error,7,749
2025-02-19,M304,P104,Calibration Error,6,1458
2025-08-14,M201,P103,Calibration Error,7,560
2025-04-29,M104,P103,Assembly Defect,6,1056
2025-06-08,M204,P103,Assembly Defect,8,896
2025-10-08,M101,P103,Assembly Defect,5,420
2025-02-01,M202,P102,Solder Defect,6,1362
2025-07-01,M102,P104,Dimension Error,7,994
2025-01-08,M303,P102,Solder Defect,9,801
2025-05-03,M301,P102,Calibration Error,9,2151
2025-03-23,M401,P102,Solder Defect,9,1476
2025-12-15,M304,P103,Assembly Defect,8,1416
2025-03-17,M302,P104,Assembly Defect,19,3192
2025-08-15,M204,P102,Calibration Error,4,936
2025-10-25,M302,P102,Solder Defect,16,3648
2025-12-16,M304,P101,Assembly Defect,10,1930
2025-10-08,M403,P102,Solder Defect,12,2688
2025-06-24,M404,P102,Calibration Error,6,1404
2025-08-17,M203,P101,Solder Defect,13,2899
2025-11-05,M402,P103,Assembly Defect,8,1464
2025-11-22,M101,P104,Assembly Defect,4,668
2025-08-03,M202,P103,Dimension Error,4,972
2025-08-28,M101,P102,Calibration Error,8,1552
2025-02-20,M403,P103,Dimension Error,8,1312
2025-01-28,M102,P102,Solder Defect,11,2244
2025-06-24,M201,P101,Assembly Defect,10,1820
2025-10-27,M102,P104,Assembly Defect,11,1463
2025-10-25,M101,P104,Assembly Defect,12,2592
2025-05-09,M404,P104,Calibration Error,8,1896
2025-03-27,M102,P102,Assembly Defect,12,2892
2025-05-11,M301,P101,Dimension Error,8,1120
2025-11-22,M104,P104,Solder Defect,7,1526
2025-12-01,M101,P101,Solder Defect,9,1134
2025-01-30,M203,P104,Dimension Error,8,1008
2025-11-09,M103,P104,Assembly Defect,15,1680
2025-08-10,M103,P104,Dimension Error,14,3486
2025-08-04,M301,P104,Solder Defect,7,609
2025-09-08,M204,P103,Calibration Error,7,1351
2025-06-24,M402,P103,Calibration Error,13,1118
2025-10-06,M204,P101,Calibration Error,7,574
2025-11-30,M101,P101,Dimension Error,15,1500
2025-11-22,M204,P102,Solder Defect,7,1148
2025-03-23,M102,P101,Dimension Error,10,1550
2025-02-05,M401,P104,Assembly Defect,10,1330
2025-01-20,M401,P101,Assembly Defect,9,1053
2025-10-12,M204,P101,Dimension Error,5,1025
2025-03-13,M203,P102,Assembly Defect,11,1947
2025-05-10,M301,P104,Solder Defect,4,356
2025-07-14,M102,P104,Solder Defect,9,1710
2025-08-21,M204,P104,Dimension Error,7,1505
2025-09-30,M202,P101,Assembly Defect,2,222
2025-10-06,M104,P101,Solder Defect,9,1773
2025-03-24,M101,P103,Dimension Error,12,2856
2025-09-30,M102,P101,Solder Defect,4,784
2025-02-01,M304,P104,Assembly Defect,4,796
2025-11-23,M402,P103,Assembly Defect,6,1176
2025-07-06,M403,P101,Calibration Error,10,1370
2025-07-24,M403,P103,Assembly Defect,12,2460
2025-11-05,M103,P101,Calibration Error,12,2436
2025-09-28,M302,P104,Assembly Defect,18,2430
2025-01-23,M101,P103,Assembly Defect,8,1072
2025-04-10,M301,P102,Solder Defect,5,735
2025-11-10,M202,P101,Dimension Error,6,528
2025-01-02,M101,P102,Dimension Error,13,2587
2025-06-28,M303,P103,Dimension Error,2,336
2025-04-14,M402,P103,Solder Defect,13,2444
2025-04-18,M201,P103,Solder Defect,5,530
2025-08-30,M201,P102,Solder Defect,8,1032
2025-06-28,M202,P101,Dimension Error,12,1488
2025-07-18,M204,P102,Solder Defect,10,2190
2025-01-28,M301,P101,Dimension Error,4,400
2025-02-24,M202,P103,Solder Defect,5,785
2025-06-05,M204,P101,Dimension Error,9,1449
2025-12-15,M403,P104,Calibration Error,15,1545
2025-02-21,M201,P104,Solder Defect,5,915
2025-09-22,M104,P101,Solder Defect,11,2728
2025-08-21,M402,P104,Calibration Error,8,1392
2025-03-07,M103,P103,Calibration Error,6,1122
2025-09-05,M203,P104,Solder Defect,8,784
2025-01-07,M403,P101,Dimension Error,8,1728
2025-07-30,M402,P103,Dimension Error,9,1422
2025-02-21,M302,P104,Calibration Error,14,3290
2025-06-09,M402,P103,Calibration Error,8,1936
2025-08-27,M302,P102,Assembly Defect,16,2576
2025-08-24,M403,P104,Dimension Error,8,1624
2025-04-24,M304,P101,Dimension Error,8,1920
2025-07-17,M102,P102,Calibration Error,9,2214
2025-05-08,M404,P101,Solder Defect,10,1470
2025-12-13,M101,P103,Solder Defect,4,768
2025-11-27,M103,P103,Solder Defect,6,1428
2025-11-09,M401,P102,Calibration Error,10,1370
2025-01-30,M302,P104,Dimension Error,16,2656
2025-10-30,M402,P101,Solder Defect,6,1032
2025-11-23,M304,P102,Calibration Error,7,1463
2025-05-30,M103,P104,Calibration Error,7,1596
2025-12-16,M101,P104,Calibration Error,10,2200
2025-09-18,M103,P103,Dimension Error,9,1629
2025-01-28,M203,P101,Solder Defect,10,1690
2025-02-12,M203,P103,Calibration Error,3,450
2025-10-18,M203,P104,Calibration Error,4,648
2025-08-11,M102,P104,Dimension Error,8,1896
2025-11-19,M204,P103,Dimension Error,6,702
2025-05-31,M301,P101,Dimension Error,7,1386
2025-07-18,M201,P101,Dimension Error,6,924
2025-05-04,M101,P104,Assembly Defect,8,1656
2025-06-04,M201,P102,Calibration Error,8,1440
2025-09-28,M204,P103,Dimension Error,10,860
2025-11-06,M202,P103,Solder Defect,6,1122
2025-12-11,M202,P101,Assembly Defect,9,1521
2025-05-16,M201,P104,Calibration Error,6,1152
2025-09-02,M203,P102,Solder Defect,9,1143
2025-06-22,M104,P102,Dimension Error,8,1440
2025-07-26,M204,P103,Solder Defect,7,1015
2025-02-23,M403,P103,Assembly Defect,9,1791
2025-08-06,M303,P102,Calibration Error,7,1099
2025-07-25,M401,P103,Solder Defect,5,925
2025-10-31,M202,P101,Dimension Error,10,1740
2025-02-06,M403,P101,Calibration Error,7,1225
2025-12-19,M201,P103,Assembly Defect,10,1460
2025-11-25,M403,P101,Assembly Defect,8,648
2025-11-17,M101,P103,Dimension Error,3,438
2025-12-16,M303,P101,Dimension Error,11,2046
2025-08-03,M302,P104,Assembly Defect,13,1781
2025-10-07,M204,P101,Calibration Error,3,588
2025-08-12,M102,P104,Calibration Error,6,780
2025-06-29,M302,P102,Calibration Error,20,3440
2025-03-06,M302,P101,Dimension Error,11,2739
2025-04-07,M304,P102,Assembly Defect,7,749
2025-09-07,M402,P103,Assembly Defect,9,1656
2025-02-24,M301,P101,Solder Defect,11,2695
2025-10-24,M104,P101,Solder Defect,5,770
2025-12-11,M403,P102,Solder Defect,13,3133
2025-03-28,M204,P103,Assembly Defect,8,1216
2025-10-14,M101,P101,Calibration Error,10,1970
2025-09-01,M103,P102,Dimension Error,6,1230
2025-12-24,M104,P103,Dimension Error,7,1715
2025-09-14,M303,P102,Solder Defect,3,693
2025-02-19,M403,P103,Assembly Defect,10,2040
2025-10-19,M301,P101,Solder Defect,8,1984
2025-04-09,M101,P102,Calibration Error,6,1344
2025-11-22,M102,P104,Assembly Defect,7,728
2025-11-06,M401,P103,Assembly Defect,6,528
2025-03-21,M204,P104,Dimension Error,8,1152
2025-06-14,M201,P104,Assembly Defect,8,1776
2025-08-20,M201,P101,Calibration Error,7,980
2025-10-09,M401,P103,Dimension Error,8,1000
2025-07-31,M102,P101,Solder Defect,14,2422
2025-10-24,M101,P101,Solder Defect,13,1053
2025-12-24,M204,P101,Solder Defect,6,990
2025-04-10,M403,P102,Dimension Error,10,2140
2025-09-03,M202,P102,Solder Defect,7,896
2025-01-06,M403,P101,Solder Defect,15,3270
2025-02-02,M402,P102,Calibration Error,6,792
2025-12-29,M403,P104,Dimension Error,9,1098
2025-02-27,M304,P103,Solder Defect,6,1014
2025-12-23,M103,P101,Dimension Error,5,400
2025-12-14,M201,P104,Calibration Error,4,952
2025-12-06,M202,P103,Calibration Error,1,249
2025-10-14,M402,P102,Assembly Defect,16,3472
2025-05-02,M302,P102,Dimension Error,14,3122
2025-10-26,M404,P103,Assembly Defect,11,1859
2025-11-08,M103,P101,Calibration Error,4,552
2025-05-03,M304,P103,Assembly Defect,9,1764
2025-03-18,M204,P103,Dimension Error,5,1235
2025-04-21,M104,P104,Solder Defect,6,1494
2025-11-04,M101,P103,Assembly Defect,5,1110
2025-09-07,M304,P102,Solder Defect,5,1210
2025-03-18,M402,P101,Assembly Defect,9,2061
2025-11-04,M102,P103,Solder Defect,9,1701
2025-08-28,M303,P102,Solder Defect,6,762
2025-08-26,M104,P103,Assembly Defect,9,1323
2025-10-05,M103,P101,Solder Defect,8,1608
2025-11-17,M202,P103,Assembly Defect,9,1908
2025-06-04,M404,P103,Assembly Defect,9,810
2025-01-23,M202,P104,Calibration Error,16,3536
2025-09-22,M401,P103,Solder Defect,8,1648
2025-12-03,M202,P101,Solder Defect,7,1554
2025-11-23,M101,P103,Dimension Error,6,510
2025-02-11,M404,P103,Calibration Error,9,2232
2025-12-07,M303,P104,Assembly Defect,14,1638
2025-12-03,M201,P103,Assembly Defect,9,1575
2025-11-22,M402,P101,Assembly Defect,4,752
2025-11-04,M101,P101,Solder Defect,9,1494
2025-12-22,M104,P102,Calibration Error,7,1239
2025-03-20,M301,P102,Assembly Defect,6,1428
2025-11-27,M302,P104,Solder Defect,9,1026
2025-06-26,M104,P101,Dimension Error,10,2460
2025-08-18,M201,P103,Assembly Defect,13,2444
2025-01-26,M304,P104,Dimension Error,6,720
2025-05-28,M404,P104,Assembly Defect,10,1970
2025-07-17,M204,P101,Calibration Error,7,1155
2025-08-14,M201,P101,Solder Defect,6,564
2025-01-19,M402,P102,Assembly Defect,6,1464
2025-08-24,M302,P101,Solder Defect,19,2166
2025-01-24,M201,P102,Calibration Error,9,747
2025-06-11,M404,P103,Dimension Error,14,2002
2025-04-20,M402,P102,Dimension Error,5,880
2025-06-26,M403,P103,Assembly Defect,8,1344
2025-03-13,M303,P104,Assembly Defect,9,1602
2025-10-04,M304,P101,Dimension Error,4,712
2025-05-17,M404,P102,Dimension Error,7,1113
2025-09-19,M404,P101,Calibration Error,5,455
2025-01-27,M102,P102,Assembly Defect,9,1530
2025-05-14,M401,P103,Assembly Defect,8,1144
2025-05-03,M302,P104,Assembly Defect,19,4351
2025-05-16,M302,P103,Dimension Error,12,1836
2025-03-02,M302,P103,Solder Defect,19,4750
2025-07-17,M203,P102,Dimension Error,10,900
2025-08-07,M303,P101,Solder Defect,7,1491
2025-02-23,M401,P101,Calibration Error,10,2160
2025-11-27,M403,P103,Assembly Defect,8,1304
2025-10-16,M301,P102,Calibration Error,11,2497
2025-09-26,M104,P102,Calibration Error,9,2205
2025-03-19,M302,P101,Dimension Error,23,2346
2025-02-11,M101,P101,Dimension Error,6,1158
2025-12-23,M403,P103,Calibration Error,4,708
2025-01-27,M301,P101,Assembly Defect,10,2340
2025-03-21,M403,P101,Assembly Defect,5,685
2025-12-17,M402,P103,Dimension Error,4,576
2025-11-06,M203,P103,Dimension Error,4,716
2025-12-23,M203,P104,Solder Defect,11,1980
2025-11-20,M103,P104,Dimension Error,7,1246
2025-06-07,M303,P101,Assembly Defect,9,1152
2025-02-11,M402,P103,Calibration Error,10,970
2025-12-22,M403,P101,Solder Defect,11,1782
2025-04-10,M103,P102,Dimension Error,7,595
2025-07-09,M303,P104,Assembly Defect,5,475
2025-03-13,M302,P103,Assembly Defect,21,4053
2025-08-05,M303,P103,Solder Defect,5,1215
2025-03-29,M402,P101,Calibration Error,8,704
2025-09-11,M204,P104,Calibration Error,8,856
2025-09-24,M204,P103,Assembly Defect,9,963
2025-03-29,M204,P103,Assembly Defect,6,1374
2025-03-30,M203,P102,Assembly Defect,14,2968
2025-01-29,M202,P103,Assembly Defect,9,1449
2025-09-13,M103,P101,Dimension Error,11,1375
2025-12-25,M403,P103,Calibration Error,5,825
2025-02-22,M302,P102,Dimension Error,17,1938
2025-09-11,M102,P102,Calibration Error,11,1155
2025-08-26,M301,P101,Calibration Error,10,2140
2025-02-08,M102,P104,Solder Defect,7,1687
2025-09-06,M401,P102,Assembly Defect,6,900
2025-04-17,M203,P103,Dimension Error,11,880
2025-04-03,M401,P102,Calibration Error,8,1384
2025-07-23,M301,P101,Dimension Error,13,3159
2025-04-02,M404,P101,Calibration Error,5,820
2025-03-19,M104,P103,Solder Defect,7,1036
2025-12-14,M204,P103,Solder Defect,9,1809
2025-03-08,M203,P104,Assembly Defect,10,910
2025-05-15,M302,P103,Calibration Error,18,1674
2025-11-21,M201,P102,Assembly Defect,6,918
2025-12-02,M404,P102,Calibration Error,6,870
2025-01-19,M303,P103,Calibration Error,10,910
2025-07-27,M103,P101,Calibration Error,6,1416
2025-01-09,M101,P103,Assembly Defect,13,3211
2025-09-29,M201,P104,Assembly Defect,7,1694
2025-03-26,M203,P103,Solder Defect,7,1463
2025-09-09,M102,P103,Dimension Error,9,2007
2025-12-07,M204,P102,Assembly Defect,1,173
2025-07-03,M401,P102,Assembly Defect,10,2310
2025-10-12,M103,P102,Assembly Defect,6,798
2025-11-10,M403,P103,Dimension Error,7,1596
2025-10-14,M102,P101,Assembly Defect,10,1720
2025-09-08,M203,P102,Solder Defect,13,2561
2025-11-16,M201,P104,Dimension Error,5,400
2025-10-23,M302,P101,Assembly Defect,15,2940
2025-07-09,M101,P101,Dimension Error,10,1600
2025-01-08,M303,P104,Dimension Error,9,1512
2025-06-15,M102,P104,Assembly Defect,11,2376
2025-07-23,M404,P102,Calibration Error,6,786
2025-03-28,M302,P102,Solder Defect,13,1833
2025-01-10,M102,P104,Calibration Error,11,1056
2025-10-21,M104,P101,Dimension Error,11,2464
2025-08-29,M104,P102,Dimension Error,6,846
2025-06-24,M103,P101,Assembly Defect,10,1170
2025-01-26,M201,P104,Solder Defect,8,912
2025-03-15,M203,P102,Dimension Error,7,770
2025-05-19,M101,P102,Assembly Defect,10,1640
2025-06-02,M201,P102,Assembly Defect,7,1624
2025-03-21,M202,P103,Calibration Error,9,765
2025-03-18,M204,P102,Solder Defect,7,581
2025-01-14,M104,P102,Calibration Error,10,1940
2025-09-27,M202,P102,Assembly Defect,7,1743
2025-05-01,M303,P101,Dimension Error,4,900
2025-02-19,M204,P103,Calibration Error,5,605
2025-11-06,M303,P104,Solder Defect,6,1452
2025-09-06,M402,P102,Assembly Defect,4,848
2025-05-21,M402,P104,Dimension Error,13,1989
2025-01-29,M403,P104,Assembly Defect,9,1215
2025-07-12,M103,P103,Solder Defect,9,1989
2025-04-07,M101,P104,Solder Defect,6,1392
2025-01-28,M401,P102,Calibration Error,8,1408
2025-01-29,M201,P104,Calibration Error,6,666
2025-06-21,M402,P104,Calibration Error,7,1309
2025-02-05,M404,P102,Dimension Error,9,1143
2025-10-28,M201,P103,Assembly Defect,10,2330
2025-12-09,M404,P104,Dimension Error,4,520
2025-10-06,M202,P103,Calibration Error,11,2288
2025-03-21,M103,P103,Dimension Error,7,854
2025-11-01,M202,P102,Calibration Error,8,968
2025-09-29,M204,P102,Solder Defect,9,1170
2025-09-14,M303,P102,Calibration Error,9,1215
2025-06-22,M101,P104,Calibration Error,9,1836
2025-12-15,M101,P103,Solder Defect,8,832
2025-05-23,M302,P101,Calibration Error,12,1992
2025-03-24,M202,P102,Assembly Defect,7,1218
2025-07-18,M403,P101,Calibration Error,8,1816
2025-12-28,M204,P103,Solder Defect,10,1510
2025-08-01,M202,P102,Calibration Error,8,1952
2025-08-24,M301,P101,Assembly Defect,12,1560
2025-06-25,M204,P102,Dimension Error,7,1470
2025-11-26,M304,P101,Solder Defect,6,1002
2025-05-05,M102,P103,Assembly Defect,16,3568
2025-09-04,M304,P103,Solder Defect,7,1470
2025-12-25,M202,P103,Dimension Error,8,904
2025-04-26,M202,P102,Solder Defect,9,729
2025-09-04,M101,P104,Solder Defect,8,1776
2025-08-12,M302,P103,Dimension Error,22,4312
2025-05-26,M403,P103,Calibration Error,6,1428
2025-02-20,M301,P102,Assembly Defect,10,2450
2025-07-14,M304,P101,Dimension Error,9,2034
2025-03-11,M201,P104,Solder Defect,10,1240
2025-06-20,M201,P103,Assembly Defect,3,720
2025-02-22,M104,P101,Assembly Defect,7,1190
2025-07-30,M202,P103,Solder Defect,6,696
2025-08-05,M402,P104,Dimension Error,5,1225
2025-09-17,M101,P103,Solder Defect,10,1600
2025-10-19,M401,P103,Dimension Error,10,890
2025-05-08,M203,P104,Assembly Defect,6,738
2025-05-28,M303,P102,Calibration Error,7,602
2025-08-09,M303,P103,Calibration Error,10,1150
2025-07-28,M103,P103,Calibration Error,10,1560
2025-01-31,M203,P104,Solder Defect,12,2016
2025-03-18,M301,P102,Solder Defect,4,364
2025-11-08,M103,P103,Dimension Error,8,1728
2025-05-07,M101,P103,Calibration Error,9,891
2025-04-06,M202,P103,Calibration Error,11,2002
2025-05-22,M403,P103,Dimension Error,10,2200
2025-08-26,M102,P104,Dimension Error,7,1722
2025-11-17,M401,P103,Assembly Defect,7,847
2025-09-17,M402,P102,Solder Defect,8,1592
2025-12-04,M101,P104,Solder Defect,8,720
2025-02-05,M102,P101,Calibration Error,8,1240
2025-05-29,M101,P103,Dimension Error,7,1645
2025-11-24,M302,P102,Solder Defect,10,2100
2025-09-04,M302,P101,Solder Defect,21,3045
2025-10-27,M103,P101,Solder Defect,6,1152
2025-03-28,M203,P101,Assembly Defect,7,1575
2025-03-30,M101,P103,Calibration Error,4,336
2025-08-01,M302,P101,Assembly Defect,15,1695
2025-02-07,M102,P104,Solder Defect,9,1350
2025-12-17,M203,P101,Solder Defect,7,1183
2025-07-09,M101,P102,Solder Defect,12,2076
2025-09-25,M403,P103,Solder Defect,8,1432
2025-08-01,M101,P104,Dimension Error,11,1881
2025-11-28,M104,P103,Solder Defect,13,1911
2025-09-25,M204,P103,Solder Defect,10,1650
2025-07-26,M101,P103,Solder Defect,10,1480
2025-03-09,M403,P104,Solder Defect,6,714
2025-02-03,M303,P102,Dimension Error,6,654
2025-02-23,M303,P101,Solder Defect,8,800
2025-12-30,M402,P102,Dimension Error,7,728
2025-05-12,M203,P103,Calibration Error,7,1029
2025-02-27,M102,P104,Solder Defect,10,2450
2025-08-04,M303,P101,Assembly Defect,13,2691
2025-04-06,M303,P103,Calibration Error,9,999
2025-12-24,M102,P104,Calibration Error,11,2277
2025-02-08,M202,P102,Solder Defect,13,2496
2025-03-16,M303,P101,Assembly Defect,9,1458
2025-04-01,M302,P101,Dimension Error,11,2596
2025-08-08,M201,P103,Calibration Error,8,1120
2025-07-28,M102,P101,Solder Defect,6,1374
2025-12-02,M204,P101,Solder Defect,5,740
2025-01-31,M101,P101,Calibration Error,6,1434
2025-08-20,M104,P102,Calibration Error,8,1696
2025-09-24,M403,P103,Solder Defect,9,1485
2025-12-30,M301,P102,Assembly Defect,8,1176
2025-11-22,M203,P103,Assembly Defect,6,546
2025-03-18,M401,P104,Assembly Defect,11,2695
2025-03-30,M404,P102,Dimension Error,7,1680
2025-11-01,M401,P104,Assembly Defect,6,1320
2025-02-02,M103,P101,Assembly Defect,5,485
2025-03-29,M201,P104,Calibration Error,6,894
2025-04-07,M101,P104,Dimension Error,7,1400
2025-09-12,M204,P104,Dimension Error,9,1773
2025-09-17,M103,P101,Dimension Error,10,800
2025-09-19,M201,P103,Solder Defect,7,1456
2025-11-09,M204,P103,Solder Defect,9,1224
2025-04-08,M104,P103,Dimension Error,7,1589
2025-04-02,M102,P102,Calibration Error,8,1520
2025-07-17,M103,P104,Calibration Error,4,336
2025-02-12,M403,P102,Assembly Defect,8,872
2025-12-14,M201,P104,Dimension Error,4,376
2025-12-16,M402,P104,Solder Defect,5,510
2025-01-11,M301,P101,Calibration Error,8,1912
2025-01-14,M202,P104,Dimension Error,9,1827
2025-04-21,M402,P101,Dimension Error,9,1242
2025-04-16,M203,P103,Solder Defect,4,720
2025-07-20,M401,P104,Dimension Error,9,738
2025-06-24,M304,P101,Solder Defect,12,2952
2025-01-19,M303,P101,Solder Defect,6,1320
2025-04-22,M102,P104,Calibration Error,9,1548
2025-01-25,M102,P103,Assembly Defect,7,1330
2025-06-01,M302,P101,Assembly Defect,13,1456
2025-05-14,M203,P104,Solder Defect,3,540
2025-01-25,M304,P101,Calibration Error,6,1392
2025-11-22,M102,P104,Dimension Error,10,1030
2025-10-25,M104,P101,Assembly Defect,8,1888
2025-10-02,M203,P104,Dimension Error,4,852
2025-05-15,M101,P102,Calibration Error,10,1030
2025-08-19,M403,P103,Solder Defect,7,770
2025-09-02,M402,P104,Assembly Defect,11,1925
2025-01-12,M102,P103,Calibration Error,8,1648
2025-06-23,M203,P101,Assembly Defect,9,1746
2025-07-01,M201,P102,Assembly Defect,7,651
2025-10-03,M204,P104,Solder Defect,11,1430
2025-10-26,M102,P102,Dimension Error,4,824
2025-05-30,M402,P104,Assembly Defect,11,1991
2025-08-30,M304,P102,Assembly Defect,8,792
2025-06-11,M204,P103,Dimension Error,10,1520
2025-04-14,M201,P104,Solder Defect,5,1060
2025-02-23,M202,P101,Dimension Error,8,1752
2025-01-23,M101,P102,Dimension Error,11,2398
2025-02-15,M101,P101,Solder Defect,9,1287
2025-11-21,M201,P101,Calibration Error,7,987
2025-05-12,M104,P104,Solder Defect,8,1856
2025-12-17,M101,P104,Assembly Defect,9,1845
2025-12-27,M304,P101,Dimension Error,6,1092
2025-02-13,M101,P104,Dimension Error,9,1314
2025-06-09,M301,P101,Assembly Defect,10,1370
2025-10-30,M302,P104,Solder Defect,22,5390
2025-03-14,M201,P102,Dimension Error,10,1930
2025-03-09,M402,P101,Solder Defect,7,1169
2025-05-18,M102,P102,Dimension Error,2,168
2025-04-03,M302,P104,Assembly Defect,19,4351
2025-03-14,M103,P103,Dimension Error,8,1744
2025-09-17,M401,P103,Calibration Error,9,1161
2025-12-09,M403,P103,Assembly Defect,6,768
2025-11-07,M103,P101,Calibration Error,5,695
2025-10-05,M302,P104,Dimension Error,12,2916
2025-06-05,M302,P103,Calibration Error,14,2688
2025-04-29,M401,P101,Solder Defect,8,1688
2025-06-18,M403,P103,Calibration Error,6,1194
2025-11-05,M302,P104,Dimension Error,12,1272
2025-09-28,M203,P103,Calibration Error,12,2712
2025-01-09,M101,P102,Assembly Defect,6,1386
2025-03-26,M404,P103,Calibration Error,6,786
2025-06-01,M401,P101,Assembly Defect,10,970
2025-03-23,M104,P104,Dimension Error,13,2379
2025-01-03,M402,P101,Solder Defect,7,595
2025-07-13,M402,P103,Dimension Error,7,1456
2025-12-13,M202,P103,Calibration Error,10,1740
2025-08-04,M304,P102,Calibration Error,6,1332
2025-06-18,M301,P101,Assembly Defect,16,2480
2025-11-17,M303,P101,Calibration Error,7,1589
2025-10-09,M401,P102,Calibration Error,4,576
2025-07-13,M401,P101,Solder Defect,12,1740
2025-05-31,M401,P101,Calibration Error,6,1404
2025-12-31,M401,P103,Calibration Error,15,1890
2025-12-18,M204,P101,Assembly Defect,9,2241
2025-04-14,M101,P104,Solder Defect,10,1990
2025-11-04,M104,P101,Assembly Defect,5,1070
2025-12-23,M404,P104,Solder Defect,7,693
2025-07-03,M102,P102,Calibration Error,7,1050
2025-06-13,M103,P102,Calibration Error,10,2340
2025-11-27,M301,P103,Assembly Defect,4,408
2025-09-18,M203,P102,Dimension Error,9,2007
2025-09-24,M104,P103,Dimension Error,6,948
2025-03-16,M304,P101,Dimension Error,5,790
2025-04-24,M201,P101,Calibration Error,3,696
2025-07-02,M102,P101,Dimension Error,9,1890
2025-08-08,M403,P104,Assembly Defect,6,990
2025-01-01,M102,P103,Calibration Error,9,1449
2025-09-05,M401,P101,Calibration Error,9,1620
2025-08-20,M203,P102,Dimension Error,7,679
2025-05-18,M202,P103,Dimension Error,13,1963
2025-02-13,M304,P101,Dimension Error,8,1096
2025-03-18,M303,P104,Dimension Error,10,960
2025-11-25,M301,P102,Assembly Defect,7,1729
2025-05-04,M402,P103,Assembly Defect,8,792
2025-08-16,M202,P104,Assembly Defect,5,1030
2025-08-31,M203,P101,Dimension Error,8,776
2025-05-14,M401,P101,Solder Defect,9,1854
2025-12-09,M301,P101,Dimension Error,10,1580
2025-01-14,M102,P101,Calibration Error,11,1793
2025-07-31,M203,P103,Dimension Error,8,896
2025-08-17,M204,P104,Dimension Error,9,1818
2025-07-15,M303,P103,Solder Defect,6,684
2025-04-25,M302,P104,Solder Defect,17,2856
2025-02-28,M203,P104,Assembly Defect,8,1984
2025-01-04,M201,P102,Dimension Error,8,1368
2025-11-27,M402,P103,Calibration Error,6,1350
2025-04-25,M401,P104,Assembly Defect,8,1432
2025-04-02,M403,P103,Assembly Defect,5,835
2025-12-12,M301,P101,Calibration Error,12,1896
2025-10-27,M204,P104,Assembly Defect,2,476
2025-07-03,M303,P102,Dimension Error,13,3224
2025-06-02,M202,P102,Solder Defect,15,3420
2025-05-15,M403,P101,Assembly Defect,7,1015
2025-05-14,M404,P104,Assembly Defect,17,3553
2025-12-29,M203,P101,Solder Defect,10,2230
2025-12-02,M403,P104,Calibration Error,12,2328
2025-02-01,M301,P102,Assembly Defect,11,1287
2025-09-23,M403,P101,Assembly Defect,6,1272
2025-04-30,M301,P103,Calibration Error,13,1118
2025-03-09,M403,P102,Assembly Defect,9,1431
2025-05-19,M202,P103,Solder Defect,12,1428
2025-11-12,M301,P101,Assembly Defect,6,1128
2025-09-21,M401,P101,Dimension Error,3,546
2025-04-13,M301,P102,Dimension Error,8,976
2025-06-07,M403,P104,Solder Defect,8,864
2025-06-29,M403,P104,Calibration Error,8,1616
2025-10-02,M103,P103,Dimension Error,9,999
2025-07-26,M202,P101,Dimension Error,10,1340
2025-07-13,M404,P101,Calibration Error,8,1720
2025-09-11,M203,P101,Assembly Defect,11,935
2025-12-24,M203,P101,Solder Defect,8,1448
2025-08-06,M402,P101,Dimension Error,6,738
2025-06-09,M401,P104,Dimension Error,10,1800
2025-03-30,M103,P102,Calibration Error,6,954
2025-08-26,M202,P102,Assembly Defect,5,1030
2025-07-27,M402,P104,Solder Defect,12,2352
2025-02-22,M401,P104,Solder Defect,8,1944
2025-05-18,M304,P104,Calibration Error,9,1485
2025-08-22,M304,P102,Calibration Error,12,1920
2025-03-19,M102,P101,Calibration Error,11,1694
2025-02-05,M204,P104,Calibration Error,9,1296
2025-06-24,M301,P102,Assembly Defect,6,1212
2025-02-19,M103,P103,Assembly Defect,8,1696
2025-04-06,M202,P101,Solder Defect,7,1568
2025-06-20,M103,P104,Solder Defect,6,1404
2025-01-01,M403,P101,Dimension Error,6,1176
2025-08-30,M402,P102,Solder Defect,4,532
2025-02-19,M401,P103,Assembly Defect,8,1136
2025-10-11,M203,P102,Dimension Error,10,1550
2025-03-24,M304,P103,Solder Defect,11,1507
2025-07-04,M204,P102,Calibration Error,7,714
2025-01-17,M104,P102,Assembly Defect,7,1092
2025-12-24,M401,P104,Assembly Defect,8,1856
2025-02-05,M302,P103,Dimension Error,30,2700
2025-04-30,M104,P104,Solder Defect,12,2064
2025-08-08,M201,P103,Calibration Error,6,762
2025-01-22,M103,P103,Calibration Error,7,1148
2025-06-06,M304,P104,Calibration Error,9,1629
2025-08-30,M204,P104,Dimension Error,11,1540
2025-08-03,M302,P103,Assembly Defect,23,4807
2025-03-01,M101,P104,Calibration Error,4,452
2025-07-31,M403,P102,Calibration Error,10,2420
2025-01-14,M401,P101,Assembly Defect,9,1035
2025-10-25,M302,P102,Calibration Error,14,1428
2025-11-11,M202,P103,Dimension Error,3,441
2025-04-19,M303,P101,Dimension Error,11,2574
2025-12-06,M404,P102,Solder Defect,7,1589
2025-10-24,M203,P104,Calibration Error,6,660
2025-02-18,M201,P101,Calibration Error,8,1680
2025-03-19,M203,P101,Solder Defect,11,1914
2025-01-02,M304,P103,Assembly Defect,10,2050
2025-08-07,M103,P104,Solder Defect,7,1680
2025-07-18,M102,P102,Solder Defect,9,1431
2025-01-16,M101,P103,Assembly Defect,4,748
2025-09-24,M101,P101,Calibration Error,5,550
2025-05-21,M203,P102,Dimension Error,10,800
2025-07-03,M404,P103,Calibration Error,9,1143
2025-02-22,M104,P101,Assembly Defect,10,1480
2025-10-22,M303,P102,Solder Defect,9,1809
2025-11-01,M104,P104,Solder Defect,8,1872
2025-02-04,M204,P104,Assembly Defect,6,576
2025-09-08,M402,P103,Calibration Error,5,420
2025-07-08,M302,P102,Dimension Error,14,3150
2025-01-14,M103,P104,Solder Defect,4,428
2025-02-12,M303,P102,Dimension Error,5,420
2025-11-16,M401,P103,Calibration Error,7,1645
2025-06-03,M304,P102,Assembly Defect,7,1645
2025-09-10,M203,P102,Solder Defect,8,640
2025-10-26,M402,P101,Solder Defect,10,1750
2025-04-11,M303,P102,Solder Defect,5,855
2025-04-23,M202,P103,Dimension Error,13,1612
2025-06-07,M101,P103,Dimension Error,7,637
2025-05-16,M402,P103,Assembly Defect,7,1134
2025-07-02,M104,P104,Calibration Error,10,1210
2025-05-25,M102,P103,Dimension Error,10,1540
2025-02-21,M103,P102,Assembly Defect,8,1040
2025-10-18,M104,P101,Calibration Error,9,1899
2025-11-26,M103,P104,Dimension Error,3,621
2025-08-14,M101,P103,Calibration Error,5,490
2025-09-17,M303,P104,Solder Defect,9,1314
2025-12-22,M203,P103,Calibration Error,15,3465
2025-01-08,M102,P102,Assembly Defect,8,1744
2025-11-21,M303,P104,Calibration Error,7,1645
2025-10-06,M102,P102,Dimension Error,9,774
2025-04-20,M403,P104,Calibration Error,6,606
2025-03-20,M102,P103,Dimension Error,8,1800
2025-11-25,M302,P103,Calibration Error,17,3332
2025-05-10,M403,P101,Calibration Error,4,580
2025-01-12,M304,P101,Assembly Defect,8,664
2025-06-13,M102,P101,Solder Defect,13,1846
2025-12-30,M401,P101,Dimension Error,7,616
2025-01-02,M102,P103,Assembly Defect,9,1413
2025-12-03,M104,P102,Calibration Error,7,1750
2025-05-09,M104,P101,Assembly Defect,2,326
2025-03-26,M303,P103,Calibration Error,10,2260
2025-07-17,M201,P103,Assembly Defect,8,1520
2025-02-10,M301,P103,Solder Defect,8,952
2025-12-06,M403,P101,Solder Defect,7,658
2025-11-10,M203,P102,Solder Defect,18,2970
2025-03-16,M301,P101,Dimension Error,9,1710
2025-02-26,M104,P101,Assembly Defect,11,2321
2025-04-30,M202,P103,Solder Defect,5,1165
2025-07-27,M303,P102,Dimension Error,8,792
2025-03-09,M104,P104,Dimension Error,12,2688
2025-06-02,M103,P101,Solder Defect,15,1485
2025-02-02,M202,P102,Calibration Error,4,340
2025-03-04,M402,P104,Dimension Error,9,1494
2025-07-08,M401,P104,Calibration Error,7,889
2025-04-24,M203,P104,Assembly Defect,6,630
2025-05-31,M204,P103,Assembly Defect,6,1080
2025-03-28,M202,P101,Dimension Error,8,1176
2025-12-06,M102,P103,Calibration Error,11,2321
2025-12-12,M101,P103,Assembly Defect,7,567
2025-11-11,M301,P102,Solder Defect,4,764
2025-10-06,M204,P104,Calibration Error,8,1312
2025-08-17,M404,P102,Solder Defect,10,860
2025-12-25,M404,P102,Dimension Error,5,765
2025-03-04,M102,P103,Solder Defect,9,1521
2025-08-24,M103,P103,Assembly Defect,14,2324
2025-02-16,M302,P103,Assembly Defect,19,4541
2025-08-06,M301,P102,Assembly Defect,7,805
2025-03-12,M104,P104,Calibration Error,7,784
2025-10-10,M302,P102,Assembly Defect,25,5050
2025-11-26,M202,P101,Calibration Error,6,510
2025-03-21,M103,P104,Calibration Error,5,890
2025-06-10,M104,P102,Assembly Defect,11,1287
2025-01-17,M302,P103,Dimension Error,24,2592
2025-05-06,M104,P103,Assembly Defect,6,1062
2025-03-12,M304,P102,Solder Defect,9,1215
2025-01-31,M201,P103,Solder Defect,7,952
2025-01-09,M101,P101,Solder Defect,7,931
2025-02-03,M302,P104,Assembly Defect,18,2286
2025-02-12,M302,P102,Dimension Error,21,4242
2025-09-15,M101,P103,Assembly Defect,10,2490
2025-11-12,M201,P102,Dimension Error,7,1407
2025-01-13,M201,P104,Solder Defect,9,1422
2025-10-16,M403,P104,Dimension Error,7,1652
2025-10-26,M403,P102,Assembly Defect,9,1647
2025-12-10,M402,P103,Solder Defect,11,1056
2025-04-19,M304,P101,Dimension Error,10,1910
2025-05-29,M401,P104,Calibration Error,9,1746
2025-12-28,M401,P102,Calibration Error,14,3136
2025-07-30,M101,P101,Dimension Error,10,1080
2025-02-24,M302,P104,Assembly Defect,13,3224
2025-07-02,M202,P102,Solder Defect,7,728
2025-02-03,M201,P104,Solder Defect,3,456
2025-03-14,M201,P103,Calibration Error,3,420
2025-11-29,M201,P102,Solder Defect,3,471
2025-04-29,M203,P101,Dimension Error,6,594
2025-08-09,M401,P104,Assembly Defect,12,1896
2025-07-31,M404,P101,Dimension Error,2,218
2025-02-27,M303,P101,Solder Defect,9,990
2025-07-09,M404,P104,Calibration Error,8,1128
2025-10-26,M102,P102,Dimension Error,6,660
2025-06-14,M304,P104,Solder Defect,8,1008
2025-07-25,M302,P102,Calibration Error,14,1750
2025-06-04,M303,P103,Dimension Error,8,1824
2025-04-16,M403,P101,Assembly Defect,9,1782
2025-11-28,M404,P103,Solder Defect,9,1908
2025-12-10,M101,P103,Dimension Error,2,480
2025-02-03,M103,P104,Assembly Defect,9,2169
2025-06-07,M301,P101,Solder Defect,8,952
2025-09-07,M301,P103,Calibration Error,13,1950
2025-06-07,M204,P104,Calibration Error,8,1464
2025-07-19,M402,P101,Assembly Defect,3,477
2025-10-03,M401,P104,Solder Defect,9,990
2025-10-03,M103,P104,Solder Defect,10,2140
2025-03-28,M404,P104,Calibration Error,11,1705
2025-08-17,M403,P103,Dimension Error,10,1920
2025-09-23,M302,P103,Calibration Error,24,3360
2025-12-21,M204,P101,Solder Defect,6,966
2025-08-01,M404,P103,Assembly Defect,6,660
2025-04-20,M303,P103,Assembly Defect,7,1169
2025-12-05,M403,P104,Solder Defect,6,1182
2025-11-04,M102,P104,Dimension Error,7,1708
2025-01-29,M302,P103,Assembly Defect,14,1204
2025-01-11,M103,P104,Calibration Error,7,742
2025-05-15,M104,P102,Dimension Error,10,1240
2025-06-29,M202,P101,Calibration Error,7,1589
2025-11-17,M304,P104,Dimension Error,12,1344
2025-05-13,M102,P103,Assembly Defect,11,1837
2025-11-27,M202,P103,Solder Defect,9,1863
2025-08-29,M302,P103,Dimension Error,20,2380
2025-11-29,M401,P103,Calibration Error,11,1639
2025-04-21,M403,P103,Calibration Error,6,1254
2025-03-11,M201,P101,Calibration Error,6,672
2025-01-27,M301,P101,Solder Defect,4,748
2025-05-30,M401,P101,Dimension Error,3,363
2025-07-12,M303,P102,Solder Defect,18,1926
2025-05-23,M403,P104,Solder Defect,4,956
2025-07-30,M403,P102,Dimension Error,5,615
2025-07-11,M102,P101,Calibration Error,2,242
2025-03-02,M303,P104,Calibration Error,6,750
2025-01-31,M304,P101,Dimension Error,10,1680
2025-01-22,M401,P104,Solder Defect,11,1815
2025-10-04,M301,P103,Assembly Defect,6,672
2025-04-22,M401,P103,Assembly Defect,7,686
2025-02-22,M101,P101,Calibration Error,9,792
2025-10-03,M401,P104,Dimension Error,13,1144
2025-06-02,M102,P104,Calibration Error,7,994
2025-04-06,M104,P103,Solder Defect,10,1990
2025-06-11,M104,P104,Dimension Error,10,2310
2025-04-02,M402,P101,Assembly Defect,11,2343
2025-08-09,M304,P102,Solder Defect,8,1192
2025-12-14,M203,P103,Calibration Error,6,750
2025-01-17,M404,P101,Assembly Defect,10,1350
2025-02-10,M102,P104,Dimension Error,7,861
2025-03-26,M201,P104,Assembly Defect,6,1428
2025-11-02,M303,P102,Dimension Error,4,816
2025-05-31,M202,P104,Solder Defect,6,606
2025-09-06,M401,P104,Dimension Error,6,804
2025-09-15,M102,P101,Solder Defect,4,384
2025-04-16,M102,P103,Calibration Error,9,2052
2025-03-19,M203,P102,Assembly Defect,3,366
2025-03-17,M203,P104,Dimension Error,6,990
2025-01-23,M301,P103,Solder Defect,2,362
2025-12-01,M204,P102,Assembly Defect,5,755
2025-10-09,M401,P103,Dimension Error,10,880
2025-05-23,M104,P102,Dimension Error,13,1378
2025-07-22,M304,P103,Assembly Defect,12,1356
2025-08-28,M204,P102,Dimension Error,13,1222
2025-03-09,M104,P103,Dimension Error,6,594
2025-07-17,M102,P103,Dimension Error,11,1947
2025-02-07,M102,P102,Dimension Error,10,2490
2025-11-29,M304,P103,Assembly Defect,8,808
2025-10-28,M102,P103,Calibration Error,8,1640
2025-08-27,M102,P102,Dimension Error,9,1773
2025-01-17,M303,P101,Calibration Error,9,1458
2025-07-31,M202,P102,Dimension Error,6,762
2025-05-21,M401,P103,Assembly Defect,12,2172
2025-01-05,M302,P103,Solder Defect,8,1832
2025-10-31,M102,P104,Assembly Defect,7,1260
2025-05-01,M202,P102,Dimension Error,10,2040
2025-11-06,M103,P101,Solder Defect,7,1435
2025-09-18,M303,P101,Calibration Error,10,1680
2025-11-05,M202,P104,Calibration Error,6,1368
2025-02-09,M401,P103,Calibration Error,10,1170
2025-03-08,M201,P103,Calibration Error,5,1095
2025-05-12,M103,P104,Assembly Defect,7,1414
2025-07-19,M103,P104,Dimension Error,9,1575
2025-12-14,M404,P102,Calibration Error,7,1022
2025-07-06,M204,P104,Dimension Error,3,249
2025-09-13,M203,P102,Assembly Defect,5,460
2025-09-21,M203,P102,Dimension Error,7,1470
2025-04-22,M401,P101,Assembly Defect,7,1694
2025-10-23,M202,P104,Dimension Error,9,1917
2025-07-27,M401,P101,Solder Defect,9,1827
2025-10-29,M304,P104,Assembly Defect,4,564
2025-01-27,M101,P101,Calibration Error,9,1044
2025-09-06,M304,P101,Calibration Error,10,1840
2025-12-04,M101,P103,Dimension Error,6,486
2025-11-13,M201,P101,Calibration Error,5,680
2025-08-20,M103,P103,Calibration Error,11,1188
2025-04-21,M404,P103,Dimension Error,8,1000
2025-09-13,M204,P102,Calibration Error,10,1840
2025-12-27,M301,P103,Assembly Defect,8,960
2025-09-13,M402,P102,Calibration Error,10,1430
2025-07-22,M203,P102,Assembly Defect,7,609
2025-12-14,M404,P102,Solder Defect,8,1896
2025-06-26,M104,P104,Solder Defect,5,1250
2025-09-14,M101,P101,Solder Defect,5,735
2025-01-10,M203,P102,Dimension Error,7,875
2025-08-13,M201,P103,Assembly Defect,9,1476
2025-03-07,M202,P104,Assembly Defect,7,1638
2025-05-13,M201,P104,Dimension Error,10,1390
2025-03-10,M404,P102,Calibration Error,6,702
2025-02-22,M303,P103,Calibration Error,6,702
2025-06-13,M102,P101,Dimension Error,10,2380
2025-10-24,M203,P102,Dimension Error,2,288
2025-07-05,M104,P101,Dimension Error,13,2158
2025-12-26,M103,P104,Solder Defect,12,2628
2025-07-24,M202,P103,Assembly Defect,9,963
2025-04-26,M203,P104,Dimension Error,10,810
2025-06-24,M403,P103,Calibration Error,11,2684
2025-10-22,M401,P104,Assembly Defect,10,2020
2025-02-03,M103,P101,Calibration Error,8,912
2025-12-04,M101,P104,Calibration Error,12,1548
2025-10-21,M104,P101,Assembly Defect,5,910
2025-06-18,M304,P101,Dimension Error,8,1080
2025-08-10,M303,P101,Dimension Error,4,788
2025-08-04,M304,P103,Solder Defect,11,2552
2025-07-14,M402,P104,Dimension Error,10,950
2025-04-05,M201,P102,Dimension Error,5,750
2025-06-06,M304,P101,Assembly Defect,9,1260
2025-08-19,M101,P103,Calibration Error,10,1440
2025-03-21,M302,P101,Dimension Error,16,3040
2025-04-12,M104,P104,Dimension Error,9,1800
2025-05-20,M301,P102,Calibration Error,10,1170
2025-02-20,M202,P103,Calibration Error,5,1225
2025-02-25,M404,P102,Solder Defect,8,1816
2025-01-15,M204,P103,Dimension Error,8,1056
2025-02-23,M403,P103,Solder Defect,3,264
2025-12-05,M202,P103,Calibration Error,8,1784
2025-06-17,M101,P102,Calibration Error,12,1476
2025-08-31,M104,P101,Assembly Defect,10,1600
2025-04-17,M303,P101,Calibration Error,3,483
2025-11-29,M402,P102,Assembly Defect,8,1096
2025-02-03,M403,P101,Solder Defect,6,1062
2025-04-28,M203,P103,Assembly Defect,8,1552
2025-11-18,M103,P103,Assembly Defect,3,402
2025-05-05,M202,P103,Assembly Defect,11,1177
2025-09-06,M402,P102,Calibration Error,9,792
2025-07-23,M201,P103,Assembly Defect,9,1989
2025-12-19,M102,P102,Assembly Defect,7,1176
2025-08-24,M104,P104,Solder Defect,6,1344
2025-12-06,M103,P104,Calibration Error,13,2262
2025-05-31,M203,P101,Assembly Defect,11,1782
2025-05-08,M402,P103,Solder Defect,7,917
2025-04-22,M402,P101,Calibration Error,7,1302
2025-08-27,M302,P104,Solder Defect,16,1680
2025-08-08,M101,P103,Assembly Defect,7,987
2025-04-26,M403,P101,Dimension Error,7,980
2025-07-15,M404,P101,Calibration Error,9,1863
2025-12-25,M301,P104,Solder Defect,6,1116
2025-11-07,M304,P102,Solder Defect,9,1116
2025-02-25,M403,P103,Solder Defect,12,2988
2025-12-18,M401,P104,Calibration Error,7,1624
2025-08-07,M403,P102,Solder Defect,11,1639
2025-02-15,M402,P102,Calibration Error,7,672
2025-11-12,M104,P104,Dimension Error,7,1547
2025-11-20,M403,P103,Dimension Error,7,1022
2025-09-09,M301,P101,Solder Defect,8,1880
2025-03-15,M304,P103,Calibration Error,7,770
2025-08-20,M303,P103,Solder Defect,6,876
2025-07-20,M104,P104,Solder Defect,6,930
2025-12-28,M204,P103,Solder Defect,4,552
2025-11-05,M403,P102,Dimension Error,10,2020
2025-06-22,M302,P103,Dimension Error,15,3450
2025-11-20,M102,P103,Solder Defect,10,1460
2025-03-08,M304,P101,Assembly Defect,11,1980
2025-04-11,M402,P101,Calibration Error,7,1470
2025-06-19,M303,P102,Calibration Error,9,1152
2025-03-01,M203,P102,Dimension Error,6,1224
2025-09-20,M203,P103,Calibration Error,10,1710
2025-10-02,M304,P101,Dimension Error,10,1990
2025-07-29,M204,P103,Dimension Error,8,1984
2025-10-22,M201,P102,Assembly Defect,7,1715
2025-12-24,M301,P102,Dimension Error,8,1472
2025-04-11,M402,P104,Calibration Error,5,1040
2025-09-12,M104,P101,Dimension Error,10,1090
2025-08-12,M304,P102,Assembly Defect,4,928
2025-06-20,M304,P102,Assembly Defect,9,1566
2025-01-25,M402,P103,Calibration Error,10,2350
2025-05-15,M402,P102,Solder Defect,9,2115
2025-10-21,M403,P102,Assembly Defect,9,1467
2025-12-22,M301,P101,Dimension Error,15,3420
2025-04-15,M302,P102,Solder Defect,13,2912
2025-12-27,M104,P103,Calibration Error,6,588
2025-07-02,M301,P103,Solder Defect,5,1140
2025-07-25,M403,P104,Calibration Error,7,1113
2025-03-15,M304,P104,Assembly Defect,6,528
2025-06-08,M101,P103,Calibration Error,7,1428
2025-11-22,M403,P101,Calibration Error,7,1218
2025-05-09,M403,P104,Dimension Error,12,1668
2025-01-26,M403,P104,Dimension Error,4,648
2025-02-09,M101,P101,Dimension Error,7,1729
2025-07-01,M104,P103,Solder Defect,11,2244
2025-03-28,M204,P103,Dimension Error,12,1272
2025-07-05,M102,P103,Solder Defect,7,672
2025-09-13,M102,P102,Calibration Error,8,920
2025-01-27,M201,P103,Solder Defect,10,1330
2025-11-13,M101,P101,Calibration Error,5,1145
2025-12-19,M304,P101,Solder Defect,7,721
2025-06-05,M403,P103,Dimension Error,10,1250
2025-11-12,M102,P103,Assembly Defect,6,972
2025-03-06,M204,P104,Calibration Error,5,1190
2025-01-15,M301,P104,Assembly Defect,12,2424
2025-12-26,M302,P103,Dimension Error,24,3648
2025-05-26,M201,P104,Calibration Error,7,910
2025-04-18,M204,P103,Dimension Error,4,668
2025-02-03,M102,P102,Assembly Defect,12,2676
2025-04-13,M102,P102,Assembly Defect,7,714
2025-04-17,M102,P101,Dimension Error,3,276
2025-07-27,M301,P103,Solder Defect,9,1179
2025-07-07,M204,P103,Solder Defect,9,1836
2025-12-16,M404,P102,Calibration Error,11,1672
2025-12-18,M204,P101,Dimension Error,7,756
2025-10-08,M201,P101,Calibration Error,13,1339
2025-07-16,M101,P104,Calibration Error,10,2250
2025-03-26,M204,P101,Dimension Error,10,1980
2025-11-22,M104,P101,Solder Defect,7,1533
2025-02-01,M201,P102,Calibration Error,11,2002
2025-10-23,M404,P101,Calibration Error,5,855
2025-08-19,M303,P102,Assembly Defect,12,2256
2025-06-08,M301,P101,Solder Defect,5,1175
2025-12-02,M203,P103,Assembly Defect,10,1950
2025-12-22,M202,P104,Calibration Error,9,2079
2025-10-17,M401,P102,Assembly Defect,4,336
2025-12-06,M202,P102,Assembly Defect,5,1195
2025-03-15,M102,P102,Solder Defect,12,2412
2025-11-21,M304,P101,Assembly Defect,4,648
2025-01-06,M102,P101,Calibration Error,11,2629
2025-12-12,M304,P104,Calibration Error,10,2130
2025-07-12,M204,P103,Calibration Error,9,2043
2025-11-24,M103,P101,Dimension Error,8,1624
2025-04-26,M204,P102,Calibration Error,6,1158
2025-07-16,M303,P102,Assembly Defect,9,1962
2025-12-09,M102,P102,Assembly Defect,12,2724
2025-07-19,M401,P102,Calibration Error,11,2442
2025-07-05,M304,P103,Calibration Error,5,430
2025-02-07,M101,P101,Assembly Defect,6,954
2025-06-05,M302,P103,Dimension Error,28,3248
2025-01-03,M403,P103,Solder Defect,5,865
2025-02-23,M403,P101,Calibration Error,5,570
2025-03-29,M104,P104,Dimension Error,5,820
2025-11-12,M102,P102,Assembly Defect,3,432
2025-11-18,M204,P101,Solder Defect,7,931
2025-04-01,M101,P103,Solder Defect,8,744
2025-04-28,M404,P102,Solder Defect,12,1128
2025-03-18,M403,P102,Assembly Defect,10,1940
2025-06-17,M304,P101,Calibration Error,9,1710
2025-04-20,M403,P101,Solder Defect,7,1442
2025-11-07,M402,P102,Calibration Error,7,595
2025-04-03,M202,P103,Solder Defect,9,1791
2025-07-18,M402,P104,Calibration Error,4,440
2025-03-26,M404,P103,Dimension Error,17,2057
2025-02-20,M203,P102,Assembly Defect,8,1384
2025-10-23,M304,P102,Assembly Defect,8,1448
2025-06-29,M401,P102,Solder Defect,7,1596
2025-03-29,M303,P101,Assembly Defect,9,1404
2025-02-08,M302,P104,Assembly Defect,13,2496
2025-08-07,M203,P104,Calibration Error,7,1183
2025-08-02,M302,P103,Dimension Error,19,3933
2025-08-12,M402,P103,Assembly Defect,5,1035
2025-09-06,M101,P103,Solder Defect,8,1784
2025-07-28,M304,P101,Dimension Error,12,2376
2025-11-03,M402,P103,Assembly Defect,10,970
2025-02-20,M304,P101,Assembly Defect,5,1185
2025-03-12,M303,P104,Dimension Error,12,960
2025-06-08,M202,P104,Assembly Defect,15,2640
2025-11-09,M404,P103,Solder Defect,13,2847
2025-01-25,M302,P104,Dimension Error,11,2640
2025-07-19,M204,P102,Assembly Defect,6,528
2025-06-01,M104,P104,Calibration Error,12,2376
2025-06-19,M101,P102,Solder Defect,7,1701
2025-11-11,M202,P102,Assembly Defect,9,1116
2025-02-26,M202,P102,Solder Defect,10,1240
2025-10-25,M302,P103,Dimension Error,15,3090
2025-07-13,M204,P103,Solder Defect,8,1240
2025-09-19,M403,P103,Dimension Error,10,2410
2025-02-16,M303,P101,Calibration Error,8,1856
2025-06-18,M301,P103,Calibration Error,6,1314
2025-06-10,M204,P102,Assembly Defect,5,1040
2025-12-05,M302,P101,Dimension Error,20,3360
2025-04-25,M304,P103,Calibration Error,8,912
2025-10-09,M404,P103,Solder Defect,10,1130
2025-01-04,M102,P101,Solder Defect,5,1035
2025-12-08,M302,P104,Calibration Error,11,1221
2025-02-10,M302,P104,Calibration Error,15,2820
2025-01-14,M104,P101,Assembly Defect,8,640
2025-05-25,M303,P104,Solder Defect,9,2142
2025-12-02,M403,P103,Solder Defect,2,174
2025-12-27,M304,P104,Assembly Defect,6,1278
2025-04-17,M301,P103,Assembly Defect,7,1631
2025-05-20,M202,P101,Solder Defect,13,2028
2025-03-25,M101,P103,Solder Defect,5,1055
2025-04-06,M402,P103,Assembly Defect,7,1575
2025-01-19,M403,P104,Calibration Error,13,2119
2025-06-18,M102,P103,Assembly Defect,11,1210
2025-06-21,M104,P101,Calibration Error,8,1576
2025-07-09,M403,P104,Solder Defect,7,1351
2025-10-24,M401,P101,Dimension Error,13,1339
2025-12-10,M402,P103,Solder Defect,14,1876
2025-07-06,M104,P102,Assembly Defect,10,2220
2025-04-15,M401,P103,Assembly Defect,6,1380
2025-07-06,M202,P104,Dimension Error,11,1045
2025-12-21,M402,P102,Calibration Error,13,2418
2025-11-03,M104,P103,Dimension Error,5,1120
2025-12-11,M301,P101,Dimension Error,9,765
2025-09-26,M202,P104,Dimension Error,5,555
2025-01-10,M101,P102,Calibration Error,13,2210
2025-02-09,M201,P101,Assembly Defect,7,1211
2025-10-28,M401,P101,Assembly Defect,13,2600
2025-04-16,M301,P103,Calibration Error,14,3122
2025-06-27,M402,P102,Calibration Error,11,2222
2025-07-03,M301,P101,Calibration Error,7,1526
2025-08-31,M404,P101,Solder Defect,8,1784
2025-09-22,M103,P101,Solder Defect,6,834
2025-04-30,M404,P103,Calibration Error,5,665
2025-04-14,M104,P103,Calibration Error,9,1098
2025-05-22,M103,P104,Solder Defect,7,1393
2025-02-20,M201,P104,Dimension Error,14,3276
2025-08-02,M204,P102,Dimension Error,3,711
2025-11-27,M102,P101,Calibration Error,11,1364
2025-03-30,M102,P102,Calibration Error,5,465
2025-06-06,M302,P103,Calibration Error,14,1512
2025-11-06,M404,P101,Dimension Error,13,1885
2025-10-28,M304,P104,Solder Defect,8,704
2025-05-29,M201,P103,Solder Defect,6,498
2025-12-27,M202,P103,Calibration Error,6,684
2025-05-21,M104,P104,Solder Defect,14,1554
2025-10-04,M204,P101,Calibration Error,9,1854
2025-09-10,M301,P102,Assembly Defect,10,880
2025-04-25,M102,P103,Dimension Error,7,1582
2025-03-29,M303,P101,Dimension Error,10,1370
2025-04-25,M204,P103,Solder Defect,7,973
2025-07-29,M202,P102,Solder Defect,14,1400
2025-11-18,M303,P102,Dimension Error,8,1896
2025-08-03,M304,P103,Dimension Error,5,620
2025-02-11,M103,P104,Dimension Error,13,1066
2025-11-21,M102,P104,Calibration Error,6,546
2025-09-21,M201,P101,Calibration Error,9,1332
2025-01-06,M403,P104,Dimension Error,14,2128
2025-11-22,M303,P102,Dimension Error,7,833
2025-10-22,M201,P101,Calibration Error,4,660
2025-01-23,M104,P101,Calibration Error,7,1043
2025-05-12,M401,P103,Solder Defect,8,1848
2025-03-09,M103,P103,Assembly Defect,6,1026
2025-05-20,M301,P104,Calibration Error,9,1530
2025-05-31,M403,P102,Solder Defect,8,1224
2025-09-08,M301,P103,Calibration Error,8,856
2025-08-18,M304,P104,Calibration Error,5,1125
2025-05-12,M101,P103,Dimension Error,4,652
2025-02-21,M302,P103,Assembly Defect,22,4114
2025-12-22,M304,P104,Assembly Defect,8,1696
2025-02-04,M302,P103,Calibration Error,22,2508
2025-12-27,M401,P103,Dimension Error,10,1610
2025-01-09,M204,P101,Assembly Defect,13,1820
2025-02-12,M404,P103,Calibration Error,6,594
2025-05-02,M104,P102,Dimension Error,8,1880
2025-11-13,M404,P103,Assembly Defect,11,2354
2025-04-23,M203,P104,Dimension Error,12,2436
2025-03-09,M403,P101,Assembly Defect,10,1440
2025-03-19,M202,P103,Solder Defect,9,1098
2025-06-12,M101,P102,Calibration Error,9,1350
2025-02-20,M202,P103,Dimension Error,10,1150
2025-04-03,M204,P104,Calibration Error,5,455
2025-08-16,M302,P101,Dimension Error,21,2835
2025-09-02,M102,P101,Dimension Error,6,840
2025-03-24,M204,P104,Dimension Error,8,1064
2025-04-26,M304,P102,Solder Defect,7,560
2025-09-29,M303,P102,Dimension Error,5,865
2025-07-02,M202,P104,Calibration Error,7,840
2025-02-14,M301,P103,Solder Defect,9,855
2025-10-13,M304,P101,Solder Defect,6,630
2025-11-05,M301,P102,Solder Defect,7,1449
2025-12-30,M204,P103,Calibration Error,5,1220
2025-01-02,M402,P103,Calibration Error,8,1048
2025-12-03,M303,P103,Calibration Error,14,2226
2025-04-11,M203,P103,Dimension Error,5,525
2025-11-02,M403,P102,Solder Defect,11,1639
2025-01-26,M203,P102,Assembly Defect,5,585
2025-05-22,M203,P101,Solder Defect,5,1180
2025-11-27,M103,P104,Calibration Error,9,972
2025-07-12,M203,P102,Calibration Error,9,1395
2025-11-28,M204,P101,Dimension Error,6,738
2025-06-06,M301,P104,Calibration Error,5,1130
2025-01-15,M404,P101,Calibration Error,6,606
2025-03-27,M304,P104,Dimension Error,13,3029
2025-02-09,M102,P102,Assembly Defect,5,540
2025-10-19,M202,P104,Calibration Error,7,1057
2025-05-29,M304,P102,Solder Defect,10,1920
2025-07-16,M103,P103,Calibration Error,8,1744
2025-04-18,M103,P101,Dimension Error,11,2266
2025-09-17,M304,P101,Dimension Error,10,1830
2025-07-03,M102,P101,Solder Defect,9,837
2025-07-10,M301,P103,Solder Defect,9,1044
2025-08-27,M403,P104,Solder Defect,5,545
2025-12-07,M201,P102,Solder Defect,2,358
2025-03-12,M303,P104,Assembly Defect,6,618
2025-01-13,M102,P101,Calibration Error,9,1602
2025-07-30,M304,P104,Assembly Defect,10,1410
2025-10-27,M404,P102,Assembly Defect,8,1560
2025-11-24,M103,P103,Assembly Defect,10,2080
2025-02-08,M401,P102,Solder Defect,8,1000
2025-02-24,M202,P101,Calibration Error,7,903
2025-07-28,M203,P104,Calibration Error,11,1804
2025-02-27,M103,P102,Solder Defect,9,1188
2025-02-14,M102,P102,Dimension Error,12,1428
2025-04-30,M403,P101,Assembly Defect,5,445
2025-07-16,M403,P103,Calibration Error,13,2197
2025-03-23,M201,P102,Assembly Defect,4,608
2025-07-21,M303,P103,Dimension Error,8,1408
2025-04-24,M103,P104,Solder Defect,4,624
2025-07-09,M304,P101,Calibration Error,7,1246
2025-06-23,M204,P103,Assembly Defect,8,960
2025-04-15,M403,P102,Assembly Defect,8,1528
2025-08-06,M403,P104,Calibration Error,9,1098
2025-07-29,M404,P104,Solder Defect,5,1030
2025-06-05,M403,P101,Assembly Defect,7,1197
2025-06-21,M202,P102,Assembly Defect,9,1107
2025-12-21,M102,P103,Dimension Error,10,1460
2025-03-17,M304,P103,Dimension Error,10,2160
2025-01-27,M401,P103,Calibration Error,6,1218
2025-02-12,M401,P101,Calibration Error,14,2156
2025-09-19,M404,P102,Solder Defect,7,749
2025-08-08,M102,P101,Assembly Defect,10,1770
2025-06-25,M204,P103,Calibration Error,10,1030
2025-02-19,M303,P103,Calibration Error,8,1160
2025-01-03,M103,P103,Solder Defect,9,1314
2025-04-20,M403,P101,Dimension Error,6,1320
2025-01-14,M204,P103,Assembly Defect,7,1190
2025-09-15,M204,P104,Assembly Defect,8,1296
2025-05-15,M403,P103,Dimension Error,8,1816
2025-10-17,M404,P103,Calibration Error,7,1183
2025-05-30,M202,P101,Assembly Defect,11,1474
2025-07-16,M202,P104,Assembly Defect,9,1647
2025-09-21,M301,P104,Assembly Defect,8,760
2025-12-21,M403,P104,Dimension Error,7,882
2025-06-12,M204,P101,Solder Defect,15,2475
2025-09-29,M101,P104,Dimension Error,12,2556
2025-12-12,M301,P103,Solder Defect,4,428
2025-11-05,M204,P102,Assembly Defect,8,1480
2025-09-04,M103,P102,Dimension Error,7,1162
2025-03-29,M203,P104,Solder Defect,10,850
2025-01-05,M201,P103,Dimension Error,7,896
2025-06-12,M103,P104,Assembly Defect,4,780
2025-01-29,M304,P102,Calibration Error,9,810
2025-10-16,M204,P104,Solder Defect,8,1088
2025-12-17,M101,P101,Assembly Defect,5,795
2025-07-28,M301,P101,Dimension Error,11,1320
2025-12-30,M302,P101,Solder Defect,12,2268
2025-09-10,M303,P101,Dimension Error,7,1575
2025-04-24,M201,P103,Solder Defect,7,686
2025-02-16,M403,P101,Calibration Error,6,528
2025-05-08,M404,P101,Dimension Error,5,525
2025-09-28,M301,P104,Dimension Error,15,3465
2025-01-30,M403,P104,Calibration Error,9,1809
2025-04-21,M104,P104,Calibration Error,8,1552
2025-06-26,M202,P104,Assembly Defect,12,2220
2025-01-25,M103,P101,Solder Defect,13,2366
2025-11-23,M403,P104,Assembly Defect,7,651
2025-01-01,M403,P101,Solder Defect,8,1688
2025-04-21,M201,P103,Dimension Error,2,354
2025-02-06,M101,P104,Solder Defect,7,560
2025-09-27,M303,P102,Dimension Error,8,720
2025-01-04,M404,P101,Solder Defect,6,630
2025-01-04,M201,P102,Calibration Error,6,654
2025-03-28,M401,P102,Solder Defect,11,1771
2025-02-19,M102,P101,Solder Defect,7,1533
2025-02-04,M401,P102,Assembly Defect,14,3220
2025-02-27,M101,P104,Dimension Error,7,1337
2025-11-12,M404,P101,Solder Defect,5,540
2025-05-25,M302,P101,Solder Defect,22,3036
2025-04-02,M201,P102,Assembly Defect,4,432
2025-10-18,M401,P103,Calibration Error,13,3003
2025-06-18,M401,P101,Dimension Error,7,1358
2025-03-16,M104,P101,Dimension Error,8,680
2025-03-21,M303,P103,Assembly Defect,9,2088
2025-07-19,M303,P103,Solder Defect,4,480
2025-12-28,M301,P102,Solder Defect,7,1484
2025-12-06,M201,P103,Assembly Defect,6,1452
2025-09-26,M102,P103,Dimension Error,4,672
2025-11-13,M303,P101,Calibration Error,11,1705
2025-03-14,M301,P102,Dimension Error,5,675
2025-05-06,M304,P102,Calibration Error,7,763
2025-12-04,M403,P103,Assembly Defect,4,832
2025-08-15,M404,P101,Calibration Error,10,1190
2025-01-02,M201,P101,Dimension Error,5,515
2025-12-20,M203,P102,Solder Defect,11,1540
2025-02-24,M402,P104,Dimension Error,9,1782
2025-05-24,M302,P102,Calibration Error,25,5125
2025-10-11,M101,P104,Calibration Error,8,1896
2025-02-01,M102,P103,Dimension Error,5,690
2025-01-17,M401,P104,Dimension Error,8,1552
2025-08-12,M202,P104,Solder Defect,4,964
2025-03-22,M402,P103,Solder Defect,4,972
2025-01-22,M301,P104,Solder Defect,3,558
2025-06-02,M303,P103,Assembly Defect,2,486
2025-09-15,M301,P103,Dimension Error,14,2352
2025-08-28,M403,P101,Calibration Error,7,1694
2025-08-19,M104,P103,Calibration Error,8,1160
2025-03-27,M403,P102,Calibration Error,12,2556
2025-08-26,M203,P102,Calibration Error,3,597
2025-07-13,M402,P103,Assembly Defect,10,2160
2025-11-20,M302,P102,Dimension Error,21,4872
2025-05-29,M402,P103,Assembly Defect,9,2160
2025-05-21,M102,P102,Solder Defect,12,1044
2025-03-21,M104,P103,Calibration Error,11,1958
2025-08-01,M303,P103,Assembly Defect,6,786
2025-10-11,M202,P102,Calibration Error,4,572
2025-06-06,M303,P102,Calibration Error,7,1183
2025-07-18,M402,P102,Calibration Error,7,1498
2025-11-03,M402,P103,Dimension Error,9,1566
2025-06-05,M201,P101,Calibration Error,12,2844
2025-10-08,M101,P101,Calibration Error,7,973
2025-11-22,M403,P104,Solder Defect,5,1180
2025-02-09,M304,P104,Dimension Error,10,820
2025-02-20,M302,P101,Solder Defect,14,2394
2025-09-28,M104,P104,Calibration Error,5,670
2025-02-05,M304,P102,Assembly Defect,8,968
2025-10-08,M103,P101,Assembly Defect,3,657
2025-08-25,M401,P103,Solder Defect,7,1589
2025-02-02,M401,P102,Dimension Error,5,1215
2025-07-06,M101,P103,Dimension Error,13,3055
2025-03-12,M104,P103,Solder Defect,11,979
2025-12-02,M103,P101,Solder Defect,2,488
2025-10-24,M301,P103,Calibration Error,6,498
2025-01-19,M201,P104,Dimension Error,8,1096
2025-03-12,M101,P104,Assembly Defect,5,905
2025-10-17,M302,P102,Dimension Error,23,4255
2025-11-18,M203,P101,Calibration Error,1,177
2025-04-12,M202,P104,Dimension Error,4,744
2025-04-26,M104,P101,Assembly Defect,9,1287
2025-02-10,M102,P104,Assembly Defect,10,1380
2025-11-02,M404,P101,Assembly Defect,11,1177
2025-05-17,M202,P104,Assembly Defect,10,1140
2025-10-31,M204,P101,Dimension Error,5,725
2025-07-15,M104,P103,Calibration Error,13,2717
2025-04-14,M103,P104,Dimension Error,12,1872
2025-12-29,M201,P103,Assembly Defect,5,465
2025-07-02,M302,P104,Assembly Defect,19,4218
2025-10-26,M302,P104,Assembly Defect,13,2730
2025-10-29,M404,P102,Assembly Defect,8,1320
2025-11-07,M403,P102,Calibration Error,6,918
2025-06-24,M304,P103,Solder Defect,11,2706
2025-05-24,M201,P101,Solder Defect,9,738
2025-02-27,M302,P104,Solder Defect,16,3216
2025-08-17,M303,P103,Assembly Defect,12,1596
2025-10-17,M102,P103,Dimension Error,9,2142
2025-10-07,M401,P104,Calibration Error,7,1330
2025-11-01,M202,P102,Calibration Error,9,2025
2025-06-23,M204,P101,Solder Defect,6,1440
2025-03-07,M304,P103,Calibration Error,14,3248
2025-06-21,M202,P103,Dimension Error,13,1716
2025-08-21,M404,P102,Solder Defect,7,868
2025-07-03,M202,P103,Assembly Defect,5,1075
2025-09-08,M102,P101,Calibration Error,6,624
2025-03-01,M103,P104,Assembly Defect,4,444
2025-09-09,M204,P102,Assembly Defect,6,1332
2025-04-11,M402,P102,Assembly Defect,11,2464
2025-11-20,M202,P101,Assembly Defect,9,918
2025-06-23,M402,P103,Assembly Defect,11,1496
2025-10-11,M404,P104,Solder Defect,11,2167
2025-02-05,M204,P103,Calibration Error,2,338
2025-12-23,M103,P101,Assembly Defect,9,1359
2025-10-03,M202,P103,Dimension Error,5,600
2025-09-05,M203,P104,Assembly Defect,4,520
2025-12-11,M203,P101,Dimension Error,4,404
2025-03-20,M101,P102,Dimension Error,6,1494
2025-10-01,M404,P103,Calibration Error,10,2500
2025-12-22,M404,P104,Assembly Defect,4,424
2025-06-11,M204,P104,Dimension Error,11,1265
2025-01-25,M403,P103,Solder Defect,10,1780
2025-07-12,M104,P102,Assembly Defect,9,1629
2025-09-23,M303,P103,Assembly Defect,6,600
2025-08-04,M302,P102,Calibration Error,17,1717
2025-02-14,M303,P104,Assembly Defect,6,954
2025-01-15,M202,P104,Calibration Error,10,1050
2025-09-23,M102,P104,Solder Defect,8,1136
2025-07-29,M204,P102,Calibration Error,6,1044
2025-03-04,M303,P102,Calibration Error,11,2552
2025-12-04,M103,P104,Assembly Defect,11,2002
2025-02-17,M203,P101,Dimension Error,13,1833
2025-11-14,M403,P101,Assembly Defect,4,840
2025-05-29,M303,P103,Assembly Defect,7,910
2025-01-16,M101,P104,Assembly Defect,2,332
2025-12-12,M403,P104,Dimension Error,1,154
2025-03-04,M302,P104,Assembly Defect,13,2704
2025-04-18,M104,P104,Calibration Error,8,1048
2025-03-31,M304,P102,Calibration Error,14,2660
2025-04-11,M102,P103,Dimension Error,10,1700
2025-08-26,M401,P104,Solder Defect,9,1764
2025-01-30,M202,P103,Solder Defect,7,1372
2025-07-15,M402,P104,Solder Defect,11,1958
2025-10-22,M304,P101,Assembly Defect,10,1170
2025-08-07,M103,P101,Dimension Error,8,1688
2025-11-12,M402,P103,Assembly Defect,6,798
2025-03-11,M401,P103,Dimension Error,7,1043
2025-02-24,M301,P101,Calibration Error,12,1788
2025-01-08,M301,P102,Dimension Error,11,2343
2025-05-26,M203,P103,Dimension Error,9,828
2025-01-04,M101,P101,Calibration Error,9,729
2025-09-20,M404,P101,Dimension Error,11,2651
2025-04-21,M104,P102,Calibration Error,4,808
2025-02-11,M104,P102,Solder Defect,10,2360
2025-10-01,M404,P102,Solder Defect,3,555
2025-06-20,M101,P101,Solder Defect,8,1592
2025-07-05,M403,P104,Solder Defect,10,1060
2025-09-19,M102,P104,Dimension Error,8,1288
2025-03-06,M201,P104,Calibration Error,9,1422
2025-11-02,M103,P103,Calibration Error,7,1484
2025-11-11,M204,P102,Solder Defect,9,1647
2025-08-12,M303,P101,Dimension Error,8,1640
2025-04-13,M103,P102,Solder Defect,8,1896
2025-08-24,M302,P102,Solder Defect,16,2608
2025-03-12,M404,P104,Calibration Error,10,1680
2025-06-25,M204,P104,Dimension Error,3,744
2025-07-09,M103,P101,Calibration Error,5,810
2025-08-12,M402,P103,Solder Defect,7,1246
2025-04-20,M104,P104,Calibration Error,11,2200
2025-02-18,M303,P103,Calibration Error,3,555
2025-03-30,M103,P102,Assembly Defect,10,1110
2025-04-30,M303,P101,Calibration Error,8,1048
2025-05-26,M401,P101,Dimension Error,5,795
2025-10-31,M402,P104,Assembly Defect,5,970
2025-06-04,M302,P104,Assembly Defect,20,2880
2025-10-03,M201,P101,Dimension Error,12,1620
2025-11-11,M202,P101,Calibration Error,13,2132
2025-06-16,M404,P104,Assembly Defect,10,900
2025-06-29,M102,P102,Solder Defect,8,1336
2025-02-03,M203,P103,Dimension Error,12,2100
2025-01-28,M402,P103,Dimension Error,12,2856
2025-10-16,M402,P102,Dimension Error,9,1332
2025-05-31,M404,P104,Solder Defect,11,1518
2025-06-07,M103,P102,Assembly Defect,5,705
2025-11-25,M204,P103,Solder Defect,7,602
2025-08-06,M304,P104,Calibration Error,5,1180
2025-11-14,M403,P104,Dimension Error,8,1384
2025-08-04,M202,P101,Dimension Error,5,1035
2025-11-20,M102,P102,Calibration Error,10,1340
2025-07-12,M403,P104,Dimension Error,7,1015
2025-06-09,M104,P101,Assembly Defect,12,1572
2025-10-27,M404,P101,Solder Defect,5,1065
2025-04-06,M102,P101,Calibration Error,9,1350
2025-01-19,M204,P103,Calibration Error,11,2222
2025-12-17,M104,P104,Calibration Error,13,1482
2025-01-28,M203,P101,Solder Defect,8,1528
2025-07-23,M401,P103,Dimension Error,9,1548
2025-02-19,M301,P104,Dimension Error,15,3660
2025-11-15,M403,P103,Assembly Defect,15,3120
2025-11-17,M404,P103,Dimension Error,10,2280
2025-09-02,M103,P101,Assembly Defect,13,3029
2025-02-14,M403,P103,Dimension Error,8,776
2025-11-28,M102,P104,Calibration Error,6,822
2025-11-23,M304,P101,Solder Defect,6,1302
2025-11-29,M203,P102,Dimension Error,8,1696
2025-07-23,M401,P104,Assembly Defect,7,819
2025-01-10,M101,P102,Calibration Error,11,1958
2025-06-19,M102,P102,Solder Defect,9,1449
2025-03-13,M301,P101,Solder Defect,6,894
2025-03-28,M102,P104,Dimension Error,5,875
2025-02-18,M204,P102,Assembly Defect,3,375
2025-10-16,M302,P103,Dimension Error,15,1395
2025-05-08,M402,P101,Solder Defect,12,2616
2025-05-19,M202,P104,Solder Defect,6,942
2025-06-12,M203,P104,Dimension Error,6,1086
2025-02-05,M201,P104,Dimension Error,7,1435
2025-07-12,M201,P101,Calibration Error,7,1155
2025-06-03,M303,P104,Solder Defect,12,1812
2025-04-27,M104,P103,Calibration Error,5,1250
2025-09-20,M203,P103,Assembly Defect,4,568
2025-02-03,M202,P101,Solder Defect,8,1704
2025-06-19,M102,P103,Solder Defect,7,609
2025-03-31,M301,P101,Dimension Error,2,176
2025-04-21,M401,P103,Calibration Error,11,1562
2025-09-09,M204,P102,Solder Defect,5,660
2025-06-03,M201,P103,Solder Defect,9,1386
2025-11-17,M403,P101,Dimension Error,9,1620
2025-03-25,M103,P104,Dimension Error,10,2350
2025-12-04,M302,P102,Calibration Error,15,1320
2025-02-23,M404,P102,Dimension Error,8,1184
2025-10-05,M201,P101,Assembly Defect,10,1020
2025-09-03,M303,P101,Dimension Error,15,3375
2025-08-04,M204,P101,Calibration Error,13,1508
2025-05-21,M102,P103,Dimension Error,7,700
2025-11-15,M402,P103,Solder Defect,7,1652
2025-07-22,M401,P102,Dimension Error,5,515
2025-05-22,M304,P104,Solder Defect,10,1880
2025-06-12,M402,P104,Calibration Error,6,804
2025-08-15,M304,P104,Dimension Error,8,832
2025-12-13,M403,P101,Calibration Error,7,672
2025-10-22,M203,P101,Dimension Error,6,1062
2025-09-02,M101,P104,Solder Defect,6,480
2025-03-07,M202,P104,Dimension Error,9,1089
2025-05-22,M302,P103,Calibration Error,17,3553
2025-05-29,M203,P101,Solder Defect,10,1360
2025-11-07,M404,P101,Dimension Error,11,1683
2025-08-05,M303,P103,Solder Defect,4,992
2025-10-04,M402,P103,Dimension Error,8,1192
2025-11-05,M203,P102,Solder Defect,9,1197
2025-10-25,M201,P102,Dimension Error,3,663
2025-07-26,M404,P101,Calibration Error,8,1600
2025-07-07,M304,P104,Assembly Defect,6,918
2025-06-17,M404,P104,Assembly Defect,8,1072
2025-01-03,M201,P103,Dimension Error,6,918
2025-04-16,M101,P101,Calibration Error,6,678
2025-03-18,M202,P103,Dimension Error,10,1740
2025-01-10,M301,P101,Calibration Error,11,1331
2025-08-04,M401,P103,Calibration Error,12,2100
2025-01-02,M301,P103,Assembly Defect,4,980
2025-11-26,M403,P102,Solder Defect,6,918
2025-10-19,M201,P104,Dimension Error,3,375
2025-03-16,M301,P104,Dimension Error,14,2646
2025-01-02,M203,P102,Solder Defect,8,1624
2025-02-05,M102,P101,Calibration Error,7,1015
2025-06-11,M402,P103,Solder Defect,9,2169
2025-08-24,M204,P104,Dimension Error,8,1872
2025-05-06,M204,P102,Calibration Error,7,1463
2025-04-11,M203,P104,Dimension Error,1,221
2025-09-20,M203,P104,Calibration Error,2,336
2025-09-20,M104,P104,Calibration Error,7,1554
2025-08-11,M104,P104,Assembly Defect,4,504
2025-03-14,M204,P103,Solder Defect,7,1435
2025-11-22,M204,P104,Dimension Error,5,695
2025-11-20,M304,P102,Solder Defect,9,2052
2025-11-06,M101,P104,Assembly Defect,11,2552
2025-07-26,M101,P102,Calibration Error,5,770
2025-04-01,M304,P101,Dimension Error,11,2178
2025-03-20,M201,P104,Dimension Error,8,1016
2025-10-01,M103,P101,Dimension Error,4,732
2025-08-14,M403,P104,Dimension Error,12,2316
2025-12-10,M204,P104,Solder Defect,9,1944
2025-02-04,M102,P103,Dimension Error,10,1470
2025-08-09,M204,P102,Solder Defect,8,1376
2025-04-21,M404,P103,Solder Defect,10,1880
2025-03-22,M301,P102,Dimension Error,7,770
2025-01-29,M204,P102,Calibration Error,7,1057
2025-10-12,M404,P104,Calibration Error,9,1611
2025-06-29,M104,P103,Solder Defect,11,2607
2025-10-02,M402,P104,Solder Defect,7,938
2025-03-14,M302,P101,Dimension Error,18,3114
2025-08-30,M202,P103,Dimension Error,5,915
2025-04-15,M304,P104,Calibration Error,6,1086
2025-12-05,M303,P101,Solder Defect,6,1194
2025-03-13,M302,P102,Assembly Defect,26,2132
2025-01-14,M402,P104,Calibration Error,7,1036
2025-11-27,M303,P101,Assembly Defect,7,672
2025-05-17,M101,P103,Dimension Error,5,685
2025-06-26,M404,P103,Assembly Defect,5,685
2025-05-27,M303,P102,Dimension Error,9,1395
2025-11-13,M401,P101,Solder Defect,1,204
2025-09-13,M403,P104,Calibration Error,7,826
2025-03-24,M201,P104,Assembly Defect,8,1408
2025-12-12,M103,P103,Calibration Error,6,840
2025-01-18,M101,P102,Dimension Error,7,574
2025-03-11,M403,P103,Solder Defect,5,1005
2025-08-03,M404,P104,Calibration Error,5,1085
2025-12-21,M102,P103,Solder Defect,9,1296
2025-07-03,M204,P104,Solder Defect,6,654
2025-08-11,M103,P102,Solder Defect,5,1035
2025-06-25,M101,P101,Solder Defect,9,1647
2025-11-10,M103,P103,Assembly Defect,7,1505
2025-06-27,M204,P102,Calibration Error,6,876
2025-05-12,M303,P103,Dimension Error,7,1162
2025-04-04,M203,P102,Calibration Error,11,1144
2025-06-05,M302,P103,Solder Defect,17,4063
2025-10-20,M304,P101,Dimension Error,9,1638
2025-10-16,M203,P102,Solder Defect,9,1269
2025-10-10,M103,P103,Dimension Error,10,2290
2025-06-17,M102,P104,Solder Defect,8,1352
2025-12-04,M402,P103,Solder Defect,3,249
2025-08-09,M203,P104,Solder Defect,9,2214
2025-02-02,M201,P104,Assembly Defect,17,1530
2025-12-27,M104,P101,Dimension Error,16,2048
2025-01-13,M401,P102,Calibration Error,6,582
2025-05-22,M303,P102,Dimension Error,5,1060
2025-10-26,M401,P102,Calibration Error,3,243
2025-11-25,M202,P103,Solder Defect,7,1204
2025-03-15,M103,P103,Solder Defect,10,1620
2025-07-16,M102,P102,Solder Defect,10,2260
2025-02-19,M201,P104,Solder Defect,11,1617
2025-12-26,M304,P104,Assembly Defect,5,735
2025-11-10,M103,P103,Assembly Defect,11,913
2025-11-01,M204,P104,Assembly Defect,5,790
2025-08-24,M103,P102,Dimension Error,16,3904
2025-01-27,M304,P103,Dimension Error,5,790
2025-09-29,M404,P101,Assembly Defect,11,2002
2025-07-14,M201,P102,Solder Defect,8,736
2025-07-10,M401,P101,Assembly Defect,14,2086
2025-11-17,M401,P101,Assembly Defect,10,820
2025-02-19,M201,P102,Assembly Defect,13,1209
2025-08-02,M401,P103,Dimension Error,7,1330
2025-01-29,M304,P101,Assembly Defect,10,2380
2025-01-11,M304,P103,Dimension Error,6,1134
2025-06-18,M404,P102,Dimension Error,8,1808
2025-12-25,M204,P101,Assembly Defect,8,1632
2025-05-17,M204,P104,Calibration Error,8,1800
2025-10-31,M102,P102,Assembly Defect,5,595
2025-02-12,M401,P101,Solder Defect,4,344
2025-03-12,M403,P104,Assembly Defect,12,2484
2025-02-06,M302,P102,Assembly Defect,25,6150
2025-04-27,M202,P101,Solder Defect,11,1089
2025-11-20,M102,P102,Dimension Error,5,1225
2025-08-02,M201,P102,Dimension Error,11,2145
2025-04-09,M104,P102,Calibration Error,8,648
2025-11-10,M204,P101,Assembly Defect,5,870
2025-03-25,M204,P104,Solder Defect,9,1197
2025-06-08,M401,P102,Calibration Error,10,1260
2025-09-21,M403,P103,Calibration Error,7,1211
2025-08-02,M303,P104,Dimension Error,12,2220
2025-09-30,M102,P103,Solder Defect,4,352
2025-01-26,M304,P103,Calibration Error,4,876
2025-03-01,M303,P104,Assembly Defect,6,558
2025-02-17,M303,P103,Calibration Error,8,1752
2025-12-19,M303,P104,Solder Defect,7,1561
2025-11-22,M102,P104,Dimension Error,6,1428
2025-12-31,M301,P101,Assembly Defect,9,1935
2025-09-24,M104,P103,Solder Defect,3,465
2025-05-19,M402,P104,Solder Defect,12,2784
2025-12-03,M303,P103,Solder Defect,5,980
2025-02-17,M102,P101,Dimension Error,14,2422
2025-08-01,M201,P104,Dimension Error,14,2646
2025-10-02,M304,P103,Assembly Defect,10,2500
2025-06-20,M204,P104,Calibration Error,8,1656
2025-09-12,M402,P104,Assembly Defect,9,2106
2025-11-14,M304,P101,Calibration Error,9,2241
2025-04-28,M301,P103,Calibration Error,10,1390
2025-10-15,M104,P104,Calibration Error,6,762
2025-07-15,M402,P103,Assembly Defect,7,1659
2025-11-27,M104,P104,Solder Defect,6,954
2025-07-17,M202,P102,Dimension Error,6,810
2025-12-31,M303,P101,Assembly Defect,8,1056
2025-04-13,M103,P103,Solder Defect,12,2892
2025-04-13,M103,P102,Assembly Defect,9,1710
2025-02-28,M104,P104,Solder Defect,11,1331
2025-09-06,M302,P104,Calibration Error,18,2844
2025-08-22,M203,P104,Calibration Error,5,620
2025-04-27,M104,P104,Dimension Error,12,1188
2025-11-09,M402,P102,Calibration Error,7,1176
2025-09-25,M303,P103,Calibration Error,7,770
2025-04-21,M303,P104,Assembly Defect,12,996
2025-09-28,M403,P103,Dimension Error,4,600
2025-01-15,M403,P102,Dimension Error,12,1416
2025-10-22,M402,P101,Dimension Error,12,2016
2025-07-28,M303,P104,Dimension Error,5,1150
2025-10-20,M102,P104,Solder Defect,11,2299
2025-05-05,M302,P103,Calibration Error,21,2331
2025-02-14,M102,P103,Assembly Defect,6,990
2025-06-10,M103,P102,Assembly Defect,6,636
2025-07-08,M201,P104,Calibration Error,8,1272
2025-10-08,M301,P101,Solder Defect,11,2079
2025-02-14,M403,P101,Dimension Error,6,864
2025-11-07,M104,P103,Assembly Defect,6,978
2025-04-19,M204,P104,Assembly Defect,4,500
2025-01-11,M104,P103,Dimension Error,10,2360
2025-02-18,M301,P104,Solder Defect,13,2301
2025-12-17,M302,P101,Assembly Defect,24,3312
2025-04-07,M404,P104,Assembly Defect,11,891
2025-11-13,M103,P102,Assembly Defect,10,980
2025-11-19,M404,P101,Solder Defect,5,1190
2025-01-03,M404,P101,Assembly Defect,7,1421
2025-11-25,M104,P103,Assembly Defect,7,742
2025-06-09,M304,P101,Assembly Defect,8,1832
2025-12-20,M304,P103,Calibration Error,7,1526
2025-09-07,M203,P104,Solder Defect,9,1791
2025-03-31,M401,P104,Solder Defect,11,2332
2025-01-26,M301,P102,Solder Defect,8,1416
2025-10-04,M302,P102,Dimension Error,11,1430
2025-11-30,M101,P101,Dimension Error,8,672
2025-06-09,M401,P103,Assembly Defect,9,1503
2025-01-02,M204,P101,Solder Defect,7,1232
2025-12-10,M101,P103,Assembly Defect,9,999
2025-12-12,M102,P101,Dimension Error,4,556
2025-04-19,M102,P101,Calibration Error,5,1030
2025-11-23,M401,P102,Calibration Error,8,1568
2025-04-04,M202,P102,Dimension Error,9,1224
2025-08-07,M303,P101,Assembly Defect,4,532
2025-03-16,M401,P101,Assembly Defect,6,1374
2025-01-25,M301,P104,Calibration Error,11,1881
2025-04-18,M303,P102,Calibration Error,12,2244
2025-12-03,M304,P103,Calibration Error,4,372
2025-06-26,M203,P104,Calibration Error,6,948
2025-07-09,M104,P102,Assembly Defect,15,3555
2025-10-28,M402,P103,Calibration Error,1,187
2025-01-31,M401,P101,Solder Defect,7,1652
2025-10-15,M403,P102,Dimension Error,10,1450
2025-01-06,M303,P101,Assembly Defect,7,1729
2025-12-24,M204,P101,Dimension Error,2,308
2025-02-16,M103,P101,Calibration Error,7,1337
2025-07-07,M402,P103,Solder Defect,8,1952
2025-03-22,M304,P103,Calibration Error,7,1323
2025-01-21,M102,P104,Calibration Error,9,1962
2025-11-27,M202,P102,Calibration Error,6,1278
2025-05-13,M203,P103,Dimension Error,5,1175
2025-11-12,M203,P103,Assembly Defect,3,522
2025-10-15,M202,P102,Assembly Defect,4,384
2025-11-25,M404,P103,Dimension Error,2,324
2025-04-01,M301,P104,Dimension Error,10,1700
2025-07-23,M304,P103,Solder Defect,8,968
2025-09-21,M303,P104,Calibration Error,9,1953
2025-04-07,M402,P104,Dimension Error,10,1880
2025-06-27,M403,P101,Calibration Error,8,800
2025-01-02,M103,P102,Calibration Error,7,1680
2025-02-06,M204,P102,Dimension Error,5,855
2025-04-18,M301,P102,Solder Defect,12,1884
2025-05-28,M203,P103,Assembly Defect,5,820
2025-08-21,M302,P102,Dimension Error,29,3799
2025-10-15,M201,P103,Calibration Error,6,1050
2025-05-27,M203,P101,Calibration Error,10,1670
2025-12-19,M204,P103,Calibration Error,8,768
2025-06-30,M103,P104,Calibration Error,13,1989
2025-07-14,M402,P101,Dimension Error,14,3024
2025-10-21,M201,P103,Dimension Error,8,848
2025-07-03,M404,P103,Dimension Error,3,318
2025-01-09,M102,P101,Solder Defect,8,1072
2025-01-11,M202,P102,Solder Defect,9,1035
2025-04-18,M303,P103,Solder Defect,12,1500
2025-02-19,M402,P102,Calibration Error,6,768
2025-03-20,M304,P103,Solder Defect,3,441
2025-03-06,M202,P104,Calibration Error,6,1440
2025-03-10,M402,P102,Solder Defect,5,775
2025-05-16,M303,P102,Dimension Error,4,428
2025-06-22,M102,P103,Assembly Defect,5,555
2025-11-13,M401,P104,Dimension Error,9,1854
2025-10-09,M102,P101,Solder Defect,3,729
2025-06-30,M104,P102,Calibration Error,11,2068
2025-10-02,M302,P102,Calibration Error,15,2700
2025-04-08,M303,P103,Assembly Defect,8,1488
2025-11-09,M102,P102,Calibration Error,7,1253
2025-10-16,M203,P101,Solder Defect,10,1670
2025-08-16,M103,P104,Calibration Error,5,625
2025-04-13,M104,P103,Assembly Defect,10,1670
2025-06-23,M201,P104,Dimension Error,7,1337
2025-11-24,M202,P104,Solder Defect,5,630
2025-04-21,M303,P104,Assembly Defect,3,255
2025-12-13,M204,P101,Dimension Error,9,1890
2025-11-07,M103,P103,Solder Defect,11,2233
2025-12-23,M402,P104,Dimension Error,9,2025
2025-10-20,M203,P101,Solder Defect,9,2160
2025-10-18,M302,P104,Assembly Defect,19,2090
2025-03-30,M204,P101,Solder Defect,10,890
2025-03-14,M302,P101,Assembly Defect,21,2268
2025-09-11,M303,P104,Calibration Error,6,1170
2025-04-18,M303,P102,Calibration Error,10,1220
2025-08-31,M102,P102,Dimension Error,9,1656
2025-08-11,M402,P103,Assembly Defect,8,1072
2025-02-05,M103,P104,Calibration Error,3,291
2025-01-31,M401,P103,Solder Defect,10,1580
2025-12-25,M301,P104,Calibration Error,9,2133
2025-07-26,M304,P103,Calibration Error,7,700
2025-01-10,M303,P103,Dimension Error,9,1854
2025-02-03,M102,P102,Solder Defect,9,2241
2025-03-15,M403,P103,Dimension Error,6,540
2025-10-13,M303,P104,Dimension Error,4,940
2025-04-07,M303,P103,Calibration Error,3,435
2025-03-24,M203,P101,Assembly Defect,10,2250
2025-05-22,M303,P102,Solder Defect,11,1353
2025-06-26,M402,P101,Dimension Error,6,690
2025-11-26,M101,P101,Solder Defect,8,1192
2025-01-25,M104,P103,Solder Defect,7,1099
2025-02-23,M302,P101,Assembly Defect,10,2220
2025-06-28,M101,P101,Calibration Error,4,592
2025-09-03,M301,P102,Dimension Error,6,816
2025-08-01,M301,P101,Calibration Error,4,492
2025-07-30,M302,P104,Calibration Error,16,2368
2025-12-19,M204,P102,Assembly Defect,6,1002
2025-04-19,M401,P101,Assembly Defect,9,1008
2025-05-10,M101,P101,Dimension Error,12,1824
2025-12-29,M301,P102,Assembly Defect,6,840
2025-10-20,M401,P103,Calibration Error,9,1755
2025-08-10,M202,P101,Solder Defect,11,2420
2025-11-28,M104,P102,Calibration Error,8,1264
2025-07-16,M401,P101,Assembly Defect,6,720
2025-10-02,M102,P104,Solder Defect,8,968
2025-01-05,M403,P101,Dimension Error,8,1144
2025-07-03,M104,P103,Solder Defect,8,792
2025-08-29,M303,P102,Calibration Error,8,880
2025-08-14,M102,P102,Assembly Defect,11,1452
2025-05-03,M404,P104,Solder Defect,10,2160
2025-07-19,M102,P103,Calibration Error,8,1592
2025-09-03,M304,P104,Calibration Error,6,1044
2025-04-12,M403,P101,Dimension Error,9,1035
2025-01-19,M104,P103,Calibration Error,8,1128
2025-04-27,M101,P101,Calibration Error,6,762
2025-06-22,M401,P104,Assembly Defect,11,2123
2025-05-09,M103,P102,Calibration Error,7,679
2025-02-21,M304,P101,Dimension Error,7,1456
2025-04-27,M302,P103,Calibration Error,14,2590
2025-12-02,M402,P102,Solder Defect,7,1218
2025-06-04,M203,P101,Solder Defect,7,924
2025-11-25,M302,P101,Calibration Error,17,2907
2025-07-15,M303,P102,Dimension Error,13,2470
2025-09-12,M103,P102,Dimension Error,5,790
2025-08-03,M203,P103,Solder Defect,8,1256
2025-06-16,M202,P102,Calibration Error,7,938
2025-03-13,M303,P102,Assembly Defect,9,1890
2025-12-04,M303,P102,Dimension Error,7,1652
2025-10-18,M203,P103,Dimension Error,8,1360
2025-08-13,M403,P103,Calibration Error,6,1464
2025-04-24,M304,P102,Solder Defect,8,1880
2025-09-12,M101,P104,Assembly Defect,7,567
2025-08-10,M302,P101,Calibration Error,20,4880
2025-02-09,M303,P103,Solder Defect,12,1428
2025-06-07,M301,P104,Calibration Error,8,656
2025-08-20,M303,P101,Solder Defect,9,1638
2025-04-11,M201,P104,Solder Defect,8,1024
2025-11-30,M301,P101,Assembly Defect,5,530
2025-01-09,M304,P102,Dimension Error,4,936
2025-11-18,M401,P102,Dimension Error,7,1092
2025-03-27,M403,P102,Solder Defect,10,1270
2025-07-27,M301,P103,Assembly Defect,9,1179
2025-07-18,M404,P104,Dimension Error,11,2596
2025-08-10,M404,P103,Dimension Error,10,2020
2025-11-19,M202,P104,Dimension Error,12,1548
2025-01-03,M103,P102,Calibration Error,7,952
2025-03-09,M404,P102,Solder Defect,10,1950
2025-01-01,M202,P104,Dimension Error,9,990
2025-11-05,M401,P101,Assembly Defect,4,936
2025-05-25,M104,P103,Solder Defect,7,1106
2025-08-24,M304,P104,Solder Defect,5,930
2025-01-22,M203,P103,Assembly Defect,5,590
2025-07-23,M101,P104,Calibration Error,7,840
2025-09-14,M403,P103,Dimension Error,10,980
2025-06-07,M103,P101,Dimension Error,6,1062
2025-02-05,M304,P102,Calibration Error,8,960
2025-06-22,M403,P101,Assembly Defect,9,819
2025-08-05,M101,P102,Solder Defect,8,1088
2025-05-27,M404,P101,Solder Defect,9,1143
2025-01-26,M201,P104,Calibration Error,10,860
2025-11-29,M201,P102,Assembly Defect,7,1701
2025-10-21,M303,P101,Calibration Error,6,1386
2025-11-17,M201,P101,Dimension Error,12,1428
2025-03-17,M203,P101,Calibration Error,8,1136
2025-07-10,M201,P102,Calibration Error,5,1135
2025-10-04,M304,P101,Solder Defect,14,1540
2025-05-04,M404,P104,Calibration Error,6,1308
2025-12-05,M403,P102,Dimension Error,9,1989
2025-08-28,M401,P104,Calibration Error,12,1704
2025-07-20,M101,P103,Calibration Error,10,1130
2025-10-31,M401,P104,Assembly Defect,7,742
2025-06-05,M301,P103,Dimension Error,3,498
2025-08-24,M301,P102,Solder Defect,4,732
2025-03-21,M101,P104,Solder Defect,10,1590
2025-12-13,M302,P101,Dimension Error,15,1380
2025-03-30,M103,P101,Calibration Error,6,492
2025-01-03,M301,P102,Calibration Error,7,1603
2025-03-03,M302,P101,Solder Defect,12,2904
2025-08-13,M402,P102,Calibration Error,9,765
2025-11-17,M303,P101,Dimension Error,8,1208
2025-10-20,M303,P101,Assembly Defect,8,1216
2025-05-03,M202,P104,Solder Defect,4,924
2025-03-27,M101,P102,Assembly Defect,10,2460
2025-05-16,M104,P104,Solder Defect,6,1056
2025-10-31,M203,P104,Calibration Error,9,1341
2025-01-30,M303,P101,Dimension Error,8,1112
2025-03-09,M204,P101,Calibration Error,6,1230
2025-01-08,M303,P104,Assembly Defect,4,396
2025-01-20,M204,P104,Dimension Error,8,960
2025-03-31,M402,P103,Assembly Defect,8,888
2025-06-17,M201,P103,Calibration Error,10,2140
2025-06-29,M103,P104,Calibration Error,8,1280
2025-09-10,M103,P101,Dimension Error,7,1064
2025-05-23,M402,P104,Assembly Defect,11,2222
2025-02-24,M203,P102,Solder Defect,8,840
2025-01-31,M202,P101,Assembly Defect,11,2343
2025-12-12,M303,P101,Solder Defect,11,2431
2025-07-08,M103,P101,Solder Defect,5,520
2025-05-27,M401,P101,Calibration Error,8,1024
2025-07-09,M204,P103,Dimension Error,6,1260
2025-03-25,M101,P101,Assembly Defect,3,276
2025-10-03,M104,P102,Calibration Error,6,996
2025-08-08,M204,P101,Dimension Error,8,1648
2025-07-15,M401,P101,Calibration Error,5,975
2025-02-18,M401,P102,Dimension Error,8,1720
2025-11-21,M301,P104,Dimension Error,9,918
2025-10-07,M103,P102,Calibration Error,11,1738
2025-09-13,M403,P101,Assembly Defect,7,714
2025-01-07,M301,P104,Calibration Error,11,880
2025-11-18,M101,P102,Calibration Error,3,312
2025-04-21,M104,P101,Assembly Defect,6,1260
2025-03-30,M302,P101,Assembly Defect,18,1530
2025-05-21,M302,P103,Dimension Error,20,3960
2025-09-30,M302,P102,Assembly Defect,24,4440
2025-04-24,M302,P101,Solder Defect,15,3465
2025-08-20,M402,P102,Calibration Error,5,750
2025-07-04,M101,P101,Assembly Defect,2,212
2025-11-13,M304,P101,Solder Defect,5,650
2025-11-19,M102,P102,Solder Defect,6,1158
2025-07-19,M401,P101,Dimension Error,10,810
2025-07-18,M104,P104,Dimension Error,6,1332
2025-05-18,M402,P103,Calibration Error,11,2684
2025-01-16,M404,P102,Assembly Defect,7,1491
2025-02-06,M104,P104,Dimension Error,4,936
2025-03-13,M204,P103,Assembly Defect,6,870
2025-01-29,M303,P103,Dimension Error,8,928
2025-06-08,M404,P104,Calibration Error,10,1010
2025-04-24,M402,P102,Dimension Error,6,714
2025-01-14,M103,P104,Solder Defect,5,1245
2025-05-20,M302,P101,Dimension Error,14,1806
2025-02-04,M101,P101,Dimension Error,16,1504
2025-12-24,M401,P104,Dimension Error,8,1136
2025-08-13,M201,P101,Assembly Defect,10,2220
2025-10-22,M203,P103,Assembly Defect,12,2964
2025-01-27,M302,P104,Solder Defect,16,3136
2025-02-15,M202,P104,Assembly Defect,9,1611
2025-06-27,M401,P103,Solder Defect,8,1512
2025-06-11,M401,P104,Dimension Error,6,1182
2025-02-18,M303,P104,Solder Defect,8,808
2025-03-02,M201,P101,Dimension Error,3,252
2025-02-23,M101,P103,Calibration Error,4,696
2025-10-19,M402,P104,Calibration Error,10,1840
2025-04-04,M304,P103,Calibration Error,5,840
2025-08-24,M402,P101,Assembly Defect,6,522
2025-12-31,M204,P102,Assembly Defect,5,1175
2025-11-18,M301,P101,Dimension Error,10,960
2025-09-16,M402,P102,Solder Defect,6,864
2025-04-15,M301,P102,Calibration Error,5,1155
2025-11-05,M404,P103,Calibration Error,5,565
2025-03-05,M101,P101,Calibration Error,6,816
2025-10-26,M203,P101,Solder Defect,7,1057
2025-01-04,M102,P102,Dimension Error,7,1309
2025-06-26,M302,P101,Solder Defect,18,1620
2025-06-23,M402,P103,Solder Defect,3,351
2025-06-30,M403,P104,Solder Defect,8,1864
2025-01-24,M303,P101,Calibration Error,6,1188
2025-11-05,M101,P103,Dimension Error,12,1548
2025-07-22,M103,P101,Calibration Error,7,1491
2025-08-04,M301,P102,Dimension Error,10,1140
2025-07-29,M402,P101,Dimension Error,4,516
2025-07-19,M403,P104,Solder Defect,9,1764
2025-12-30,M403,P103,Calibration Error,8,1864
2025-07-30,M302,P102,Dimension Error,28,2940
2025-07-03,M301,P104,Solder Defect,12,2904
2025-05-16,M104,P102,Assembly Defect,5,815
2025-03-25,M403,P104,Solder Defect,7,1204
2025-01-20,M404,P103,Assembly Defect,9,810
2025-06-14,M402,P102,Assembly Defect,5,775
2025-10-01,M103,P104,Dimension Error,9,1908
2025-10-30,M304,P101,Solder Defect,9,1233
2025-10-21,M104,P102,Dimension Error,9,855
2025-08-13,M301,P101,Assembly Defect,11,1353
2025-01-12,M104,P102,Assembly Defect,11,2629
2025-12-03,M302,P102,Calibration Error,16,3984
2025-02-08,M302,P101,Assembly Defect,22,2750
2025-06-09,M404,P104,Calibration Error,9,1539
2025-08-14,M202,P102,Dimension Error,10,2490
2025-03-25,M404,P102,Calibration Error,7,644
2025-09-14,M101,P102,Assembly Defect,13,2093
2025-06-01,M302,P104,Assembly Defect,18,2250
2025-02-02,M102,P103,Assembly Defect,6,1398
2025-07-18,M402,P101,Dimension Error,4,788
2025-12-07,M203,P101,Dimension Error,7,1568
2025-01-02,M103,P103,Dimension Error,7,1358
2025-08-03,M103,P104,Solder Defect,11,2552
2025-10-22,M304,P101,Solder Defect,14,1260
2025-04-21,M304,P104,Calibration Error,9,1449
2025-09-05,M401,P102,Solder Defect,1,94
2025-11-17,M102,P102,Solder Defect,7,1176
2025-08-21,M303,P103,Solder Defect,5,430
2025-01-29,M301,P103,Assembly Defect,2,196
2025-06-26,M402,P104,Calibration Error,7,630
2025-07-11,M403,P102,Dimension Error,6,1050
2025-08-11,M201,P102,Solder Defect,4,484
2025-02-28,M403,P103,Calibration Error,6,1338
2025-04-19,M101,P103,Calibration Error,14,2758
2025-01-15,M104,P102,Dimension Error,3,540
2025-12-26,M101,P104,Calibration Error,9,729
2025-12-10,M203,P102,Assembly Defect,6,1272
2025-11-08,M203,P102,Calibration Error,13,3185
2025-08-27,M404,P103,Dimension Error,5,1025
2025-09-01,M301,P104,Dimension Error,8,1752
2025-06-16,M203,P102,Assembly Defect,9,981
2025-05-31,M302,P102,Dimension Error,28,6244
2025-11-06,M102,P104,Dimension Error,7,1197
2025-09-01,M302,P104,Assembly Defect,26,4316
2025-12-13,M403,P103,Dimension Error,7,1092
2025-07-07,M103,P102,Assembly Defect,8,920
2025-08-18,M204,P103,Dimension Error,7,1519
2025-12-15,M201,P103,Solder Defect,8,1456
2025-06-27,M201,P102,Dimension Error,9,1197
2025-06-17,M104,P101,Dimension Error,8,1624
2025-09-29,M401,P102,Assembly Defect,3,720
2025-02-04,M301,P103,Dimension Error,6,1500
2025-09-06,M403,P103,Dimension Error,7,1288
2025-04-11,M403,P101,Solder Defect,8,1032
2025-02-04,M403,P102,Dimension Error,13,2652
2025-10-19,M402,P101,Dimension Error,9,2250
2025-10-04,M401,P104,Assembly Defect,6,744
2025-01-05,M303,P101,Assembly Defect,10,2000
2025-10-01,M302,P104,Calibration Error,15,1455
2025-07-27,M203,P103,Dimension Error,10,1640
2025-02-17,M401,P103,Solder Defect,7,1176
2025-04-30,M103,P102,Solder Defect,10,1550
2025-02-06,M204,P102,Dimension Error,7,1673
2025-01-25,M402,P104,Assembly Defect,11,1177
2025-11-24,M301,P104,Dimension Error,11,1023
2025-02-22,M404,P101,Assembly Defect,11,2475
2025-05-02,M402,P104,Solder Defect,9,963
2025-12-19,M303,P103,Calibration Error,12,1524
2025-07-18,M302,P101,Calibration Error,18,3204
2025-07-11,M303,P102,Assembly Defect,6,1224
2025-10-15,M403,P102,Assembly Defect,7,763
2025-07-14,M204,P102,Solder Defect,7,882
2025-03-23,M403,P101,Solder Defect,8,1072
2025-12-01,M103,P101,Solder Defect,11,1276
2025-02-12,M301,P101,Solder Defect,5,1080
2025-05-11,M403,P103,Assembly Defect,2,344
2025-08-17,M404,P102,Assembly Defect,11,2695
2025-04-21,M201,P102,Calibration Error,8,1880
2025-02-04,M203,P102,Solder Defect,3,660
2025-11-21,M204,P104,Dimension Error,5,1140
2025-05-15,M204,P103,Solder Defect,10,2140
2025-05-20,M401,P104,Calibration Error,9,1035
2025-10-23,M403,P103,Assembly Defect,13,2145
2025-08-07,M201,P104,Solder Defect,9,2205
2025-04-08,M403,P101,Calibration Error,8,1168
2025-06-03,M401,P103,Assembly Defect,6,1344
2025-10-05,M101,P101,Dimension Error,7,1274
2025-01-15,M302,P104,Calibration Error,10,1860
2025-03-17,M402,P103,Dimension Error,12,1968
2025-09-15,M404,P102,Assembly Defect,8,1184
2025-06-03,M401,P102,Solder Defect,9,1044
2025-09-29,M301,P102,Solder Defect,9,2052
2025-03-30,M403,P103,Calibration Error,7,1575
2025-01-23,M103,P101,Calibration Error,6,690
2025-01-20,M202,P101,Assembly Defect,10,2470
2025-02-19,M201,P103,Solder Defect,7,931
2025-07-16,M301,P101,Assembly Defect,12,1848
2025-02-25,M401,P103,Calibration Error,6,828
2025-09-08,M101,P101,Dimension Error,4,828
2025-09-01,M304,P101,Solder Defect,9,819
2025-04-16,M202,P102,Dimension Error,5,430
2025-09-01,M204,P103,Dimension Error,8,1680
2025-05-27,M204,P102,Dimension Error,8,1592
2025-05-12,M302,P104,Assembly Defect,17,2312
2025-02-09,M102,P102,Calibration Error,6,810
2025-04-29,M304,P103,Calibration Error,9,1746
2025-08-11,M404,P102,Solder Defect,9,1539
2025-10-08,M303,P102,Solder Defect,8,1904
2025-08-05,M301,P103,Dimension Error,4,876
2025-03-18,M201,P103,Calibration Error,7,721
2025-03-11,M103,P102,Assembly Defect,8,1384
2025-09-14,M203,P102,Calibration Error,7,595
2025-09-02,M104,P103,Solder Defect,7,784
2025-06-18,M403,P101,Dimension Error,7,1365
2025-01-30,M403,P104,Calibration Error,6,936
2025-05-10,M303,P103,Dimension Error,6,978
2025-12-01,M403,P101,Solder Defect,7,973
2025-02-26,M304,P104,Dimension Error,10,1330
2025-03-01,M102,P102,Assembly Defect,9,1080
2025-07-18,M302,P103,Dimension Error,12,2712
2025-05-24,M402,P103,Assembly Defect,10,2110
2025-04-20,M104,P101,Solder Defect,10,1290
2025-06-27,M304,P104,Calibration Error,5,880
2025-04-08,M202,P104,Assembly Defect,6,528
2025-04-06,M404,P101,Calibration Error,6,1074
2025-06-06,M202,P101,Solder Defect,5,620
2025-05-01,M403,P102,Solder Defect,8,1640
2025-05-08,M402,P104,Assembly Defect,7,1575
2025-09-10,M102,P104,Assembly Defect,4,912
2025-12-30,M101,P101,Dimension Error,4,996
2025-11-19,M301,P102,Calibration Error,11,1848
2025-07-31,M201,P102,Assembly Defect,7,602
2025-03-30,M103,P101,Solder Defect,9,1890
2025-08-30,M101,P101,Solder Defect,4,360
2025-10-03,M201,P102,Calibration Error,8,752
2025-07-03,M204,P102,Calibration Error,12,1080
2025-10-05,M204,P103,Dimension Error,10,920
2025-09-28,M101,P103,Dimension Error,6,1068
2025-02-06,M403,P101,Solder Defect,10,1030
2025-05-27,M404,P102,Assembly Defect,6,1194
2025-06-30,M104,P101,Dimension Error,7,903
2025-10-18,M102,P104,Dimension Error,2,324
2025-01-30,M401,P103,Dimension Error,9,1701
2025-01-20,M202,P104,Calibration Error,4,444
2025-08-06,M101,P102,Assembly Defect,7,651
2025-03-20,M302,P103,Solder Defect,13,1703
2025-03-06,M403,P101,Assembly Defect,4,476
2025-05-21,M103,P104,Assembly Defect,3,726
2025-06-10,M402,P103,Dimension Error,12,2604
2025-08-01,M401,P104,Dimension Error,12,2904
2025-12-04,M301,P104,Solder Defect,13,1963
2025-03-26,M302,P101,Solder Defect,12,996
2025-12-24,M104,P102,Dimension Error,16,2352
2025-04-08,M403,P103,Dimension Error,8,832
2025-01-09,M404,P102,Calibration Error,8,1024
2025-04-03,M201,P103,Calibration Error,9,1233
2025-09-04,M402,P102,Calibration Error,7,931
2025-05-01,M301,P103,Solder Defect,6,654
2025-06-25,M301,P101,Dimension Error,8,1648
2025-07-27,M304,P104,Dimension Error,13,2483
2025-02-10,M102,P101,Solder Defect,5,420
2025-06-29,M103,P101,Dimension Error,8,968
2025-11-26,M301,P104,Calibration Error,7,1673
2025-04-21,M203,P103,Solder Defect,6,918
2025-01-29,M201,P104,Dimension Error,6,822
2025-02-14,M303,P103,Assembly Defect,6,1284
2025-01-25,M101,P104,Assembly Defect,7,1449
2025-06-23,M403,P103,Solder Defect,15,2010
2025-02-26,M204,P102,Calibration Error,4,820
2025-01-28,M301,P103,Assembly Defect,4,716
2025-10-02,M303,P101,Solder Defect,9,2250
2025-04-12,M103,P102,Assembly Defect,8,1248
2025-02-25,M302,P102,Calibration Error,11,2013
2025-05-24,M303,P104,Solder Defect,7,672
2025-08-29,M403,P102,Calibration Error,9,1836
2025-12-05,M102,P101,Solder Defect,8,1504
2025-07-05,M203,P104,Solder Defect,11,1848
2025-05-31,M404,P101,Calibration Error,12,2412
2025-10-23,M204,P101,Solder Defect,9,1944
2025-03-21,M401,P102,Dimension Error,13,2587
2025-06-10,M402,P101,Dimension Error,8,680
2025-06-03,M104,P104,Dimension Error,8,656
2025-11-09,M304,P104,Dimension Error,11,1155
2025-02-13,M202,P102,Solder Defect,8,672
2025-09-04,M303,P104,Assembly Defect,4,544
2025-07-04,M204,P101,Dimension Error,8,1296
2025-04-25,M203,P104,Calibration Error,9,972
2025-05-15,M201,P104,Solder Defect,10,2120
2025-12-18,M401,P101,Dimension Error,7,1127
2025-11-28,M401,P104,Calibration Error,9,1296
2025-06-12,M301,P104,Assembly Defect,10,2500
2025-12-17,M202,P102,Solder Defect,6,1116
2025-10-18,M201,P103,Assembly Defect,10,2150
2025-05-04,M102,P101,Calibration Error,5,845
2025-10-01,M102,P104,Assembly Defect,7,1281
2025-11-17,M204,P103,Assembly Defect,5,1185
2025-02-19,M102,P103,Calibration Error,13,2002
2025-10-13,M204,P101,Calibration Error,9,1728
2025-03-25,M403,P104,Calibration Error,6,918
2025-01-25,M404,P102,Calibration Error,8,1664
2025-02-10,M103,P104,Dimension Error,7,714
2025-09-09,M403,P101,Solder Defect,15,1215
2025-04-26,M302,P101,Calibration Error,14,2870
2025-04-23,M402,P101,Dimension Error,7,1113
2025-06-13,M403,P103,Solder Defect,3,603
2025-11-17,M103,P103,Solder Defect,6,504
2025-02-01,M101,P101,Solder Defect,6,828
2025-05-03,M102,P102,Solder Defect,19,2850
2025-10-08,M101,P103,Solder Defect,6,600
2025-02-17,M204,P102,Solder Defect,5,850
2025-12-05,M103,P102,Dimension Error,6,1230
2025-03-17,M301,P103,Calibration Error,5,1225
2025-08-18,M402,P103,Assembly Defect,5,880
2025-02-08,M302,P104,Solder Defect,18,4356
2025-10-07,M203,P102,Dimension Error,12,1968
2025-11-14,M403,P103,Dimension Error,4,364
2025-11-19,M104,P103,Dimension Error,9,990
2025-11-05,M202,P101,Calibration Error,7,959
2025-09-25,M201,P104,Assembly Defect,10,1880
2025-03-04,M404,P104,Solder Defect,6,684
2025-07-13,M401,P104,Solder Defect,10,1780
2025-10-21,M202,P104,Dimension Error,4,344
2025-12-12,M402,P104,Assembly Defect,4,784
2025-06-01,M402,P103,Dimension Error,8,1544
2025-12-06,M303,P104,Dimension Error,6,1146
2025-09-04,M203,P101,Solder Defect,10,1980
2025-06-12,M102,P104,Calibration Error,9,1161
2025-12-02,M204,P104,Calibration Error,10,1370
2025-10-17,M204,P103,Dimension Error,7,1064
2025-12-20,M103,P102,Dimension Error,5,1035
2025-10-15,M401,P103,Dimension Error,6,558
2025-08-17,M204,P103,Assembly Defect,7,1281
2025-01-02,M304,P102,Solder Defect,8,1576
2025-04-18,M201,P101,Calibration Error,10,1350
2025-01-02,M303,P104,Calibration Error,7,1680
2025-09-18,M101,P102,Calibration Error,9,2070
2025-12-03,M304,P103,Dimension Error,6,1086
2025-11-13,M203,P101,Calibration Error,8,1656
2025-12-17,M102,P104,Solder Defect,15,3495
2025-01-06,M402,P102,Calibration Error,6,1494
2025-11-29,M103,P103,Assembly Defect,8,1096
2025-06-06,M302,P101,Dimension Error,15,2940
2025-01-02,M302,P104,Dimension Error,13,1404
2025-12-27,M403,P102,Assembly Defect,6,1416
2025-09-28,M303,P104,Calibration Error,9,1305
2025-04-14,M402,P103,Solder Defect,10,2370
2025-05-09,M104,P104,Calibration Error,12,2892
2025-12-23,M401,P104,Calibration Error,9,1332
2025-01-06,M401,P102,Dimension Error,4,376
2025-02-12,M204,P102,Solder Defect,9,1575
2025-07-23,M402,P104,Solder Defect,6,576
2025-12-13,M103,P104,Solder Defect,6,1188
2025-02-26,M101,P103,Assembly Defect,4,944
2025-10-21,M202,P101,Dimension Error,7,700
2025-09-22,M101,P102,Calibration Error,8,800
2025-05-05,M104,P104,Solder Defect,9,1440
2025-01-18,M203,P103,Dimension Error,12,1284
2025-11-21,M103,P104,Calibration Error,3,465
2025-02-16,M404,P103,Solder Defect,5,755
2025-07-28,M304,P103,Assembly Defect,8,1304
2025-02-13,M202,P102,Calibration Error,13,2171
2025-07-06,M103,P104,Assembly Defect,9,2142
2025-02-14,M304,P104,Dimension Error,1,129
2025-01-13,M203,P104,Calibration Error,7,973
2025-09-20,M402,P103,Dimension Error,5,825
2025-01-10,M102,P104,Assembly Defect,7,1029
2025-04-17,M303,P102,Assembly Defect,7,1722
2025-01-01,M103,P101,Dimension Error,4,692
2025-04-29,M401,P103,Dimension Error,6,510
2025-07-21,M402,P104,Dimension Error,7,1428
2025-09-17,M104,P102,Assembly Defect,6,576
2025-06-08,M303,P102,Assembly Defect,9,1350
2025-10-08,M402,P103,Solder Defect,7,1120
2025-04-21,M304,P101,Solder Defect,6,882
2025-04-11,M304,P101,Assembly Defect,9,810
2025-07-13,M203,P102,Assembly Defect,7,1701
2025-07-26,M304,P101,Calibration Error,9,1053
2025-08-22,M103,P101,Solder Defect,7,1092
2025-11-13,M104,P102,Dimension Error,9,1359
2025-05-01,M301,P104,Solder Defect,7,1652
2025-10-15,M104,P102,Solder Defect,5,860
2025-01-25,M104,P104,Calibration Error,6,846
2025-10-18,M201,P102,Dimension Error,9,1008
2025-06-12,M204,P102,Dimension Error,9,1548
2025-09-08,M104,P101,Calibration Error,8,1240
2025-10-21,M104,P102,Calibration Error,8,640
2025-01-14,M402,P102,Calibration Error,5,1080
2025-02-27,M203,P102,Assembly Defect,15,2595
2025-03-01,M402,P104,Solder Defect,12,2472
2025-08-19,M401,P101,Dimension Error,13,1066
2025-09-09,M103,P101,Dimension Error,9,1044
2025-11-10,M201,P102,Calibration Error,9,1467
2025-10-17,M104,P102,Calibration Error,11,1892
2025-04-16,M103,P103,Calibration Error,15,2550
2025-08-10,M202,P104,Calibration Error,9,1431
2025-07-01,M101,P103,Solder Defect,10,2270
2025-05-10,M104,P103,Dimension Error,6,1500
2025-09-12,M103,P104,Calibration Error,6,1296
2025-12-08,M202,P101,Calibration Error,16,2464
2025-05-27,M401,P102,Solder Defect,8,1456
2025-04-10,M401,P102,Dimension Error,8,648
2025-04-19,M402,P103,Dimension Error,8,1112
2025-03-14,M202,P102,Calibration Error,9,1035
2025-05-10,M202,P104,Calibration Error,1,195
2025-10-12,M203,P104,Solder Defect,8,960
2025-06-24,M301,P101,Assembly Defect,9,1503
2025-03-11,M404,P103,Dimension Error,6,1008
2025-11-09,M101,P103,Assembly Defect,10,1990
2025-05-25,M103,P104,Dimension Error,7,1113
2025-04-20,M301,P103,Solder Defect,8,640
2025-06-26,M403,P103,Solder Defect,7,1246
2025-12-20,M303,P102,Assembly Defect,9,1215
2025-04-01,M204,P102,Assembly Defect,5,780
2025-05-18,M204,P103,Assembly Defect,6,660
2025-10-23,M304,P103,Solder Defect,10,2200
2025-11-30,M403,P104,Assembly Defect,5,735
2025-09-10,M201,P101,Assembly Defect,6,1170
2025-01-15,M402,P104,Calibration Error,6,1008
2025-01-01,M104,P104,Calibration Error,11,1397
2025-01-14,M302,P102,Dimension Error,16,1776
2025-05-13,M302,P104,Calibration Error,17,3604
2025-05-09,M201,P104,Solder Defect,5,845
2025-03-30,M204,P101,Assembly Defect,10,1880
2025-10-09,M201,P101,Solder Defect,9,1890
2025-03-31,M101,P104,Solder Defect,10,2320
2025-09-14,M202,P102,Solder Defect,10,2280
2025-03-08,M304,P102,Solder Defect,8,648
2025-11-28,M301,P102,Calibration Error,8,1936
2025-06-26,M301,P104,Solder Defect,5,670
2025-01-26,M202,P104,Calibration Error,7,1610
2025-10-25,M101,P102,Assembly Defect,8,816
2025-01-12,M101,P102,Calibration Error,11,2222
2025-11-03,M201,P103,Dimension Error,8,1808
2025-10-20,M204,P103,Assembly Defect,10,1340
2025-03-28,M402,P101,Calibration Error,6,750
2025-03-29,M302,P101,Solder Defect,24,4776
2025-08-31,M102,P101,Calibration Error,6,1218
2025-10-01,M104,P104,Solder Defect,6,1008
2025-01-26,M401,P103,Calibration Error,11,1705
2025-07-15,M101,P103,Calibration Error,10,920
2025-10-05,M303,P101,Assembly Defect,3,303
2025-04-06,M201,P104,Dimension Error,4,364
2025-01-12,M403,P103,Assembly Defect,10,1080
2025-02-22,M403,P101,Assembly Defect,16,3664
2025-02-01,M204,P104,Assembly Defect,9,1872
2025-09-08,M204,P104,Calibration Error,8,1344
2025-11-11,M101,P101,Calibration Error,7,1120
2025-11-05,M402,P103,Calibration Error,9,1332
2025-04-28,M201,P104,Dimension Error,8,1920
2025-09-09,M103,P103,Assembly Defect,5,1240
2025-04-05,M303,P103,Dimension Error,9,900
2025-10-25,M302,P104,Dimension Error,16,1456
2025-08-28,M103,P101,Solder Defect,5,695
2025-07-07,M203,P102,Dimension Error,10,1370
2025-06-28,M201,P101,Dimension Error,6,750
2025-04-14,M301,P101,Assembly Defect,9,2169
2025-02-14,M304,P103,Dimension Error,6,1122
2025-05-07,M104,P103,Calibration Error,11,2398
2025-08-27,M102,P104,Solder Defect,9,864
2025-06-25,M302,P102,Solder Defect,9,1917
2025-09-14,M303,P103,Solder Defect,9,2151
2025-03-17,M401,P103,Assembly Defect,8,880
2025-09-01,M203,P102,Dimension Error,9,2223
2025-07-19,M402,P103,Solder Defect,8,1208
2025-04-25,M103,P102,Dimension Error,6,882
2025-01-12,M101,P101,Solder Defect,4,436
2025-02-25,M101,P104,Calibration Error,6,1332
2025-03-26,M202,P103,Assembly Defect,4,560
2025-03-23,M401,P103,Assembly Defect,5,1125
2025-06-10,M103,P101,Dimension Error,7,1456
2025-12-01,M303,P103,Solder Defect,11,2145
2025-11-03,M104,P103,Assembly Defect,12,1692
2025-07-25,M102,P102,Assembly Defect,8,1384
2025-11-05,M301,P102,Solder Defect,8,1216
2025-11-12,M301,P101,Solder Defect,7,1645
2025-02-05,M102,P101,Dimension Error,3,690
2025-06-16,M401,P101,Calibration Error,7,896
2025-04-08,M103,P104,Dimension Error,8,1840
2025-03-28,M401,P104,Assembly Defect,4,336
2025-12-25,M204,P101,Dimension Error,10,1680
2025-01-02,M303,P101,Dimension Error,17,2567
2025-01-11,M104,P101,Dimension Error,9,1746
2025-02-26,M102,P101,Dimension Error,11,2629
2025-07-12,M304,P101,Solder Defect,8,1304
2025-11-06,M202,P101,Dimension Error,9,1476
2025-04-21,M404,P103,Assembly Defect,9,1530
2025-12-20,M304,P102,Calibration Error,6,606
2025-09-26,M304,P104,Dimension Error,7,1155
2025-05-12,M204,P103,Dimension Error,10,2100
2025-02-24,M201,P104,Solder Defect,7,567
2025-08-29,M401,P102,Calibration Error,8,760
2025-02-11,M403,P101,Calibration Error,10,850
2025-09-09,M104,P104,Dimension Error,6,672
2025-05-08,M202,P103,Assembly Defect,3,645
2025-10-06,M104,P101,Solder Defect,10,1220
2025-08-14,M403,P104,Solder Defect,10,1720
2025-02-18,M101,P104,Assembly Defect,10,1590
2025-03-06,M301,P104,Dimension Error,14,2674
2025-12-25,M101,P101,Assembly Defect,17,4216
2025-03-13,M304,P104,Dimension Error,9,1440
2025-09-12,M103,P102,Assembly Defect,11,1595
2025-06-02,M304,P103,Dimension Error,9,2025
2025-12-07,M304,P101,Dimension Error,8,768
2025-05-11,M101,P101,Assembly Defect,9,783
2025-12-21,M101,P103,Assembly Defect,5,1225
2025-06-03,M302,P104,Calibration Error,25,4375
2025-03-16,M104,P104,Assembly Defect,11,1573
2025-10-10,M403,P102,Solder Defect,6,1182
2025-07-26,M401,P104,Dimension Error,6,1026
2025-12-26,M201,P103,Assembly Defect,10,1260
2025-01-08,M204,P101,Assembly Defect,9,1827
2025-10-29,M404,P101,Dimension Error,7,1176
2025-10-13,M103,P101,Calibration Error,10,1510
2025-07-08,M102,P104,Dimension Error,8,1760
2025-04-30,M402,P102,Assembly Defect,6,540
2025-12-12,M402,P101,Solder Defect,9,2025
2025-03-13,M201,P104,Solder Defect,9,1683
2025-08-01,M202,P102,Calibration Error,9,1539
2025-04-03,M402,P101,Solder Defect,10,1980
2025-11-19,M403,P102,Dimension Error,6,1002
2025-06-21,M103,P102,Calibration Error,5,955
2025-02-20,M203,P103,Assembly Defect,10,1140
2025-08-20,M101,P101,Calibration Error,9,1206
2025-04-14,M201,P101,Solder Defect,9,1098
2025-06-16,M204,P101,Assembly Defect,6,1092
2025-08-30,M302,P101,Dimension Error,15,3285
2025-07-10,M204,P102,Solder Defect,9,891
2025-06-24,M401,P103,Calibration Error,3,486
2025-08-01,M202,P104,Assembly Defect,7,903
2025-12-18,M104,P103,Calibration Error,6,840
2025-07-13,M302,P102,Solder Defect,15,1770
2025-12-27,M402,P103,Assembly Defect,11,2343
2025-08-28,M103,P104,Dimension Error,8,1032
2025-11-29,M203,P101,Calibration Error,9,1017
2025-03-24,M104,P104,Solder Defect,12,2388
2025-01-02,M104,P102,Solder Defect,11,1815
2025-06-22,M404,P103,Solder Defect,9,1026
2025-07-08,M104,P102,Solder Defect,9,1971
2025-10-07,M203,P102,Assembly Defect,13,1079
2025-11-30,M103,P104,Solder Defect,15,3465
2025-06-05,M301,P103,Assembly Defect,11,2211
2025-08-12,M401,P104,Calibration Error,5,840
2025-04-14,M402,P104,Solder Defect,11,1166
2025-09-06,M104,P102,Solder Defect,10,1380
2025-06-06,M304,P104,Assembly Defect,6,666
2025-11-20,M403,P103,Dimension Error,6,1008
2025-11-13,M202,P102,Solder Defect,5,460
2025-03-08,M202,P103,Calibration Error,8,904
2025-04-29,M403,P101,Dimension Error,8,1424
2025-06-09,M204,P102,Calibration Error,8,1368
2025-02-13,M403,P102,Solder Defect,7,672
2025-02-05,M303,P102,Calibration Error,10,1930
2025-01-05,M203,P101,Dimension Error,5,1000
2025-08-08,M301,P102,Solder Defect,7,1694
2025-12-24,M104,P101,Dimension Error,6,852
2025-02-08,M102,P101,Solder Defect,9,2124
2025-02-28,M101,P103,Dimension Error,13,1157
2025-01-25,M303,P102,Solder Defect,6,954
2025-10-27,M303,P104,Dimension Error,6,1296
2025-07-25,M304,P101,Solder Defect,9,1179
2025-10-08,M304,P102,Dimension Error,7,1694
2025-04-03,M201,P104,Calibration Error,10,2260
2025-04-04,M101,P102,Assembly Defect,10,1340
2025-04-03,M302,P103,Solder Defect,18,3312
2025-11-03,M402,P103,Dimension Error,5,1005
2025-07-24,M303,P103,Calibration Error,4,904
2025-06-30,M202,P101,Assembly Defect,7,1316
2025-05-01,M103,P102,Assembly Defect,11,1837
2025-12-17,M204,P103,Dimension Error,8,1168
2025-10-25,M103,P101,Dimension Error,6,528
2025-09-18,M301,P104,Solder Defect,9,1998
2025-03-22,M201,P102,Calibration Error,11,2684
2025-05-17,M301,P103,Assembly Defect,11,2156
2025-12-08,M302,P103,Assembly Defect,23,4163
2025-11-14,M302,P103,Assembly Defect,13,1911
2025-04-01,M104,P103,Dimension Error,7,805
2025-11-14,M103,P103,Calibration Error,4,708
2025-01-29,M404,P101,Calibration Error,10,1310
2025-10-24,M103,P103,Calibration Error,8,1728
2025-03-08,M403,P104,Assembly Defect,5,1245
2025-07-23,M104,P102,Calibration Error,9,2097
2025-06-30,M303,P103,Assembly Defect,9,2187
2025-03-17,M303,P101,Calibration Error,9,1737
2025-03-30,M101,P104,Dimension Error,6,1152
2025-11-23,M203,P101,Dimension Error,7,1561
2025-01-14,M204,P102,Assembly Defect,8,1456
2025-10-14,M401,P102,Solder Defect,12,2424
2025-06-25,M203,P101,Solder Defect,9,2232
2025-11-24,M203,P102,Solder Defect,4,840
2025-04-18,M303,P101,Dimension Error,6,840
2025-11-15,M302,P103,Assembly Defect,9,1548
2025-01-19,M401,P101,Assembly Defect,12,1248
2025-12-17,M103,P103,Dimension Error,9,1026
2025-08-24,M303,P104,Dimension Error,15,1815
2025-02-06,M404,P104,Calibration Error,4,792
2025-04-01,M302,P102,Solder Defect,21,3108
2025-07-05,M402,P103,Solder Defect,4,592
2025-10-31,M403,P103,Calibration Error,7,1722
2025-01-18,M103,P103,Assembly Defect,9,1602
2025-04-19,M204,P103,Assembly Defect,10,1630
2025-05-26,M303,P101,Solder Defect,9,1008
2025-12-02,M201,P102,Solder Defect,12,2844
2025-12-18,M302,P101,Calibration Error,14,1568
2025-01-28,M304,P102,Solder Defect,1,221
2025-10-21,M204,P101,Calibration Error,5,1235
2025-04-05,M201,P101,Calibration Error,4,636
2025-02-05,M404,P104,Dimension Error,10,2310
2025-08-13,M102,P104,Calibration Error,7,1540
2025-03-23,M202,P104,Dimension Error,8,1552
2025-05-29,M102,P101,Solder Defect,10,2330
2025-12-06,M404,P104,Calibration Error,3,489
2025-12-20,M302,P104,Calibration Error,14,3500
2025-11-03,M304,P101,Solder Defect,5,580
2025-02-16,M203,P103,Assembly Defect,8,1024
2025-01-27,M104,P102,Assembly Defect,6,816
2025-05-10,M203,P104,Assembly Defect,11,1969
2025-08-08,M204,P104,Solder Defect,5,945
2025-09-01,M303,P104,Assembly Defect,15,2310
2025-01-12,M203,P101,Assembly Defect,7,1477
2025-03-31,M202,P101,Solder Defect,10,2380
2025-05-14,M303,P104,Calibration Error,5,420
2025-06-27,M304,P103,Calibration Error,8,968
2025-02-21,M401,P103,Assembly Defect,6,966
2025-01-01,M201,P104,Assembly Defect,5,870
2025-01-08,M304,P102,Dimension Error,9,837
2025-08-25,M202,P102,Assembly Defect,7,1596
2025-10-23,M203,P102,Dimension Error,6,1074
2025-09-16,M101,P101,Solder Defect,11,2002
2025-11-20,M303,P102,Assembly Defect,10,1520
2025-06-09,M203,P101,Assembly Defect,5,620
2025-12-05,M203,P104,Solder Defect,6,870
2025-02-18,M402,P102,Dimension Error,6,504
2025-08-24,M202,P104,Assembly Defect,6,690
2025-01-15,M102,P103,Solder Defect,5,630
2025-11-29,M302,P101,Dimension Error,20,4740
2025-04-27,M403,P104,Solder Defect,8,736
2025-05-15,M304,P101,Assembly Defect,5,1160
2025-01-13,M304,P103,Calibration Error,4,620
2025-10-12,M403,P103,Solder Defect,9,1422
2025-02-23,M302,P104,Solder Defect,15,1215
2025-12-15,M403,P104,Assembly Defect,11,1089
2025-06-15,M401,P102,Calibration Error,7,1617
2025-02-28,M203,P104,Solder Defect,7,1680
2025-02-02,M401,P103,Solder Defect,10,1580
2025-12-24,M404,P104,Calibration Error,5,690
2025-01-06,M302,P104,Solder Defect,20,2120
2025-06-10,M202,P103,Calibration Error,3,597
2025-07-14,M404,P104,Assembly Defect,7,742
2025-08-10,M303,P102,Dimension Error,12,1812
2025-07-28,M401,P104,Assembly Defect,8,1496
2025-04-16,M403,P101,Dimension Error,12,1860
2025-05-02,M401,P101,Solder Defect,9,936
2025-07-27,M304,P103,Calibration Error,9,1431
2025-02-06,M404,P101,Dimension Error,8,1704
2025-09-10,M302,P104,Calibration Error,16,2944
2025-11-23,M204,P103,Calibration Error,5,620
2025-06-16,M103,P101,Solder Defect,8,800
2025-01-14,M202,P102,Solder Defect,9,1332
2025-10-20,M103,P103,Solder Defect,8,744
2025-02-13,M103,P102,Solder Defect,11,1100
2025-11-28,M403,P103,Dimension Error,9,1314
2025-12-25,M103,P103,Dimension Error,13,2925
2025-08-12,M104,P103,Calibration Error,7,896
2025-09-14,M102,P102,Solder Defect,12,1488
2025-05-12,M303,P102,Assembly Defect,13,2626
2025-01-05,M101,P104,Solder Defect,10,2290
2025-04-03,M403,P103,Dimension Error,13,1924
2025-04-09,M402,P103,Calibration Error,4,656
2025-05-21,M202,P103,Dimension Error,8,760
2025-03-30,M401,P101,Assembly Defect,8,1992
2025-05-30,M401,P104,Dimension Error,4,940
2025-11-17,M201,P101,Dimension Error,9,1116
2025-10-20,M403,P102,Calibration Error,7,980
2025-12-25,M104,P104,Solder Defect,2,420
2025-07-30,M204,P102,Assembly Defect,6,900
2025-06-29,M204,P104,Assembly Defect,5,455
2025-10-09,M202,P101,Calibration Error,3,633
2025-06-14,M401,P101,Calibration Error,10,2220
2025-06-05,M301,P101,Calibration Error,6,1170
2025-09-22,M203,P104,Calibration Error,11,2728
2025-07-13,M301,P103,Solder Defect,10,1550
2025-08-23,M102,P103,Assembly Defect,6,1176
2025-06-17,M103,P103,Calibration Error,7,1435
2025-11-21,M202,P104,Solder Defect,11,2090
2025-01-11,M201,P102,Calibration Error,9,738
2025-12-16,M101,P101,Calibration Error,9,2088
2025-08-30,M101,P104,Dimension Error,8,1768
2025-03-13,M301,P104,Assembly Defect,10,2410
2025-06-10,M203,P101,Calibration Error,8,944
2025-04-03,M202,P101,Calibration Error,8,1688
2025-10-08,M104,P104,Solder Defect,6,792
2025-06-13,M203,P102,Calibration Error,8,1104
2025-03-27,M404,P102,Calibration Error,6,948
2025-05-13,M201,P103,Solder Defect,9,1620
2025-01-30,M203,P101,Assembly Defect,5,1095
2025-10-27,M301,P102,Calibration Error,8,1072
2025-12-18,M203,P102,Calibration Error,8,1664
2025-06-04,M402,P104,Solder Defect,10,2340
2025-10-26,M403,P101,Solder Defect,4,840
2025-12-29,M104,P104,Calibration Error,9,1053
2025-02-26,M204,P102,Dimension Error,8,1288
2025-12-15,M202,P101,Assembly Defect,7,1176
2025-12-05,M304,P103,Assembly Defect,9,1746
2025-03-09,M201,P104,Solder Defect,7,651
2025-05-16,M404,P103,Assembly Defect,7,854
2025-03-31,M303,P104,Calibration Error,13,1144
2025-04-22,M404,P103,Assembly Defect,11,2695
2025-01-27,M203,P104,Assembly Defect,4,544
2025-03-16,M102,P101,Dimension Error,4,992
2025-01-03,M204,P101,Dimension Error,9,1836
2025-05-05,M402,P104,Dimension Error,9,1557
2025-09-17,M304,P104,Dimension Error,8,824
2025-06-12,M403,P102,Calibration Error,7,973
2025-06-20,M204,P102,Dimension Error,5,1150
2025-01-20,M202,P102,Assembly Defect,6,564
2025-06-17,M402,P103,Dimension Error,7,1239
2025-02-23,M202,P104,Solder Defect,7,833
2025-12-13,M102,P104,Dimension Error,3,357
2025-05-24,M102,P103,Calibration Error,13,1560
2025-05-15,M201,P104,Assembly Defect,3,567
2025-03-01,M403,P102,Dimension Error,6,708
2025-01-28,M103,P104,Solder Defect,5,480
2025-02-27,M403,P103,Assembly Defect,11,1815
2025-12-22,M401,P104,Dimension Error,7,1085
2025-09-03,M204,P103,Solder Defect,8,728
2025-08-03,M403,P103,Assembly Defect,10,1460
2025-12-21,M102,P104,Solder Defect,10,1820
2025-09-07,M404,P101,Calibration Error,11,924
2025-03-26,M302,P102,Calibration Error,22,1760
2025-01-05,M203,P102,Assembly Defect,10,1100
2025-10-01,M404,P101,Assembly Defect,8,1280
2025-12-17,M101,P102,Calibration Error,10,940
2025-04-28,M101,P102,Assembly Defect,6,888
2025-04-16,M104,P102,Dimension Error,9,1224
2025-02-25,M201,P103,Solder Defect,7,1043
2025-10-10,M104,P104,Assembly Defect,7,1568
2025-10-17,M403,P102,Calibration Error,10,1250
2025-11-25,M201,P104,Solder Defect,7,1673
2025-10-30,M201,P102,Dimension Error,7,931
2025-10-23,M104,P101,Dimension Error,7,875
2025-01-16,M301,P104,Dimension Error,11,2453
2025-08-01,M203,P101,Calibration Error,12,2616
2025-02-02,M401,P101,Assembly Defect,5,1095
2025-07-21,M404,P101,Dimension Error,9,2214
2025-07-14,M402,P103,Assembly Defect,12,1800
2025-10-28,M103,P101,Assembly Defect,13,1300
2025-01-22,M104,P103,Assembly Defect,8,976
2025-08-14,M202,P103,Assembly Defect,5,985
2025-04-28,M101,P101,Solder Defect,8,1712
2025-09-11,M201,P103,Assembly Defect,7,868
2025-04-25,M101,P102,Calibration Error,8,1952
2025-09-01,M202,P104,Assembly Defect,4,480
2025-02-28,M304,P102,Dimension Error,1,250
2025-03-17,M204,P101,Solder Defect,9,1332
2025-04-24,M302,P101,Dimension Error,15,2085
2025-10-05,M202,P104,Dimension Error,5,960
2025-07-07,M403,P102,Dimension Error,7,1344
2025-08-27,M104,P103,Dimension Error,8,688
2025-06-30,M203,P103,Dimension Error,10,1640
2025-11-23,M403,P103,Solder Defect,7,1659
2025-07-15,M204,P103,Dimension Error,7,1680
2025-11-01,M404,P101,Dimension Error,8,1232
2025-07-25,M202,P102,Solder Defect,8,1656
2025-09-03,M203,P104,Solder Defect,6,978
2025-05-04,M101,P101,Solder Defect,6,498
2025-01-12,M102,P104,Dimension Error,7,1526
2025-05-02,M104,P102,Dimension Error,7,924
2025-09-02,M301,P101,Dimension Error,11,1012
2025-04-17,M202,P102,Assembly Defect,3,282
2025-09-21,M103,P102,Calibration Error,9,2151
2025-12-12,M201,P102,Dimension Error,7,1022
2025-11-29,M302,P103,Assembly Defect,24,4056
2025-05-26,M302,P104,Calibration Error,17,3604
2025-09-11,M202,P103,Assembly Defect,8,1536
2025-12-13,M403,P101,Dimension Error,11,1749
2025-01-13,M402,P104,Dimension Error,10,1950
2025-10-19,M301,P102,Solder Defect,7,1232
2025-03-03,M203,P104,Dimension Error,13,3055
2025-09-30,M202,P102,Dimension Error,7,1232
2025-02-13,M201,P103,Calibration Error,7,609
2025-10-06,M404,P104,Solder Defect,4,932
2025-02-05,M202,P101,Calibration Error,11,1111
2025-03-24,M401,P102,Assembly Defect,7,1554
2025-02-27,M304,P104,Dimension Error,8,792
2025-01-18,M202,P104,Calibration Error,7,861
2025-12-30,M303,P101,Calibration Error,10,1290
2025-06-12,M402,P102,Assembly Defect,6,924
2025-04-28,M404,P102,Calibration Error,9,1872
2025-05-11,M101,P101,Calibration Error,8,1360
2025-12-23,M201,P101,Solder Defect,7,1029
2025-05-06,M202,P101,Solder Defect,9,1962
2025-03-22,M104,P102,Assembly Defect,9,1827
2025-11-13,M401,P104,Dimension Error,7,1743
2025-08-27,M203,P101,Calibration Error,13,1352
2025-09-08,M202,P103,Solder Defect,7,1659
2025-11-09,M203,P104,Assembly Defect,8,800
2025-04-20,M404,P104,Assembly Defect,7,1505
2025-02-27,M302,P101,Dimension Error,16,3584
2025-11-11,M104,P103,Assembly Defect,3,291
2025-11-16,M201,P101,Assembly Defect,8,1912
2025-08-07,M304,P102,Assembly Defect,7,721
2025-10-19,M301,P101,Assembly Defect,11,2013
2025-10-04,M302,P103,Calibration Error,19,1767
2025-02-20,M102,P104,Assembly Defect,9,1116
2025-10-08,M403,P104,Calibration Error,6,690
2025-06-23,M404,P103,Solder Defect,7,784
2025-03-31,M303,P102,Solder Defect,7,1743
2025-03-22,M202,P104,Calibration Error,8,1400
2025-05-18,M302,P103,Assembly Defect,23,1909
2025-05-07,M101,P104,Assembly Defect,7,1533
2025-03-09,M303,P103,Dimension Error,10,2000
2025-08-14,M201,P102,Dimension Error,5,965
2025-12-08,M404,P102,Solder Defect,7,1351
2025-06-13,M103,P104,Calibration Error,5,1095
2025-01-03,M401,P104,Calibration Error,7,1281
2025-09-05,M302,P101,Solder Defect,16,2128
2025-08-27,M201,P102,Solder Defect,14,2898
2025-07-19,M301,P101,Calibration Error,7,1274
2025-02-05,M302,P103,Assembly Defect,17,1462
2025-12-14,M202,P101,Assembly Defect,5,885
2025-06-20,M101,P103,Assembly Defect,9,2007
2025-06-03,M103,P103,Calibration Error,7,784
2025-10-03,M204,P103,Dimension Error,8,704
2025-12-30,M201,P102,Calibration Error,4,684
2025-02-02,M103,P104,Assembly Defect,4,840
2025-11-21,M401,P102,Dimension Error,4,956
2025-05-05,M102,P103,Assembly Defect,6,1080
2025-01-18,M404,P101,Assembly Defect,4,552
2025-06-22,M104,P104,Assembly Defect,6,1410
2025-04-09,M103,P104,Calibration Error,4,752
2025-02-03,M102,P103,Assembly Defect,9,1629
2025-04-13,M103,P103,Dimension Error,9,2079
2025-07-23,M104,P102,Dimension Error,5,825
2025-01-26,M404,P103,Assembly Defect,15,3135
2025-06-13,M203,P104,Dimension Error,10,2170
2025-09-19,M103,P104,Dimension Error,5,1055
2025-11-22,M102,P104,Assembly Defect,10,990
2025-02-23,M403,P103,Assembly Defect,9,1809
2025-04-10,M202,P101,Dimension Error,11,2673
2025-08-20,M303,P103,Assembly Defect,8,1584
2025-05-27,M404,P104,Solder Defect,5,905
2025-01-21,M303,P103,Calibration Error,7,1113
2025-10-04,M304,P104,Assembly Defect,10,1390
2025-03-27,M403,P103,Assembly Defect,8,808
2025-02-06,M303,P104,Assembly Defect,7,826
2025-08-31,M403,P101,Solder Defect,10,2440
2025-06-26,M401,P102,Dimension Error,9,1638
2025-11-16,M103,P101,Assembly Defect,6,672
2025-08-19,M201,P101,Solder Defect,7,1554
2025-06-16,M301,P104,Calibration Error,4,424
2025-08-05,M301,P104,Solder Defect,5,910
2025-12-18,M401,P103,Calibration Error,9,1089
2025-05-03,M404,P103,Assembly Defect,11,2387
2025-04-18,M203,P102,Calibration Error,6,1482
2025-02-15,M301,P102,Calibration Error,11,1881
2025-05-27,M303,P102,Calibration Error,3,246
2025-07-21,M402,P104,Assembly Defect,10,1330
2025-05-13,M404,P104,Solder Defect,9,792
2025-10-18,M101,P101,Calibration Error,8,1736
2025-02-12,M101,P101,Solder Defect,5,660
2025-03-27,M402,P104,Dimension Error,8,824
2025-08-27,M101,P104,Assembly Defect,3,474
2025-12-22,M103,P104,Calibration Error,5,1030
2025-12-22,M404,P104,Assembly Defect,10,800
2025-03-17,M302,P102,Assembly Defect,12,1212
2025-03-20,M201,P101,Assembly Defect,11,1441
2025-07-08,M203,P104,Assembly Defect,5,1145
2025-03-22,M404,P101,Dimension Error,8,1448
2025-07-21,M104,P104,Calibration Error,5,765
2025-03-11,M203,P102,Solder Defect,9,972
2025-12-09,M102,P104,Solder Defect,7,763
2025-08-13,M403,P103,Assembly Defect,9,1629
2025-01-11,M204,P103,Dimension Error,12,1764
2025-10-22,M104,P104,Assembly Defect,9,738
2025-08-22,M203,P101,Calibration Error,9,1188
2025-04-24,M104,P103,Calibration Error,4,596
2025-11-03,M404,P104,Calibration Error,9,954
2025-09-08,M302,P101,Solder Defect,28,3808
2025-08-20,M304,P101,Assembly Defect,8,856
2025-07-14,M301,P104,Dimension Error,8,1720
2025-12-17,M202,P102,Dimension Error,8,1032
2025-11-28,M201,P104,Dimension Error,7,616
2025-03-23,M302,P104,Calibration Error,17,2941
2025-07-02,M101,P101,Calibration Error,7,672
2025-12-03,M103,P103,Assembly Defect,9,1017
2025-06-14,M203,P103,Assembly Defect,5,700
2025-01-04,M103,P104,Assembly Defect,7,1043
2025-10-19,M404,P101,Assembly Defect,6,1434
2025-05-29,M301,P103,Solder Defect,7,1022
2025-06-10,M201,P101,Solder Defect,9,1035
2025-01-20,M203,P104,Solder Defect,5,1205
2025-08-20,M103,P102,Dimension Error,9,765
2025-05-28,M201,P101,Calibration Error,5,525
2025-01-04,M102,P103,Dimension Error,9,1962
2025-09-06,M404,P103,Calibration Error,8,800
2025-01-21,M102,P103,Dimension Error,8,1280
2025-06-03,M202,P103,Assembly Defect,6,1140
2025-12-27,M401,P102,Calibration Error,7,854
2025-11-13,M102,P103,Assembly Defect,8,1216
2025-02-18,M403,P101,Solder Defect,3,504
2025-07-15,M404,P102,Calibration Error,8,1904
2025-04-21,M402,P101,Dimension Error,12,984
2025-07-14,M301,P104,Calibration Error,10,1410
2025-06-21,M203,P103,Solder Defect,7,1386
2025-07-06,M201,P101,Assembly Defect,5,990
2025-09-05,M101,P101,Assembly Defect,9,1917
2025-04-11,M101,P104,Dimension Error,10,1130
2025-08-25,M204,P102,Assembly Defect,10,1670
2025-04-20,M202,P104,Assembly Defect,8,1080
2025-10-13,M204,P102,Dimension Error,14,1694
2025-03-07,M303,P101,Dimension Error,8,1064
2025-06-05,M203,P104,Calibration Error,9,1035
2025-04-29,M101,P101,Assembly Defect,8,1480
2025-05-12,M402,P104,Assembly Defect,6,522
2025-05-08,M102,P103,Assembly Defect,7,707
2025-10-05,M303,P102,Solder Defect,11,1474
2025-10-27,M404,P101,Solder Defect,9,990
2025-12-21,M101,P103,Assembly Defect,5,675
2025-04-22,M102,P103,Solder Defect,7,1603
2025-10-04,M102,P102,Assembly Defect,8,720
2025-12-06,M402,P101,Solder Defect,13,2795
2025-09-04,M401,P103,Dimension Error,8,1400
2025-06-17,M302,P102,Calibration Error,22,2794
2025-08-26,M403,P104,Assembly Defect,8,1592
2025-06-21,M304,P104,Assembly Defect,6,954
2025-03-14,M202,P104,Dimension Error,9,1503
2025-01-12,M103,P102,Calibration Error,5,860
2025-03-08,M402,P104,Assembly Defect,12,2832
2025-05-24,M201,P102,Calibration Error,10,1030
2025-08-06,M401,P101,Assembly Defect,9,1116
2025-04-08,M104,P103,Dimension Error,8,792
2025-12-19,M302,P102,Solder Defect,18,4500
2025-06-12,M403,P104,Dimension Error,8,1912
2025-04-23,M104,P102,Assembly Defect,14,1288
2025-05-29,M204,P104,Calibration Error,15,2640
2025-03-17,M204,P101,Dimension Error,5,830
2025-11-24,M304,P102,Calibration Error,11,2189
2025-04-13,M302,P104,Dimension Error,23,4370
2025-04-22,M102,P104,Assembly Defect,7,1519
2025-07-02,M201,P104,Dimension Error,4,684
2025-06-03,M401,P101,Assembly Defect,9,2187
2025-10-11,M404,P102,Solder Defect,7,1701
2025-05-06,M404,P103,Solder Defect,14,2072
2025-12-09,M302,P102,Calibration Error,16,3456
2025-08-28,M402,P101,Solder Defect,14,2758
2025-06-10,M101,P103,Dimension Error,8,800
2025-02-20,M304,P103,Assembly Defect,6,624
2025-01-23,M404,P103,Solder Defect,12,2676
2025-09-24,M401,P104,Solder Defect,9,918
2025-07-10,M101,P101,Dimension Error,5,490
2025-09-15,M403,P102,Dimension Error,14,1148
2025-02-10,M202,P104,Calibration Error,9,2196
2025-03-01,M304,P104,Calibration Error,13,3185
2025-05-14,M202,P101,Dimension Error,11,1012
2025-07-11,M103,P101,Dimension Error,11,2629
2025-09-04,M402,P101,Assembly Defect,4,592
2025-05-07,M303,P102,Dimension Error,5,1105
2025-03-06,M103,P103,Dimension Error,12,1212
2025-10-25,M101,P102,Calibration Error,9,1116
2025-09-12,M104,P101,Dimension Error,9,1287
2025-03-06,M303,P104,Assembly Defect,9,2151
2025-03-13,M104,P102,Calibration Error,7,623
2025-04-14,M302,P101,Assembly Defect,18,2592
2025-04-15,M103,P104,Calibration Error,5,500
2025-01-30,M301,P104,Calibration Error,9,873
2025-02-06,M401,P104,Solder Defect,8,1968
2025-02-04,M404,P102,Assembly Defect,10,850
2025-12-16,M303,P103,Assembly Defect,5,860
2025-11-14,M203,P101,Solder Defect,9,1224
2025-02-18,M201,P103,Assembly Defect,6,1158
2025-01-02,M404,P102,Assembly Defect,12,1272
2025-05-01,M304,P101,Assembly Defect,4,604
2025-12-21,M101,P104,Dimension Error,21,3045
2025-09-05,M104,P104,Calibration Error,10,2410
2025-10-28,M301,P102,Dimension Error,8,1760
2025-12-20,M104,P102,Solder Defect,4,620
2025-06-20,M204,P103,Solder Defect,12,2388
2025-03-10,M101,P104,Assembly Defect,8,1344
2025-12-08,M301,P103,Assembly Defect,10,930
2025-04-01,M201,P102,Dimension Error,14,2842
2025-07-13,M101,P102,Solder Defect,11,2431
2025-01-28,M402,P104,Dimension Error,6,672
2025-06-21,M202,P104,Calibration Error,8,1216
2025-05-11,M301,P103,Solder Defect,9,2070
2025-01-20,M401,P104,Dimension Error,3,468
2025-11-25,M201,P101,Solder Defect,7,1554
2025-04-09,M101,P104,Calibration Error,6,900
2025-06-01,M203,P104,Solder Defect,8,672
2025-12-16,M301,P102,Assembly Defect,10,1930
2025-06-27,M301,P102,Calibration Error,11,2167
2025-05-03,M303,P102,Assembly Defect,7,1568
2025-08-22,M201,P103,Dimension Error,15,3195
2025-11-13,M203,P102,Calibration Error,13,2145
2025-04-24,M303,P101,Calibration Error,10,1260
2025-08-18,M403,P103,Dimension Error,5,1215
2025-10-24,M101,P102,Calibration Error,8,1696
2025-05-11,M404,P101,Calibration Error,4,808
2025-01-05,M303,P104,Dimension Error,12,1980
2025-03-13,M202,P102,Solder Defect,7,1680
2025-12-08,M202,P101,Solder Defect,8,1264
2025-01-07,M201,P102,Assembly Defect,7,798
2025-01-25,M203,P102,Dimension Error,8,1944
2025-04-18,M302,P103,Calibration Error,22,1936
2025-01-28,M201,P101,Assembly Defect,3,747
2025-07-30,M204,P102,Dimension Error,11,1936
2025-08-01,M301,P102,Dimension Error,7,1162
2025-09-17,M401,P103,Solder Defect,7,1645
2025-10-23,M404,P103,Solder Defect,6,816
2025-12-30,M302,P103,Assembly Defect,14,2002
2025-12-23,M202,P104,Dimension Error,7,1449
2025-04-08,M404,P103,Assembly Defect,8,952
2025-10-05,M203,P101,Dimension Error,8,856
2025-07-23,M402,P104,Calibration Error,5,710
2025-06-03,M202,P101,Solder Defect,7,728
2025-06-23,M301,P101,Dimension Error,3,630
2025-03-30,M302,P104,Dimension Error,9,1539
2025-12-13,M301,P101,Solder Defect,3,438
2025-01-17,M402,P103,Assembly Defect,8,1648
2025-07-23,M304,P101,Calibration Error,6,1128
2025-09-05,M301,P101,Dimension Error,11,1881
2025-04-26,M304,P101,Calibration Error,9,1899
2025-05-08,M301,P103,Dimension Error,7,854
2025-10-17,M203,P102,Assembly Defect,6,1500
2025-11-04,M303,P104,Assembly Defect,4,428
2025-06-21,M201,P102,Calibration Error,7,651
2025-11-01,M302,P104,Dimension Error,14,2338
2025-10-18,M402,P104,Dimension Error,12,2076
2025-12-10,M402,P101,Calibration Error,7,1043
2025-10-17,M203,P102,Assembly Defect,7,1022
2025-02-19,M302,P104,Dimension Error,19,3382
2025-10-25,M203,P102,Assembly Defect,4,488
2025-11-11,M104,P103,Calibration Error,10,2010
2025-04-20,M303,P102,Solder Defect,14,2968
2025-04-26,M103,P101,Dimension Error,5,1240
2025-09-21,M402,P104,Assembly Defect,8,1176
2025-08-18,M402,P104,Calibration Error,8,904
2025-01-02,M403,P101,Solder Defect,7,728
2025-07-26,M301,P103,Solder Defect,11,2739
2025-10-08,M201,P104,Dimension Error,10,1010
2025-09-16,M403,P101,Solder Defect,8,1336
2025-04-27,M403,P103,Solder Defect,3,507
2025-05-20,M103,P101,Assembly Defect,12,2808
2025-10-01,M303,P101,Solder Defect,10,2030
2025-05-28,M202,P104,Solder Defect,14,2226
2025-03-09,M201,P104,Assembly Defect,11,957
2025-06-01,M304,P101,Calibration Error,7,854
2025-09-26,M303,P102,Dimension Error,9,783
2025-10-14,M104,P101,Calibration Error,9,1512
2025-08-20,M301,P102,Solder Defect,8,1776
2025-10-18,M104,P101,Solder Defect,4,636
2025-11-27,M202,P103,Dimension Error,11,979
2025-03-03,M201,P103,Assembly Defect,7,1750
2025-12-02,M403,P102,Dimension Error,4,552
2025-02-21,M303,P101,Solder Defect,13,1066
2025-10-11,M402,P104,Dimension Error,6,558
2025-05-18,M201,P103,Dimension Error,9,2097
2025-01-10,M203,P103,Assembly Defect,12,1092
2025-07-18,M301,P102,Calibration Error,8,1088
2025-07-04,M301,P104,Dimension Error,6,1434
2025-12-06,M103,P104,Assembly Defect,7,1484
2025-12-22,M302,P101,Calibration Error,10,1180
2025-05-02,M302,P104,Solder Defect,13,3042
2025-11-26,M203,P104,Solder Defect,4,720
2025-03-16,M403,P102,Calibration Error,6,990
2025-03-13,M401,P103,Calibration Error,9,1593
2025-02-15,M104,P102,Dimension Error,5,470
2025-12-29,M303,P104,Solder Defect,5,950
2025-03-24,M301,P104,Assembly Defect,10,1570
2025-09-15,M404,P101,Solder Defect,12,2700
2025-08-09,M301,P104,Solder Defect,9,1332
2025-07-12,M301,P102,Assembly Defect,5,915
2025-01-23,M104,P104,Dimension Error,7,1456
2025-06-23,M402,P104,Dimension Error,9,1926
2025-11-05,M303,P102,Calibration Error,12,1896
2025-11-13,M403,P103,Calibration Error,8,1888
2025-04-18,M102,P102,Dimension Error,8,792
2025-11-10,M203,P102,Dimension Error,5,425
2025-05-07,M401,P101,Assembly Defect,4,768
2025-11-25,M302,P102,Calibration Error,20,4320
2025-04-13,M403,P101,Calibration Error,7,1365
2025-02-10,M403,P101,Dimension Error,9,1458
2025-10-03,M101,P104,Assembly Defect,8,1464
2025-03-01,M201,P101,Assembly Defect,8,1480
2025-06-22,M302,P103,Dimension Error,19,3629
2025-07-19,M204,P104,Calibration Error,3,540
2025-04-10,M104,P102,Calibration Error,9,2232
2025-03-13,M202,P102,Solder Defect,8,1216
2025-04-04,M104,P101,Calibration Error,8,1640
2025-11-01,M202,P101,Assembly Defect,9,2196
2025-10-03,M403,P102,Dimension Error,9,819
2025-02-17,M202,P102,Calibration Error,8,1320
2025-08-18,M203,P104,Dimension Error,5,840
2025-11-02,M101,P101,Calibration Error,12,2796
2025-03-08,M201,P102,Solder Defect,7,679
2025-04-30,M203,P104,Solder Defect,10,1530
2025-06-14,M404,P103,Solder Defect,10,2490
2025-10-10,M303,P101,Dimension Error,11,1705
2025-11-05,M103,P101,Calibration Error,5,1170
2025-03-21,M201,P102,Dimension Error,7,1596
2025-08-05,M302,P102,Calibration Error,22,4906
2025-04-25,M103,P102,Solder Defect,11,924
2025-12-17,M203,P102,Calibration Error,3,420
2025-08-11,M403,P102,Dimension Error,6,582
2025-06-03,M102,P103,Dimension Error,7,1295
2025-02-09,M302,P103,Dimension Error,14,2254
2025-10-02,M104,P101,Solder Defect,13,1066
2025-07-23,M302,P102,Calibration Error,16,2240
2025-02-02,M404,P103,Calibration Error,4,976
2025-11-29,M201,P101,Solder Defect,8,712
2025-12-15,M103,P101,Dimension Error,5,600
2025-04-28,M201,P102,Dimension Error,5,780
2025-08-14,M204,P101,Solder Defect,3,717
2025-06-08,M301,P101,Solder Defect,13,2730
2025-10-02,M203,P103,Assembly Defect,10,1440
2025-03-19,M303,P102,Dimension Error,12,1848
2025-03-12,M301,P103,Solder Defect,4,824
2025-09-14,M303,P103,Dimension Error,8,1656
2025-01-23,M201,P102,Calibration Error,8,1672
2025-12-10,M203,P101,Solder Defect,8,1872
2025-02-03,M304,P104,Solder Defect,13,3016
2025-02-17,M101,P103,Calibration Error,11,2541
2025-08-16,M202,P102,Assembly Defect,9,927
2025-01-15,M201,P103,Calibration Error,11,1859
2025-01-24,M303,P104,Calibration Error,10,1070
2025-01-29,M401,P102,Dimension Error,6,1338
2025-05-31,M302,P101,Dimension Error,16,3040
2025-12-11,M402,P101,Dimension Error,4,756
2025-11-21,M403,P102,Dimension Error,3,336
2025-01-11,M302,P102,Dimension Error,15,3285
2025-11-18,M103,P101,Solder Defect,10,1590
2025-02-02,M102,P101,Calibration Error,7,1176
2025-10-31,M202,P102,Solder Defect,6,1074
2025-06-26,M104,P101,Dimension Error,4,740
2025-10-13,M202,P103,Solder Defect,6,966
2025-03-19,M101,P101,Assembly Defect,8,1880
2025-08-02,M101,P103,Assembly Defect,7,1309
2025-10-16,M101,P103,Solder Defect,7,1463
2025-06-03,M303,P101,Dimension Error,4,332
2025-05-13,M201,P101,Assembly Defect,7,1414
2025-04-18,M101,P104,Dimension Error,8,1312
2025-03-06,M401,P102,Calibration Error,12,1464
2025-09-25,M301,P103,Solder Defect,12,1668
2025-04-29,M203,P103,Solder Defect,1,124
2025-12-16,M103,P101,Calibration Error,5,1010
2025-09-02,M101,P101,Calibration Error,6,846
2025-04-20,M303,P102,Calibration Error,7,1148
2025-01-13,M402,P102,Dimension Error,9,1431
2025-12-09,M103,P103,Dimension Error,5,465
2025-09-18,M203,P102,Dimension Error,6,534
2025-05-16,M104,P104,Solder Defect,12,1908
2025-04-26,M303,P103,Calibration Error,9,1413
2025-10-27,M104,P102,Assembly Defect,5,840
2025-12-07,M303,P104,Assembly Defect,9,2214
2025-08-04,M302,P102,Calibration Error,12,1128
2025-05-20,M101,P102,Solder Defect,5,1250
2025-12-07,M303,P101,Solder Defect,11,1892
2025-12-06,M304,P102,Assembly Defect,9,720
2025-08-09,M201,P102,Assembly Defect,15,3255
2025-12-06,M102,P103,Solder Defect,11,2475
2025-12-02,M301,P102,Dimension Error,5,650
2025-05-02,M203,P101,Calibration Error,4,948
2025-04-15,M401,P103,Assembly Defect,8,1464
2025-10-10,M303,P101,Calibration Error,6,690
2025-01-05,M101,P103,Calibration Error,9,1971
2025-12-28,M302,P104,Calibration Error,19,4408
2025-07-09,M103,P102,Calibration Error,6,906
2025-07-22,M303,P101,Calibration Error,5,870
2025-11-01,M104,P103,Dimension Error,5,545
2025-11-19,M202,P101,Solder Defect,10,1470
2025-01-21,M403,P102,Assembly Defect,11,924
2025-01-03,M403,P104,Solder Defect,9,2214
2025-08-04,M102,P101,Solder Defect,9,2007
2025-04-23,M104,P104,Calibration Error,6,954
2025-11-07,M402,P102,Calibration Error,4,416
2025-07-08,M304,P102,Calibration Error,10,2370
2025-08-26,M303,P102,Solder Defect,7,1442
2025-06-17,M201,P104,Solder Defect,9,1143
2025-12-05,M202,P103,Solder Defect,10,2440
2025-12-10,M102,P101,Calibration Error,9,1440
2025-10-21,M203,P104,Assembly Defect,6,1308
2025-02-12,M204,P103,Solder Defect,12,2916
2025-01-24,M202,P102,Dimension Error,10,1480
2025-01-07,M404,P103,Dimension Error,9,1908
2025-05-14,M201,P102,Assembly Defect,13,1300
2025-11-18,M102,P102,Dimension Error,8,1272
2025-04-03,M104,P103,Calibration Error,5,1080
2025-12-30,M302,P101,Dimension Error,15,2265
2025-05-27,M404,P104,Calibration Error,9,1836
2025-11-26,M402,P102,Calibration Error,10,810
2025-06-27,M304,P101,Assembly Defect,11,2706
2025-08-27,M101,P103,Assembly Defect,9,1152
2025-04-29,M101,P103,Calibration Error,7,1008
2025-11-16,M301,P101,Assembly Defect,14,3150
2025-10-15,M201,P104,Dimension Error,10,1540
2025-05-30,M204,P102,Dimension Error,11,1452
2025-02-27,M301,P101,Calibration Error,5,1175
2025-01-11,M204,P101,Solder Defect,4,876
2025-02-24,M101,P102,Solder Defect,7,679
2025-03-01,M302,P101,Dimension Error,17,2975
2025-10-20,M403,P104,Calibration Error,6,588
2025-08-02,M203,P103,Assembly Defect,8,1224
2025-04-30,M102,P103,Calibration Error,3,471
2025-05-14,M404,P103,Assembly Defect,7,595
2025-09-21,M201,P102,Calibration Error,7,1505
2025-11-22,M104,P104,Solder Defect,10,1390
2025-08-23,M103,P103,Solder Defect,5,1025
2025-04-26,M201,P104,Solder Defect,5,790
2025-07-14,M204,P103,Assembly Defect,2,310
2025-03-14,M302,P104,Dimension Error,16,3856
2025-10-06,M403,P102,Solder Defect,9,1197
2025-03-27,M203,P102,Calibration Error,8,896
2025-09-04,M102,P103,Assembly Defect,5,705
2025-03-13,M404,P103,Solder Defect,8,960
2025-07-14,M304,P103,Assembly Defect,3,711
2025-04-03,M301,P103,Solder Defect,6,732
2025-05-01,M204,P101,Solder Defect,6,1254
2025-02-20,M304,P103,Solder Defect,15,2445
2025-12-16,M103,P103,Calibration Error,7,1736
2025-09-22,M202,P104,Calibration Error,9,1836
2025-11-22,M301,P101,Assembly Defect,11,2728
2025-05-24,M404,P101,Solder Defect,5,655
2025-03-15,M302,P101,Dimension Error,18,1764
2025-05-26,M402,P101,Calibration Error,11,1485
2025-06-29,M301,P104,Calibration Error,4,572
2025-08-30,M102,P102,Assembly Defect,5,810
2025-06-27,M401,P102,Assembly Defect,6,1446
2025-10-09,M104,P103,Solder Defect,4,980
2025-06-30,M403,P104,Solder Defect,11,2442
2025-01-29,M403,P103,Calibration Error,13,1508
2025-12-05,M203,P104,Dimension Error,7,1204
2025-03-11,M304,P101,Assembly Defect,8,856
2025-10-31,M101,P102,Dimension Error,11,1661
2025-06-12,M403,P103,Assembly Defect,7,1295
2025-06-28,M201,P103,Solder Defect,10,2040
2025-08-08,M203,P102,Dimension Error,12,1668
2025-08-01,M302,P102,Assembly Defect,15,3090
2025-02-27,M202,P101,Assembly Defect,9,1620
2025-05-05,M102,P104,Solder Defect,6,1476
2025-01-30,M303,P102,Solder Defect,8,1160
2025-03-29,M401,P102,Calibration Error,13,1833
2025-02-03,M102,P102,Dimension Error,5,855
2025-12-19,M303,P104,Assembly Defect,6,1212
2025-05-16,M302,P102,Dimension Error,18,3690
2025-04-27,M303,P102,Solder Defect,7,1274
2025-01-09,M204,P103,Solder Defect,16,1952
2025-09-17,M403,P103,Solder Defect,8,1904
2025-04-19,M203,P103,Dimension Error,7,1057
2025-09-01,M203,P103,Calibration Error,8,1904
2025-12-30,M303,P104,Calibration Error,10,1060
2025-06-16,M302,P102,Dimension Error,15,2775
2025-08-21,M103,P102,Dimension Error,11,2222
2025-02-01,M103,P102,Dimension Error,8,768
2025-10-26,M103,P104,Dimension Error,15,2880
2025-04-23,M202,P102,Solder Defect,12,2928
2025-08-23,M403,P103,Assembly Defect,9,873
2025-06-02,M301,P104,Dimension Error,9,1125
2025-01-13,M301,P103,Calibration Error,9,1233
2025-08-15,M401,P104,Solder Defect,2,382
2025-03-12,M403,P104,Calibration Error,12,1788
2025-05-06,M402,P101,Dimension Error,8,1088
2025-01-20,M102,P104,Calibration Error,11,1463
2025-12-29,M203,P101,Dimension Error,6,1248
2025-09-09,M203,P103,Dimension Error,8,1088
2025-11-15,M202,P101,Solder Defect,9,1872
2025-08-21,M104,P104,Calibration Error,9,1602
2025-11-26,M404,P104,Calibration Error,10,1640
2025-12-11,M104,P101,Assembly Defect,10,2430
2025-11-16,M403,P102,Assembly Defect,11,1716
2025-07-30,M303,P101,Solder Defect,15,3570
2025-05-31,M403,P103,Dimension Error,11,2750
2025-10-31,M202,P102,Dimension Error,2,492
2025-02-20,M401,P104,Calibration Error,11,2596
2025-01-21,M403,P102,Dimension Error,5,1090
2025-07-16,M204,P104,Dimension Error,5,975
2025-08-07,M204,P104,Dimension Error,6,828
2025-07-10,M201,P104,Calibration Error,7,1281
2025-01-06,M101,P104,Assembly Defect,12,2088
2025-01-06,M301,P101,Assembly Defect,10,1090
2025-12-30,M203,P102,Solder Defect,12,1260
2025-02-03,M403,P103,Calibration Error,7,1533
2025-11-27,M201,P101,Dimension Error,7,1624
2025-01-07,M404,P104,Dimension Error,6,666
2025-09-22,M202,P103,Dimension Error,9,873
2025-08-01,M402,P103,Solder Defect,9,1107
2025-10-10,M101,P102,Solder Defect,6,702
2025-03-29,M202,P103,Assembly Defect,8,1432
2025-08-10,M103,P104,Assembly Defect,8,824
2025-08-31,M304,P104,Dimension Error,9,1656
2025-04-04,M401,P103,Dimension Error,6,558
2025-06-02,M203,P102,Calibration Error,11,2486
2025-03-31,M203,P103,Solder Defect,6,1434
2025-10-23,M104,P102,Dimension Error,11,2563
2025-02-09,M403,P104,Assembly Defect,3,681
2025-10-13,M304,P104,Dimension Error,7,1085
2025-03-27,M403,P102,Assembly Defect,9,2025
2025-10-11,M301,P101,Dimension Error,8,688
2025-06-14,M302,P104,Calibration Error,9,2142
2025-03-10,M402,P103,Dimension Error,5,815
2025-03-14,M402,P104,Assembly Defect,7,1400
2025-02-26,M103,P104,Dimension Error,8,1744
2025-01-23,M404,P102,Solder Defect,6,546
2025-01-15,M103,P104,Dimension Error,11,2200
2025-07-25,M401,P101,Solder Defect,7,875
2025-03-23,M101,P101,Calibration Error,3,570
2025-06-07,M201,P102,Calibration Error,8,912
2025-05-08,M303,P103,Calibration Error,8,928
2025-01-16,M302,P101,Calibration Error,14,2324
2025-12-02,M401,P102,Solder Defect,7,819
2025-01-12,M202,P103,Assembly Defect,8,1960
2025-01-14,M301,P101,Solder Defect,9,1152
2025-10-19,M401,P103,Assembly Defect,15,2535
2025-03-23,M303,P103,Solder Defect,8,1544
2025-07-19,M303,P104,Calibration Error,5,935
2025-06-05,M303,P101,Calibration Error,5,920
2025-03-17,M404,P103,Dimension Error,10,1190
2025-01-31,M203,P101,Assembly Defect,11,1430
2025-01-06,M401,P101,Assembly Defect,6,840
2025-04-01,M304,P103,Dimension Error,9,810
2025-11-04,M101,P104,Solder Defect,4,884
2025-10-17,M201,P102,Dimension Error,9,882
2025-01-31,M301,P103,Solder Defect,7,1442
2025-02-19,M104,P102,Dimension Error,8,1152
2025-08-06,M102,P104,Dimension Error,6,1266
2025-06-10,M101,P102,Solder Defect,8,928
2025-11-26,M403,P104,Solder Defect,12,1992
2025-04-08,M404,P103,Solder Defect,6,1254
2025-12-22,M303,P102,Assembly Defect,5,630
2025-10-23,M403,P101,Calibration Error,9,2025
2025-08-25,M404,P102,Calibration Error,6,1266
2025-01-02,M101,P103,Solder Defect,7,1015
2025-12-08,M203,P102,Dimension Error,15,3675
2025-11-09,M302,P103,Solder Defect,16,2352
2025-03-10,M203,P102,Solder Defect,10,880
2025-12-23,M401,P103,Dimension Error,8,992
2025-12-23,M203,P102,Assembly Defect,6,1338
2025-09-06,M103,P102,Assembly Defect,9,1098
2025-02-17,M103,P103,Dimension Error,10,2450
2025-05-25,M401,P104,Assembly Defect,2,408
2025-04-23,M202,P103,Solder Defect,8,1920
2025-05-09,M104,P103,Dimension Error,6,582
2025-08-22,M203,P101,Calibration Error,6,906
2025-04-26,M201,P101,Dimension Error,9,2034
2025-03-20,M301,P104,Dimension Error,9,981
2025-08-25,M301,P101,Calibration Error,8,1304
2025-11-22,M203,P101,Solder Defect,7,1155
2025-07-16,M301,P101,Dimension Error,6,714
2025-09-08,M203,P103,Solder Defect,7,1260
2025-10-17,M404,P103,Assembly Defect,10,1090
2025-04-27,M202,P104,Calibration Error,13,1053
2025-12-09,M104,P103,Solder Defect,12,2652
2025-11-25,M201,P102,Calibration Error,8,728
2025-10-30,M201,P102,Solder Defect,5,685
2025-04-16,M403,P101,Assembly Defect,15,3750
2025-06-14,M102,P102,Dimension Error,9,756
2025-09-12,M202,P103,Calibration Error,6,528
2025-07-30,M201,P104,Calibration Error,7,1050
2025-06-21,M104,P102,Assembly Defect,8,872
2025-11-11,M403,P102,Assembly Defect,6,990
2025-10-05,M401,P104,Calibration Error,9,990
2025-07-14,M102,P102,Dimension Error,7,1477
2025-08-06,M203,P103,Dimension Error,9,1683
2025-07-05,M401,P101,Calibration Error,7,1505
2025-01-29,M402,P103,Assembly Defect,8,960
2025-03-05,M104,P101,Assembly Defect,5,670
2025-02-10,M401,P101,Assembly Defect,7,1239
2025-07-20,M404,P103,Dimension Error,12,1272
2025-04-19,M301,P101,Solder Defect,14,1582
2025-11-08,M201,P101,Solder Defect,7,1043
2025-03-28,M203,P103,Calibration Error,7,1008
2025-08-19,M401,P103,Assembly Defect,7,1078
2025-07-01,M102,P103,Assembly Defect,14,2044
2025-10-04,M303,P101,Dimension Error,6,1356
2025-01-26,M302,P102,Dimension Error,23,4945
2025-10-04,M302,P103,Assembly Defect,9,1629
2025-01-20,M201,P104,Solder Defect,6,1356
2025-11-22,M304,P103,Solder Defect,8,1344
2025-12-14,M201,P101,Solder Defect,10,1270
2025-01-01,M404,P104,Dimension Error,9,1161
2025-01-27,M103,P103,Calibration Error,13,1105
2025-03-25,M204,P102,Calibration Error,8,1432
2025-08-27,M403,P101,Assembly Defect,10,1160
2025-10-16,M404,P102,Assembly Defect,6,834
2025-10-04,M302,P101,Calibration Error,19,4370
2025-11-20,M104,P102,Calibration Error,6,1050
2025-04-23,M204,P102,Assembly Defect,15,3195
2025-10-15,M301,P101,Assembly Defect,11,1100
2025-08-05,M202,P104,Assembly Defect,5,625
2025-03-12,M104,P102,Solder Defect,6,612
2025-06-16,M302,P103,Assembly Defect,22,4642
2025-06-29,M101,P102,Assembly Defect,9,1656
2025-12-24,M103,P101,Solder Defect,4,716
2025-10-01,M103,P101,Dimension Error,9,954
2025-05-07,M404,P104,Dimension Error,11,1529
2025-01-08,M303,P101,Assembly Defect,7,1694
2025-07-21,M101,P104,Calibration Error,7,1442
2025-03-30,M102,P103,Solder Defect,3,426
2025-11-22,M202,P103,Solder Defect,7,1064
2025-06-05,M101,P101,Calibration Error,9,891
2025-08-16,M303,P104,Calibration Error,9,2223
2025-06-08,M203,P104,Solder Defect,5,750
2025-06-22,M304,P101,Solder Defect,4,480
2025-11-04,M101,P103,Calibration Error,11,1111
2025-03-23,M402,P104,Dimension Error,11,2167
2025-08-13,M304,P104,Assembly Defect,6,1092
2025-11-09,M203,P104,Calibration Error,8,1056
2025-03-19,M102,P103,Solder Defect,5,920
2025-09-17,M304,P102,Solder Defect,11,2519
2025-10-24,M101,P104,Solder Defect,5,485
2025-06-05,M401,P101,Dimension Error,7,658
2025-11-18,M202,P104,Calibration Error,9,2151
2025-03-08,M301,P104,Dimension Error,7,1519
2025-04-29,M103,P103,Dimension Error,9,1359
2025-03-22,M303,P101,Calibration Error,5,700
2025-03-14,M301,P102,Dimension Error,7,1582
2025-08-10,M302,P104,Dimension Error,15,1770
2025-05-08,M404,P102,Assembly Defect,5,1155
2025-03-26,M202,P101,Calibration Error,10,1390
2025-03-12,M302,P101,Dimension Error,14,2968
2025-07-26,M302,P104,Solder Defect,16,2896
2025-10-29,M201,P104,Assembly Defect,5,870
2025-01-14,M304,P104,Assembly Defect,8,2000
2025-09-26,M202,P104,Solder Defect,7,1323
2025-10-26,M104,P102,Assembly Defect,8,1088
2025-11-18,M103,P102,Assembly Defect,7,1561
2025-01-25,M202,P103,Dimension Error,9,1107
2025-02-12,M403,P103,Dimension Error,10,1910
2025-01-25,M302,P103,Solder Defect,22,2574
2025-05-17,M104,P103,Calibration Error,12,2232
2025-06-11,M401,P102,Dimension Error,5,490
2025-07-22,M102,P103,Dimension Error,10,1560
2025-05-07,M101,P101,Dimension Error,5,605
2025-06-06,M403,P104,Dimension Error,11,902
2025-07-02,M203,P101,Calibration Error,8,1896
2025-12-27,M404,P102,Dimension Error,8,1216
2025-09-02,M401,P104,Calibration Error,5,1030
2025-08-30,M404,P102,Assembly Defect,9,1125
2025-05-12,M202,P104,Assembly Defect,7,686
2025-04-01,M404,P104,Solder Defect,10,1140
2025-09-16,M201,P104,Solder Defect,7,840
2025-05-24,M403,P104,Assembly Defect,9,2232
2025-09-16,M103,P103,Solder Defect,6,1104
2025-12-28,M104,P102,Dimension Error,7,1176
2025-07-25,M103,P101,Assembly Defect,7,623
2025-10-14,M402,P104,Calibration Error,5,580
2025-06-15,M401,P103,Solder Defect,18,1566
2025-07-13,M202,P103,Dimension Error,4,396
2025-07-18,M304,P104,Calibration Error,6,1446
2025-12-24,M402,P103,Solder Defect,7,882
2025-01-14,M303,P103,Solder Defect,6,1020
2025-03-07,M101,P104,Dimension Error,7,1092
2025-08-26,M404,P101,Solder Defect,8,1496
2025-10-25,M401,P102,Solder Defect,8,944
2025-12-06,M204,P102,Dimension Error,7,784
2025-09-09,M101,P104,Assembly Defect,9,1278
2025-12-11,M103,P102,Dimension Error,11,2398
2025-10-31,M303,P104,Calibration Error,9,1179
2025-06-17,M302,P102,Assembly Defect,19,1843
2025-03-25,M101,P103,Assembly Defect,7,1533
2025-10-17,M402,P102,Assembly Defect,6,1404
2025-07-06,M201,P103,Solder Defect,10,1660
2025-01-21,M102,P103,Assembly Defect,9,918
2025-01-12,M401,P104,Dimension Error,6,498
2025-07-11,M102,P103,Calibration Error,3,732
2025-05-14,M203,P101,Assembly Defect,11,2354
2025-11-17,M204,P102,Calibration Error,9,1575
2025-09-08,M102,P102,Solder Defect,1,107
2025-07-30,M401,P104,Solder Defect,9,1089
2025-10-03,M202,P101,Assembly Defect,10,2370
2025-09-17,M401,P103,Dimension Error,12,2976
2025-10-29,M104,P104,Solder Defect,11,1903
2025-05-13,M203,P104,Solder Defect,9,873
2025-06-11,M204,P102,Calibration Error,10,1760
2025-07-18,M302,P103,Calibration Error,18,3582
2025-12-25,M302,P102,Solder Defect,15,2325
2025-11-26,M201,P104,Dimension Error,9,1980
2025-05-18,M303,P104,Dimension Error,11,1056
2025-02-25,M303,P103,Dimension Error,14,3122
2025-11-27,M103,P104,Solder Defect,6,1392
2025-07-16,M302,P101,Assembly Defect,22,4620
2025-09-10,M402,P104,Solder Defect,7,693
2025-08-30,M202,P104,Solder Defect,5,760
2025-11-18,M404,P102,Solder Defect,9,1755
2025-05-30,M101,P102,Dimension Error,6,1398
2025-09-12,M201,P104,Calibration Error,7,581
2025-02-27,M402,P103,Dimension Error,11,1925
2025-03-20,M104,P104,Assembly Defect,4,700
2025-12-01,M401,P103,Assembly Defect,8,1040
2025-10-11,M402,P103,Assembly Defect,8,1096
2025-12-19,M101,P104,Assembly Defect,8,856
2025-06-05,M304,P104,Assembly Defect,10,1680
2025-08-21,M203,P101,Assembly Defect,8,1936
2025-08-06,M403,P104,Calibration Error,6,1290
2025-02-11,M304,P104,Solder Defect,6,768
2025-11-29,M101,P102,Calibration Error,8,968
2025-09-04,M401,P102,Solder Defect,7,1260
2025-12-31,M302,P104,Calibration Error,23,4485
2025-07-21,M403,P104,Assembly Defect,15,3435
2025-07-29,M302,P104,Solder Defect,18,1800
2025-12-12,M404,P103,Calibration Error,9,1332
2025-01-20,M402,P101,Dimension Error,12,2892
2025-06-26,M104,P101,Dimension Error,11,1760
2025-08-03,M203,P103,Assembly Defect,13,1222
2025-07-31,M102,P102,Solder Defect,10,880
2025-10-29,M104,P104,Calibration Error,7,1330
2025-11-11,M402,P104,Dimension Error,9,1089
2025-08-21,M204,P102,Calibration Error,12,1500
2025-07-14,M203,P104,Calibration Error,2,192
2025-10-17,M402,P102,Assembly Defect,8,1032
2025-08-04,M103,P102,Solder Defect,6,546
2025-08-09,M404,P104,Calibration Error,12,2256
2025-08-23,M104,P103,Dimension Error,6,1374
2025-02-14,M302,P104,Solder Defect,11,1320
2025-11-13,M203,P103,Assembly Defect,5,770
2025-02-10,M401,P103,Dimension Error,6,516
2025-09-07,M104,P103,Solder Defect,6,480
2025-08-09,M401,P103,Calibration Error,12,2640
2025-06-19,M203,P101,Solder Defect,6,876
2025-06-17,M304,P104,Dimension Error,11,2376
2025-06-21,M202,P102,Calibration Error,5,560
2025-01-27,M101,P104,Assembly Defect,9,2151
2025-09-02,M403,P103,Solder Defect,7,1092
2025-05-20,M201,P101,Solder Defect,5,1045
2025-12-04,M101,P102,Assembly Defect,6,696
2025-01-01,M401,P104,Calibration Error,7,679
2025-09-13,M101,P103,Dimension Error,5,930
2025-09-26,M404,P101,Solder Defect,7,1435
2025-11-09,M401,P102,Solder Defect,7,700
2025-08-11,M404,P101,Calibration Error,8,1120
2025-01-21,M301,P104,Assembly Defect,6,1254
2025-04-26,M401,P103,Solder Defect,5,1205
2025-02-19,M402,P104,Assembly Defect,8,1752
2025-12-17,M104,P102,Dimension Error,10,1840
2025-12-26,M202,P102,Calibration Error,3,267
2025-10-06,M401,P101,Solder Defect,3,345
2025-02-21,M204,P101,Assembly Defect,7,602
2025-10-20,M401,P102,Assembly Defect,8,1632
2025-10-09,M203,P103,Solder Defect,11,1628
2025-07-23,M101,P102,Assembly Defect,4,772
2025-06-04,M101,P104,Assembly Defect,8,1064
2025-06-09,M302,P103,Solder Defect,20,3980
2025-07-08,M401,P104,Dimension Error,2,204
2025-11-04,M401,P102,Solder Defect,8,1088
2025-03-29,M204,P102,Assembly Defect,6,492
2025-02-28,M404,P104,Solder Defect,6,540
2025-04-10,M201,P101,Dimension Error,7,1162
2025-09-15,M101,P104,Calibration Error,14,2464
2025-12-09,M404,P101,Assembly Defect,8,1984
2025-02-08,M104,P102,Calibration Error,8,760
2025-11-05,M101,P103,Assembly Defect,9,2160
2025-09-19,M103,P104,Dimension Error,6,762
2025-11-04,M103,P102,Solder Defect,7,1043
2025-03-08,M102,P101,Assembly Defect,9,2061
2025-02-01,M304,P102,Dimension Error,8,1104
2025-02-26,M103,P104,Dimension Error,8,1352
2025-07-30,M404,P102,Calibration Error,6,900
2025-02-25,M202,P104,Assembly Defect,5,430
2025-12-25,M204,P103,Solder Defect,9,837
2025-02-19,M304,P102,Calibration Error,13,1638
2025-05-16,M202,P103,Assembly Defect,7,1029
2025-01-15,M401,P104,Solder Defect,3,504
2025-10-21,M202,P102,Calibration Error,9,837
2025-10-30,M404,P104,Assembly Defect,14,3052
2025-07-17,M103,P102,Calibration Error,10,1690
2025-06-22,M104,P103,Calibration Error,5,625
2025-02-08,M104,P104,Calibration Error,6,906
2025-06-29,M401,P101,Assembly Defect,8,792
2025-09-20,M202,P101,Solder Defect,7,1547
2025-07-31,M104,P104,Solder Defect,7,1498
2025-09-11,M104,P102,Assembly Defect,7,959
2025-09-23,M302,P104,Calibration Error,15,2205
2025-03-21,M102,P103,Dimension Error,10,950
2025-04-25,M402,P103,Assembly Defect,7,1596
2025-04-06,M303,P104,Solder Defect,4,824
2025-04-06,M404,P102,Solder Defect,9,1323
2025-12-29,M402,P101,Solder Defect,7,1344
2025-03-15,M103,P102,Dimension Error,7,651
2025-04-03,M402,P101,Dimension Error,11,2255
2025-02-17,M401,P104,Calibration Error,6,1242
2025-01-28,M201,P102,Assembly Defect,10,1000
2025-01-20,M202,P104,Calibration Error,11,1144
2025-01-09,M203,P101,Calibration Error,6,762
2025-01-10,M103,P103,Calibration Error,11,2673
2025-03-04,M204,P103,Solder Defect,7,1148
2025-05-07,M103,P101,Calibration Error,11,1518
2025-01-28,M404,P102,Solder Defect,8,1104
2025-10-29,M403,P102,Dimension Error,8,1000
2025-09-28,M403,P104,Solder Defect,7,931
2025-01-21,M302,P102,Calibration Error,21,4200
2025-12-10,M401,P101,Solder Defect,6,498
2025-09-05,M403,P104,Assembly Defect,5,600
2025-08-24,M403,P101,Dimension Error,6,1290
2025-07-08,M201,P103,Calibration Error,8,1840
2025-11-13,M103,P102,Assembly Defect,3,474
2025-02-04,M204,P101,Dimension Error,7,1680
2025-11-29,M301,P103,Assembly Defect,7,777
2025-10-26,M304,P103,Assembly Defect,9,1107
2025-12-10,M204,P102,Assembly Defect,7,1015
2025-01-22,M202,P103,Assembly Defect,9,1476
2025-02-02,M101,P102,Solder Defect,12,2316
2025-02-19,M101,P104,Assembly Defect,4,868
2025-06-16,M204,P101,Assembly Defect,7,1638
2025-11-20,M402,P103,Dimension Error,3,246
2025-10-14,M403,P102,Assembly Defect,8,1152
2025-09-13,M404,P104,Assembly Defect,10,1400
2025-09-19,M104,P104,Dimension Error,5,1085
2025-04-26,M304,P102,Calibration Error,8,1200
2025-08-30,M103,P101,Solder Defect,7,1743
2025-03-02,M402,P102,Solder Defect,6,1410
2025-09-24,M404,P103,Assembly Defect,16,2992
2025-10-25,M203,P101,Dimension Error,11,2453
2025-12-21,M103,P103,Solder Defect,8,1432
2025-05-28,M104,P101,Dimension Error,2,184
2025-11-20,M301,P103,Assembly Defect,10,1090
2025-11-03,M401,P103,Calibration Error,6,846
2025-01-13,M401,P104,Solder Defect,16,3792
2025-01-08,M104,P104,Assembly Defect,5,1060
2025-05-31,M202,P103,Calibration Error,9,1332
2025-07-29,M403,P101,Calibration Error,12,1140
2025-07-15,M302,P104,Calibration Error,22,1892
2025-09-28,M404,P103,Calibration Error,7,1169
2025-10-01,M203,P102,Assembly Defect,5,665
2025-06-18,M304,P101,Calibration Error,12,1536
2025-04-26,M103,P104,Assembly Defect,7,1036
2025-04-11,M201,P102,Calibration Error,5,750
2025-08-01,M204,P103,Assembly Defect,11,1221
2025-08-03,M404,P102,Dimension Error,7,1407
2025-09-04,M202,P101,Assembly Defect,4,552
2025-10-16,M404,P101,Assembly Defect,6,696
2025-08-27,M104,P104,Dimension Error,8,1280
2025-08-02,M302,P103,Assembly Defect,18,4194
2025-03-25,M301,P101,Calibration Error,10,1480
2025-09-07,M402,P104,Assembly Defect,8,1392
2025-12-22,M301,P103,Solder Defect,8,1488
2025-07-21,M302,P102,Assembly Defect,16,1936
2025-09-21,M203,P104,Calibration Error,4,324
2025-11-17,M101,P101,Solder Defect,3,735
2025-12-09,M404,P102,Solder Defect,6,1476
2025-04-08,M203,P101,Calibration Error,9,801
2025-12-22,M101,P103,Dimension Error,6,1440
2025-11-28,M303,P104,Calibration Error,9,2250
2025-04-14,M402,P101,Dimension Error,5,460
2025-02-09,M402,P101,Solder Defect,5,710
2025-08-09,M301,P101,Dimension Error,6,1386
2025-06-20,M102,P103,Solder Defect,6,1266
2025-06-08,M102,P103,Dimension Error,9,1836
2025-05-04,M304,P101,Calibration Error,8,880
2025-09-20,M302,P104,Assembly Defect,16,2864
2025-04-25,M202,P102,Assembly Defect,10,1700
2025-07-28,M204,P102,Dimension Error,4,736
2025-12-06,M101,P102,Calibration Error,10,1650
2025-03-17,M103,P104,Calibration Error,11,1177
2025-03-02,M202,P101,Calibration Error,6,522
2025-12-25,M303,P101,Solder Defect,10,1190
2025-08-21,M103,P101,Assembly Defect,8,1952
2025-09-24,M103,P103,Dimension Error,11,2640
2025-10-22,M402,P101,Assembly Defect,8,1408
2025-03-13,M204,P102,Solder Defect,8,1848
2025-05-11,M403,P104,Dimension Error,9,1899
2025-09-27,M303,P103,Calibration Error,9,1314
2025-11-26,M401,P103,Assembly Defect,11,2299
2025-03-21,M303,P103,Dimension Error,4,528
2025-09-02,M203,P102,Calibration Error,5,410
2025-01-22,M204,P101,Assembly Defect,5,980
2025-02-20,M401,P104,Calibration Error,9,1260
2025-05-26,M202,P103,Calibration Error,14,3430
2025-01-24,M104,P102,Solder Defect,8,1848
2025-05-28,M101,P101,Solder Defect,11,1122
2025-03-11,M304,P102,Solder Defect,9,1836
2025-12-06,M104,P104,Assembly Defect,5,525
2025-06-05,M401,P103,Dimension Error,10,1860
2025-11-30,M204,P104,Solder Defect,11,2266
2025-01-20,M301,P102,Dimension Error,2,258
2025-08-22,M304,P101,Assembly Defect,7,980
2025-07-11,M204,P103,Assembly Defect,9,1323
2025-08-08,M202,P102,Calibration Error,7,1519
2025-12-30,M302,P104,Dimension Error,21,1869
2025-01-29,M404,P103,Solder Defect,5,1135
2025-02-16,M201,P104,Solder Defect,7,1645
2025-04-26,M304,P101,Assembly Defect,10,1050
2025-06-02,M104,P103,Assembly Defect,7,658
2025-01-30,M302,P104,Assembly Defect,19,1539
2025-10-10,M301,P104,Assembly Defect,12,1788
2025-12-10,M301,P103,Dimension Error,5,1120
2025-08-28,M403,P103,Assembly Defect,5,945
2025-02-04,M202,P102,Assembly Defect,10,840
2025-01-24,M103,P103,Calibration Error,6,750
2025-11-10,M101,P103,Solder Defect,8,1928
2025-02-15,M304,P101,Dimension Error,7,1330
2025-03-26,M301,P102,Solder Defect,9,945
2025-03-17,M104,P104,Calibration Error,8,1016
2025-01-22,M302,P102,Assembly Defect,15,1905
2025-01-13,M201,P103,Solder Defect,8,1864
2025-10-08,M304,P104,Dimension Error,6,1266
2025-09-01,M203,P103,Solder Defect,7,987
2025-08-17,M201,P102,Solder Defect,9,1764
2025-04-26,M303,P104,Solder Defect,11,2673
2025-04-19,M401,P101,Dimension Error,10,1990
2025-05-11,M404,P103,Calibration Error,5,865
2025-03-25,M303,P103,Calibration Error,6,966
2025-06-15,M303,P101,Assembly Defect,11,1639
2025-02-23,M302,P102,Dimension Error,10,1530
2025-05-03,M404,P102,Assembly Defect,6,840
2025-01-02,M302,P104,Solder Defect,21,3087
2025-11-29,M104,P103,Assembly Defect,7,833
2025-07-05,M102,P104,Calibration Error,2,286
2025-09-12,M303,P104,Solder Defect,13,1365
2025-06-17,M304,P101,Solder Defect,11,2079
2025-04-14,M303,P103,Assembly Defect,13,1937
2025-06-27,M101,P103,Calibration Error,9,2106
2025-07-19,M304,P102,Dimension Error,7,637
2025-05-11,M404,P104,Solder Defect,4,940
2025-10-11,M304,P104,Calibration Error,6,960
2025-01-28,M304,P101,Calibration Error,13,1950
2025-06-07,M101,P102,Dimension Error,5,860
2025-07-05,M301,P104,Solder Defect,12,1332
2025-05-22,M202,P103,Solder Defect,9,1269
2025-11-19,M203,P104,Calibration Error,9,1593
2025-10-06,M204,P103,Solder Defect,6,714
2025-02-22,M104,P101,Assembly Defect,11,1848
2025-06-02,M102,P103,Dimension Error,3,258
2025-07-22,M304,P102,Assembly Defect,2,484
2025-10-24,M203,P101,Dimension Error,6,1110
2025-08-12,M203,P103,Solder Defect,12,2232
2025-07-12,M102,P103,Assembly Defect,7,1442
2025-08-19,M203,P101,Assembly Defect,7,1197
2025-06-22,M302,P102,Dimension Error,15,2040
2025-04-09,M103,P102,Solder Defect,6,714
2025-12-18,M103,P101,Solder Defect,12,1320
2025-12-16,M102,P102,Dimension Error,10,2000
2025-04-08,M101,P101,Dimension Error,6,1242
2025-10-14,M104,P104,Dimension Error,8,656
2025-12-22,M402,P104,Dimension Error,5,1050
2025-12-05,M302,P102,Calibration Error,14,2660
2025-06-14,M102,P102,Calibration Error,6,1296
2025-02-03,M202,P104,Calibration Error,6,930
2025-11-07,M102,P101,Assembly Defect,3,279
2025-07-04,M302,P102,Calibration Error,18,3168
2025-11-15,M301,P104,Calibration Error,9,1899
2025-05-25,M204,P103,Calibration Error,6,1224
2025-04-02,M304,P101,Solder Defect,13,2158
2025-04-29,M304,P103,Dimension Error,13,1547
2025-01-10,M102,P102,Calibration Error,6,822
2025-01-19,M202,P101,Solder Defect,12,2820
2025-03-11,M401,P104,Solder Defect,15,1620
2025-09-09,M204,P103,Assembly Defect,5,865
2025-07-06,M304,P101,Assembly Defect,7,728
2025-11-17,M103,P104,Dimension Error,8,824
2025-06-04,M202,P104,Dimension Error,6,690
2025-06-01,M302,P102,Dimension Error,17,3434
2025-12-28,M101,P103,Solder Defect,7,714
2025-01-09,M102,P101,Calibration Error,9,2196
2025-07-21,M301,P101,Calibration Error,5,810
2025-12-03,M404,P103,Assembly Defect,5,915
2025-05-17,M201,P103,Calibration Error,5,1025
2025-06-23,M203,P101,Dimension Error,10,2050
2025-10-27,M103,P101,Assembly Defect,3,417
2025-08-15,M202,P103,Dimension Error,6,1008
2025-07-17,M204,P102,Dimension Error,7,910
2025-05-12,M203,P103,Solder Defect,8,1904
2025-01-31,M101,P101,Solder Defect,14,1722
2025-05-09,M202,P101,Solder Defect,8,904
2025-08-19,M403,P104,Solder Defect,9,1611
2025-07-23,M201,P103,Assembly Defect,4,800
2025-10-06,M404,P103,Assembly Defect,10,1080
2025-02-19,M201,P103,Assembly Defect,9,1116
2025-02-17,M404,P102,Dimension Error,8,1152
2025-11-20,M201,P101,Assembly Defect,7,658
2025-12-04,M302,P104,Solder Defect,15,2850
2025-09-03,M104,P104,Solder Defect,9,2169
2025-08-02,M302,P101,Calibration Error,18,2520
2025-12-20,M201,P104,Assembly Defect,6,612
2025-06-06,M304,P103,Solder Defect,12,2772
2025-08-27,M204,P102,Calibration Error,15,1365
2025-11-05,M404,P101,Calibration Error,4,844
2025-03-24,M301,P102,Assembly Defect,6,714
2025-09-12,M102,P103,Dimension Error,5,1200
2025-12-07,M204,P103,Assembly Defect,6,948
2025-07-19,M203,P103,Dimension Error,8,1168
2025-09-04,M301,P104,Assembly Defect,11,2475
2025-03-04,M204,P101,Solder Defect,10,830
2025-02-06,M304,P102,Calibration Error,9,882
2025-11-17,M103,P103,Assembly Defect,11,2398
2025-09-30,M103,P102,Calibration Error,4,752
2025-10-15,M402,P104,Solder Defect,9,1890
2025-12-03,M202,P102,Calibration Error,4,560
2025-07-10,M104,P101,Calibration Error,11,2728
2025-10-27,M303,P102,Calibration Error,9,1458
2025-05-16,M302,P103,Dimension Error,16,2128
2025-02-10,M404,P104,Solder Defect,5,470
2025-02-14,M203,P102,Assembly Defect,7,1400
2025-01-28,M404,P102,Solder Defect,7,1470
2025-02-20,M302,P101,Assembly Defect,20,2740
2025-08-13,M304,P104,Assembly Defect,5,835
2025-12-15,M301,P103,Solder Defect,8,1544
2025-04-29,M203,P101,Solder Defect,9,1656
2025-06-23,M301,P104,Dimension Error,8,1392
2025-08-18,M103,P103,Solder Defect,7,1309
2025-07-20,M304,P103,Solder Defect,10,1920
2025-03-16,M401,P103,Calibration Error,5,495
2025-04-21,M402,P101,Solder Defect,14,2828
2025-02-17,M302,P104,Calibration Error,16,1792
2025-11-07,M302,P103,Calibration Error,9,2016
2025-07-27,M303,P101,Dimension Error,8,1216
2025-05-29,M104,P101,Assembly Defect,11,1628
2025-01-06,M101,P103,Calibration Error,7,1484
2025-01-07,M301,P102,Solder Defect,10,1990
2025-11-12,M401,P101,Solder Defect,2,482
2025-11-12,M403,P104,Assembly Defect,9,2043
2025-12-23,M103,P102,Solder Defect,10,1060
2025-10-12,M404,P101,Dimension Error,7,1484
2025-02-09,M303,P104,Assembly Defect,7,1603
2025-12-15,M104,P104,Dimension Error,15,1455
2025-08-05,M303,P104,Dimension Error,12,1104
2025-12-12,M402,P104,Dimension Error,11,2409
2025-10-01,M303,P101,Dimension Error,9,1980
2025-04-02,M101,P102,Assembly Defect,10,1170
2025-12-02,M304,P104,Assembly Defect,9,855
2025-02-03,M303,P103,Solder Defect,3,750
2025-07-08,M101,P104,Assembly Defect,11,1122
2025-02-24,M103,P101,Dimension Error,11,2255
2025-10-01,M404,P102,Assembly Defect,3,630
2025-01-29,M303,P101,Assembly Defect,8,1896
2025-07-26,M402,P104,Assembly Defect,5,985
2025-12-04,M104,P104,Assembly Defect,10,1540
2025-01-13,M201,P102,Solder Defect,6,786
2025-05-28,M202,P104,Calibration Error,7,1652
2025-12-01,M401,P103,Dimension Error,11,1144
2025-04-23,M304,P104,Solder Defect,5,455
2025-02-24,M402,P103,Assembly Defect,7,672
2025-11-17,M201,P102,Assembly Defect,13,3133
2025-02-01,M202,P102,Dimension Error,7,1519
2025-11-11,M203,P101,Calibration Error,11,2387
2025-03-01,M302,P104,Dimension Error,15,2250
2025-01-02,M401,P102,Dimension Error,6,696
2025-10-16,M202,P102,Assembly Defect,9,2025
2025-12-31,M304,P102,Dimension Error,10,1890
2025-03-28,M104,P101,Assembly Defect,3,393
2025-04-03,M403,P102,Dimension Error,13,1482
2025-01-21,M402,P104,Dimension Error,6,1044
2025-05-21,M101,P103,Dimension Error,4,536
2025-01-09,M204,P104,Assembly Defect,8,2000
2025-05-04,M404,P103,Assembly Defect,14,1330
2025-09-17,M203,P101,Dimension Error,4,892
2025-03-13,M301,P101,Dimension Error,13,1209
2025-05-23,M402,P104,Calibration Error,7,1603
2025-06-02,M201,P104,Solder Defect,9,2061
2025-02-05,M402,P102,Dimension Error,8,1896
2025-09-25,M101,P101,Assembly Defect,9,1746
2025-03-16,M101,P102,Calibration Error,16,2144
2025-10-24,M403,P104,Solder Defect,6,1338
2025-08-14,M404,P101,Solder Defect,11,1760
2025-12-08,M202,P103,Calibration Error,8,1184
2025-05-26,M204,P101,Solder Defect,8,896
2025-11-14,M203,P102,Solder Defect,6,510
2025-04-20,M401,P104,Assembly Defect,12,1068
2025-01-19,M202,P103,Assembly Defect,6,702
2025-09-12,M101,P102,Solder Defect,6,1266
2025-03-04,M102,P102,Assembly Defect,5,640
2025-01-16,M403,P101,Assembly Defect,6,1308
2025-10-09,M203,P101,Assembly Defect,8,1264
2025-06-26,M101,P102,Dimension Error,9,2187
2025-07-03,M401,P103,Solder Defect,2,464
2025-09-10,M301,P103,Dimension Error,3,741
2025-08-13,M301,P102,Calibration Error,8,1024
2025-03-29,M401,P103,Calibration Error,7,1155
2025-01-05,M302,P104,Assembly Defect,22,2266
2025-12-23,M404,P103,Calibration Error,7,1253
2025-07-05,M302,P101,Dimension Error,20,2020
2025-03-18,M301,P103,Solder Defect,7,707
2025-02-05,M402,P101,Solder Defect,6,720
2025-11-23,M301,P101,Solder Defect,10,1050
2025-12-20,M402,P101,Dimension Error,7,1267
2025-04-02,M104,P101,Dimension Error,9,2124
2025-11-29,M202,P104,Calibration Error,8,824
2025-07-12,M301,P104,Calibration Error,6,504
2025-03-22,M102,P104,Calibration Error,5,485
2025-06-09,M103,P101,Calibration Error,9,1359
2025-05-12,M203,P102,Assembly Defect,5,780
2025-01-03,M304,P104,Dimension Error,10,1530
2025-03-17,M401,P101,Dimension Error,5,620
2025-05-22,M403,P102,Dimension Error,6,798
2025-02-04,M404,P101,Dimension Error,10,920
2025-06-08,M301,P104,Calibration Error,15,1260
2025-04-18,M403,P103,Assembly Defect,11,1870
2025-09-01,M103,P101,Dimension Error,11,2222
2025-04-13,M302,P102,Solder Defect,19,2223
2025-02-16,M104,P103,Solder Defect,11,2178
2025-12-02,M103,P102,Dimension Error,9,2241
2025-07-14,M302,P102,Solder Defect,17,1598
2025-04-09,M204,P103,Calibration Error,7,1386
2025-02-28,M204,P103,Calibration Error,8,1248
2025-09-08,M102,P104,Assembly Defect,8,2000
2025-12-09,M201,P102,Calibration Error,8,1280
2025-12-22,M403,P101,Dimension Error,11,1694
2025-01-26,M101,P103,Assembly Defect,7,847
2025-05-15,M104,P103,Calibration Error,7,1701
2025-05-24,M304,P104,Assembly Defect,7,1288
2025-07-22,M203,P104,Solder Defect,7,1456
2025-01-22,M103,P102,Solder Defect,7,1246
2025-04-17,M204,P103,Dimension Error,7,1197
2025-11-22,M404,P103,Dimension Error,10,1600
2025-07-27,M403,P103,Dimension Error,10,1510
2025-07-13,M402,P104,Dimension Error,11,1991
2025-08-14,M301,P101,Calibration Error,14,2198
2025-12-26,M104,P104,Assembly Defect,7,581
2025-04-19,M202,P103,Calibration Error,13,1573
2025-02-26,M402,P103,Assembly Defect,7,917
2025-12-26,M201,P103,Assembly Defect,5,1210
2025-03-10,M104,P103,Dimension Error,6,624
2025-01-07,M101,P103,Calibration Error,4,640
2025-11-14,M102,P101,Assembly Defect,10,2080
2025-02-21,M203,P104,Assembly Defect,10,990
2025-05-30,M401,P101,Assembly Defect,7,1624
2025-12-08,M103,P102,Dimension Error,8,1480
2025-06-30,M203,P104,Solder Defect,7,623
2025-06-14,M403,P102,Assembly Defect,5,515
2025-01-09,M102,P104,Assembly Defect,4,356
2025-10-30,M303,P101,Calibration Error,8,1296
2025-05-20,M304,P101,Calibration Error,8,1520
2025-05-21,M102,P102,Assembly Defect,13,1612
2025-03-18,M102,P103,Assembly Defect,11,880
2025-04-08,M104,P102,Solder Defect,7,1204
2025-06-22,M304,P103,Calibration Error,10,1480
2025-02-05,M403,P101,Dimension Error,8,1440
2025-06-23,M303,P102,Dimension Error,7,637
2025-03-02,M103,P101,Dimension Error,9,720
2025-04-15,M201,P101,Calibration Error,10,1180
2025-12-22,M304,P102,Calibration Error,7,1267
2025-02-06,M302,P103,Solder Defect,25,5700
2025-03-21,M103,P104,Assembly Defect,7,686
2025-06-09,M104,P101,Solder Defect,4,620
2025-07-29,M404,P102,Dimension Error,4,436
2025-03-02,M404,P102,Dimension Error,7,581
2025-03-30,M104,P103,Calibration Error,8,1752
2025-05-12,M304,P101,Calibration Error,9,1548
2025-06-16,M401,P104,Calibration Error,15,1530
2025-04-12,M104,P102,Solder Defect,6,786
2025-02-08,M202,P103,Calibration Error,9,1305
2025-12-29,M401,P104,Dimension Error,10,1120
2025-11-06,M104,P102,Dimension Error,11,1375
2025-02-10,M303,P102,Assembly Defect,4,584
2025-01-08,M401,P101,Solder Defect,6,924
2025-08-03,M104,P102,Solder Defect,4,668
2025-10-11,M301,P103,Assembly Defect,7,1365
2025-07-10,M204,P102,Dimension Error,8,760
2025-01-15,M404,P103,Solder Defect,6,786
2025-12-17,M203,P103,Calibration Error,4,536
2025-12-22,M204,P104,Assembly Defect,6,576
2025-08-15,M304,P101,Solder Defect,5,400
2025-08-18,M304,P104,Assembly Defect,8,1736
2025-03-14,M303,P103,Assembly Defect,6,1260
2025-05-03,M402,P104,Solder Defect,9,1044
2025-04-12,M303,P104,Solder Defect,7,1162
2025-01-03,M404,P102,Solder Defect,10,2320
2025-02-01,M404,P102,Assembly Defect,12,2580
2025-06-10,M401,P102,Dimension Error,5,945
2025-07-26,M403,P102,Solder Defect,6,804
2025-11-05,M401,P102,Dimension Error,14,2002
2025-04-15,M403,P103,Assembly Defect,5,1025
2025-01-12,M104,P101,Calibration Error,6,606
2025-05-28,M203,P103,Calibration Error,7,1666
2025-04-27,M301,P102,Dimension Error,9,1107
2025-09-20,M201,P101,Assembly Defect,5,930
2025-07-08,M401,P101,Assembly Defect,23,2139
2025-03-31,M403,P103,Assembly Defect,9,1773
2025-08-26,M101,P104,Assembly Defect,11,2398
2025-02-10,M203,P102,Assembly Defect,8,1656
2025-09-25,M202,P102,Assembly Defect,6,912
2025-03-08,M204,P103,Solder Defect,9,1647
2025-10-07,M302,P102,Calibration Error,18,2466
2025-12-08,M401,P101,Dimension Error,8,936
2025-08-05,M203,P102,Calibration Error,8,1904
2025-02-26,M201,P103,Dimension Error,7,1456
2025-12-18,M404,P103,Assembly Defect,6,870
2025-07-04,M402,P101,Calibration Error,15,3735
2025-03-04,M402,P104,Assembly Defect,7,1603
2025-04-04,M404,P103,Solder Defect,7,1687
2025-04-01,M402,P103,Assembly Defect,5,760
2025-09-24,M201,P104,Dimension Error,8,888
2025-10-17,M304,P101,Solder Defect,12,2868
2025-10-28,M301,P101,Calibration Error,11,2002
2025-06-02,M302,P104,Dimension Error,13,2964
2025-02-19,M104,P103,Assembly Defect,7,637
2025-03-01,M301,P104,Solder Defect,8,1776
2025-04-01,M203,P101,Dimension Error,4,432
2025-08-30,M201,P103,Calibration Error,14,3486
2025-09-22,M301,P103,Calibration Error,14,2702
2025-03-02,M101,P103,Assembly Defect,12,1956
2025-11-10,M103,P102,Assembly Defect,7,763
2025-03-24,M104,P104,Assembly Defect,12,2916
2025-06-07,M403,P103,Dimension Error,6,828
2025-07-20,M303,P101,Calibration Error,14,2800
2025-01-13,M302,P104,Solder Defect,12,1548
2025-08-21,M104,P102,Assembly Defect,9,765
2025-07-12,M202,P101,Calibration Error,7,567
2025-04-23,M304,P101,Calibration Error,10,2370
2025-11-19,M403,P103,Solder Defect,9,2151
2025-12-16,M402,P102,Assembly Defect,6,1050
2025-03-18,M301,P101,Assembly Defect,11,1892
2025-09-17,M403,P102,Calibration Error,10,1720
2025-11-01,M103,P103,Assembly Defect,6,720
2025-03-28,M201,P104,Dimension Error,8,704
2025-04-04,M304,P103,Assembly Defect,6,1338
2025-06-13,M303,P103,Calibration Error,7,840
2025-01-20,M303,P103,Dimension Error,8,1000
2025-10-23,M104,P102,Dimension Error,14,2716
2025-05-03,M204,P103,Calibration Error,7,1372
2025-01-15,M402,P102,Calibration Error,9,1188
2025-01-27,M101,P101,Dimension Error,6,606
2025-11-08,M304,P103,Dimension Error,4,760
2025-04-07,M201,P103,Solder Defect,10,1800
2025-07-31,M201,P101,Assembly Defect,9,1692
2025-11-22,M404,P103,Dimension Error,8,1056
2025-09-12,M302,P104,Solder Defect,20,4880
2025-01-09,M203,P104,Dimension Error,9,1278
2025-09-22,M402,P101,Calibration Error,5,890
2025-11-17,M403,P101,Dimension Error,13,2145
2025-09-15,M301,P101,Assembly Defect,8,1096
2025-02-04,M402,P103,Assembly Defect,10,1260
2025-04-06,M404,P104,Solder Defect,3,582
2025-03-22,M403,P103,Dimension Error,8,752
2025-01-06,M204,P103,Solder Defect,10,800
2025-07-11,M202,P104,Solder Defect,9,1260
2025-07-10,M103,P104,Solder Defect,13,2990
2025-10-29,M301,P104,Assembly Defect,10,1660
2025-01-08,M101,P104,Solder Defect,5,945
2025-05-17,M301,P101,Dimension Error,3,744
2025-02-06,M202,P103,Calibration Error,8,1224
2025-08-03,M104,P101,Assembly Defect,9,1476
2025-11-17,M303,P102,Assembly Defect,11,2651
2025-01-16,M201,P104,Calibration Error,12,1116
2025-02-28,M304,P101,Solder Defect,3,414
2025-01-16,M204,P103,Calibration Error,11,1188
2025-02-08,M402,P103,Solder Defect,6,1020
2025-03-07,M201,P102,Assembly Defect,11,1793
2025-01-29,M402,P101,Dimension Error,15,1485
2025-04-22,M404,P104,Dimension Error,7,1393
2025-01-07,M102,P104,Solder Defect,8,1512
2025-01-28,M303,P101,Dimension Error,4,616
2025-01-15,M304,P101,Solder Defect,12,2616
2025-04-28,M202,P103,Solder Defect,8,832
2025-12-04,M302,P103,Solder Defect,23,5474
2025-01-11,M301,P102,Calibration Error,9,1458
2025-04-26,M104,P104,Calibration Error,6,702
2025-05-29,M402,P101,Assembly Defect,7,1197
2025-03-22,M201,P103,Solder Defect,4,388
2025-05-08,M301,P101,Assembly Defect,3,663
2025-02-23,M201,P104,Calibration Error,9,1602
2025-07-09,M204,P103,Calibration Error,7,1400
2025-05-03,M203,P104,Assembly Defect,6,1104
2025-01-14,M402,P103,Assembly Defect,9,1647
2025-09-19,M301,P104,Solder Defect,11,2585
2025-04-21,M103,P103,Dimension Error,4,900
2025-12-07,M402,P103,Solder Defect,8,1008
2025-11-20,M204,P103,Assembly Defect,9,2205
2025-11-08,M301,P102,Solder Defect,6,1188
2025-11-30,M302,P103,Dimension Error,20,2940
2025-05-09,M102,P102,Calibration Error,8,752
2025-09-03,M404,P101,Assembly Defect,7,1729
2025-07-17,M303,P101,Calibration Error,9,1998
2025-08-05,M101,P101,Solder Defect,7,1463
2025-05-08,M403,P104,Solder Defect,12,1056
2025-09-19,M103,P101,Calibration Error,9,1809
2025-09-28,M102,P101,Solder Defect,10,910
2025-05-26,M403,P101,Assembly Defect,7,1050
2025-12-24,M301,P103,Assembly Defect,14,1932
2025-12-11,M201,P103,Dimension Error,7,1400
2025-03-10,M103,P101,Assembly Defect,11,1089
2025-02-14,M101,P103,Assembly Defect,4,452
2025-07-25,M304,P102,Solder Defect,7,1288
2025-06-24,M304,P101,Assembly Defect,5,955
2025-03-30,M101,P101,Solder Defect,6,1296
2025-09-20,M404,P104,Assembly Defect,10,1070
2025-06-07,M204,P104,Dimension Error,5,610
2025-03-23,M202,P103,Assembly Defect,4,756
2025-10-24,M203,P101,Assembly Defect,5,1120
2025-04-29,M304,P103,Solder Defect,11,1001
2025-09-10,M203,P102,Dimension Error,10,1860
2025-12-31,M103,P101,Calibration Error,6,1164
2025-08-30,M403,P102,Solder Defect,11,1144
2025-01-05,M202,P103,Calibration Error,5,980
2025-12-04,M303,P102,Calibration Error,10,1640
2025-10-06,M303,P101,Assembly Defect,10,2500
2025-02-04,M302,P103,Solder Defect,21,1785
2025-09-11,M301,P104,Dimension Error,9,1026
2025-04-27,M403,P101,Solder Defect,6,1284
2025-09-16,M201,P101,Solder Defect,6,1152
2025-07-13,M102,P103,Assembly Defect,7,1127
2025-10-02,M403,P101,Assembly Defect,5,580
2025-07-08,M204,P104,Dimension Error,5,920
2025-10-31,M402,P104,Calibration Error,13,1469
2025-07-11,M301,P104,Dimension Error,7,609
2025-09-06,M101,P102,Dimension Error,7,938
2025-09-11,M201,P102,Solder Defect,8,1376
2025-08-22,M104,P102,Solder Defect,11,2013
2025-08-12,M202,P104,Dimension Error,8,1704
2025-11-19,M202,P104,Calibration Error,10,1470
2025-03-28,M102,P103,Calibration Error,6,1086
2025-10-05,M303,P103,Assembly Defect,12,2160
2025-01-02,M401,P103,Calibration Error,12,1404
2025-02-06,M103,P102,Calibration Error,7,616
2025-05-23,M302,P102,Solder Defect,15,3510
2025-06-16,M203,P103,Assembly Defect,14,2604
2025-05-09,M304,P101,Assembly Defect,10,1590
2025-08-01,M202,P103,Solder Defect,9,1431
2025-12-17,M302,P101,Dimension Error,19,1957
2025-08-06,M401,P103,Solder Defect,8,1632
2025-01-29,M102,P101,Calibration Error,9,1224
2025-08-14,M101,P103,Dimension Error,9,1332
2025-03-06,M104,P102,Solder Defect,6,1128
2025-12-11,M401,P101,Assembly Defect,6,1248
2025-01-14,M303,P104,Solder Defect,13,1469
2025-10-14,M104,P104,Solder Defect,3,624
2025-09-17,M101,P104,Calibration Error,13,1950
2025-03-18,M102,P104,Assembly Defect,8,1120
2025-01-10,M403,P104,Calibration Error,8,944
2025-07-14,M402,P104,Dimension Error,10,1370
2025-05-23,M303,P104,Solder Defect,6,612
2025-06-16,M102,P101,Assembly Defect,10,2220
2025-06-15,M301,P101,Assembly Defect,7,1253
2025-06-29,M103,P104,Dimension Error,9,2061
2025-03-28,M104,P102,Dimension Error,3,288
2025-11-05,M303,P102,Dimension Error,5,515
2025-09-05,M104,P104,Dimension Error,4,380
2025-12-07,M402,P102,Dimension Error,9,1035
2025-01-14,M103,P104,Assembly Defect,8,1744
2025-11-30,M303,P103,Dimension Error,8,800
2025-05-07,M204,P102,Assembly Defect,3,663
2025-02-16,M402,P102,Assembly Defect,7,1547
2025-02-16,M204,P101,Solder Defect,5,785
2025-12-15,M204,P104,Calibration Error,8,1400
2025-11-25,M401,P101,Assembly Defect,9,1278
2025-11-26,M204,P101,Assembly Defect,7,1554
2025-02-11,M404,P104,Calibration Error,12,1824
2025-01-02,M301,P104,Dimension Error,4,412
2025-01-15,M103,P101,Dimension Error,6,576
2025-10-21,M304,P101,Dimension Error,2,206
2025-09-28,M203,P102,Dimension Error,8,1304
2025-04-09,M402,P104,Solder Defect,4,624
2025-07-02,M101,P101,Solder Defect,6,1338
2025-09-03,M304,P101,Calibration Error,4,792
2025-06-04,M203,P104,Solder Defect,15,1875
2025-06-23,M103,P103,Calibration Error,8,1992
2025-12-04,M401,P101,Solder Defect,8,904
2025-06-09,M103,P103,Calibration Error,8,776
2025-03-21,M103,P102,Calibration Error,11,2409
2025-08-21,M203,P101,Solder Defect,6,1068
2025-01-20,M204,P102,Dimension Error,17,3978
2025-12-22,M304,P104,Calibration Error,8,1592
2025-08-25,M304,P104,Assembly Defect,7,1708
2025-02-22,M101,P103,Assembly Defect,6,690
2025-01-17,M404,P102,Assembly Defect,10,2350
2025-05-20,M101,P102,Dimension Error,14,2492
2025-05-15,M302,P101,Calibration Error,19,1615
2025-10-31,M301,P103,Assembly Defect,10,1190
2025-03-11,M304,P103,Assembly Defect,4,956
2025-12-28,M301,P102,Calibration Error,11,2310
2025-06-24,M103,P103,Solder Defect,8,1120
2025-07-20,M203,P102,Assembly Defect,3,480
2025-09-28,M402,P101,Calibration Error,10,1340
2025-04-08,M203,P101,Assembly Defect,6,1134
2025-02-20,M204,P101,Solder Defect,13,1443
2025-12-10,M204,P104,Calibration Error,11,1452
2025-12-23,M402,P104,Solder Defect,10,2100
2025-04-03,M104,P102,Assembly Defect,7,1687
2025-04-01,M201,P101,Solder Defect,4,396
2025-02-23,M101,P102,Solder Defect,5,1045
2025-09-04,M203,P102,Calibration Error,10,910
2025-11-04,M103,P102,Solder Defect,6,1446
2025-11-27,M402,P101,Calibration Error,4,336
2025-09-19,M201,P104,Solder Defect,5,1095
2025-03-03,M301,P102,Calibration Error,6,966
2025-11-26,M402,P102,Calibration Error,9,1566
2025-09-16,M101,P103,Dimension Error,9,1836
2025-12-04,M402,P101,Dimension Error,9,1656
2025-10-12,M404,P101,Calibration Error,6,906
2025-05-26,M402,P103,Assembly Defect,9,1080
2025-04-13,M304,P104,Assembly Defect,13,2743
2025-05-20,M101,P102,Dimension Error,4,348
2025-03-16,M102,P104,Assembly Defect,5,725
2025-03-16,M201,P103,Solder Defect,7,721
2025-06-04,M403,P104,Calibration Error,9,1638
2025-04-08,M104,P103,Dimension Error,8,1368
2025-09-18,M401,P104,Solder Defect,11,1639
2025-01-28,M204,P103,Assembly Defect,8,1336
2025-05-22,M303,P102,Dimension Error,6,1176
2025-10-18,M203,P102,Dimension Error,10,1280
2025-04-22,M301,P103,Dimension Error,11,1034
2025-09-17,M103,P101,Dimension Error,6,1026
2025-10-31,M401,P104,Solder Defect,10,1540
2025-06-06,M402,P104,Assembly Defect,11,2332
2025-12-08,M301,P101,Assembly Defect,11,2200
2025-03-04,M102,P104,Solder Defect,6,1068
2025-03-01,M104,P103,Solder Defect,7,875
2025-03-27,M203,P103,Dimension Error,13,1066
2025-07-13,M304,P103,Assembly Defect,7,868
2025-04-02,M304,P101,Assembly Defect,8,1224
2025-04-20,M402,P101,Assembly Defect,5,1080
2025-09-21,M302,P104,Solder Defect,18,1926
2025-09-11,M302,P103,Dimension Error,21,4032
2025-07-26,M201,P104,Calibration Error,8,1528
2025-11-03,M101,P101,Dimension Error,10,1390
2025-11-28,M102,P102,Dimension Error,11,1870
2025-11-12,M102,P104,Dimension Error,6,900
2025-08-05,M403,P103,Calibration Error,5,645
2025-06-02,M101,P104,Solder Defect,5,810
2025-06-23,M303,P101,Solder Defect,11,1441
2025-04-16,M203,P103,Calibration Error,5,510
2025-08-29,M201,P104,Assembly Defect,1,239
2025-08-05,M204,P101,Assembly Defect,7,980
2025-05-12,M101,P102,Dimension Error,14,1554
2025-12-14,M102,P101,Assembly Defect,5,1065
2025-06-13,M201,P104,Calibration Error,6,738
2025-04-17,M103,P101,Dimension Error,8,1704
2025-12-28,M303,P104,Dimension Error,7,1477
2025-12-19,M302,P104,Calibration Error,12,2100
2025-05-29,M201,P101,Solder Defect,8,824
2025-09-23,M402,P104,Calibration Error,5,1000
2025-03-26,M401,P102,Assembly Defect,7,637
2025-02-10,M103,P103,Dimension Error,8,1536
2025-05-12,M104,P101,Calibration Error,8,1584
2025-02-10,M304,P101,Calibration Error,9,972
2025-10-30,M301,P102,Calibration Error,7,1393
2025-08-01,M204,P103,Calibration Error,14,3248
2025-05-15,M402,P102,Assembly Defect,7,1358
2025-02-23,M401,P102,Assembly Defect,6,906
2025-08-30,M204,P104,Assembly Defect,7,1155
2025-08-24,M104,P103,Dimension Error,5,635
2025-08-18,M301,P104,Calibration Error,11,1221
2025-12-19,M101,P104,Solder Defect,7,784
2025-05-07,M203,P104,Dimension Error,14,2954
2025-02-22,M201,P101,Assembly Defect,8,1360
2025-05-19,M202,P102,Dimension Error,12,1704
2025-10-29,M403,P104,Solder Defect,8,1192
2025-12-14,M104,P103,Assembly Defect,14,3052
2025-10-01,M402,P101,Calibration Error,5,905
2025-05-19,M203,P102,Calibration Error,8,1392
2025-10-16,M102,P104,Calibration Error,12,1344
2025-09-16,M403,P104,Assembly Defect,8,1328
2025-05-14,M302,P101,Solder Defect,23,2714
2025-02-04,M101,P104,Assembly Defect,5,985
2025-07-28,M101,P101,Dimension Error,8,1488
2025-12-04,M401,P104,Calibration Error,7,1596
2025-10-17,M202,P104,Calibration Error,7,1253
2025-11-23,M102,P104,Solder Defect,12,2700
2025-09-07,M202,P101,Dimension Error,6,1488
2025-10-23,M204,P102,Solder Defect,6,498
2025-02-25,M203,P104,Calibration Error,7,1057
2025-01-03,M203,P101,Assembly Defect,10,1180
2025-12-28,M401,P103,Dimension Error,8,1624
2025-05-27,M301,P103,Dimension Error,7,903
2025-04-02,M201,P103,Solder Defect,12,2076
2025-06-06,M401,P104,Assembly Defect,7,1456
2025-10-12,M101,P103,Assembly Defect,5,735
2025-09-03,M302,P102,Solder Defect,12,1344
2025-09-30,M201,P102,Assembly Defect,9,1224
2025-12-05,M403,P101,Assembly Defect,10,1240
2025-12-29,M302,P102,Solder Defect,8,1136
2025-08-25,M202,P103,Calibration Error,12,2604
2025-10-10,M302,P101,Dimension Error,18,3366
2025-06-12,M404,P102,Assembly Defect,7,973
2025-11-18,M403,P103,Solder Defect,12,1500
2025-03-19,M101,P104,Calibration Error,8,808
2025-06-12,M102,P103,Dimension Error,8,648
2025-04-01,M202,P102,Assembly Defect,4,824
2025-11-30,M102,P102,Calibration Error,3,732
2025-12-20,M103,P102,Calibration Error,9,1782
2025-10-01,M101,P101,Dimension Error,14,3038
2025-06-08,M101,P104,Assembly Defect,12,1404
2025-10-21,M204,P103,Assembly Defect,8,1384
2025-01-21,M403,P102,Calibration Error,8,648
2025-01-20,M201,P102,Assembly Defect,7,1036
2025-12-15,M104,P102,Solder Defect,9,2160
2025-07-16,M104,P101,Assembly Defect,9,1449
2025-12-03,M404,P101,Assembly Defect,9,999
2025-10-24,M203,P104,Assembly Defect,12,960
2025-07-15,M301,P101,Assembly Defect,7,749
2025-03-05,M201,P102,Calibration Error,6,918
2025-02-27,M204,P102,Assembly Defect,9,855
2025-02-09,M101,P102,Calibration Error,8,1000
2025-04-10,M202,P101,Calibration Error,15,3375
2025-10-23,M201,P103,Solder Defect,9,1368
2025-04-06,M404,P102,Assembly Defect,9,801
2025-03-30,M201,P101,Assembly Defect,11,2618
2025-02-13,M401,P101,Solder Defect,12,1212
2025-11-04,M303,P102,Calibration Error,10,1030
2025-01-01,M303,P104,Assembly Defect,9,2241
2025-04-02,M103,P103,Calibration Error,6,1452
2025-06-15,M104,P103,Solder Defect,8,1912
2025-10-20,M403,P101,Dimension Error,6,1104
2025-05-04,M101,P101,Solder Defect,10,1070
2025-06-28,M301,P102,Solder Defect,7,1337
2025-12-20,M403,P101,Solder Defect,5,1250
2025-05-30,M104,P101,Assembly Defect,14,3122
2025-09-25,M201,P101,Dimension Error,9,1323
2025-12-07,M304,P104,Calibration Error,9,2205
2025-11-17,M101,P101,Calibration Error,9,2169
2025-04-01,M404,P102,Dimension Error,9,1566
2025-03-16,M203,P104,Calibration Error,6,1050
2025-11-23,M201,P101,Assembly Defect,7,1232
2025-06-29,M402,P104,Solder Defect,10,1880
2025-08-16,M103,P102,Dimension Error,9,2133
2025-06-09,M301,P101,Solder Defect,6,828
2025-01-12,M304,P104,Calibration Error,11,1782
2025-04-14,M204,P102,Assembly Defect,7,1687
2025-10-26,M403,P101,Dimension Error,6,1500
2025-04-12,M101,P104,Dimension Error,6,1320
2025-09-18,M404,P104,Solder Defect,5,1135
2025-04-04,M102,P102,Calibration Error,11,2409
2025-12-26,M304,P103,Solder Defect,8,1184
2025-01-08,M201,P104,Solder Defect,6,1134
2025-07-19,M301,P103,Solder Defect,5,525
2025-06-13,M402,P102,Calibration Error,10,1670
2025-10-04,M301,P101,Solder Defect,4,736
2025-01-07,M302,P103,Calibration Error,23,5060
2025-02-03,M302,P104,Solder Defect,19,4731
2025-08-11,M302,P104,Solder Defect,19,2223
2025-10-25,M104,P102,Dimension Error,9,2016
2025-09-20,M104,P103,Calibration Error,8,1096
2025-05-19,M304,P102,Calibration Error,10,2190
2025-06-02,M203,P101,Calibration Error,5,930
2025-11-04,M403,P102,Calibration Error,6,660
2025-01-26,M202,P101,Assembly Defect,9,1071
2025-01-23,M304,P104,Assembly Defect,8,1328
2025-11-11,M101,P102,Assembly Defect,13,1885
2025-01-27,M303,P103,Dimension Error,5,855
2025-11-12,M304,P101,Dimension Error,6,870
2025-12-24,M204,P103,Solder Defect,6,864
2025-06-01,M302,P102,Solder Defect,21,3675
2025-05-24,M303,P103,Assembly Defect,7,1638
2025-02-14,M202,P102,Solder Defect,4,420
2025-08-20,M302,P103,Assembly Defect,14,1778
2025-09-20,M204,P102,Assembly Defect,4,1000
2025-09-14,M403,P103,Calibration Error,8,1536
2025-11-04,M402,P102,Solder Defect,10,1510
2025-11-11,M303,P103,Solder Defect,11,2475
2025-06-05,M403,P104,Assembly Defect,11,1067
2025-08-11,M203,P102,Solder Defect,7,581
2025-06-22,M202,P103,Solder Defect,5,610
2025-02-23,M104,P103,Dimension Error,9,1080
2025-05-06,M104,P101,Dimension Error,4,704
2025-07-09,M304,P104,Calibration Error,4,964
2025-08-07,M204,P101,Solder Defect,4,620
2025-12-14,M203,P102,Assembly Defect,8,1824
2025-01-21,M103,P103,Dimension Error,9,1395
2025-01-07,M403,P103,Assembly Defect,3,549
2025-10-18,M302,P101,Assembly Defect,20,3860
2025-04-18,M303,P102,Calibration Error,5,1185
2025-07-16,M201,P103,Dimension Error,11,2167
2025-05-15,M104,P104,Solder Defect,12,2256
2025-07-06,M402,P104,Assembly Defect,7,1386
2025-07-25,M302,P101,Dimension Error,15,2130
2025-07-16,M304,P103,Dimension Error,6,654
2025-08-18,M104,P101,Solder Defect,7,1316
2025-10-20,M402,P104,Dimension Error,5,1165
2025-04-26,M202,P103,Dimension Error,5,595
2025-04-27,M302,P103,Calibration Error,18,4194
2025-03-30,M303,P101,Assembly Defect,3,558
2025-04-06,M203,P104,Assembly Defect,15,2895
2025-08-18,M302,P101,Dimension Error,16,2192
2025-12-25,M204,P104,Solder Defect,13,1417
2025-01-28,M404,P104,Dimension Error,11,1958
2025-12-16,M102,P103,Calibration Error,6,912
2025-06-21,M102,P102,Assembly Defect,6,1320
2025-12-20,M104,P104,Assembly Defect,8,1272
2025-11-09,M102,P104,Solder Defect,7,1470
2025-06-09,M401,P103,Dimension Error,6,1056
2025-01-04,M304,P104,Dimension Error,6,948
2025-08-08,M101,P102,Dimension Error,8,1048
2025-12-05,M202,P103,Calibration Error,9,1953
2025-08-09,M401,P102,Calibration Error,4,828
2025-02-20,M201,P101,Dimension Error,11,1507
2025-07-29,M401,P103,Dimension Error,9,1683
2025-08-23,M204,P101,Dimension Error,8,728
2025-09-08,M202,P104,Dimension Error,6,726
2025-12-08,M203,P104,Assembly Defect,8,1552
2025-07-31,M103,P103,Dimension Error,9,1710
2025-07-30,M304,P104,Solder Defect,11,2046
2025-05-11,M101,P102,Calibration Error,3,543
2025-02-26,M201,P102,Assembly Defect,7,1603
2025-12-28,M301,P103,Dimension Error,8,992
2025-05-17,M301,P101,Dimension Error,6,1140
2025-05-19,M202,P104,Solder Defect,7,1099
2025-09-26,M103,P101,Assembly Defect,8,1960
2025-09-02,M103,P102,Calibration Error,11,2332
2025-11-23,M101,P104,Solder Defect,2,272
2025-11-20,M204,P101,Assembly Defect,5,900
2025-08-02,M404,P101,Assembly Defect,7,903
2025-05-08,M102,P103,Solder Defect,5,1165
2025-10-02,M203,P104,Solder Defect,5,905
2025-10-19,M401,P102,Assembly Defect,3,714
2025-10-08,M304,P104,Solder Defect,9,864
2025-01-22,M203,P101,Dimension Error,5,855
2025-09-28,M401,P102,Solder Defect,12,1752
2025-01-29,M302,P103,Solder Defect,17,1683
2025-07-22,M401,P101,Calibration Error,8,640
2025-07-23,M203,P103,Assembly Defect,9,1926
2025-06-28,M203,P104,Solder Defect,11,2651
2025-01-07,M302,P101,Solder Defect,20,4940
2025-09-02,M301,P104,Assembly Defect,8,1720
2025-12-29,M301,P101,Calibration Error,10,1560
2025-10-30,M204,P104,Solder Defect,5,675
2025-10-03,M201,P104,Calibration Error,4,664
2025-12-09,M302,P103,Assembly Defect,18,3924
2025-11-13,M101,P103,Dimension Error,7,917
2025-11-30,M102,P101,Assembly Defect,6,678
2025-07-22,M103,P103,Assembly Defect,4,772
2025-11-24,M202,P103,Assembly Defect,3,729
2025-07-25,M402,P102,Dimension Error,8,1072
2025-01-25,M304,P101,Calibration Error,6,1272
2025-02-12,M402,P102,Dimension Error,13,3094
2025-10-27,M402,P102,Solder Defect,4,788
2025-05-05,M203,P102,Assembly Defect,6,1086
2025-10-10,M204,P104,Assembly Defect,9,1746
2025-01-21,M102,P101,Assembly Defect,9,792
2025-12-28,M204,P103,Calibration Error,10,1100
2025-08-08,M201,P102,Calibration Error,13,2106
2025-07-27,M202,P101,Calibration Error,13,1911
2025-04-10,M204,P103,Dimension Error,7,714
2025-03-30,M101,P103,Dimension Error,11,1749
2025-11-12,M201,P101,Calibration Error,5,1215
2025-10-01,M402,P101,Dimension Error,9,1881
2025-04-06,M403,P102,Dimension Error,9,792
2025-03-14,M301,P103,Dimension Error,12,1908
2025-12-19,M303,P102,Solder Defect,7,644
2025-08-29,M401,P101,Dimension Error,8,696
2025-01-08,M401,P101,Dimension Error,8,1592
2025-06-06,M301,P102,Assembly Defect,11,2530
2025-04-26,M301,P103,Dimension Error,10,980
2025-07-28,M104,P103,Dimension Error,7,924
2025-05-06,M401,P101,Dimension Error,8,800
2025-01-09,M103,P102,Calibration Error,8,1072
2025-02-05,M202,P102,Solder Defect,7,966
2025-07-24,M404,P102,Dimension Error,12,2496
2025-05-25,M403,P102,Solder Defect,7,1526
2025-02-14,M402,P101,Calibration Error,11,1837
2025-01-15,M203,P103,Calibration Error,9,819
2025-07-24,M201,P103,Solder Defect,7,1050
2025-03-11,M302,P103,Solder Defect,21,2079
2025-12-04,M402,P102,Calibration Error,6,588
2025-02-03,M302,P102,Dimension Error,22,4840
2025-06-27,M403,P102,Calibration Error,8,1176
2025-07-17,M401,P104,Dimension Error,8,1456
2025-09-29,M201,P102,Solder Defect,14,1204
2025-09-07,M203,P104,Solder Defect,9,1269
2025-09-16,M403,P104,Assembly Defect,6,1140
2025-05-18,M204,P103,Solder Defect,4,856
2025-09-23,M202,P103,Dimension Error,6,522
2025-05-25,M301,P103,Assembly Defect,7,1008
2025-03-25,M204,P103,Dimension Error,7,1680
2025-05-11,M202,P101,Solder Defect,6,1368
2025-05-17,M204,P101,Assembly Defect,8,1216
2025-12-18,M403,P103,Calibration Error,11,891
2025-03-03,M402,P101,Solder Defect,3,597
2025-07-08,M204,P102,Assembly Defect,13,2288
2025-08-20,M402,P101,Solder Defect,12,1728
2025-04-03,M404,P101,Calibration Error,6,1404
2025-07-30,M303,P103,Assembly Defect,9,2169
2025-04-11,M203,P101,Assembly Defect,8,1080
2025-07-30,M204,P103,Dimension Error,11,2651
2025-02-10,M401,P104,Solder Defect,11,1595
2025-08-16,M102,P103,Assembly Defect,9,1296
2025-06-28,M201,P102,Assembly Defect,7,1477
2025-04-06,M301,P101,Assembly Defect,7,1533
2025-01-04,M403,P103,Assembly Defect,9,2034
2025-03-30,M104,P102,Solder Defect,15,1350
2025-06-27,M404,P104,Dimension Error,7,1631
2025-05-12,M401,P101,Assembly Defect,7,707
2025-07-16,M303,P104,Solder Defect,4,584
2025-02-23,M404,P104,Assembly Defect,11,1210
2025-01-16,M303,P104,Dimension Error,10,1290
2025-03-08,M402,P102,Assembly Defect,8,1504
2025-04-22,M102,P102,Assembly Defect,3,729
2025-09-10,M402,P103,Calibration Error,7,1155
2025-09-04,M401,P104,Dimension Error,9,1773
2025-04-20,M402,P101,Calibration Error,11,1287
2025-02-19,M104,P102,Assembly Defect,7,1134
2025-10-15,M402,P101,Assembly Defect,10,1500
2025-09-05,M302,P103,Solder Defect,21,3549
2025-02-03,M402,P102,Calibration Error,10,2030
2025-08-03,M201,P101,Calibration Error,7,952
2025-09-06,M104,P101,Assembly Defect,8,1848
2025-08-03,M101,P102,Calibration Error,11,1507
2025-12-20,M101,P103,Dimension Error,7,994
2025-03-19,M404,P102,Calibration Error,11,1639
2025-04-08,M404,P103,Solder Defect,8,848
2025-08-07,M201,P103,Dimension Error,7,1659
2025-08-17,M103,P103,Solder Defect,8,880
2025-05-18,M403,P104,Dimension Error,8,880
2025-07-16,M203,P101,Assembly Defect,11,2607
2025-04-12,M102,P104,Calibration Error,10,2460
2025-08-26,M401,P101,Solder Defect,9,1908
2025-10-21,M103,P102,Calibration Error,8,1208
2025-12-31,M301,P101,Calibration Error,4,764
2025-11-25,M102,P102,Assembly Defect,4,996
2025-10-12,M403,P103,Calibration Error,12,2100
2025-11-27,M302,P101,Assembly Defect,20,3080
2025-03-23,M101,P103,Assembly Defect,12,2880
2025-05-09,M202,P104,Dimension Error,6,1194
2025-12-09,M303,P104,Dimension Error,13,2080
2025-04-27,M402,P104,Solder Defect,8,1272
2025-06-25,M203,P102,Assembly Defect,8,816
2025-04-13,M203,P104,Calibration Error,5,640
2025-03-30,M401,P103,Solder Defect,4,852
2025-02-19,M302,P103,Assembly Defect,23,5198
2025-01-31,M201,P101,Assembly Defect,15,1725
2025-08-28,M204,P103,Solder Defect,8,1808
2025-03-07,M103,P103,Dimension Error,7,1463
2025-08-08,M301,P103,Calibration Error,9,2016
2025-08-10,M103,P102,Solder Defect,12,1920
2025-03-17,M403,P101,Solder Defect,11,1210
2025-10-22,M102,P104,Calibration Error,12,1836
2025-08-07,M304,P102,Solder Defect,5,1200
2025-12-07,M201,P102,Assembly Defect,6,1098
2025-03-20,M301,P103,Calibration Error,8,1584
2025-08-01,M201,P102,Solder Defect,6,1128
2025-08-03,M304,P103,Assembly Defect,8,1488
2025-11-26,M402,P104,Solder Defect,7,896
2025-08-14,M102,P104,Solder Defect,5,485
2025-01-27,M304,P103,Dimension Error,9,1530
2025-04-30,M201,P103,Dimension Error,11,2442
2025-05-11,M203,P104,Solder Defect,6,636
2025-09-01,M103,P103,Dimension Error,8,1904
2025-02-24,M103,P104,Solder Defect,10,2080
2025-10-14,M404,P103,Solder Defect,6,1032
2025-10-09,M104,P104,Calibration Error,9,1260
2025-11-05,M203,P104,Assembly Defect,10,940
2025-09-15,M403,P101,Assembly Defect,10,2020
2025-02-10,M304,P104,Calibration Error,9,963
2025-01-05,M102,P101,Assembly Defect,10,2040
2025-12-28,M103,P103,Solder Defect,9,1719
2025-12-02,M303,P104,Assembly Defect,8,1848
2025-01-20,M102,P102,Dimension Error,12,972
2025-10-05,M402,P101,Assembly Defect,10,1880
2025-04-16,M103,P101,Calibration Error,8,1576
2025-11-21,M302,P102,Calibration Error,23,4807
2025-04-10,M403,P104,Calibration Error,9,1260
2025-02-26,M301,P104,Solder Defect,5,515
2025-03-16,M401,P101,Assembly Defect,4,736
2025-12-28,M202,P102,Dimension Error,9,1611
2025-10-29,M202,P102,Dimension Error,4,456
2025-01-27,M104,P102,Assembly Defect,9,1044
2025-02-22,M301,P104,Dimension Error,11,1518
2025-01-16,M201,P104,Calibration Error,5,1040
2025-02-26,M103,P101,Calibration Error,10,1100
2025-10-29,M401,P103,Calibration Error,6,1038
2025-10-30,M103,P102,Assembly Defect,3,627
2025-04-06,M402,P102,Dimension Error,11,1672
2025-08-17,M201,P103,Assembly Defect,4,952
2025-03-05,M404,P101,Calibration Error,10,1340
2025-10-18,M104,P104,Calibration Error,9,1170
2025-03-08,M202,P102,Calibration Error,5,985
2025-06-13,M302,P101,Calibration Error,23,4600
2025-01-26,M304,P103,Assembly Defect,6,912
2025-01-14,M303,P103,Dimension Error,10,1620
2025-06-30,M203,P102,Assembly Defect,8,864
2025-04-14,M402,P101,Dimension Error,13,1144
2025-03-22,M302,P101,Assembly Defect,20,2120
2025-01-07,M404,P101,Dimension Error,11,2431
2025-08-24,M402,P104,Assembly Defect,5,660
2025-12-19,M401,P101,Solder Defect,3,450
2025-06-10,M302,P103,Dimension Error,22,3344
2025-03-13,M404,P103,Calibration Error,7,1393
2025-04-20,M403,P102,Calibration Error,7,1267
2025-12-19,M304,P102,Dimension Error,9,1053
2025-05-11,M302,P103,Dimension Error,15,1815
2025-03-23,M401,P103,Solder Defect,7,1078
2025-11-29,M204,P104,Calibration Error,4,364
2025-01-31,M104,P102,Assembly Defect,7,1470
2025-07-11,M204,P103,Solder Defect,7,798
2025-11-04,M404,P101,Assembly Defect,9,1260
2025-09-17,M404,P101,Dimension Error,12,2988
2025-05-14,M102,P101,Calibration Error,9,1854
2025-05-18,M401,P104,Calibration Error,8,1512
2025-04-24,M404,P104,Calibration Error,11,1617
2025-07-23,M103,P101,Assembly Defect,10,2260
2025-11-19,M204,P101,Solder Defect,5,775
2025-12-08,M302,P104,Assembly Defect,11,1793
2025-01-20,M303,P101,Assembly Defect,5,1145
2025-05-20,M101,P104,Solder Defect,9,1278
2025-06-19,M402,P102,Dimension Error,6,492
2025-07-17,M103,P101,Assembly Defect,11,990
2025-01-30,M104,P104,Solder Defect,15,3570
2025-11-18,M304,P102,Dimension Error,10,1180
2025-10-12,M104,P104,Dimension Error,5,735
2025-01-04,M302,P104,Dimension Error,18,4464
2025-04-19,M103,P101,Assembly Defect,9,1386
2025-06-15,M103,P104,Assembly Defect,7,938
2025-05-05,M201,P102,Dimension Error,6,1188
2025-01-01,M102,P104,Assembly Defect,7,742
2025-10-10,M402,P102,Dimension Error,3,510
2025-09-08,M104,P104,Calibration Error,5,1210
2025-12-18,M203,P101,Dimension Error,10,1670
2025-12-22,M304,P104,Dimension Error,9,2214
2025-02-18,M401,P103,Assembly Defect,11,1155
2025-04-11,M101,P101,Calibration Error,9,1089
2025-03-26,M101,P104,Assembly Defect,5,910
2025-04-02,M101,P104,Dimension Error,10,2040
2025-03-30,M204,P104,Solder Defect,3,693
2025-11-18,M302,P101,Solder Defect,13,2704
2025-12-26,M202,P104,Calibration Error,10,2100
2025-12-18,M101,P102,Dimension Error,4,636
2025-11-02,M201,P101,Calibration Error,6,594
2025-06-27,M104,P102,Calibration Error,10,1900
2025-06-11,M103,P104,Dimension Error,7,868
2025-10-25,M202,P103,Dimension Error,12,2580
2025-04-11,M402,P102,Dimension Error,10,2150
2025-02-24,M201,P102,Solder Defect,11,1793
2025-12-20,M204,P102,Assembly Defect,12,1380
2025-08-06,M102,P101,Solder Defect,6,1452
2025-02-15,M104,P102,Calibration Error,9,756
2025-09-03,M203,P101,Solder Defect,10,2410
2025-03-14,M202,P101,Calibration Error,7,1029
2025-11-17,M203,P104,Assembly Defect,7,784
2025-02-18,M102,P101,Solder Defect,7,1351
2025-11-24,M301,P103,Calibration Error,6,552
2025-06-28,M102,P101,Solder Defect,5,485
2025-11-08,M403,P101,Assembly Defect,10,2090
2025-01-15,M304,P101,Solder Defect,5,480
2025-06-15,M101,P103,Solder Defect,12,1464
2025-03-24,M303,P101,Solder Defect,10,1090
2025-03-27,M403,P103,Solder Defect,7,1491
2025-04-04,M401,P104,Solder Defect,10,1290
2025-10-17,M102,P104,Calibration Error,12,2664
2025-01-05,M403,P101,Assembly Defect,4,936
2025-05-04,M404,P101,Solder Defect,2,176
2025-05-22,M304,P101,Assembly Defect,10,1110
2025-05-11,M401,P101,Dimension Error,5,805
2025-07-29,M103,P101,Assembly Defect,8,1776
2025-04-27,M302,P102,Assembly Defect,18,1728
2025-03-23,M403,P103,Calibration Error,11,2046
2025-04-05,M302,P104,Solder Defect,17,2142
2025-04-28,M203,P103,Dimension Error,12,1992
2025-01-07,M103,P104,Calibration Error,7,1197
2025-08-04,M203,P104,Assembly Defect,3,264
2025-11-19,M304,P103,Solder Defect,5,525
2025-10-07,M304,P103,Dimension Error,9,1809
2025-02-13,M404,P101,Dimension Error,9,1755
2025-07-04,M404,P104,Dimension Error,8,904
2025-08-25,M103,P101,Dimension Error,11,1166
2025-01-18,M302,P102,Solder Defect,12,1020
2025-08-31,M203,P103,Calibration Error,9,2007
2025-07-19,M201,P101,Assembly Defect,6,1434
2025-08-28,M101,P101,Dimension Error,7,1722
2025-10-15,M401,P101,Dimension Error,6,1404
2025-01-01,M102,P103,Calibration Error,4,584
2025-08-27,M303,P103,Solder Defect,12,2304
2025-06-02,M104,P103,Assembly Defect,7,1106
2025-05-02,M301,P103,Dimension Error,8,1872
2025-03-28,M401,P104,Calibration Error,8,1488
2025-04-21,M304,P101,Solder Defect,8,1104
2025-10-01,M204,P102,Assembly Defect,7,1659
2025-11-27,M302,P101,Assembly Defect,21,2646
2025-10-21,M202,P104,Dimension Error,6,1200
2025-12-14,M403,P101,Calibration Error,10,1740
2025-10-01,M402,P101,Dimension Error,9,765
2025-01-30,M103,P102,Solder Defect,9,981
2025-05-05,M404,P104,Solder Defect,7,1526
2025-08-30,M403,P102,Calibration Error,12,1128
2025-10-22,M102,P104,Dimension Error,7,812
2025-06-13,M302,P101,Solder Defect,21,5124
2025-01-03,M402,P102,Assembly Defect,7,602
2025-10-27,M301,P104,Dimension Error,9,2250
2025-07-22,M101,P103,Solder Defect,11,2046
2025-09-22,M101,P102,Assembly Defect,9,1566
2025-03-22,M403,P102,Dimension Error,3,729
2025-10-14,M301,P101,Dimension Error,12,2976
2025-01-06,M301,P101,Solder Defect,7,868
2025-05-18,M104,P104,Solder Defect,10,2060
2025-08-18,M201,P102,Dimension Error,7,1575
2025-11-21,M403,P102,Solder Defect,13,2925
2025-01-08,M303,P102,Calibration Error,6,564
2025-03-01,M202,P103,Solder Defect,7,1498
2025-08-07,M302,P104,Solder Defect,23,4945
2025-07-10,M303,P101,Calibration Error,4,528
2025-02-12,M204,P104,Assembly Defect,7,1043
2025-09-08,M104,P103,Dimension Error,5,855
2025-01-27,M203,P104,Solder Defect,8,1296
2025-12-29,M101,P101,Dimension Error,8,1160
2025-10-12,M204,P102,Dimension Error,7,1519
2025-03-16,M102,P101,Calibration Error,11,968
2025-03-15,M104,P103,Calibration Error,7,1281
2025-03-30,M102,P104,Dimension Error,10,2000
2025-10-21,M304,P104,Assembly Defect,3,594
2025-02-23,M402,P104,Calibration Error,8,1392
2025-01-09,M101,P104,Dimension Error,6,852
2025-08-05,M303,P104,Assembly Defect,2,460
2025-12-23,M201,P102,Solder Defect,9,2169
2025-06-27,M104,P101,Solder Defect,3,726
2025-10-13,M103,P104,Calibration Error,8,800
2025-04-27,M303,P104,Solder Defect,7,1666
2025-01-31,M203,P104,Dimension Error,10,1080
2025-09-05,M402,P103,Solder Defect,9,1926
2025-09-19,M204,P104,Dimension Error,8,680
2025-08-04,M103,P104,Solder Defect,8,904
2025-07-01,M303,P101,Dimension Error,6,1008
2025-10-04,M301,P102,Solder Defect,12,2424
2025-10-02,M202,P104,Assembly Defect,7,658
2025-10-08,M203,P103,Assembly Defect,10,1580
2025-04-17,M301,P101,Calibration Error,7,1484
2025-09-25,M303,P103,Solder Defect,3,282
2025-09-19,M403,P104,Solder Defect,10,2050
2025-06-10,M402,P104,Calibration Error,9,1440
2025-09-08,M101,P102,Solder Defect,11,2387
2025-08-06,M203,P102,Solder Defect,5,410
2025-08-28,M203,P104,Assembly Defect,5,770
2025-04-30,M403,P101,Solder Defect,7,777
2025-03-09,M401,P102,Dimension Error,15,3675
2025-03-11,M201,P103,Dimension Error,8,1472
2025-02-16,M204,P103,Dimension Error,9,1809
2025-11-26,M401,P101,Solder Defect,3,408
2025-02-22,M101,P104,Calibration Error,6,876
2025-07-06,M203,P101,Solder Defect,8,1280
2025-09-10,M104,P102,Dimension Error,10,1650
2025-03-10,M202,P104,Solder Defect,11,902
2025-07-26,M301,P104,Dimension Error,6,1146
2025-07-02,M402,P103,Assembly Defect,16,1408
2025-05-26,M202,P101,Solder Defect,4,540
2025-08-15,M301,P104,Calibration Error,7,1316
2025-06-03,M304,P104,Dimension Error,8,784
2025-03-23,M103,P102,Assembly Defect,9,2115
2025-10-10,M403,P104,Assembly Defect,11,1089
2025-06-14,M304,P104,Calibration Error,3,333
2025-12-14,M204,P101,Solder Defect,6,858
2025-10-26,M401,P102,Solder Defect,13,1599
2025-09-14,M202,P104,Dimension Error,7,1428
2025-04-01,M202,P101,Dimension Error,12,1212
2025-11-26,M103,P102,Assembly Defect,11,957
2025-11-25,M204,P102,Dimension Error,4,740
2025-09-23,M302,P103,Calibration Error,19,4237
2025-04-16,M402,P104,Dimension Error,9,1359
2025-06-01,M404,P102,Calibration Error,7,1078
2025-06-19,M403,P101,Assembly Defect,12,2076
2025-05-19,M402,P103,Dimension Error,8,960
2025-08-22,M401,P101,Assembly Defect,8,776
2025-03-31,M103,P104,Dimension Error,4,432
2025-09-06,M103,P104,Assembly Defect,6,894
2025-06-08,M202,P102,Dimension Error,6,804
2025-03-30,M301,P104,Solder Defect,5,410
2025-06-08,M202,P103,Assembly Defect,17,2533
2025-08-29,M104,P102,Solder Defect,6,534
2025-08-14,M204,P101,Dimension Error,5,1110
2025-01-22,M102,P104,Calibration Error,6,894
2025-03-14,M204,P104,Dimension Error,5,900
2025-12-22,M404,P103,Calibration Error,10,1120
2025-11-16,M204,P101,Dimension Error,5,835
2025-11-07,M102,P103,Assembly Defect,10,1090
2025-10-26,M302,P102,Assembly Defect,16,2480
2025-12-16,M104,P101,Solder Defect,6,834
2025-05-19,M401,P104,Solder Defect,4,336
2025-08-05,M104,P104,Calibration Error,2,436
2025-05-16,M404,P102,Solder Defect,7,609
2025-12-20,M401,P102,Dimension Error,9,729
2025-12-17,M403,P102,Solder Defect,9,2007
2025-07-10,M102,P102,Calibration Error,7,1260
2025-02-03,M401,P102,Assembly Defect,6,546
2025-06-25,M302,P104,Assembly Defect,27,5643
2025-06-17,M101,P101,Dimension Error,8,1344
2025-03-29,M302,P101,Solder Defect,10,1960
2025-07-07,M304,P101,Assembly Defect,8,1848
2025-12-07,M204,P103,Dimension Error,12,2640
2025-02-28,M302,P101,Calibration Error,23,4692
2025-01-13,M103,P103,Calibration Error,7,903
2025-09-24,M404,P102,Calibration Error,6,1380
2025-03-28,M104,P102,Calibration Error,7,1456
2025-12-11,M104,P101,Dimension Error,4,604
2025-12-01,M102,P101,Dimension Error,7,1008
2025-04-25,M201,P104,Calibration Error,5,1085
2025-11-19,M301,P102,Calibration Error,7,959
2025-12-05,M404,P104,Solder Defect,11,2651
2025-04-20,M303,P104,Dimension Error,11,1265
2025-10-31,M301,P103,Calibration Error,7,1071
2025-09-04,M202,P102,Calibration Error,13,2444
2025-05-27,M404,P102,Calibration Error,9,2196
2025-05-06,M204,P103,Calibration Error,16,1920
2025-11-20,M401,P101,Calibration Error,7,882
2025-03-11,M201,P104,Assembly Defect,8,1408
2025-02-21,M404,P103,Calibration Error,6,948
2025-12-16,M301,P101,Dimension Error,6,816
2025-01-13,M103,P101,Calibration Error,16,2448
2025-12-04,M201,P103,Solder Defect,11,1353
2025-11-03,M402,P102,Assembly Defect,8,1872
2025-09-10,M304,P102,Calibration Error,8,1688
2025-12-23,M204,P102,Solder Defect,4,952
2025-04-23,M404,P103,Solder Defect,7,602
2025-11-07,M202,P102,Dimension Error,3,579
2025-08-13,M304,P101,Assembly Defect,8,1352
2025-06-25,M301,P103,Assembly Defect,8,1192
2025-06-06,M201,P104,Calibration Error,7,1435
2025-03-17,M402,P102,Calibration Error,6,834
2025-04-15,M301,P102,Calibration Error,7,1428
2025-12-11,M304,P103,Dimension Error,8,1944
2025-11-20,M204,P104,Assembly Defect,13,1339
2025-04-29,M203,P101,Solder Defect,11,1969
2025-06-18,M203,P101,Calibration Error,10,1870
2025-05-10,M304,P104,Dimension Error,14,2702
2025-06-30,M403,P101,Assembly Defect,8,1616
2025-02-24,M404,P101,Assembly Defect,8,1912
2025-11-27,M103,P102,Calibration Error,7,959
2025-04-29,M304,P104,Calibration Error,9,2169
2025-12-01,M304,P103,Solder Defect,13,1443
2025-04-16,M303,P103,Solder Defect,5,470
2025-12-28,M204,P103,Solder Defect,13,1287
2025-04-30,M403,P102,Calibration Error,6,516
2025-12-05,M201,P102,Solder Defect,5,505
2025-08-22,M204,P102,Calibration Error,13,3133
2025-08-09,M102,P104,Dimension Error,5,1205
2025-10-12,M402,P104,Calibration Error,7,560
2025-09-04,M101,P104,Assembly Defect,12,2628
2025-10-04,M402,P102,Dimension Error,8,1280
2025-08-08,M104,P102,Assembly Defect,6,1356
2025-02-11,M103,P101,Calibration Error,7,1666
2025-09-27,M302,P102,Calibration Error,15,1245
2025-10-19,M204,P102,Dimension Error,11,1914
2025-04-08,M201,P104,Assembly Defect,9,1872
2025-07-22,M203,P102,Solder Defect,6,600
2025-05-05,M101,P104,Assembly Defect,7,910
2025-04-14,M202,P102,Dimension Error,7,1645
2025-02-06,M104,P104,Dimension Error,11,1749
2025-12-16,M104,P101,Assembly Defect,4,412
2025-07-17,M302,P103,Dimension Error,15,3510
2025-03-17,M203,P104,Assembly Defect,9,2088
2025-08-30,M201,P104,Solder Defect,6,558
2025-09-27,M101,P101,Assembly Defect,5,980
2025-01-02,M203,P102,Calibration Error,5,930
2025-01-21,M101,P103,Calibration Error,6,1344
2025-02-11,M203,P103,Dimension Error,9,1278
2025-03-02,M101,P103,Calibration Error,9,2007
2025-09-23,M204,P101,Calibration Error,6,1434
2025-12-27,M101,P103,Assembly Defect,6,726
2025-09-15,M201,P102,Dimension Error,10,1110
2025-08-09,M102,P101,Solder Defect,9,2241
2025-11-15,M404,P102,Calibration Error,10,2160
2025-03-29,M103,P102,Solder Defect,7,630
2025-02-19,M304,P101,Solder Defect,9,1674
2025-01-25,M404,P103,Dimension Error,4,344
2025-05-25,M201,P101,Dimension Error,10,1970
2025-12-11,M401,P104,Calibration Error,6,636
2025-01-17,M102,P103,Assembly Defect,6,786
2025-02-09,M301,P102,Calibration Error,14,1876
2025-07-16,M303,P102,Calibration Error,7,1407
2025-02-10,M301,P104,Calibration Error,12,2928
2025-12-14,M304,P101,Dimension Error,6,1056
2025-03-20,M203,P102,Calibration Error,10,1970
2025-07-10,M102,P103,Assembly Defect,8,1168
2025-09-21,M204,P101,Dimension Error,8,2000
2025-05-27,M203,P104,Solder Defect,5,490
2025-07-23,M103,P104,Dimension Error,11,1958
2025-04-25,M101,P104,Calibration Error,7,1393
2025-03-25,M201,P103,Dimension Error,6,1050
2025-10-07,M301,P102,Dimension Error,4,532
2025-11-04,M104,P104,Solder Defect,7,742
2025-04-19,M104,P101,Calibration Error,11,2475
2025-06-14,M403,P102,Calibration Error,7,931
2025-04-29,M303,P104,Calibration Error,9,1206
2025-05-21,M201,P102,Calibration Error,4,616
2025-03-09,M201,P104,Assembly Defect,8,792
2025-01-09,M104,P103,Assembly Defect,8,928
2025-04-09,M101,P103,Dimension Error,5,895
2025-06-22,M403,P104,Dimension Error,9,747
2025-07-26,M104,P102,Assembly Defect,6,666
2025-09-06,M301,P102,Assembly Defect,4,496
2025-03-05,M101,P103,Calibration Error,3,711
2025-10-02,M203,P101,Calibration Error,11,1155
2025-08-11,M402,P103,Dimension Error,11,2090
2025-09-22,M101,P102,Dimension Error,7,1750
2025-10-12,M404,P103,Assembly Defect,7,756
2025-11-19,M104,P104,Dimension Error,12,2988
2025-12-25,M402,P101,Calibration Error,11,1661
2025-09-09,M401,P103,Dimension Error,4,704
2025-08-06,M302,P104,Calibration Error,25,4350
2025-11-03,M102,P102,Calibration Error,1,201
2025-08-21,M302,P104,Assembly Defect,25,3150
2025-06-20,M302,P103,Dimension Error,20,2840
2025-05-31,M302,P104,Calibration Error,8,736
2025-02-25,M203,P104,Dimension Error,7,1470
2025-05-07,M304,P102,Solder Defect,7,980
2025-09-06,M201,P103,Calibration Error,4,364
2025-05-28,M402,P103,Calibration Error,7,1120
2025-03-23,M103,P104,Solder Defect,7,1162
2025-09-01,M201,P104,Dimension Error,9,1764
2025-10-21,M203,P101,Solder Defect,11,1287
2025-01-26,M203,P101,Assembly Defect,6,768
2025-04-13,M102,P104,Dimension Error,9,2016
2025-01-10,M101,P101,Calibration Error,8,816
2025-07-04,M203,P102,Calibration Error,8,1664
2025-10-06,M302,P101,Assembly Defect,18,2988
2025-01-06,M402,P102,Dimension Error,7,777
2025-10-13,M104,P101,Dimension Error,11,1441
2025-02-06,M304,P103,Assembly Defect,10,2190
2025-01-28,M402,P104,Dimension Error,7,1239
2025-05-19,M402,P102,Solder Defect,9,2250
2025-12-31,M402,P103,Solder Defect,13,2366
2025-06-28,M103,P102,Dimension Error,16,2576
2025-05-09,M404,P102,Dimension Error,5,445
2025-05-20,M202,P101,Assembly Defect,4,440
2025-07-06,M201,P102,Dimension Error,5,960
2025-09-28,M404,P101,Solder Defect,7,567
2025-10-18,M303,P103,Assembly Defect,6,564
2025-07-28,M203,P103,Dimension Error,5,910
2025-05-03,M203,P101,Calibration Error,9,1161
2025-06-15,M302,P102,Calibration Error,17,1547
2025-07-21,M201,P101,Calibration Error,5,1030
2025-07-31,M102,P102,Solder Defect,6,1446
2025-09-13,M102,P104,Calibration Error,8,1600
2025-05-02,M401,P104,Solder Defect,10,1410
2025-02-16,M402,P104,Dimension Error,8,672
2025-08-18,M101,P103,Dimension Error,7,1708
2025-08-09,M101,P101,Assembly Defect,7,1155
2025-10-30,M204,P101,Assembly Defect,6,1356
2025-04-07,M301,P103,Solder Defect,8,1976
2025-11-30,M401,P101,Assembly Defect,9,2142
2025-01-23,M202,P104,Calibration Error,9,1674
2025-12-02,M202,P102,Assembly Defect,3,498
2025-06-20,M403,P103,Solder Defect,9,2142
2025-05-14,M304,P101,Solder Defect,8,1528
2025-07-16,M101,P102,Dimension Error,5,695
2025-05-17,M101,P101,Dimension Error,3,300
2025-08-02,M203,P101,Calibration Error,8,1040
2025-05-08,M401,P102,Assembly Defect,9,1458
2025-03-30,M101,P103,Calibration Error,3,384
2025-04-02,M401,P103,Assembly Defect,9,1332
2025-07-11,M104,P104,Assembly Defect,12,2748
2025-05-20,M402,P101,Assembly Defect,11,1320
2025-11-22,M402,P101,Assembly Defect,3,708
2025-02-25,M304,P104,Dimension Error,6,942
2025-11-30,M101,P104,Assembly Defect,9,2034
2025-02-18,M403,P101,Dimension Error,9,756
2025-12-09,M104,P102,Assembly Defect,7,1344
2025-02-01,M401,P101,Calibration Error,5,1185
2025-09-29,M202,P102,Assembly Defect,15,3300
2025-10-27,M403,P101,Assembly Defect,9,1809
2025-01-27,M402,P104,Assembly Defect,6,1410
2025-07-20,M303,P101,Solder Defect,14,3472
2025-01-10,M202,P101,Dimension Error,7,1666
2025-08-17,M402,P103,Dimension Error,6,486
2025-11-30,M302,P104,Solder Defect,12,2196
2025-06-24,M401,P101,Calibration Error,11,1749
2025-08-12,M402,P102,Assembly Defect,8,1480
2025-10-25,M304,P101,Calibration Error,9,1575
2025-02-04,M402,P102,Solder Defect,10,1240
2025-07-15,M104,P103,Calibration Error,6,708
2025-09-27,M302,P104,Assembly Defect,21,4830
2025-09-07,M304,P101,Calibration Error,16,3008
2025-09-28,M103,P103,Solder Defect,7,1708
2025-05-21,M301,P104,Calibration Error,10,1660
2025-12-18,M102,P101,Calibration Error,10,1950
2025-03-12,M103,P104,Solder Defect,8,1184
2025-03-05,M104,P102,Solder Defect,11,1386
2025-11-09,M102,P103,Assembly Defect,10,970
2025-10-26,M203,P104,Calibration Error,10,1760
2025-11-19,M203,P101,Calibration Error,8,1256
2025-10-27,M301,P104,Solder Defect,3,597
2025-09-20,M103,P102,Assembly Defect,8,896
2025-02-25,M204,P103,Calibration Error,10,1140
2025-03-27,M203,P101,Solder Defect,12,1908
2025-04-05,M204,P101,Solder Defect,3,516
2025-06-09,M404,P104,Solder Defect,10,1450
2025-11-16,M204,P101,Calibration Error,6,504
2025-07-13,M102,P103,Calibration Error,12,2748
2025-06-25,M302,P102,Calibration Error,19,2850
2025-06-27,M103,P102,Calibration Error,10,2170
2025-08-23,M301,P102,Solder Defect,7,560
2025-08-13,M302,P101,Assembly Defect,22,4290
2025-08-01,M301,P102,Dimension Error,8,1080
2025-01-03,M101,P102,Solder Defect,10,1050
2025-09-30,M404,P101,Dimension Error,8,1944
2025-11-03,M203,P102,Calibration Error,8,1192
2025-01-29,M103,P101,Dimension Error,10,1240
2025-09-19,M101,P101,Dimension Error,11,2398
2025-01-18,M403,P102,Calibration Error,12,2544
2025-02-23,M403,P103,Solder Defect,10,1960
2025-09-09,M201,P101,Solder Defect,9,1710
2025-08-03,M304,P101,Assembly Defect,6,1128
2025-07-05,M304,P102,Assembly Defect,6,510
2025-01-26,M201,P104,Dimension Error,6,606
2025-07-30,M103,P104,Calibration Error,12,2364
2025-08-16,M303,P102,Assembly Defect,6,876
2025-04-18,M103,P104,Solder Defect,9,882
2025-10-04,M402,P101,Assembly Defect,11,1364
2025-11-30,M104,P103,Calibration Error,12,2700
2025-05-04,M102,P101,Assembly Defect,4,600
2025-11-07,M201,P102,Assembly Defect,10,1850
2025-10-10,M403,P104,Solder Defect,12,2208
2025-07-30,M104,P101,Assembly Defect,8,1584
2025-01-19,M102,P101,Solder Defect,3,678
2025-03-22,M102,P104,Calibration Error,3,579
2025-10-10,M402,P104,Assembly Defect,4,684
2025-12-09,M404,P101,Assembly Defect,11,1804
2025-09-05,M202,P101,Calibration Error,6,882
2025-02-05,M204,P104,Assembly Defect,9,882
2025-08-26,M401,P104,Calibration Error,4,984
2025-09-02,M201,P104,Calibration Error,7,1176
2025-10-29,M101,P104,Calibration Error,10,1680
2025-11-10,M204,P101,Calibration Error,7,770
2025-12-24,M304,P101,Solder Defect,7,609
2025-11-07,M104,P102,Calibration Error,11,1639
2025-09-25,M402,P101,Calibration Error,9,909
2025-02-19,M101,P102,Assembly Defect,5,1065
2025-01-14,M403,P104,Solder Defect,2,188
2025-10-30,M103,P102,Solder Defect,8,1152
2025-06-24,M204,P104,Assembly Defect,8,1880
2025-07-12,M204,P103,Assembly Defect,9,1287
2025-06-16,M301,P104,Solder Defect,4,952
2025-08-02,M401,P102,Calibration Error,7,644
2025-01-05,M203,P104,Calibration Error,5,900
2025-04-11,M403,P103,Dimension Error,12,1068
2025-09-23,M103,P103,Solder Defect,5,1085
2025-12-30,M101,P104,Dimension Error,12,2616
2025-04-26,M203,P104,Calibration Error,4,740
2025-02-02,M302,P103,Dimension Error,13,2210
2025-07-06,M403,P103,Calibration Error,9,873
2025-02-01,M102,P102,Dimension Error,13,2457
2025-10-14,M403,P103,Calibration Error,6,1206
2025-06-13,M403,P101,Assembly Defect,8,1704
2025-11-01,M103,P102,Assembly Defect,4,676
2025-03-09,M104,P104,Assembly Defect,10,1310
2025-11-08,M404,P103,Assembly Defect,6,1170
2025-05-09,M101,P101,Assembly Defect,7,1547
2025-11-28,M402,P104,Assembly Defect,9,2043
2025-03-29,M403,P102,Assembly Defect,5,725
2025-06-19,M202,P102,Calibration Error,8,1200
2025-01-15,M201,P102,Solder Defect,6,1278
2025-10-26,M103,P102,Calibration Error,11,2508
2025-05-25,M203,P104,Solder Defect,7,1120
2025-01-19,M104,P101,Calibration Error,11,1573
2025-10-20,M302,P101,Assembly Defect,25,2825
2025-12-11,M102,P101,Assembly Defect,7,630
2025-03-04,M403,P104,Assembly Defect,12,2868
2025-11-21,M104,P102,Calibration Error,6,690
2025-06-01,M304,P101,Solder Defect,3,243
2025-10-30,M402,P104,Solder Defect,5,625
2025-06-01,M103,P101,Dimension Error,13,2951
2025-11-08,M204,P103,Dimension Error,6,1464
2025-10-13,M403,P104,Dimension Error,9,1044
2025-11-08,M404,P103,Dimension Error,5,960
2025-11-07,M203,P101,Dimension Error,7,819
2025-03-02,M404,P102,Solder Defect,10,2450
2025-10-27,M201,P104,Solder Defect,6,564
2025-07-27,M301,P104,Assembly Defect,10,1250
2025-09-30,M404,P102,Assembly Defect,5,865
2025-12-05,M403,P104,Calibration Error,9,1557
2025-09-20,M403,P102,Solder Defect,8,816
2025-02-13,M203,P103,Assembly Defect,7,1652
2025-04-03,M303,P104,Dimension Error,8,1200
2025-06-13,M402,P103,Assembly Defect,7,959
2025-03-03,M203,P102,Solder Defect,8,1400
2025-07-17,M103,P102,Dimension Error,17,3536
2025-04-06,M204,P102,Calibration Error,8,1912
2025-12-30,M102,P103,Dimension Error,4,320
2025-09-22,M302,P104,Dimension Error,17,1496
2025-08-29,M201,P103,Solder Defect,5,535
2025-09-21,M404,P104,Solder Defect,8,1632
2025-11-06,M101,P103,Solder Defect,10,1610
2025-12-24,M202,P104,Dimension Error,4,428
2025-02-07,M304,P102,Dimension Error,11,1782
2025-12-26,M101,P104,Calibration Error,7,1316
2025-02-12,M204,P102,Solder Defect,5,785
2025-01-30,M401,P102,Calibration Error,8,984
2025-04-10,M401,P102,Solder Defect,8,1952
2025-12-31,M403,P101,Solder Defect,14,1414
2025-04-19,M101,P104,Calibration Error,7,1309
2025-07-18,M103,P104,Dimension Error,12,1296
2025-10-24,M403,P104,Dimension Error,8,1712
2025-02-04,M401,P102,Dimension Error,7,1239
2025-09-08,M104,P103,Solder Defect,10,1900
2025-10-07,M202,P104,Assembly Defect,9,2052
2025-09-10,M102,P101,Dimension Error,8,1080
2025-03-24,M104,P102,Dimension Error,11,1078
2025-12-08,M201,P101,Assembly Defect,7,777
2025-11-14,M403,P101,Dimension Error,6,714
2025-08-23,M204,P101,Dimension Error,12,2412
2025-04-15,M301,P102,Assembly Defect,12,1392
2025-08-09,M404,P104,Solder Defect,8,1552
2025-09-14,M301,P101,Assembly Defect,8,1248
2025-10-05,M304,P101,Calibration Error,9,756
2025-07-28,M104,P102,Dimension Error,8,1688
2025-09-01,M204,P104,Solder Defect,6,642
2025-05-19,M301,P104,Dimension Error,10,1050
2025-12-25,M304,P102,Dimension Error,5,1110
2025-02-20,M201,P103,Calibration Error,3,405
2025-10-16,M103,P104,Calibration Error,9,1683
2025-09-14,M402,P103,Calibration Error,7,770
2025-06-11,M103,P101,Calibration Error,8,1440
2025-02-04,M101,P101,Calibration Error,13,2795
2025-12-31,M201,P104,Dimension Error,5,800
2025-07-13,M304,P102,Calibration Error,5,1025
2025-08-08,M403,P102,Calibration Error,8,1496
2025-06-07,M202,P104,Dimension Error,10,1950
2025-08-15,M203,P101,Solder Defect,6,882
2025-03-10,M203,P103,Calibration Error,10,2040
2025-12-12,M301,P102,Assembly Defect,9,801
2025-08-23,M103,P104,Calibration Error,12,2448
2025-07-25,M402,P103,Dimension Error,12,2580
2025-12-23,M302,P104,Solder Defect,22,3520
2025-07-16,M301,P101,Calibration Error,8,800
2025-12-29,M101,P104,Dimension Error,13,2340
2025-01-23,M201,P104,Calibration Error,11,2607
2025-06-05,M303,P101,Calibration Error,5,850
2025-07-30,M101,P101,Solder Defect,9,2232
2025-05-14,M101,P104,Solder Defect,10,940
2025-08-08,M303,P103,Solder Defect,5,660
2025-11-25,M401,P102,Calibration Error,15,2850
2025-03-29,M204,P104,Assembly Defect,9,765
2025-06-21,M302,P102,Calibration Error,13,2431
2025-01-06,M202,P104,Assembly Defect,10,1790
2025-12-26,M202,P103,Solder Defect,7,1232
2025-12-19,M203,P104,Assembly Defect,8,1856
2025-05-13,M304,P104,Solder Defect,8,928
2025-04-20,M101,P104,Solder Defect,10,910
2025-06-18,M401,P103,Solder Defect,8,680
2025-07-31,M403,P103,Solder Defect,9,1575
2025-09-26,M401,P104,Assembly Defect,11,1243
2025-05-27,M101,P104,Assembly Defect,7,735
2025-06-11,M304,P101,Dimension Error,6,984
2025-09-09,M402,P103,Assembly Defect,5,1135
2025-07-12,M204,P102,Solder Defect,4,628
2025-10-12,M104,P104,Assembly Defect,10,1220
2025-05-22,M102,P103,Calibration Error,10,1820
2025-07-07,M302,P103,Solder Defect,22,2178
2025-12-31,M402,P101,Solder Defect,8,1944
2025-04-01,M201,P102,Dimension Error,6,984
2025-12-31,M402,P104,Calibration Error,7,1309
2025-07-12,M201,P103,Calibration Error,15,2265
2025-02-19,M403,P101,Assembly Defect,8,1704
2025-12-13,M102,P104,Assembly Defect,12,2952
2025-10-13,M401,P101,Assembly Defect,7,1288
2025-11-10,M201,P101,Solder Defect,6,1374
2025-04-24,M401,P104,Assembly Defect,9,1818
2025-05-21,M103,P102,Calibration Error,11,2310
2025-08-31,M402,P104,Solder Defect,9,1296
2025-05-17,M302,P104,Solder Defect,19,3401
2025-10-17,M302,P101,Calibration Error,25,2325
2025-05-11,M102,P101,Dimension Error,10,1150
2025-09-24,M204,P103,Assembly Defect,13,3146
2025-09-04,M104,P103,Calibration Error,8,1592
2025-01-17,M203,P101,Solder Defect,6,756
2025-12-27,M103,P102,Assembly Defect,2,494
2025-10-26,M303,P102,Assembly Defect,13,1742
2025-11-18,M201,P103,Solder Defect,8,976
2025-08-06,M402,P104,Calibration Error,5,1240
2025-01-24,M402,P103,Dimension Error,9,1665
2025-01-23,M101,P102,Assembly Defect,7,1099
2025-02-05,M103,P101,Solder Defect,3,726
2025-03-09,M101,P101,Assembly Defect,12,1056
2025-03-21,M401,P101,Assembly Defect,7,1218
2025-05-11,M201,P104,Dimension Error,7,721
2025-11-27,M301,P101,Solder Defect,6,954
2025-07-03,M201,P104,Dimension Error,8,1232
2025-08-10,M101,P101,Assembly Defect,6,1434
2025-12-22,M303,P102,Dimension Error,10,870
2025-06-21,M104,P103,Assembly Defect,7,1246
2025-05-22,M104,P102,Dimension Error,7,819
2025-10-14,M104,P101,Calibration Error,6,732
2025-04-17,M103,P103,Assembly Defect,4,888
2025-10-01,M401,P102,Dimension Error,4,752
2025-09-16,M102,P102,Assembly Defect,5,870
2025-05-18,M303,P104,Assembly Defect,8,1016
2025-07-30,M304,P104,Solder Defect,9,846
2025-06-27,M402,P102,Assembly Defect,8,1216
2025-04-09,M201,P101,Solder Defect,8,824
2025-08-07,M102,P104,Calibration Error,4,948
2025-12-18,M204,P103,Dimension Error,4,412
2025-04-10,M401,P101,Assembly Defect,5,530
2025-01-05,M101,P102,Dimension Error,6,876
2025-11-18,M201,P101,Calibration Error,9,738
2025-11-14,M402,P104,Solder Defect,8,736
2025-12-22,M404,P104,Assembly Defect,5,970
2025-02-17,M304,P103,Assembly Defect,6,1068
2025-03-12,M203,P103,Dimension Error,8,1488
2025-06-08,M402,P101,Assembly Defect,7,1162
2025-08-22,M304,P101,Assembly Defect,8,880
2025-11-05,M101,P103,Solder Defect,13,2223
2025-07-12,M101,P102,Calibration Error,3,537
2025-07-27,M201,P103,Solder Defect,10,940
2025-04-30,M104,P103,Calibration Error,11,946
2025-09-18,M403,P101,Calibration Error,7,966
2025-01-01,M202,P103,Dimension Error,8,1624
2025-09-03,M402,P104,Dimension Error,3,243
2025-08-06,M302,P101,Solder Defect,20,1860
2025-11-15,M103,P101,Dimension Error,7,1729
2025-03-21,M402,P104,Calibration Error,3,375
2025-05-26,M303,P103,Solder Defect,9,1503
2025-11-20,M403,P101,Calibration Error,9,1314
2025-04-14,M302,P101,Dimension Error,23,5727
2025-01-26,M102,P102,Assembly Defect,9,1854
2025-11-17,M102,P103,Calibration Error,5,1235
2025-04-23,M302,P103,Calibration Error,22,4488
2025-05-26,M404,P103,Solder Defect,12,2268
2025-04-17,M401,P103,Calibration Error,5,1120
2025-11-16,M202,P104,Calibration Error,7,1232
2025-10-26,M204,P103,Solder Defect,14,1344
2025-07-06,M201,P103,Dimension Error,3,444
2025-02-21,M401,P103,Solder Defect,8,1520
2025-06-01,M203,P102,Solder Defect,8,1344
2025-06-01,M102,P104,Dimension Error,7,1218
2025-02-21,M301,P102,Dimension Error,9,1998
2025-04-01,M403,P102,Assembly Defect,4,736
2025-05-07,M204,P101,Solder Defect,6,1368
2025-11-21,M201,P102,Assembly Defect,8,784
2025-02-16,M404,P104,Solder Defect,7,1218
2025-06-30,M203,P104,Dimension Error,6,846
2025-02-27,M404,P103,Calibration Error,9,864
2025-02-23,M303,P102,Solder Defect,4,912
2025-11-17,M202,P104,Calibration Error,9,1683
2025-01-04,M404,P101,Dimension Error,3,384
2025-11-12,M304,P103,Solder Defect,8,1112
2025-02-17,M101,P102,Dimension Error,10,2180
2025-09-24,M402,P102,Assembly Defect,10,2320
2025-06-01,M104,P102,Calibration Error,8,656
2025-12-10,M404,P103,Dimension Error,5,975
2025-06-04,M303,P102,Dimension Error,10,2050
2025-01-19,M401,P103,Calibration Error,7,798
2025-07-07,M402,P102,Assembly Defect,9,873
2025-08-11,M101,P102,Solder Defect,5,595
2025-02-02,M103,P103,Assembly Defect,3,339
2025-04-09,M103,P103,Assembly Defect,7,1050
2025-01-30,M204,P102,Dimension Error,7,1043
2025-02-22,M303,P103,Dimension Error,11,1584
2025-04-04,M201,P103,Assembly Defect,10,2250
2025-03-13,M201,P104,Solder Defect,14,3346
2025-04-04,M101,P104,Assembly Defect,9,1350
2025-02-10,M104,P103,Dimension Error,8,968
2025-11-08,M404,P102,Calibration Error,13,3159
2025-09-16,M302,P103,Calibration Error,25,2725
2025-03-26,M104,P104,Dimension Error,7,658
2025-05-18,M101,P101,Calibration Error,5,940
2025-10-05,M403,P101,Solder Defect,5,1000
2025-03-16,M103,P103,Solder Defect,10,2160
2025-05-16,M403,P103,Assembly Defect,11,990
2025-02-01,M102,P103,Assembly Defect,15,2145
2025-11-25,M103,P102,Calibration Error,14,1694
2025-12-31,M402,P103,Calibration Error,6,816
2025-03-21,M403,P102,Assembly Defect,7,1694
2025-06-07,M304,P101,Calibration Error,7,1456
2025-10-23,M203,P103,Dimension Error,4,752
2025-12-01,M301,P103,Calibration Error,8,1024
2025-03-19,M303,P102,Dimension Error,2,402
2025-11-27,M302,P102,Calibration Error,23,4255
2025-08-15,M103,P104,Assembly Defect,8,1760
2025-05-11,M204,P103,Solder Defect,7,1071
2025-07-03,M302,P104,Calibration Error,16,1440
2025-06-15,M303,P102,Assembly Defect,7,1190
2025-06-29,M303,P101,Solder Defect,4,544
2025-05-18,M404,P104,Assembly Defect,3,450
2025-11-12,M304,P103,Calibration Error,5,1175
2025-02-23,M104,P101,Calibration Error,13,1209
2025-09-30,M203,P102,Solder Defect,4,508
2025-02-23,M402,P101,Dimension Error,7,1309
2025-03-13,M304,P101,Dimension Error,5,660
2025-12-14,M104,P101,Calibration Error,5,1215
2025-12-06,M204,P102,Solder Defect,9,1044
2025-08-12,M303,P102,Solder Defect,9,720
2025-01-29,M403,P103,Dimension Error,10,990
2025-01-05,M304,P103,Assembly Defect,7,623
2025-05-21,M204,P101,Solder Defect,12,2616
2025-07-14,M402,P104,Assembly Defect,7,1484
2025-12-02,M103,P103,Calibration Error,14,3346
2025-05-08,M401,P102,Calibration Error,6,846
2025-05-04,M203,P104,Assembly Defect,11,2079
2025-10-21,M304,P103,Assembly Defect,6,1140
2025-07-04,M201,P101,Assembly Defect,15,2340
2025-09-25,M304,P101,Dimension Error,6,804
2025-03-18,M304,P104,Solder Defect,11,2024
2025-04-05,M102,P104,Dimension Error,10,1220
2025-08-01,M201,P103,Calibration Error,6,798
2025-03-08,M102,P104,Dimension Error,4,468
2025-08-20,M201,P103,Solder Defect,5,1020
2025-01-06,M103,P102,Solder Defect,7,581
2025-10-09,M302,P101,Dimension Error,22,4664
2025-09-20,M202,P102,Calibration Error,8,1616
2025-03-07,M302,P103,Calibration Error,12,2472
2025-09-21,M303,P104,Dimension Error,6,792
2025-05-20,M102,P103,Calibration Error,13,2834
2025-07-22,M404,P104,Dimension Error,11,2156
2025-01-07,M203,P104,Calibration Error,5,965
2025-10-17,M401,P104,Calibration Error,5,1110
2025-01-21,M203,P104,Dimension Error,10,1110
2025-12-30,M301,P104,Assembly Defect,11,968
2025-02-15,M202,P102,Assembly Defect,15,3045
2025-09-27,M201,P102,Calibration Error,7,1701
2025-11-12,M301,P104,Solder Defect,4,872
2025-04-23,M302,P101,Dimension Error,13,2288
2025-03-14,M304,P102,Dimension Error,10,1590
2025-06-08,M103,P103,Dimension Error,10,2050
2025-08-14,M302,P103,Assembly Defect,12,2496
2025-10-02,M204,P104,Solder Defect,6,1308
2025-10-25,M102,P102,Calibration Error,7,595
2025-08-13,M401,P103,Assembly Defect,7,1498
2025-02-03,M404,P103,Assembly Defect,8,904
2025-06-21,M204,P101,Calibration Error,11,1859
2025-06-14,M201,P103,Solder Defect,8,696
2025-04-09,M102,P104,Calibration Error,8,1608
2025-07-29,M102,P102,Dimension Error,9,1908
2025-08-31,M102,P102,Calibration Error,9,1026
2025-02-28,M303,P102,Dimension Error,7,931
2025-01-21,M203,P102,Assembly Defect,10,2140
2025-08-08,M403,P103,Calibration Error,8,1928
2025-07-16,M101,P103,Calibration Error,5,705
2025-07-20,M201,P101,Dimension Error,8,1288
2025-01-04,M402,P101,Assembly Defect,11,2178
2025-02-03,M101,P104,Assembly Defect,7,686
2025-04-30,M103,P101,Assembly Defect,7,847
2025-10-17,M402,P104,Calibration Error,3,249
2025-08-17,M301,P104,Dimension Error,10,1320
2025-10-03,M401,P103,Dimension Error,7,693
2025-02-01,M403,P101,Calibration Error,6,1170
2025-08-22,M301,P101,Dimension Error,6,1128
2025-06-16,M303,P102,Calibration Error,11,2563
2025-02-03,M402,P102,Dimension Error,7,616
2025-05-31,M104,P103,Solder Defect,10,2130
2025-07-05,M402,P102,Calibration Error,6,840
2025-04-16,M204,P101,Dimension Error,7,1449
2025-04-02,M102,P101,Calibration Error,7,1365
2025-03-13,M302,P104,Solder Defect,19,4351
2025-12-06,M301,P101,Assembly Defect,7,714
2025-04-11,M102,P104,Assembly Defect,11,1793
2025-07-07,M201,P101,Solder Defect,7,910
2025-06-29,M202,P101,Assembly Defect,8,1616
2025-11-28,M102,P102,Calibration Error,6,1488
2025-03-21,M402,P102,Solder Defect,6,792
2025-01-28,M404,P102,Dimension Error,10,960
2025-11-25,M402,P103,Calibration Error,2,470
2025-05-22,M401,P101,Calibration Error,6,1446
2025-06-30,M404,P101,Calibration Error,8,1024
2025-04-08,M104,P104,Solder Defect,12,1560
2025-01-27,M202,P103,Dimension Error,12,1692
2025-12-13,M103,P101,Assembly Defect,8,680
2025-03-29,M104,P103,Calibration Error,6,552
2025-09-18,M101,P103,Solder Defect,9,1089
2025-08-24,M402,P101,Dimension Error,6,1230
2025-10-07,M104,P102,Calibration Error,9,1278
2025-03-09,M204,P103,Assembly Defect,5,725
2025-03-12,M201,P102,Solder Defect,3,606
2025-12-15,M404,P101,Dimension Error,5,625
2025-02-27,M301,P102,Dimension Error,4,744
2025-07-05,M402,P103,Dimension Error,15,1275
2025-09-02,M402,P102,Solder Defect,8,1160
2025-03-03,M402,P102,Assembly Defect,9,846
2025-12-14,M201,P101,Assembly Defect,15,1905
2025-02-12,M101,P104,Solder Defect,14,1554
2025-05-15,M103,P101,Dimension Error,7,1064
2025-06-14,M303,P102,Solder Defect,10,860
2025-12-16,M301,P101,Calibration Error,15,2235
2025-05-10,M304,P101,Dimension Error,9,936
2025-11-02,M302,P104,Assembly Defect,18,3564
2025-01-02,M201,P102,Dimension Error,5,1175
2025-09-23,M204,P102,Calibration Error,4,492
2025-05-05,M401,P104,Dimension Error,6,516
2025-11-02,M304,P102,Assembly Defect,7,819
2025-07-01,M103,P104,Solder Defect,7,777
2025-04-09,M303,P101,Calibration Error,7,770
2025-07-11,M304,P103,Calibration Error,5,735
2025-10-14,M204,P101,Dimension Error,11,1221
2025-04-15,M101,P101,Dimension Error,6,618
2025-10-12,M101,P103,Solder Defect,11,1166
2025-12-26,M202,P101,Calibration Error,10,1780
2025-03-04,M102,P101,Dimension Error,14,1540
2025-01-25,M201,P104,Dimension Error,8,1184
2025-08-03,M404,P104,Solder Defect,8,1032
2025-05-26,M203,P101,Dimension Error,7,973
2025-11-01,M203,P103,Calibration Error,10,1730
2025-07-05,M403,P103,Solder Defect,17,3706
2025-06-24,M403,P103,Dimension Error,10,1010
2025-09-09,M403,P101,Assembly Defect,9,1485
2025-07-29,M302,P104,Assembly Defect,17,2023
2025-03-19,M301,P104,Dimension Error,15,2085
2025-02-24,M104,P103,Dimension Error,6,480
2025-10-28,M203,P102,Dimension Error,7,917
2025-05-09,M203,P101,Calibration Error,4,760
2025-03-22,M101,P103,Calibration Error,11,1584
2025-01-11,M104,P103,Calibration Error,12,1164
2025-08-19,M203,P101,Solder Defect,6,582
2025-12-04,M403,P102,Calibration Error,16,3840
2025-04-04,M302,P104,Solder Defect,14,3472
2025-03-25,M303,P104,Dimension Error,9,1251
2025-11-11,M102,P102,Solder Defect,11,1969
2025-10-19,M403,P102,Solder Defect,10,2180
2025-09-19,M304,P103,Solder Defect,7,1379
2025-05-04,M302,P102,Solder Defect,24,2040
2025-12-15,M304,P104,Calibration Error,10,1500
2025-07-21,M402,P104,Assembly Defect,3,660
2025-11-01,M404,P101,Solder Defect,11,1804
2025-12-21,M302,P102,Calibration Error,24,5760
2025-09-10,M102,P103,Assembly Defect,3,603
2025-08-22,M202,P101,Solder Defect,6,972
2025-12-22,M204,P104,Solder Defect,9,1989
2025-10-23,M402,P103,Calibration Error,7,1120
2025-05-06,M202,P101,Solder Defect,9,1962
2025-08-29,M404,P104,Dimension Error,4,400
2025-03-25,M301,P103,Solder Defect,6,582
2025-07-09,M204,P101,Solder Defect,10,1180
2025-12-26,M404,P101,Dimension Error,10,1290
2025-07-17,M401,P102,Solder Defect,10,1840
2025-11-27,M201,P104,Calibration Error,3,438
2025-05-23,M403,P101,Dimension Error,8,1600
2025-05-14,M304,P101,Dimension Error,10,960
2025-08-10,M201,P102,Calibration Error,5,855
2025-03-10,M402,P103,Assembly Defect,5,825
2025-12-21,M403,P103,Dimension Error,4,736
2025-12-07,M104,P101,Calibration Error,7,567
2025-01-19,M304,P104,Assembly Defect,3,483
2025-06-27,M204,P101,Assembly Defect,9,765
2025-09-04,M301,P102,Calibration Error,7,1505
2025-08-23,M202,P104,Solder Defect,17,3417
2025-12-01,M304,P102,Calibration Error,9,1530
2025-11-14,M202,P103,Calibration Error,17,2193
2025-10-13,M302,P103,Calibration Error,17,2006
2025-10-06,M101,P101,Dimension Error,3,288
2025-01-19,M401,P102,Dimension Error,4,856
2025-02-08,M104,P104,Calibration Error,7,1533
2025-04-19,M303,P103,Calibration Error,5,750
2025-11-18,M303,P104,Solder Defect,8,912
2025-10-14,M302,P101,Calibration Error,20,2940
2025-02-01,M304,P104,Solder Defect,11,1584
2025-11-11,M103,P102,Solder Defect,6,1320
2025-11-30,M403,P102,Calibration Error,8,1112
2025-04-09,M303,P101,Assembly Defect,13,1209
2025-11-12,M402,P102,Calibration Error,8,1144
2025-06-06,M301,P101,Assembly Defect,8,1800
2025-12-09,M204,P102,Calibration Error,4,520
2025-04-18,M403,P104,Calibration Error,9,2232
2025-04-28,M303,P101,Assembly Defect,9,1980
2025-03-24,M303,P101,Assembly Defect,10,2120
2025-10-02,M101,P103,Assembly Defect,13,1261
2025-06-29,M303,P104,Dimension Error,8,1200
2025-07-26,M302,P102,Calibration Error,17,2210
2025-01-27,M102,P104,Calibration Error,5,900
2025-05-31,M403,P101,Assembly Defect,7,1498
2025-09-03,M102,P103,Calibration Error,11,2365
2025-11-17,M102,P103,Solder Defect,6,1404
2025-03-14,M302,P103,Dimension Error,17,2278
2025-04-11,M403,P104,Calibration Error,7,1470
2025-01-10,M301,P104,Solder Defect,8,872
2025-05-05,M101,P102,Dimension Error,6,1140
2025-01-06,M301,P101,Solder Defect,4,824
2025-11-01,M403,P101,Assembly Defect,11,2156
2025-10-24,M403,P102,Solder Defect,7,595
2025-09-16,M102,P102,Dimension Error,7,679
2025-04-27,M402,P102,Calibration Error,12,1932
2025-07-08,M404,P103,Solder Defect,10,2240
2025-01-05,M204,P102,Calibration Error,11,1254
2025-02-07,M104,P102,Dimension Error,9,2133
2025-11-25,M103,P104,Dimension Error,8,696
2025-08-30,M101,P103,Solder Defect,7,1596
2025-06-14,M404,P102,Assembly Defect,5,510
2025-07-30,M303,P103,Assembly Defect,12,1596
2025-07-19,M103,P101,Assembly Defect,11,1441
2025-06-08,M101,P103,Calibration Error,6,930
2025-09-12,M302,P102,Calibration Error,13,2834
2025-02-03,M102,P104,Calibration Error,6,894
2025-07-01,M401,P103,Solder Defect,5,685
2025-10-29,M101,P104,Calibration Error,12,2148
2025-08-21,M302,P103,Calibration Error,19,4503
2025-07-12,M201,P103,Solder Defect,2,384
2025-10-09,M101,P102,Dimension Error,3,315
2025-06-12,M202,P102,Dimension Error,9,1260
2025-09-04,M202,P102,Dimension Error,12,1572
2025-09-28,M402,P101,Dimension Error,7,756
2025-07-14,M103,P102,Calibration Error,9,1494
2025-09-27,M104,P104,Solder Defect,10,870
2025-07-03,M201,P103,Assembly Defect,6,498
2025-04-07,M303,P104,Calibration Error,10,1730
2025-06-09,M202,P101,Solder Defect,8,1048
2025-11-30,M303,P104,Dimension Error,9,927
2025-06-08,M301,P103,Solder Defect,6,570
2025-06-18,M403,P104,Assembly Defect,6,816
2025-02-12,M303,P102,Calibration Error,8,1632
2025-12-30,M103,P101,Solder Defect,6,1194
2025-06-06,M402,P103,Assembly Defect,9,810
2025-07-27,M304,P102,Solder Defect,9,1125
2025-12-01,M101,P101,Dimension Error,7,1519
2025-07-27,M304,P102,Calibration Error,6,720
2025-01-26,M302,P102,Solder Defect,21,3213
2025-03-23,M201,P103,Dimension Error,9,738
2025-05-14,M202,P103,Assembly Defect,10,920
2025-02-08,M203,P104,Dimension Error,8,920
2025-06-01,M303,P101,Calibration Error,9,1044
2025-01-28,M101,P103,Dimension Error,10,1620
2025-03-16,M103,P102,Calibration Error,5,890
2025-11-07,M302,P103,Dimension Error,18,2448
2025-02-20,M101,P102,Solder Defect,5,570
2025-01-14,M404,P104,Assembly Defect,10,2130
2025-04-20,M304,P104,Solder Defect,13,3172
2025-12-26,M404,P104,Calibration Error,6,498
2025-09-24,M202,P104,Dimension Error,9,2133
2025-04-09,M301,P102,Calibration Error,7,1575
2025-05-10,M101,P104,Assembly Defect,13,1508
2025-07-25,M101,P101,Dimension Error,8,1360
2025-02-01,M104,P104,Dimension Error,10,1690
2025-05-23,M403,P103,Solder Defect,8,1088
2025-11-27,M103,P104,Solder Defect,6,1026
2025-08-23,M203,P104,Dimension Error,7,1113
2025-01-08,M402,P101,Solder Defect,13,1612
2025-01-14,M101,P102,Solder Defect,4,860
2025-11-30,M104,P104,Solder Defect,4,632
2025-08-15,M401,P103,Assembly Defect,9,1395
2025-05-28,M102,P103,Solder Defect,8,1040
2025-09-09,M202,P101,Calibration Error,8,688
2025-06-07,M103,P101,Assembly Defect,7,1554
2025-03-09,M402,P101,Assembly Defect,6,1122
2025-03-22,M102,P104,Calibration Error,7,1540
2025-06-06,M204,P102,Calibration Error,4,420
2025-07-07,M401,P102,Assembly Defect,10,1300
2025-11-06,M404,P104,Calibration Error,6,1440
2025-06-29,M201,P102,Solder Defect,9,1503
2025-05-25,M404,P103,Calibration Error,5,615
2025-11-27,M304,P103,Dimension Error,12,2040
2025-06-10,M204,P102,Assembly Defect,7,609
2025-08-12,M304,P103,Solder Defect,10,1280
2025-10-22,M101,P104,Assembly Defect,8,1152
2025-05-08,M201,P104,Calibration Error,10,800
2025-04-06,M201,P102,Solder Defect,9,1044
2025-05-01,M403,P101,Calibration Error,11,1309
2025-11-21,M201,P104,Solder Defect,5,630
2025-12-12,M402,P101,Solder Defect,15,3630
2025-06-30,M201,P101,Dimension Error,10,1090
2025-01-16,M302,P101,Solder Defect,23,5267
2025-12-04,M404,P104,Dimension Error,5,830
2025-04-07,M201,P102,Dimension Error,10,1290
2025-12-07,M404,P104,Calibration Error,6,1098
2025-06-01,M201,P101,Dimension Error,8,1752
2025-06-21,M404,P102,Calibration Error,12,2532
2025-12-07,M101,P103,Calibration Error,9,1629
2025-11-05,M103,P104,Assembly Defect,4,508
2025-04-19,M102,P104,Solder Defect,6,1368
2025-02-12,M102,P101,Dimension Error,6,936
2025-06-13,M303,P102,Dimension Error,7,1127
2025-11-23,M203,P104,Solder Defect,7,602
2025-05-09,M104,P101,Calibration Error,7,917
2025-04-23,M401,P102,Dimension Error,12,1836
2025-02-10,M103,P104,Calibration Error,8,1640
2025-08-30,M102,P102,Calibration Error,10,980
2025-12-10,M204,P104,Assembly Defect,4,912
2025-01-11,M204,P104,Assembly Defect,9,1755
2025-02-08,M402,P104,Calibration Error,4,924
2025-11-30,M204,P101,Solder Defect,5,495
2025-01-20,M103,P103,Assembly Defect,7,1043
2025-01-06,M304,P104,Assembly Defect,6,918
2025-09-22,M404,P101,Calibration Error,12,2664
2025-02-13,M404,P101,Dimension Error,12,1776
2025-09-05,M302,P101,Dimension Error,21,2646
2025-05-05,M201,P103,Calibration Error,10,1400
2025-09-05,M204,P104,Calibration Error,7,910
2025-01-13,M303,P104,Dimension Error,12,1416
2025-12-19,M102,P104,Calibration Error,6,1068
2025-07-28,M204,P101,Assembly Defect,8,1664
2025-06-23,M202,P101,Dimension Error,7,812
2025-07-09,M204,P103,Dimension Error,8,1072
2025-10-25,M301,P104,Assembly Defect,10,1270
2025-03-10,M301,P102,Assembly Defect,10,2290
2025-01-30,M203,P103,Calibration Error,7,1246
2025-10-27,M202,P104,Calibration Error,8,1264
2025-05-11,M302,P102,Solder Defect,14,1512
2025-01-10,M304,P103,Assembly Defect,5,1235
2025-09-29,M401,P101,Solder Defect,13,3016
2025-04-26,M403,P104,Calibration Error,6,1326
2025-07-19,M404,P103,Dimension Error,2,366
2025-10-03,M101,P104,Calibration Error,4,636
2025-06-23,M403,P101,Solder Defect,11,2178
2025-02-23,M403,P101,Dimension Error,7,1190
2025-06-15,M102,P102,Dimension Error,7,1099
2025-09-01,M201,P102,Calibration Error,12,1188
2025-05-14,M402,P103,Calibration Error,7,637
2025-03-19,M101,P104,Dimension Error,9,1539
2025-09-07,M402,P104,Dimension Error,8,1352
2025-09-25,M103,P102,Assembly Defect,6,828
2025-06-01,M301,P104,Dimension Error,6,1062
2025-03-28,M204,P104,Dimension Error,9,1656
2025-12-11,M204,P104,Dimension Error,4,440
2025-04-04,M101,P103,Assembly Defect,4,956
2025-09-10,M404,P104,Dimension Error,7,1708
2025-05-10,M102,P103,Assembly Defect,12,1044
2025-07-22,M202,P103,Solder Defect,7,1638
2025-12-08,M104,P101,Assembly Defect,4,996
2025-07-11,M402,P103,Calibration Error,8,1896
2025-03-14,M403,P101,Calibration Error,4,732
2025-03-15,M301,P101,Assembly Defect,12,2280
2025-09-04,M404,P102,Calibration Error,7,1554
2025-05-02,M303,P101,Calibration Error,6,1440
2025-08-26,M401,P102,Dimension Error,4,524
2025-12-13,M104,P103,Solder Defect,8,1104
2025-06-12,M102,P102,Dimension Error,14,2996
2025-06-10,M103,P103,Solder Defect,5,625
2025-01-09,M103,P101,Solder Defect,9,1602
2025-09-10,M404,P102,Dimension Error,11,2409
2025-06-13,M202,P102,Dimension Error,6,1464
2025-06-08,M403,P104,Solder Defect,4,436
2025-06-21,M303,P103,Dimension Error,12,1536
2025-09-17,M302,P101,Solder Defect,20,2160
2025-02-08,M102,P103,Calibration Error,6,618
2025-03-27,M301,P101,Dimension Error,7,1316
2025-07-31,M404,P104,Solder Defect,8,1896
2025-09-30,M401,P104,Assembly Defect,11,1870
2025-04-14,M204,P102,Dimension Error,7,966
2025-04-15,M104,P101,Dimension Error,14,3374
2025-06-04,M403,P104,Solder Defect,8,1032
2025-02-14,M102,P104,Dimension Error,4,788
2025-04-08,M304,P102,Calibration Error,4,908
2025-07-29,M301,P101,Assembly Defect,7,1113
2025-02-16,M202,P104,Assembly Defect,6,1212
2025-10-19,M101,P102,Dimension Error,9,1035
2025-01-30,M203,P103,Calibration Error,6,1038
2025-02-06,M201,P101,Dimension Error,8,1368
2025-06-24,M302,P104,Dimension Error,14,1148
2025-05-27,M404,P103,Dimension Error,5,455
2025-02-20,M201,P101,Dimension Error,8,704
2025-04-09,M301,P101,Solder Defect,9,1620
2025-04-11,M402,P101,Solder Defect,7,721
2025-01-05,M203,P101,Solder Defect,7,1225
2025-04-10,M303,P102,Dimension Error,10,2220
2025-01-12,M102,P103,Dimension Error,8,712
2025-09-18,M402,P102,Assembly Defect,7,707
2025-11-04,M401,P102,Assembly Defect,4,428
2025-11-03,M301,P103,Dimension Error,11,1672
2025-07-19,M101,P103,Dimension Error,3,684
2025-03-27,M204,P102,Solder Defect,4,872
2025-04-12,M303,P104,Dimension Error,10,2180
2025-06-26,M203,P102,Calibration Error,13,2119
2025-07-12,M201,P103,Solder Defect,11,2585
2025-06-27,M103,P104,Dimension Error,4,560
2025-02-20,M202,P104,Dimension Error,8,1904
2025-10-14,M304,P104,Dimension Error,8,1800
2025-07-16,M403,P102,Dimension Error,8,1856
2025-11-10,M304,P104,Solder Defect,8,1696
2025-06-15,M402,P104,Assembly Defect,7,812
2025-03-02,M401,P102,Assembly Defect,8,1712
2025-09-01,M401,P103,Solder Defect,12,1332
2025-01-27,M303,P101,Solder Defect,5,1045
2025-05-26,M201,P104,Assembly Defect,5,555
2025-01-03,M202,P102,Solder Defect,8,1384
2025-10-01,M204,P103,Assembly Defect,7,1694
2025-09-01,M101,P102,Assembly Defect,9,1026
2025-07-12,M202,P104,Calibration Error,4,1000
2025-10-03,M202,P104,Dimension Error,5,420
2025-08-12,M403,P101,Dimension Error,13,1521
2025-07-07,M101,P101,Dimension Error,9,2223
2025-11-12,M202,P104,Solder Defect,10,1040
2025-11-13,M102,P103,Dimension Error,8,760
2025-07-12,M204,P102,Calibration Error,13,1495
2025-04-10,M402,P104,Calibration Error,5,910
2025-12-23,M303,P103,Solder Defect,7,700
2025-10-16,M404,P102,Solder Defect,8,776
2025-02-15,M202,P101,Calibration Error,10,1980
2025-03-28,M202,P101,Dimension Error,6,846
2025-02-04,M404,P103,Solder Defect,5,1190
2025-11-01,M204,P102,Dimension Error,9,1278
2025-04-25,M301,P101,Assembly Defect,2,434
2025-07-22,M204,P103,Assembly Defect,15,2865
2025-10-27,M202,P102,Calibration Error,7,1246
2025-08-08,M201,P103,Calibration Error,10,2280
2025-10-31,M402,P104,Calibration Error,8,1848
2025-01-09,M403,P103,Calibration Error,5,1245
2025-07-17,M402,P102,Calibration Error,8,1664
2025-11-18,M103,P102,Calibration Error,7,1505
2025-01-14,M101,P102,Calibration Error,7,1708
2025-08-30,M102,P104,Solder Defect,11,2629
2025-12-17,M203,P101,Assembly Defect,8,768
2025-08-23,M204,P102,Dimension Error,6,648
2025-03-23,M204,P102,Calibration Error,9,1980
2025-02-16,M301,P103,Assembly Defect,9,2250
2025-12-01,M403,P103,Solder Defect,6,996
2025-03-22,M204,P103,Dimension Error,7,826
2025-06-28,M101,P104,Dimension Error,8,792
2025-04-26,M201,P102,Calibration Error,6,1170
2025-12-27,M101,P101,Calibration Error,3,318
2025-05-03,M302,P104,Assembly Defect,18,2484
2025-11-06,M101,P101,Assembly Defect,7,966
2025-04-24,M303,P102,Calibration Error,9,1026
2025-12-07,M402,P103,Solder Defect,8,1896
2025-01-07,M104,P102,Solder Defect,14,2926
2025-06-07,M204,P104,Assembly Defect,10,1650
2025-11-04,M102,P102,Solder Defect,12,1128
2025-07-18,M403,P101,Calibration Error,9,1368
2025-07-29,M102,P104,Solder Defect,9,1602
2025-06-27,M401,P101,Calibration Error,9,972
2025-12-11,M404,P103,Dimension Error,11,1265
2025-07-31,M404,P102,Calibration Error,7,1099
2025-01-20,M402,P104,Dimension Error,10,1180
2025-09-04,M303,P102,Dimension Error,8,1432
2025-10-09,M404,P101,Dimension Error,9,1197
2025-06-03,M201,P101,Solder Defect,6,1260
2025-11-11,M203,P101,Dimension Error,4,936
2025-09-16,M201,P102,Dimension Error,5,1135
2025-10-31,M304,P102,Assembly Defect,11,1254
2025-12-15,M101,P103,Dimension Error,5,915
2025-09-15,M101,P104,Calibration Error,9,1539
2025-03-29,M401,P104,Assembly Defect,11,1969
2025-06-30,M202,P101,Assembly Defect,9,1278
2025-11-29,M102,P102,Dimension Error,13,1430
2025-01-05,M101,P103,Dimension Error,7,1687
2025-01-11,M303,P101,Solder Defect,9,765
2025-02-19,M303,P101,Solder Defect,11,2629
2025-10-13,M404,P102,Dimension Error,11,1639
2025-08-03,M201,P104,Solder Defect,12,2232
2025-08-22,M304,P102,Solder Defect,6,1032
2025-10-21,M204,P103,Assembly Defect,8,800
2025-07-09,M404,P102,Calibration Error,2,456
2025-09-11,M301,P102,Assembly Defect,5,990
2025-05-25,M201,P103,Solder Defect,14,3346
2025-10-25,M303,P104,Assembly Defect,7,1323
2025-06-16,M103,P103,Dimension Error,6,1050
2025-07-13,M203,P101,Dimension Error,9,783
2025-04-15,M202,P103,Dimension Error,6,1332
2025-11-10,M302,P101,Dimension Error,15,2850
2025-04-26,M304,P102,Calibration Error,8,1664
2025-01-06,M202,P102,Solder Defect,10,1590
2025-04-09,M102,P102,Assembly Defect,12,1416
2025-01-21,M101,P102,Solder Defect,6,924
2025-03-24,M402,P101,Dimension Error,7,1533
2025-03-30,M303,P102,Assembly Defect,9,1584
2025-09-11,M101,P104,Assembly Defect,8,1968
2025-01-19,M402,P101,Dimension Error,7,679
2025-05-08,M104,P102,Solder Defect,6,1182
2025-09-28,M103,P104,Calibration Error,12,2160
2025-08-05,M401,P104,Assembly Defect,12,1380
2025-03-24,M204,P102,Assembly Defect,6,942
2025-06-09,M401,P101,Solder Defect,11,2167
2025-10-18,M303,P103,Assembly Defect,7,1379
2025-02-04,M103,P104,Solder Defect,11,1705
2025-11-12,M301,P103,Solder Defect,7,1211
2025-04-09,M401,P101,Assembly Defect,3,495
2025-02-06,M203,P101,Calibration Error,8,944
2025-02-18,M104,P104,Dimension Error,9,810
2025-06-04,M104,P103,Dimension Error,8,856
2025-01-06,M102,P104,Calibration Error,5,950
2025-02-01,M403,P104,Assembly Defect,7,686
2025-08-04,M302,P101,Dimension Error,18,1584
2025-01-27,M303,P103,Assembly Defect,6,1008
2025-02-22,M201,P102,Dimension Error,8,920
2025-11-15,M301,P102,Solder Defect,5,540
2025-08-05,M402,P103,Dimension Error,13,1573
2025-12-10,M301,P102,Calibration Error,9,1440
2025-11-04,M303,P104,Assembly Defect,4,884
2025-07-07,M104,P102,Calibration Error,7,1449
2025-06-30,M203,P102,Assembly Defect,11,1903
2025-10-10,M202,P102,Solder Defect,9,1872
2025-09-08,M104,P104,Assembly Defect,3,534
2025-08-13,M304,P104,Calibration Error,5,1170
2025-11-18,M202,P103,Dimension Error,8,1472
2025-09-23,M102,P104,Calibration Error,11,1804
2025-08-29,M403,P103,Solder Defect,6,768
2025-02-17,M303,P103,Dimension Error,6,768
2025-08-05,M404,P104,Calibration Error,9,954
2025-04-22,M402,P101,Dimension Error,8,936
2025-11-12,M302,P103,Assembly Defect,23,5520
2025-04-04,M404,P102,Assembly Defect,12,2040
2025-06-15,M404,P104,Dimension Error,6,960
2025-02-04,M104,P103,Calibration Error,6,786
2025-04-24,M401,P102,Dimension Error,5,435
2025-02-04,M302,P103,Dimension Error,12,2076
2025-12-17,M403,P104,Solder Defect,10,2270
2025-05-13,M301,P103,Assembly Defect,6,1422
2025-07-21,M103,P103,Solder Defect,8,1896
2025-08-21,M403,P103,Solder Defect,6,1260
2025-05-25,M104,P102,Dimension Error,9,1296
2025-01-15,M303,P102,Assembly Defect,8,912
2025-11-03,M204,P102,Calibration Error,3,594
2025-07-27,M404,P102,Solder Defect,4,652
2025-08-21,M202,P101,Dimension Error,4,604
2025-06-22,M204,P102,Dimension Error,9,927
2025-07-25,M103,P104,Assembly Defect,8,1808
2025-10-17,M204,P103,Assembly Defect,6,1464
2025-03-25,M202,P104,Solder Defect,9,1908
2025-01-06,M304,P103,Assembly Defect,9,1845
2025-01-27,M102,P104,Dimension Error,7,980
2025-01-03,M201,P104,Calibration Error,5,430
2025-06-26,M402,P102,Calibration Error,7,1260
2025-05-13,M102,P104,Dimension Error,8,936
2025-10-06,M202,P104,Solder Defect,7,1743
2025-03-23,M202,P104,Calibration Error,7,777
2025-01-11,M401,P104,Calibration Error,4,700
2025-06-03,M102,P104,Dimension Error,7,1008
2025-10-03,M103,P104,Calibration Error,7,574
2025-05-23,M203,P102,Solder Defect,8,912
2025-08-25,M404,P102,Solder Defect,9,1764
2025-08-26,M302,P102,Dimension Error,28,6552
2025-11-25,M301,P102,Dimension Error,12,2628
2025-12-15,M404,P102,Assembly Defect,7,805
2025-08-25,M304,P101,Assembly Defect,10,860
2025-12-22,M401,P103,Solder Defect,4,656
2025-10-07,M101,P103,Calibration Error,13,1391
2025-08-07,M302,P104,Solder Defect,20,4720
2025-11-21,M301,P104,Assembly Defect,8,1024
2025-12-26,M301,P101,Dimension Error,9,2205
2025-11-20,M203,P102,Assembly Defect,6,1008
2025-07-12,M204,P102,Calibration Error,15,3210
2025-02-03,M404,P101,Solder Defect,11,2420
2025-04-06,M201,P101,Assembly Defect,8,752
2025-04-20,M203,P103,Dimension Error,8,1576
2025-07-03,M204,P102,Dimension Error,12,2316
2025-10-05,M204,P103,Assembly Defect,5,835
2025-05-21,M102,P104,Dimension Error,9,2178
2025-09-26,M104,P102,Calibration Error,6,834
2025-12-20,M104,P101,Dimension Error,6,1242
2025-12-31,M401,P103,Dimension Error,11,1760
2025-12-08,M204,P102,Assembly Defect,11,1936
2025-07-14,M204,P102,Calibration Error,8,1008
2025-08-17,M101,P104,Dimension Error,15,3105
2025-08-22,M404,P102,Solder Defect,7,1512
2025-06-09,M202,P103,Solder Defect,6,1170
2025-08-13,M102,P102,Calibration Error,11,2090
2025-10-04,M103,P101,Assembly Defect,4,752
2025-04-29,M401,P102,Calibration Error,7,588
