Date,Machine_ID,Temperature_C,Vibration_mm_s,Downtime_Min,Breakdown_Flag
2025-01-01,M101,66.5,5.27,46,0
2025-01-01,M102,61.6,3.85,29,0
2025-01-01,M103,67.8,4.33,24,0
2025-01-01,M104,63.6,4.59,12,0
2025-01-01,M201,70.1,3.75,0,0
2025-01-01,M202,66.4,5.39,36,0
2025-01-01,M203,71.8,3.69,36,0
2025-01-01,M204,67.8,4.72,51,0
2025-01-01,M301,58.6,4.24,19,0
2025-01-01,M302,70.3,13.76,77,0
2025-01-01,M303,63.6,4.98,27,0
2025-01-01,M304,62.3,4.9,36,0
2025-01-01,M401,63.7,4.2,47,0
2025-01-01,M402,59.1,4.57,0,0
2025-01-01,M403,59.8,4.66,43,0
2025-01-01,M404,73.7,4.57,19,0
2025-01-02,M101,64.1,3.28,31,0
2025-01-02,M102,66.5,4.72,26,0
2025-01-02,M103,67.2,4.98,25,0
2025-01-02,M104,69.3,4.14,26,0
2025-01-02,M201,61.7,3.51,19,0
2025-01-02,M202,72.6,4.46,16,0
2025-01-02,M203,68.0,5.17,11,0
2025-01-02,M204,63.6,5.14,22,0
2025-01-02,M301,73.4,3.41,37,0
2025-01-02,M302,82.7,12.99,81,0
2025-01-02,M303,61.6,4.18,45,0
2025-01-02,M304,71.7,5.97,30,0
2025-01-02,M401,73.6,4.17,5,0
2025-01-02,M402,66.8,4.81,45,0
2025-01-02,M403,79.5,4.08,45,0
2025-01-02,M404,72.9,4.51,13,0
2025-01-03,M101,66.4,4.25,33,0
2025-01-03,M102,70.9,6.06,14,0
2025-01-03,M103,65.5,4.01,20,0
2025-01-03,M104,71.3,5.24,38,0
2025-01-03,M201,73.4,4.39,27,0
2025-01-03,M202,66.4,5.43,0,0
2025-01-03,M203,67.6,4.28,35,0
2025-01-03,M204,69.6,5.22,8,0
2025-01-03,M301,83.1,5.4,2,0
2025-01-03,M302,84.2,10.74,86,0
2025-01-03,M303,71.4,6.0,17,0
2025-01-03,M304,70.3,3.21,18,0
2025-01-03,M401,65.4,5.19,13,0
2025-01-03,M402,69.3,5.96,42,0
2025-01-03,M403,67.9,2.26,62,0
2025-01-03,M404,70.3,4.19,17,0
2025-01-04,M101,62.4,4.89,39,0
2025-01-04,M102,69.3,4.19,55,0
2025-01-04,M103,71.0,4.33,10,0
2025-01-04,M104,66.4,5.53,38,0
2025-01-04,M201,74.4,4.86,50,0
2025-01-04,M202,69.8,3.72,0,0
2025-01-04,M203,67.9,5.3,8,0
2025-01-04,M204,64.7,4.24,26,0
2025-01-04,M301,62.7,5.79,27,0
2025-01-04,M302,81.2,12.49,112,1
2025-01-04,M303,67.5,4.0,26,0
2025-01-04,M304,65.8,3.85,16,0
2025-01-04,M401,67.7,3.33,35,0
2025-01-04,M402,61.0,4.19,8,0
2025-01-04,M403,71.7,6.44,15,0
2025-01-04,M404,78.8,4.66,0,0
2025-01-05,M101,67.8,5.18,13,0
2025-01-05,M102,62.6,3.35,52,0
2025-01-05,M103,68.5,3.98,14,0
2025-01-05,M104,65.6,5.87,51,0
2025-01-05,M201,62.1,4.88,26,0
2025-01-05,M202,69.1,6.92,45,0
2025-01-05,M203,68.5,6.08,43,0
2025-01-05,M204,62.3,4.83,47,0
2025-01-05,M301,77.1,6.17,21,0
2025-01-05,M302,88.9,10.2,79,0
2025-01-05,M303,63.6,2.19,6,0
2025-01-05,M304,75.5,3.42,47,0
2025-01-05,M401,76.0,5.09,15,0
2025-01-05,M402,63.9,2.91,57,0
2025-01-05,M403,61.6,4.24,18,0
2025-01-05,M404,75.3,6.43,36,0
2025-01-06,M101,71.1,3.28,27,0
2025-01-06,M102,74.5,4.77,7,0
2025-01-06,M103,56.9,4.62,10,0
2025-01-06,M104,61.9,5.11,61,0
2025-01-06,M201,60.4,4.67,41,0
2025-01-06,M202,73.9,4.02,12,0
2025-01-06,M203,62.9,5.83,27,0
2025-01-06,M204,62.1,4.06,15,0
2025-01-06,M301,70.9,4.4,33,0
2025-01-06,M302,79.1,9.05,88,0
2025-01-06,M303,64.3,3.15,30,0
2025-01-06,M304,62.3,4.73,37,0
2025-01-06,M401,77.2,4.59,0,0
2025-01-06,M402,76.0,3.14,17,0
2025-01-06,M403,72.3,4.27,7,0
2025-01-06,M404,64.9,5.19,15,0
2025-01-07,M101,56.6,4.06,21,0
2025-01-07,M102,62.6,4.32,51,0
2025-01-07,M103,71.7,3.92,7,0
2025-01-07,M104,60.5,5.7,42,0
2025-01-07,M201,71.1,5.0,46,0
2025-01-07,M202,69.3,4.98,17,0
2025-01-07,M203,60.5,5.74,29,0
2025-01-07,M204,69.9,4.04,43,0
2025-01-07,M301,75.1,4.62,16,0
2025-01-07,M302,81.2,10.46,74,0
2025-01-07,M303,75.0,4.54,46,0
2025-01-07,M304,57.9,5.04,3,0
2025-01-07,M401,67.5,4.74,38,0
2025-01-07,M402,60.7,6.41,8,0
2025-01-07,M403,71.2,3.84,14,0
2025-01-07,M404,73.3,4.08,1,0
2025-01-08,M101,58.3,2.74,8,0
2025-01-08,M102,79.5,4.71,27,0
2025-01-08,M103,69.7,5.41,46,0
2025-01-08,M104,71.6,3.52,26,0
2025-01-08,M201,70.9,5.2,17,0
2025-01-08,M202,61.3,3.57,9,0
2025-01-08,M203,65.5,4.52,7,0
2025-01-08,M204,65.0,5.4,9,0
2025-01-08,M301,65.0,4.57,28,0
2025-01-08,M302,78.6,10.88,74,0
2025-01-08,M303,64.6,4.81,19,0
2025-01-08,M304,69.2,4.05,14,0
2025-01-08,M401,72.1,3.09,29,0
2025-01-08,M402,68.1,3.92,53,0
2025-01-08,M403,68.4,2.94,20,0
2025-01-08,M404,61.9,4.95,21,0
2025-01-09,M101,64.7,3.41,15,0
2025-01-09,M102,72.0,3.37,14,0
2025-01-09,M103,75.8,6.15,36,0
2025-01-09,M104,66.0,5.47,37,0
2025-01-09,M201,66.7,4.64,18,0
2025-01-09,M202,70.5,4.57,35,0
2025-01-09,M203,70.6,4.34,25,0
2025-01-09,M204,61.5,5.17,2,0
2025-01-09,M301,65.5,5.61,24,0
2025-01-09,M302,83.2,9.34,85,0
2025-01-09,M303,71.1,4.9,28,0
2025-01-09,M304,82.7,3.93,10,0
2025-01-09,M401,72.1,4.2,22,0
2025-01-09,M402,62.0,6.1,16,0
2025-01-09,M403,61.8,3.26,48,0
2025-01-09,M404,59.3,4.47,10,0
2025-01-10,M101,63.9,4.21,10,0
2025-01-10,M102,73.6,6.51,31,0
2025-01-10,M103,65.4,5.32,23,0
2025-01-10,M104,64.6,4.75,27,0
2025-01-10,M201,67.0,4.63,14,0
2025-01-10,M202,53.9,4.16,5,0
2025-01-10,M203,66.1,3.56,52,0
2025-01-10,M204,62.0,5.28,0,0
2025-01-10,M301,82.5,3.15,21,0
2025-01-10,M302,81.5,13.05,126,1
2025-01-10,M303,66.1,3.96,5,0
2025-01-10,M304,60.2,4.58,55,0
2025-01-10,M401,65.4,4.56,0,0
2025-01-10,M402,71.5,4.81,32,0
2025-01-10,M403,68.3,4.9,33,0
2025-01-10,M404,64.7,3.45,0,0
2025-01-11,M101,67.4,4.37,43,0
2025-01-11,M102,66.4,4.3,30,0
2025-01-11,M103,81.1,5.31,54,0
2025-01-11,M104,77.5,4.6,30,0
2025-01-11,M201,61.2,4.35,35,0
2025-01-11,M202,63.7,4.19,42,0
2025-01-11,M203,80.0,4.37,1,0
2025-01-11,M204,71.0,5.76,27,0
2025-01-11,M301,64.9,4.9,45,0
2025-01-11,M302,76.9,7.61,73,0
2025-01-11,M303,55.7,4.65,0,0
2025-01-11,M304,68.7,6.67,34,0
2025-01-11,M401,74.0,4.86,27,0
2025-01-11,M402,69.4,3.87,27,0
2025-01-11,M403,65.3,3.45,44,0
2025-01-11,M404,77.8,5.52,26,0
2025-01-12,M101,62.6,3.46,8,0
2025-01-12,M102,77.6,4.63,48,0
2025-01-12,M103,48.7,2.19,28,0
2025-01-12,M104,67.8,5.3,41,0
2025-01-12,M201,63.3,4.58,26,0
2025-01-12,M202,73.6,4.93,21,0
2025-01-12,M203,58.8,4.39,12,0
2025-01-12,M204,65.3,2.64,44,0
2025-01-12,M301,64.6,4.84,51,0
2025-01-12,M302,85.1,13.83,116,1
2025-01-12,M303,69.8,5.95,22,0
2025-01-12,M304,75.2,4.2,5,0
2025-01-12,M401,68.0,5.03,25,0
2025-01-12,M402,70.0,2.99,10,0
2025-01-12,M403,67.4,3.97,21,0
2025-01-12,M404,58.3,3.82,10,0
2025-01-13,M101,58.1,4.35,34,0
2025-01-13,M102,62.1,4.48,29,0
2025-01-13,M103,67.4,5.92,19,0
2025-01-13,M104,74.1,4.34,0,0
2025-01-13,M201,71.6,3.54,21,0
2025-01-13,M202,65.3,5.96,8,0
2025-01-13,M203,72.0,5.88,31,0
2025-01-13,M204,67.0,3.45,19,0
2025-01-13,M301,64.9,3.64,0,0
2025-01-13,M302,88.4,11.27,69,0
2025-01-13,M303,61.6,4.71,39,0
2025-01-13,M304,69.7,5.54,41,0
2025-01-13,M401,71.7,3.69,24,0
2025-01-13,M402,74.1,4.73,34,0
2025-01-13,M403,67.8,3.85,7,0
2025-01-13,M404,61.6,4.17,36,0
2025-01-14,M101,68.0,5.52,45,0
2025-01-14,M102,64.7,4.56,13,0
2025-01-14,M103,67.6,4.09,46,0
2025-01-14,M104,73.0,3.18,28,0
2025-01-14,M201,72.7,4.47,47,0
2025-01-14,M202,69.4,3.45,16,0
2025-01-14,M203,57.4,2.83,30,0
2025-01-14,M204,71.0,5.52,38,0
2025-01-14,M301,64.9,3.82,27,0
2025-01-14,M302,85.8,11.07,114,1
2025-01-14,M303,66.3,5.16,0,0
2025-01-14,M304,63.8,3.44,22,0
2025-01-14,M401,70.9,4.12,40,0
2025-01-14,M402,68.3,5.51,0,0
2025-01-14,M403,58.7,5.47,47,0
2025-01-14,M404,66.8,4.15,40,0
2025-01-15,M101,62.3,3.59,1,0
2025-01-15,M102,73.4,2.81,25,0
2025-01-15,M103,73.1,3.24,28,0
2025-01-15,M104,70.3,4.5,0,0
2025-01-15,M201,64.7,4.45,22,0
2025-01-15,M202,82.3,4.59,32,0
2025-01-15,M203,70.1,4.61,47,0
2025-01-15,M204,60.7,4.4,27,0
2025-01-15,M301,62.8,4.81,0,0
2025-01-15,M302,86.9,10.65,88,0
2025-01-15,M303,63.0,3.17,31,0
2025-01-15,M304,70.6,4.33,18,0
2025-01-15,M401,70.1,5.05,38,0
2025-01-15,M402,58.9,4.67,52,0
2025-01-15,M403,71.4,6.2,20,0
2025-01-15,M404,70.9,4.17,14,0
2025-01-16,M101,64.7,5.54,32,0
2025-01-16,M102,73.6,8.11,42,0
2025-01-16,M103,66.3,4.15,15,0
2025-01-16,M104,61.6,5.58,10,0
2025-01-16,M201,63.4,5.04,29,0
2025-01-16,M202,70.1,3.41,46,0
2025-01-16,M203,65.8,3.14,5,0
2025-01-16,M204,74.8,5.23,33,0
2025-01-16,M301,76.6,3.01,28,0
2025-01-16,M302,82.2,11.91,105,1
2025-01-16,M303,69.1,3.72,11,0
2025-01-16,M304,61.8,4.29,0,0
2025-01-16,M401,67.9,4.18,35,0
2025-01-16,M402,68.1,4.43,10,0
2025-01-16,M403,59.0,5.82,27,0
2025-01-16,M404,66.7,3.25,33,0
2025-01-17,M101,71.0,4.43,15,0
2025-01-17,M102,62.9,4.2,22,0
2025-01-17,M103,71.6,5.42,21,0
2025-01-17,M104,75.7,3.31,51,0
2025-01-17,M201,70.9,2.59,12,0
2025-01-17,M202,70.6,3.18,23,0
2025-01-17,M203,63.8,4.32,33,0
2025-01-17,M204,73.9,2.26,39,0
2025-01-17,M301,72.5,7.0,0,0
2025-01-17,M302,79.2,9.57,100,1
2025-01-17,M303,78.5,4.8,28,0
2025-01-17,M304,74.3,6.31,16,0
2025-01-17,M401,63.8,4.85,3,0
2025-01-17,M402,74.0,6.84,30,0
2025-01-17,M403,68.2,4.29,16,0
2025-01-17,M404,62.0,4.23,2,0
2025-01-18,M101,68.2,5.21,19,0
2025-01-18,M102,74.9,4.73,29,0
2025-01-18,M103,72.5,3.4,33,0
2025-01-18,M104,69.5,5.49,3,0
2025-01-18,M201,70.9,6.22,23,0
2025-01-18,M202,79.0,5.28,9,0
2025-01-18,M203,58.0,5.0,32,0
2025-01-18,M204,77.7,5.29,32,0
2025-01-18,M301,63.9,4.19,10,0
2025-01-18,M302,80.0,12.99,81,0
2025-01-18,M303,77.9,2.68,35,0
2025-01-18,M304,70.6,3.86,23,0
2025-01-18,M401,69.2,6.22,27,0
2025-01-18,M402,59.3,4.68,3,0
2025-01-18,M403,66.0,3.69,40,0
2025-01-18,M404,67.2,3.97,16,0
2025-01-19,M101,63.3,6.2,22,0
2025-01-19,M102,65.0,4.53,51,0
2025-01-19,M103,68.8,3.32,17,0
2025-01-19,M104,61.7,5.19,40,0
2025-01-19,M201,72.1,3.55,20,0
2025-01-19,M202,64.4,3.24,15,0
2025-01-19,M203,73.4,5.44,32,0
2025-01-19,M204,60.9,5.84,20,0
2025-01-19,M301,65.2,3.32,0,0
2025-01-19,M302,76.8,10.26,82,0
2025-01-19,M303,61.2,5.53,13,0
2025-01-19,M304,57.7,5.32,33,0
2025-01-19,M401,65.8,5.36,13,0
2025-01-19,M402,70.7,4.69,33,0
2025-01-19,M403,70.5,4.45,18,0
2025-01-19,M404,71.5,4.38,52,0
2025-01-20,M101,68.3,3.58,17,0
2025-01-20,M102,65.6,5.8,46,0
2025-01-20,M103,69.5,3.57,9,0
2025-01-20,M104,58.4,6.8,33,0
2025-01-20,M201,63.1,3.77,15,0
2025-01-20,M202,72.1,4.11,30,0
2025-01-20,M203,56.3,5.59,32,0
2025-01-20,M204,68.9,3.44,22,0
2025-01-20,M301,68.3,5.36,25,0
2025-01-20,M302,81.8,12.69,83,0
2025-01-20,M303,61.4,4.47,44,0
2025-01-20,M304,64.1,6.28,7,0
2025-01-20,M401,59.6,5.24,40,0
2025-01-20,M402,82.1,3.41,29,0
2025-01-20,M403,53.5,5.75,21,0
2025-01-20,M404,65.7,4.58,30,0
2025-01-21,M101,62.3,3.65,27,0
2025-01-21,M102,71.9,6.37,47,0
2025-01-21,M103,67.9,4.59,15,0
2025-01-21,M104,69.2,6.14,38,0
2025-01-21,M201,70.4,5.42,33,0
2025-01-21,M202,73.2,5.48,32,0
2025-01-21,M203,64.7,4.66,21,0
2025-01-21,M204,62.5,3.83,0,0
2025-01-21,M301,77.4,3.56,17,0
2025-01-21,M302,80.9,13.38,73,0
2025-01-21,M303,76.1,4.39,42,0
2025-01-21,M304,69.1,4.97,43,0
2025-01-21,M401,70.9,4.33,42,0
2025-01-21,M402,66.7,3.76,39,0
2025-01-21,M403,67.5,4.17,38,0
2025-01-21,M404,63.3,4.89,34,0
2025-01-22,M101,62.3,4.88,45,0
2025-01-22,M102,74.1,4.95,12,0
2025-01-22,M103,81.3,5.51,19,0
2025-01-22,M104,71.9,5.61,35,0
2025-01-22,M201,69.2,5.48,10,0
2025-01-22,M202,70.8,4.88,18,0
2025-01-22,M203,67.7,5.73,18,0
2025-01-22,M204,72.7,3.68,0,0
2025-01-22,M301,62.1,4.47,25,0
2025-01-22,M302,75.8,11.04,89,0
2025-01-22,M303,62.4,5.12,6,0
2025-01-22,M304,65.9,3.45,22,0
2025-01-22,M401,74.0,4.5,11,0
2025-01-22,M402,65.1,5.33,22,0
2025-01-22,M403,59.6,3.92,20,0
2025-01-22,M404,69.8,3.54,37,0
2025-01-23,M101,65.8,6.13,20,0
2025-01-23,M102,64.0,4.09,20,0
2025-01-23,M103,64.9,4.77,25,0
2025-01-23,M104,75.0,5.75,53,0
2025-01-23,M201,79.1,5.06,36,0
2025-01-23,M202,70.4,5.26,16,0
2025-01-23,M203,66.3,5.13,10,0
2025-01-23,M204,60.5,5.6,0,0
2025-01-23,M301,59.9,4.32,30,0
2025-01-23,M302,78.0,12.41,73,0
2025-01-23,M303,60.9,5.35,30,0
2025-01-23,M304,62.5,3.7,48,0
2025-01-23,M401,68.0,5.43,17,0
2025-01-23,M402,59.2,4.79,0,0
2025-01-23,M403,74.0,4.59,14,0
2025-01-23,M404,59.7,2.89,33,0
2025-01-24,M101,79.4,4.15,9,0
2025-01-24,M102,57.6,3.16,23,0
2025-01-24,M103,68.8,6.1,31,0
2025-01-24,M104,69.3,5.97,27,0
2025-01-24,M201,65.0,4.63,33,0
2025-01-24,M202,69.7,4.29,37,0
2025-01-24,M203,77.0,4.39,3,0
2025-01-24,M204,69.1,3.84,39,0
2025-01-24,M301,69.5,3.21,43,0
2025-01-24,M302,75.6,8.36,74,0
2025-01-24,M303,64.4,4.13,32,0
2025-01-24,M304,73.3,5.36,12,0
2025-01-24,M401,65.9,5.81,40,0
2025-01-24,M402,67.2,2.37,33,0
2025-01-24,M403,76.6,3.52,16,0
2025-01-24,M404,69.3,3.36,32,0
2025-01-25,M101,77.8,4.14,34,0
2025-01-25,M102,71.7,4.2,21,0
2025-01-25,M103,66.2,5.42,23,0
2025-01-25,M104,61.2,2.28,13,0
2025-01-25,M201,66.3,5.18,21,0
2025-01-25,M202,77.3,4.49,11,0
2025-01-25,M203,72.1,5.8,49,0
2025-01-25,M204,63.9,4.47,49,0
2025-01-25,M301,71.1,3.63,15,0
2025-01-25,M302,77.3,11.72,54,0
2025-01-25,M303,70.2,5.72,42,0
2025-01-25,M304,63.4,4.78,17,0
2025-01-25,M401,69.5,4.14,2,0
2025-01-25,M402,77.4,4.55,10,0
2025-01-25,M403,65.1,5.11,35,0
2025-01-25,M404,68.9,4.5,34,0
2025-01-26,M101,65.0,6.1,21,0
2025-01-26,M102,73.5,5.13,6,0
2025-01-26,M103,64.1,3.2,34,0
2025-01-26,M104,68.9,4.98,38,0
2025-01-26,M201,63.6,3.3,11,0
2025-01-26,M202,68.7,2.6,41,0
2025-01-26,M203,63.8,3.36,46,0
2025-01-26,M204,55.9,4.75,12,0
2025-01-26,M301,73.4,3.14,18,0
2025-01-26,M302,81.4,12.91,89,0
2025-01-26,M303,74.9,5.63,43,0
2025-01-26,M304,73.9,4.25,9,0
2025-01-26,M401,68.2,3.13,54,0
2025-01-26,M402,60.3,3.44,6,0
2025-01-26,M403,60.6,4.64,24,0
2025-01-26,M404,71.5,4.14,4,0
2025-01-27,M101,60.3,4.45,19,0
2025-01-27,M102,69.9,4.2,18,0
2025-01-27,M103,65.1,4.67,36,0
2025-01-27,M104,62.4,2.64,39,0
2025-01-27,M201,69.8,3.39,24,0
2025-01-27,M202,65.7,3.97,16,0
2025-01-27,M203,62.2,5.92,24,0
2025-01-27,M204,69.4,3.54,21,0
2025-01-27,M301,62.9,4.98,26,0
2025-01-27,M302,86.4,10.3,96,1
2025-01-27,M303,60.1,4.31,18,0
2025-01-27,M304,83.4,5.03,44,0
2025-01-27,M401,62.5,4.89,24,0
2025-01-27,M402,82.1,2.62,27,0
2025-01-27,M403,69.5,5.77,41,0
2025-01-27,M404,72.6,4.86,0,0
2025-01-28,M101,66.1,3.92,14,0
2025-01-28,M102,68.1,4.14,14,0
2025-01-28,M103,59.1,3.94,26,0
2025-01-28,M104,64.2,4.29,8,0
2025-01-28,M201,63.1,4.64,0,0
2025-01-28,M202,78.7,5.07,3,0
2025-01-28,M203,63.3,5.7,17,0
2025-01-28,M204,56.0,4.7,3,0
2025-01-28,M301,68.6,4.04,22,0
2025-01-28,M302,76.2,9.29,94,1
2025-01-28,M303,61.7,3.3,26,0
2025-01-28,M304,62.8,4.37,14,0
2025-01-28,M401,60.5,2.4,27,0
2025-01-28,M402,66.8,4.33,17,0
2025-01-28,M403,63.6,4.35,27,0
2025-01-28,M404,66.6,5.74,0,0
2025-01-29,M101,62.2,5.34,32,0
2025-01-29,M102,71.6,3.69,9,0
2025-01-29,M103,69.6,3.76,28,0
2025-01-29,M104,63.1,6.87,29,0
2025-01-29,M201,67.3,3.04,20,0
2025-01-29,M202,69.8,2.29,14,0
2025-01-29,M203,58.6,3.97,39,0
2025-01-29,M204,73.7,5.18,38,0
2025-01-29,M301,64.0,2.93,29,0
2025-01-29,M302,76.2,12.38,95,1
2025-01-29,M303,67.6,3.78,19,0
2025-01-29,M304,68.3,5.51,35,0
2025-01-29,M401,75.8,4.24,0,0
2025-01-29,M402,69.2,4.05,48,0
2025-01-29,M403,59.4,6.53,34,0
2025-01-29,M404,62.8,3.89,22,0
2025-01-30,M101,68.0,4.12,4,0
2025-01-30,M102,79.6,4.74,9,0
2025-01-30,M103,58.2,4.56,12,0
2025-01-30,M104,72.7,4.56,21,0
2025-01-30,M201,78.0,4.36,7,0
2025-01-30,M202,69.0,4.94,21,0
2025-01-30,M203,68.9,4.97,3,0
2025-01-30,M204,63.6,4.05,32,0
2025-01-30,M301,75.4,3.9,49,0
2025-01-30,M302,77.3,9.94,64,0
2025-01-30,M303,59.9,3.82,8,0
2025-01-30,M304,68.3,3.46,29,0
2025-01-30,M401,60.2,5.06,24,0
2025-01-30,M402,71.9,4.99,9,0
2025-01-30,M403,65.8,3.33,14,0
2025-01-30,M404,68.1,5.17,27,0
2025-01-31,M101,61.8,6.39,0,0
2025-01-31,M102,63.7,3.42,0,0
2025-01-31,M103,66.0,5.19,16,0
2025-01-31,M104,65.2,2.78,13,0
2025-01-31,M201,65.3,5.14,0,0
2025-01-31,M202,55.3,5.59,18,0
2025-01-31,M203,73.2,5.78,36,0
2025-01-31,M204,63.4,2.76,47,0
2025-01-31,M301,73.7,3.99,14,0
2025-01-31,M302,91.1,10.86,66,0
2025-01-31,M303,70.3,3.04,31,0
2025-01-31,M304,67.2,5.65,45,0
2025-01-31,M401,67.6,5.03,51,0
2025-01-31,M402,60.2,3.43,19,0
2025-01-31,M403,67.3,4.87,40,0
2025-01-31,M404,57.3,2.88,40,0
2025-02-01,M101,69.5,2.95,22,0
2025-02-01,M102,78.6,4.92,24,0
2025-02-01,M103,72.7,4.57,40,0
2025-02-01,M104,80.7,3.21,22,0
2025-02-01,M201,69.0,4.0,14,0
2025-02-01,M202,65.1,4.03,13,0
2025-02-01,M203,60.0,5.93,22,0
2025-02-01,M204,66.7,2.99,58,0
2025-02-01,M301,69.9,4.93,13,0
2025-02-01,M302,83.3,8.89,125,1
2025-02-01,M303,64.9,4.09,20,0
2025-02-01,M304,67.4,4.04,0,0
2025-02-01,M401,64.9,4.36,32,0
2025-02-01,M402,58.3,3.73,24,0
2025-02-01,M403,74.7,4.64,0,0
2025-02-01,M404,72.0,5.18,11,0
2025-02-02,M101,55.9,4.61,9,0
2025-02-02,M102,74.6,4.82,13,0
2025-02-02,M103,78.8,4.51,14,0
2025-02-02,M104,65.1,5.08,0,0
2025-02-02,M201,67.1,3.12,13,0
2025-02-02,M202,74.5,4.85,28,0
2025-02-02,M203,69.2,5.14,33,0
2025-02-02,M204,66.3,5.79,20,0
2025-02-02,M301,67.5,2.59,40,0
2025-02-02,M302,83.8,11.82,62,0
2025-02-02,M303,75.0,4.53,20,0
2025-02-02,M304,76.7,3.6,29,0
2025-02-02,M401,82.1,3.79,20,0
2025-02-02,M402,72.8,4.97,17,0
2025-02-02,M403,76.2,3.93,1,0
2025-02-02,M404,65.1,3.4,61,0
2025-02-03,M101,74.2,6.63,4,0
2025-02-03,M102,73.8,5.0,37,0
2025-02-03,M103,67.7,4.0,5,0
2025-02-03,M104,69.7,4.72,17,0
2025-02-03,M201,70.4,4.83,11,0
2025-02-03,M202,72.7,4.23,14,0
2025-02-03,M203,68.4,3.72,18,0
2025-02-03,M204,71.2,5.87,27,0
2025-02-03,M301,67.7,4.2,23,0
2025-02-03,M302,95.7,10.44,50,0
2025-02-03,M303,76.4,4.17,44,0
2025-02-03,M304,69.7,5.45,22,0
2025-02-03,M401,62.9,3.23,54,0
2025-02-03,M402,67.4,4.25,26,0
2025-02-03,M403,73.7,3.84,45,0
2025-02-03,M404,74.4,4.82,19,0
2025-02-04,M101,68.7,4.04,48,0
2025-02-04,M102,68.4,5.73,23,0
2025-02-04,M103,77.4,5.73,57,0
2025-02-04,M104,65.0,5.38,33,0
2025-02-04,M201,70.3,4.8,11,0
2025-02-04,M202,68.2,4.94,0,0
2025-02-04,M203,70.1,4.91,23,0
2025-02-04,M204,74.2,3.16,13,0
2025-02-04,M301,64.7,4.5,30,0
2025-02-04,M302,77.3,13.71,63,0
2025-02-04,M303,68.0,4.94,47,0
2025-02-04,M304,61.8,3.27,21,0
2025-02-04,M401,62.4,3.83,20,0
2025-02-04,M402,69.3,3.72,26,0
2025-02-04,M403,65.7,3.08,30,0
2025-02-04,M404,64.7,5.22,36,0
2025-02-05,M101,75.9,5.11,12,0
2025-02-05,M102,66.9,3.7,30,0
2025-02-05,M103,64.3,3.48,38,0
2025-02-05,M104,62.7,2.8,0,0
2025-02-05,M201,63.7,5.88,43,0
2025-02-05,M202,60.0,4.13,18,0
2025-02-05,M203,71.0,3.55,39,0
2025-02-05,M204,68.6,4.77,4,0
2025-02-05,M301,69.6,2.2,37,0
2025-02-05,M302,75.8,11.8,96,1
2025-02-05,M303,50.9,4.46,0,0
2025-02-05,M304,71.9,3.43,15,0
2025-02-05,M401,61.9,4.57,26,0
2025-02-05,M402,60.7,3.97,11,0
2025-02-05,M403,64.6,3.91,26,0
2025-02-05,M404,65.0,4.18,35,0
2025-02-06,M101,69.6,3.17,33,0
2025-02-06,M102,70.7,4.83,34,0
2025-02-06,M103,60.3,4.53,60,0
2025-02-06,M104,68.9,3.91,39,0
2025-02-06,M201,76.2,5.26,27,0
2025-02-06,M202,75.0,3.49,45,0
2025-02-06,M203,67.7,3.29,34,0
2025-02-06,M204,61.9,3.89,0,0
2025-02-06,M301,66.7,5.21,37,0
2025-02-06,M302,84.4,9.92,93,1
2025-02-06,M303,59.8,5.17,37,0
2025-02-06,M304,72.5,3.99,0,0
2025-02-06,M401,59.1,4.29,31,0
2025-02-06,M402,72.6,5.9,7,0
2025-02-06,M403,66.4,4.62,22,0
2025-02-06,M404,68.1,3.86,44,0
2025-02-07,M101,68.8,3.23,19,0
2025-02-07,M102,64.8,5.4,15,0
2025-02-07,M103,59.8,4.52,38,0
2025-02-07,M104,66.1,5.01,18,0
2025-02-07,M201,72.5,6.5,22,0
2025-02-07,M202,56.9,5.22,7,0
2025-02-07,M203,58.0,5.32,8,0
2025-02-07,M204,63.4,5.53,9,0
2025-02-07,M301,60.5,6.47,0,0
2025-02-07,M302,83.3,9.26,115,1
2025-02-07,M303,69.7,5.09,22,0
2025-02-07,M304,69.6,5.43,10,0
2025-02-07,M401,79.7,5.2,48,0
2025-02-07,M402,52.0,4.57,42,0
2025-02-07,M403,66.6,6.05,14,0
2025-02-07,M404,69.2,4.94,22,0
2025-02-08,M101,61.5,6.09,19,0
2025-02-08,M102,79.5,6.31,32,0
2025-02-08,M103,71.9,5.36,5,0
2025-02-08,M104,67.5,3.52,25,0
2025-02-08,M201,81.2,2.88,12,0
2025-02-08,M202,78.9,4.74,22,0
2025-02-08,M203,73.9,4.1,23,0
2025-02-08,M204,54.5,4.1,13,0
2025-02-08,M301,69.0,3.56,10,0
2025-02-08,M302,86.0,13.1,89,0
2025-02-08,M303,67.9,5.25,0,0
2025-02-08,M304,70.8,4.24,8,0
2025-02-08,M401,64.8,6.22,0,0
2025-02-08,M402,66.0,3.25,26,0
2025-02-08,M403,77.8,3.89,35,0
2025-02-08,M404,57.1,7.16,13,0
2025-02-09,M101,72.9,5.06,49,0
2025-02-09,M102,64.3,6.11,21,0
2025-02-09,M103,72.0,4.62,20,0
2025-02-09,M104,71.1,5.47,40,0
2025-02-09,M201,56.2,4.75,36,0
2025-02-09,M202,69.3,4.71,25,0
2025-02-09,M203,64.6,4.41,31,0
2025-02-09,M204,68.9,5.63,32,0
2025-02-09,M301,69.2,3.8,37,0
2025-02-09,M302,82.5,11.83,94,1
2025-02-09,M303,72.4,5.53,43,0
2025-02-09,M304,64.7,3.91,9,0
2025-02-09,M401,80.8,6.45,29,0
2025-02-09,M402,67.6,4.38,21,0
2025-02-09,M403,61.1,4.41,13,0
2025-02-09,M404,82.7,5.0,40,0
2025-02-10,M101,63.4,4.07,19,0
2025-02-10,M102,62.7,5.63,37,0
2025-02-10,M103,70.3,3.6,39,0
2025-02-10,M104,56.7,5.26,11,0
2025-02-10,M201,80.7,3.63,35,0
2025-02-10,M202,73.0,4.07,59,0
2025-02-10,M203,73.2,3.11,28,0
2025-02-10,M204,75.0,2.07,34,0
2025-02-10,M301,67.0,4.9,24,0
2025-02-10,M302,79.2,10.38,87,0
2025-02-10,M303,70.2,3.63,36,0
2025-02-10,M304,65.3,3.96,32,0
2025-02-10,M401,64.4,4.56,39,0
2025-02-10,M402,59.8,3.33,22,0
2025-02-10,M403,53.2,4.22,20,0
2025-02-10,M404,75.1,5.03,22,0
2025-02-11,M101,75.1,4.72,36,0
2025-02-11,M102,58.6,4.37,24,0
2025-02-11,M103,62.0,5.74,22,0
2025-02-11,M104,65.4,5.24,0,0
2025-02-11,M201,63.7,5.41,18,0
2025-02-11,M202,72.3,4.08,0,0
2025-02-11,M203,66.4,4.38,20,0
2025-02-11,M204,67.7,4.51,34,0
2025-02-11,M301,71.0,3.14,33,0
2025-02-11,M302,84.9,12.67,113,1
2025-02-11,M303,75.4,3.75,23,0
2025-02-11,M304,65.9,3.0,19,0
2025-02-11,M401,70.3,3.63,38,0
2025-02-11,M402,67.0,3.79,34,0
2025-02-11,M403,70.6,3.61,14,0
2025-02-11,M404,71.3,5.44,17,0
2025-02-12,M101,70.1,6.08,6,0
2025-02-12,M102,75.4,5.33,23,0
2025-02-12,M103,66.6,6.7,30,0
2025-02-12,M104,52.9,5.48,37,0
2025-02-12,M201,70.4,4.5,19,0
2025-02-12,M202,62.8,4.31,23,0
2025-02-12,M203,62.9,5.23,49,0
2025-02-12,M204,67.8,3.1,25,0
2025-02-12,M301,64.8,5.67,6,0
2025-02-12,M302,75.8,10.3,58,0
2025-02-12,M303,68.6,4.91,8,0
2025-02-12,M304,62.2,6.54,19,0
2025-02-12,M401,78.3,4.88,6,0
2025-02-12,M402,62.6,5.9,22,0
2025-02-12,M403,70.3,4.07,20,0
2025-02-12,M404,74.1,5.54,9,0
2025-02-13,M101,61.5,5.12,17,0
2025-02-13,M102,74.1,4.62,9,0
2025-02-13,M103,67.5,3.38,33,0
2025-02-13,M104,74.5,3.94,23,0
2025-02-13,M201,63.5,3.31,18,0
2025-02-13,M202,57.4,4.46,14,0
2025-02-13,M203,69.5,3.44,49,0
2025-02-13,M204,67.7,4.71,20,0
2025-02-13,M301,68.6,4.07,32,0
2025-02-13,M302,81.5,11.62,56,0
2025-02-13,M303,71.5,3.31,25,0
2025-02-13,M304,73.9,6.0,1,0
2025-02-13,M401,72.6,4.63,18,0
2025-02-13,M402,62.0,4.26,35,0
2025-02-13,M403,76.9,3.87,39,0
2025-02-13,M404,66.8,4.46,0,0
2025-02-14,M101,70.0,4.53,21,0
2025-02-14,M102,61.0,4.02,37,0
2025-02-14,M103,62.5,5.74,48,0
2025-02-14,M104,60.9,3.59,31,0
2025-02-14,M201,72.4,4.01,41,0
2025-02-14,M202,64.3,6.48,27,0
2025-02-14,M203,67.2,4.55,22,0
2025-02-14,M204,69.7,4.48,11,0
2025-02-14,M301,67.3,3.09,14,0
2025-02-14,M302,80.0,12.0,59,0
2025-02-14,M303,68.7,5.02,57,0
2025-02-14,M304,66.6,2.52,39,0
2025-02-14,M401,54.6,4.57,33,0
2025-02-14,M402,75.3,4.51,18,0
2025-02-14,M403,75.6,5.23,0,0
2025-02-14,M404,68.3,4.95,1,0
2025-02-15,M101,76.3,5.53,6,0
2025-02-15,M102,62.3,2.99,13,0
2025-02-15,M103,61.0,5.88,17,0
2025-02-15,M104,72.0,4.95,34,0
2025-02-15,M201,64.1,4.23,28,0
2025-02-15,M202,74.5,6.17,42,0
2025-02-15,M203,60.5,5.29,32,0
2025-02-15,M204,75.6,5.13,26,0
2025-02-15,M301,57.9,5.31,33,0
2025-02-15,M302,84.3,10.38,79,0
2025-02-15,M303,58.9,4.07,26,0
2025-02-15,M304,60.6,3.67,34,0
2025-02-15,M401,66.4,5.75,39,0
2025-02-15,M402,62.3,7.5,43,0
2025-02-15,M403,63.3,5.25,25,0
2025-02-15,M404,64.4,3.43,39,0
2025-02-16,M101,63.5,4.4,11,0
2025-02-16,M102,52.5,4.37,30,0
2025-02-16,M103,76.4,4.52,13,0
2025-02-16,M104,57.7,7.44,19,0
2025-02-16,M201,79.8,4.62,21,0
2025-02-16,M202,64.5,6.17,37,0
2025-02-16,M203,69.4,5.18,28,0
2025-02-16,M204,68.6,2.94,40,0
2025-02-16,M301,63.2,4.4,15,0
2025-02-16,M302,91.1,9.42,43,0
2025-02-16,M303,74.8,3.64,14,0
2025-02-16,M304,62.3,6.35,2,0
2025-02-16,M401,77.8,3.62,39,0
2025-02-16,M402,63.7,3.42,46,0
2025-02-16,M403,67.3,4.84,5,0
2025-02-16,M404,70.3,4.39,20,0
2025-02-17,M101,70.6,3.49,11,0
2025-02-17,M102,71.0,5.84,24,0
2025-02-17,M103,62.3,5.26,37,0
2025-02-17,M104,79.6,3.72,14,0
2025-02-17,M201,70.2,5.01,31,0
2025-02-17,M202,70.9,3.18,54,0
2025-02-17,M203,72.7,5.22,0,0
2025-02-17,M204,62.3,4.14,5,0
2025-02-17,M301,68.4,3.24,5,0
2025-02-17,M302,80.8,10.81,40,0
2025-02-17,M303,77.2,5.69,23,0
2025-02-17,M304,68.7,4.95,0,0
2025-02-17,M401,78.9,4.8,41,0
2025-02-17,M402,72.1,5.41,31,0
2025-02-17,M403,68.2,4.33,3,0
2025-02-17,M404,76.0,4.87,6,0
2025-02-18,M101,76.2,5.51,4,0
2025-02-18,M102,74.5,4.19,13,0
2025-02-18,M103,62.9,4.45,53,0
2025-02-18,M104,72.7,2.77,20,0
2025-02-18,M201,69.4,3.57,5,0
2025-02-18,M202,66.0,3.04,29,0
2025-02-18,M203,75.8,4.99,4,0
2025-02-18,M204,73.8,4.32,36,0
2025-02-18,M301,59.4,3.34,38,0
2025-02-18,M302,82.5,14.11,77,0
2025-02-18,M303,63.5,5.03,24,0
2025-02-18,M304,61.6,3.6,28,0
2025-02-18,M401,67.4,3.41,30,0
2025-02-18,M402,64.5,5.44,18,0
2025-02-18,M403,64.1,4.92,12,0
2025-02-18,M404,78.6,3.88,21,0
2025-02-19,M101,72.4,3.12,44,0
2025-02-19,M102,76.6,6.07,72,0
2025-02-19,M103,60.9,5.43,5,0
2025-02-19,M104,71.7,4.86,0,0
2025-02-19,M201,66.1,2.37,42,0
2025-02-19,M202,56.6,4.63,13,0
2025-02-19,M203,65.9,5.73,45,0
2025-02-19,M204,69.7,5.16,19,0
2025-02-19,M301,76.0,5.26,33,0
2025-02-19,M302,74.5,10.28,101,1
2025-02-19,M303,63.1,5.61,20,0
2025-02-19,M304,67.9,3.4,35,0
2025-02-19,M401,64.5,6.09,6,0
2025-02-19,M402,68.0,4.41,13,0
2025-02-19,M403,77.0,4.82,32,0
2025-02-19,M404,64.1,3.2,30,0
2025-02-20,M101,62.1,4.93,31,0
2025-02-20,M102,68.1,3.6,32,0
2025-02-20,M103,72.4,4.28,34,0
2025-02-20,M104,60.4,3.97,12,0
2025-02-20,M201,68.6,4.53,3,0
2025-02-20,M202,64.8,5.72,19,0
2025-02-20,M203,63.4,6.5,47,0
2025-02-20,M204,69.2,4.64,29,0
2025-02-20,M301,69.4,6.31,26,0
2025-02-20,M302,79.6,11.81,53,0
2025-02-20,M303,73.0,5.32,28,0
2025-02-20,M304,74.8,6.39,7,0
2025-02-20,M401,67.8,4.17,39,0
2025-02-20,M402,64.2,6.63,26,0
2025-02-20,M403,74.8,4.92,29,0
2025-02-20,M404,67.3,4.95,62,0
2025-02-21,M101,68.5,4.4,15,0
2025-02-21,M102,68.4,4.73,29,0
2025-02-21,M103,65.7,3.89,11,0
2025-02-21,M104,67.5,5.64,45,0
2025-02-21,M201,80.5,3.56,23,0
2025-02-21,M202,73.8,5.5,33,0
2025-02-21,M203,65.6,6.04,7,0
2025-02-21,M204,69.0,3.97,33,0
2025-02-21,M301,76.2,5.26,17,0
2025-02-21,M302,86.1,12.67,92,1
2025-02-21,M303,63.6,6.24,32,0
2025-02-21,M304,53.9,5.08,24,0
2025-02-21,M401,74.9,4.96,26,0
2025-02-21,M402,69.0,3.75,2,0
2025-02-21,M403,68.1,4.88,26,0
2025-02-21,M404,65.9,3.43,22,0
2025-02-22,M101,66.3,5.57,30,0
2025-02-22,M102,71.3,6.22,20,0
2025-02-22,M103,68.5,4.33,49,0
2025-02-22,M104,69.2,4.62,22,0
2025-02-22,M201,68.2,5.7,37,0
2025-02-22,M202,65.4,6.2,38,0
2025-02-22,M203,70.5,3.12,18,0
2025-02-22,M204,61.4,5.1,45,0
2025-02-22,M301,60.0,4.06,7,0
2025-02-22,M302,73.1,9.58,68,0
2025-02-22,M303,78.0,4.71,14,0
2025-02-22,M304,64.2,4.91,22,0
2025-02-22,M401,64.3,3.01,4,0
2025-02-22,M402,70.3,3.8,10,0
2025-02-22,M403,79.6,5.01,18,0
2025-02-22,M404,66.7,2.75,25,0
2025-02-23,M101,68.0,3.95,14,0
2025-02-23,M102,60.2,4.27,19,0
2025-02-23,M103,65.6,2.88,20,0
2025-02-23,M104,64.9,4.3,23,0
2025-02-23,M201,77.1,4.29,12,0
2025-02-23,M202,63.7,3.7,19,0
2025-02-23,M203,67.4,3.76,25,0
2025-02-23,M204,63.7,4.04,20,0
2025-02-23,M301,62.8,4.9,55,0
2025-02-23,M302,81.8,12.05,89,0
2025-02-23,M303,67.4,4.07,13,0
2025-02-23,M304,74.6,3.22,16,0
2025-02-23,M401,76.8,4.6,38,0
2025-02-23,M402,66.2,4.32,28,0
2025-02-23,M403,73.1,3.69,10,0
2025-02-23,M404,73.8,4.71,52,0
2025-02-24,M101,66.2,3.77,37,0
2025-02-24,M102,61.7,5.72,17,0
2025-02-24,M103,63.0,3.7,13,0
2025-02-24,M104,78.8,3.93,37,0
2025-02-24,M201,65.1,3.17,43,0
2025-02-24,M202,71.1,4.85,0,0
2025-02-24,M203,69.5,2.49,29,0
2025-02-24,M204,71.3,4.69,13,0
2025-02-24,M301,72.0,4.89,21,0
2025-02-24,M302,80.0,11.33,96,1
2025-02-24,M303,75.1,3.27,29,0
2025-02-24,M304,67.7,4.8,29,0
2025-02-24,M401,65.3,5.24,22,0
2025-02-24,M402,73.3,5.61,17,0
2025-02-24,M403,60.5,5.61,33,0
2025-02-24,M404,65.0,4.53,21,0
2025-02-25,M101,65.2,4.64,36,0
2025-02-25,M102,75.0,4.33,21,0
2025-02-25,M103,58.6,4.24,6,0
2025-02-25,M104,72.0,4.86,13,0
2025-02-25,M201,60.0,3.17,16,0
2025-02-25,M202,70.0,4.93,34,0
2025-02-25,M203,69.4,3.41,13,0
2025-02-25,M204,77.1,2.81,21,0
2025-02-25,M301,64.4,4.32,2,0
2025-02-25,M302,88.0,12.1,78,0
2025-02-25,M303,73.6,3.37,41,0
2025-02-25,M304,65.3,4.35,42,0
2025-02-25,M401,67.5,3.23,39,0
2025-02-25,M402,63.7,5.1,52,0
2025-02-25,M403,72.0,4.36,48,0
2025-02-25,M404,64.8,3.8,10,0
2025-02-26,M101,68.5,3.76,28,0
2025-02-26,M102,67.6,4.78,12,0
2025-02-26,M103,75.1,2.44,27,0
2025-02-26,M104,64.3,3.08,32,0
2025-02-26,M201,70.4,5.3,27,0
2025-02-26,M202,70.1,4.56,44,0
2025-02-26,M203,65.8,3.79,26,0
2025-02-26,M204,63.9,4.66,18,0
2025-02-26,M301,74.4,4.7,25,0
2025-02-26,M302,73.6,8.56,93,1
2025-02-26,M303,77.3,3.51,19,0
2025-02-26,M304,71.5,3.43,25,0
2025-02-26,M401,74.6,5.98,36,0
2025-02-26,M402,70.2,5.36,6,0
2025-02-26,M403,64.5,5.35,10,0
2025-02-26,M404,67.6,3.7,36,0
2025-02-27,M101,67.6,4.18,5,0
2025-02-27,M102,61.1,3.93,28,0
2025-02-27,M103,60.5,4.68,18,0
2025-02-27,M104,66.8,3.17,7,0
2025-02-27,M201,69.8,4.62,29,0
2025-02-27,M202,65.3,3.74,40,0
2025-02-27,M203,70.3,4.95,22,0
2025-02-27,M204,68.0,4.29,30,0
2025-02-27,M301,57.4,5.31,12,0
2025-02-27,M302,82.3,11.14,63,0
2025-02-27,M303,65.6,3.48,11,0
2025-02-27,M304,71.5,4.95,33,0
2025-02-27,M401,66.8,2.91,24,0
2025-02-27,M402,66.5,2.97,25,0
2025-02-27,M403,64.7,5.01,26,0
2025-02-27,M404,67.6,5.43,0,0
2025-02-28,M101,71.1,2.74,11,0
2025-02-28,M102,82.3,3.23,3,0
2025-02-28,M103,67.0,3.14,49,0
2025-02-28,M104,76.0,3.98,33,0
2025-02-28,M201,73.1,3.35,17,0
2025-02-28,M202,71.1,4.79,41,0
2025-02-28,M203,69.3,6.31,27,0
2025-02-28,M204,73.1,4.82,22,0
2025-02-28,M301,73.7,4.74,36,0
2025-02-28,M302,89.1,10.17,101,1
2025-02-28,M303,68.1,2.56,16,0
2025-02-28,M304,70.8,3.62,12,0
2025-02-28,M401,67.0,6.08,0,0
2025-02-28,M402,69.9,4.96,36,0
2025-02-28,M403,75.9,6.26,25,0
2025-02-28,M404,60.7,3.85,25,0
2025-03-01,M101,70.1,5.4,23,0
2025-03-01,M102,70.4,4.19,33,0
2025-03-01,M103,67.8,3.51,10,0
2025-03-01,M104,69.8,5.16,52,0
2025-03-01,M201,80.1,5.51,0,0
2025-03-01,M202,67.0,5.11,24,0
2025-03-01,M203,79.5,3.39,12,0
2025-03-01,M204,63.8,3.51,9,0
2025-03-01,M301,74.5,3.3,25,0
2025-03-01,M302,79.7,10.92,105,1
2025-03-01,M303,68.5,4.24,22,0
2025-03-01,M304,56.9,4.11,16,0
2025-03-01,M401,73.1,3.93,35,0
2025-03-01,M402,67.8,4.03,44,0
2025-03-01,M403,75.3,3.16,0,0
2025-03-01,M404,54.4,4.13,6,0
2025-03-02,M101,63.8,4.1,31,0
2025-03-02,M102,75.5,3.45,16,0
2025-03-02,M103,75.3,3.11,15,0
2025-03-02,M104,64.1,4.99,27,0
2025-03-02,M201,62.8,4.53,16,0
2025-03-02,M202,67.6,3.42,36,0
2025-03-02,M203,70.6,4.81,27,0
2025-03-02,M204,63.1,4.25,17,0
2025-03-02,M301,65.8,3.09,8,0
2025-03-02,M302,93.4,11.34,75,0
2025-03-02,M303,67.3,2.85,39,0
2025-03-02,M304,56.8,5.29,26,0
2025-03-02,M401,54.8,4.6,30,0
2025-03-02,M402,72.0,6.44,29,0
2025-03-02,M403,74.5,3.33,35,0
2025-03-02,M404,62.6,4.75,24,0
2025-03-03,M101,71.4,4.28,17,0
2025-03-03,M102,63.0,3.65,33,0
2025-03-03,M103,63.8,4.24,34,0
2025-03-03,M104,66.4,5.15,33,0
2025-03-03,M201,74.6,5.66,26,0
2025-03-03,M202,71.9,6.29,21,0
2025-03-03,M203,66.8,3.86,9,0
2025-03-03,M204,71.5,3.14,10,0
2025-03-03,M301,69.8,3.99,35,0
2025-03-03,M302,87.8,11.6,91,1
2025-03-03,M303,69.2,5.17,28,0
2025-03-03,M304,63.7,5.04,14,0
2025-03-03,M401,62.4,5.93,52,0
2025-03-03,M402,71.2,3.83,42,0
2025-03-03,M403,66.6,5.18,38,0
2025-03-03,M404,62.8,4.83,28,0
2025-03-04,M101,66.0,4.82,43,0
2025-03-04,M102,66.3,4.65,28,0
2025-03-04,M103,76.0,5.18,14,0
2025-03-04,M104,78.2,5.13,10,0
2025-03-04,M201,74.6,4.67,14,0
2025-03-04,M202,64.8,4.99,0,0
2025-03-04,M203,68.5,4.78,0,0
2025-03-04,M204,69.6,4.66,7,0
2025-03-04,M301,73.5,4.51,7,0
2025-03-04,M302,72.3,12.09,80,0
2025-03-04,M303,65.7,4.99,12,0
2025-03-04,M304,68.0,5.96,22,0
2025-03-04,M401,62.5,5.01,32,0
2025-03-04,M402,69.6,4.44,25,0
2025-03-04,M403,60.9,4.79,63,0
2025-03-04,M404,71.0,5.48,42,0
2025-03-05,M101,54.8,3.85,49,0
2025-03-05,M102,65.8,3.82,42,0
2025-03-05,M103,61.3,6.1,2,0
2025-03-05,M104,66.7,3.97,31,0
2025-03-05,M201,77.1,4.01,46,0
2025-03-05,M202,55.1,4.09,0,0
2025-03-05,M203,68.4,4.74,34,0
2025-03-05,M204,71.9,4.43,12,0
2025-03-05,M301,67.5,6.18,0,0
2025-03-05,M302,89.3,11.57,93,1
2025-03-05,M303,66.6,4.51,0,0
2025-03-05,M304,71.5,3.11,6,0
2025-03-05,M401,65.9,4.69,33,0
2025-03-05,M402,74.7,5.29,18,0
2025-03-05,M403,69.3,4.84,21,0
2025-03-05,M404,69.5,4.48,48,0
2025-03-06,M101,73.1,4.5,21,0
2025-03-06,M102,61.1,5.21,20,0
2025-03-06,M103,76.1,3.6,22,0
2025-03-06,M104,57.4,4.25,16,0
2025-03-06,M201,72.8,6.01,33,0
2025-03-06,M202,68.5,5.46,22,0
2025-03-06,M203,71.5,5.99,27,0
2025-03-06,M204,67.2,5.37,34,0
2025-03-06,M301,72.7,4.47,36,0
2025-03-06,M302,85.9,10.33,73,0
2025-03-06,M303,76.3,3.93,24,0
2025-03-06,M304,66.2,5.72,29,0
2025-03-06,M401,67.8,4.38,38,0
2025-03-06,M402,69.1,3.94,43,0
2025-03-06,M403,73.8,3.92,32,0
2025-03-06,M404,66.5,3.49,21,0
2025-03-07,M101,64.7,4.95,34,0
2025-03-07,M102,61.3,3.01,40,0
2025-03-07,M103,69.0,4.77,23,0
2025-03-07,M104,58.2,6.15,70,0
2025-03-07,M201,74.3,5.48,22,0
2025-03-07,M202,69.7,5.46,46,0
2025-03-07,M203,68.7,3.61,38,0
2025-03-07,M204,74.0,4.27,17,0
2025-03-07,M301,71.7,6.1,7,0
2025-03-07,M302,78.1,9.75,53,0
2025-03-07,M303,60.0,3.47,15,0
2025-03-07,M304,70.3,4.1,14,0
2025-03-07,M401,66.6,5.09,28,0
2025-03-07,M402,63.1,4.24,12,0
2025-03-07,M403,67.5,5.2,0,0
2025-03-07,M404,59.4,4.18,33,0
2025-03-08,M101,56.6,4.51,30,0
2025-03-08,M102,71.1,3.43,23,0
2025-03-08,M103,61.5,4.68,33,0
2025-03-08,M104,60.6,2.91,26,0
2025-03-08,M201,69.1,3.63,38,0
2025-03-08,M202,71.7,3.93,14,0
2025-03-08,M203,56.3,4.71,6,0
2025-03-08,M204,71.2,6.38,6,0
2025-03-08,M301,64.4,6.01,27,0
2025-03-08,M302,79.2,13.18,77,0
2025-03-08,M303,69.6,5.2,14,0
2025-03-08,M304,67.9,4.54,18,0
2025-03-08,M401,74.6,6.26,34,0
2025-03-08,M402,71.8,3.58,41,0
2025-03-08,M403,64.9,3.0,33,0
2025-03-08,M404,71.2,2.95,26,0
2025-03-09,M101,66.0,4.65,23,0
2025-03-09,M102,73.2,6.97,7,0
2025-03-09,M103,67.7,4.52,12,0
2025-03-09,M104,67.7,3.11,16,0
2025-03-09,M201,62.2,2.95,32,0
2025-03-09,M202,81.1,3.05,8,0
2025-03-09,M203,63.5,2.52,31,0
2025-03-09,M204,71.3,4.15,34,0
2025-03-09,M301,71.7,3.82,4,0
2025-03-09,M302,82.0,10.33,68,0
2025-03-09,M303,71.1,5.02,29,0
2025-03-09,M304,65.9,3.74,48,0
2025-03-09,M401,66.8,4.38,5,0
2025-03-09,M402,77.4,5.03,36,0
2025-03-09,M403,65.3,5.02,29,0
2025-03-09,M404,73.7,3.84,39,0
2025-03-10,M101,71.9,3.42,35,0
2025-03-10,M102,61.7,3.39,33,0
2025-03-10,M103,69.5,2.07,22,0
2025-03-10,M104,70.3,4.38,68,0
2025-03-10,M201,65.4,4.65,31,0
2025-03-10,M202,69.9,5.43,30,0
2025-03-10,M203,65.0,3.88,1,0
2025-03-10,M204,69.8,4.78,18,0
2025-03-10,M301,62.1,4.27,31,0
2025-03-10,M302,74.7,10.75,115,1
2025-03-10,M303,81.8,4.62,36,0
2025-03-10,M304,61.0,4.01,15,0
2025-03-10,M401,65.8,5.64,11,0
2025-03-10,M402,74.9,2.65,38,0
2025-03-10,M403,71.6,5.35,0,0
2025-03-10,M404,69.2,2.83,25,0
2025-03-11,M101,68.0,4.81,33,0
2025-03-11,M102,68.6,2.54,33,0
2025-03-11,M103,77.2,3.6,1,0
2025-03-11,M104,63.9,5.73,35,0
2025-03-11,M201,70.2,1.98,36,0
2025-03-11,M202,73.1,4.13,41,0
2025-03-11,M203,68.3,4.68,25,0
2025-03-11,M204,70.6,5.18,12,0
2025-03-11,M301,71.2,3.58,45,0
2025-03-11,M302,85.5,13.26,117,1
2025-03-11,M303,72.6,6.06,27,0
2025-03-11,M304,68.4,5.72,24,0
2025-03-11,M401,63.5,5.43,34,0
2025-03-11,M402,55.4,2.31,22,0
2025-03-11,M403,64.6,3.51,11,0
2025-03-11,M404,71.1,5.32,40,0
2025-03-12,M101,53.0,5.13,34,0
2025-03-12,M102,71.1,4.51,0,0
2025-03-12,M103,71.3,2.41,22,0
2025-03-12,M104,71.0,3.38,39,0
2025-03-12,M201,65.8,4.88,35,0
2025-03-12,M202,67.9,4.65,25,0
2025-03-12,M203,66.0,3.83,6,0
2025-03-12,M204,73.1,4.11,13,0
2025-03-12,M301,75.0,3.33,22,0
2025-03-12,M302,80.6,12.18,63,0
2025-03-12,M303,65.8,4.32,16,0
2025-03-12,M304,73.1,4.01,10,0
2025-03-12,M401,69.0,4.32,28,0
2025-03-12,M402,66.2,4.55,26,0
2025-03-12,M403,68.1,5.92,36,0
2025-03-12,M404,70.5,4.05,23,0
2025-03-13,M101,72.0,6.0,4,0
2025-03-13,M102,66.9,5.63,2,0
2025-03-13,M103,65.8,3.44,31,0
2025-03-13,M104,72.3,4.37,18,0
2025-03-13,M201,69.0,4.73,28,0
2025-03-13,M202,78.2,5.07,21,0
2025-03-13,M203,57.1,3.27,0,0
2025-03-13,M204,71.3,2.42,35,0
2025-03-13,M301,72.5,5.71,9,0
2025-03-13,M302,88.7,9.87,136,1
2025-03-13,M303,67.5,3.97,8,0
2025-03-13,M304,61.0,4.68,40,0
2025-03-13,M401,70.6,4.79,2,0
2025-03-13,M402,58.7,4.39,54,0
2025-03-13,M403,60.0,5.87,0,0
2025-03-13,M404,61.0,2.82,28,0
2025-03-14,M101,70.7,3.15,28,0
2025-03-14,M102,79.0,4.54,22,0
2025-03-14,M103,68.9,4.65,37,0
2025-03-14,M104,64.1,3.4,33,0
2025-03-14,M201,56.4,4.41,29,0
2025-03-14,M202,64.0,2.89,38,0
2025-03-14,M203,65.7,3.88,27,0
2025-03-14,M204,69.2,4.92,24,0
2025-03-14,M301,74.6,3.8,27,0
2025-03-14,M302,81.8,12.1,87,0
2025-03-14,M303,69.4,4.85,43,0
2025-03-14,M304,77.4,4.98,19,0
2025-03-14,M401,67.3,5.14,26,0
2025-03-14,M402,57.3,5.48,15,0
2025-03-14,M403,77.5,4.57,42,0
2025-03-14,M404,71.1,4.39,25,0
2025-03-15,M101,67.5,4.24,32,0
2025-03-15,M102,72.9,5.51,35,0
2025-03-15,M103,70.9,4.29,53,0
2025-03-15,M104,67.4,4.75,13,0
2025-03-15,M201,66.2,4.61,13,0
2025-03-15,M202,57.4,4.33,25,0
2025-03-15,M203,67.9,4.36,19,0
2025-03-15,M204,72.1,5.54,55,0
2025-03-15,M301,71.6,3.27,19,0
2025-03-15,M302,82.3,10.45,120,1
2025-03-15,M303,59.0,3.48,47,0
2025-03-15,M304,73.5,1.0,36,0
2025-03-15,M401,67.6,4.91,5,0
2025-03-15,M402,76.5,4.22,16,0
2025-03-15,M403,75.2,3.45,29,0
2025-03-15,M404,71.4,4.88,43,0
2025-03-16,M101,71.7,4.93,30,0
2025-03-16,M102,73.7,4.11,5,0
2025-03-16,M103,64.7,5.66,28,0
2025-03-16,M104,59.9,2.94,26,0
2025-03-16,M201,63.4,3.01,24,0
2025-03-16,M202,64.4,4.85,22,0
2025-03-16,M203,63.1,2.8,12,0
2025-03-16,M204,61.1,3.27,20,0
2025-03-16,M301,63.0,4.34,28,0
2025-03-16,M302,86.3,10.83,98,1
2025-03-16,M303,67.2,6.11,19,0
2025-03-16,M304,69.4,3.47,6,0
2025-03-16,M401,59.2,3.72,43,0
2025-03-16,M402,63.1,4.99,9,0
2025-03-16,M403,64.9,5.04,14,0
2025-03-16,M404,64.3,3.69,51,0
2025-03-17,M101,69.3,4.55,21,0
2025-03-17,M102,70.4,3.89,21,0
2025-03-17,M103,75.1,3.64,41,0
2025-03-17,M104,50.1,5.11,26,0
2025-03-17,M201,66.5,4.92,19,0
2025-03-17,M202,59.3,2.6,32,0
2025-03-17,M203,65.2,4.62,38,0
2025-03-17,M204,71.6,5.72,13,0
2025-03-17,M301,73.3,3.2,40,0
2025-03-17,M302,82.6,10.41,107,1
2025-03-17,M303,75.5,2.95,8,0
2025-03-17,M304,57.4,4.99,6,0
2025-03-17,M401,67.1,3.87,0,0
2025-03-17,M402,66.9,6.95,1,0
2025-03-17,M403,67.1,5.81,36,0
2025-03-17,M404,66.4,4.35,7,0
2025-03-18,M101,64.3,4.74,41,0
2025-03-18,M102,69.4,4.31,10,0
2025-03-18,M103,61.0,5.28,34,0
2025-03-18,M104,74.1,4.65,14,0
2025-03-18,M201,66.7,4.34,2,0
2025-03-18,M202,64.9,4.96,28,0
2025-03-18,M203,65.6,3.91,10,0
2025-03-18,M204,62.6,3.64,39,0
2025-03-18,M301,73.7,4.62,25,0
2025-03-18,M302,77.8,9.43,63,0
2025-03-18,M303,73.2,5.25,26,0
2025-03-18,M304,68.2,5.5,14,0
2025-03-18,M401,64.8,4.49,20,0
2025-03-18,M402,68.1,5.68,25,0
2025-03-18,M403,62.0,3.7,35,0
2025-03-18,M404,65.5,4.95,32,0
2025-03-19,M101,67.8,4.82,27,0
2025-03-19,M102,68.8,4.51,25,0
2025-03-19,M103,67.1,4.56,8,0
2025-03-19,M104,73.7,4.76,26,0
2025-03-19,M201,67.0,5.12,11,0
2025-03-19,M202,68.0,4.19,24,0
2025-03-19,M203,75.4,5.11,27,0
2025-03-19,M204,65.2,4.74,12,0
2025-03-19,M301,59.9,5.1,0,0
2025-03-19,M302,82.4,10.67,106,1
2025-03-19,M303,64.3,2.97,24,0
2025-03-19,M304,60.3,5.42,24,0
2025-03-19,M401,53.5,3.0,24,0
2025-03-19,M402,61.7,3.98,28,0
2025-03-19,M403,61.9,5.49,42,0
2025-03-19,M404,68.0,4.2,39,0
2025-03-20,M101,62.9,3.11,22,0
2025-03-20,M102,66.1,5.61,34,0
2025-03-20,M103,63.5,4.64,5,0
2025-03-20,M104,73.6,6.05,25,0
2025-03-20,M201,56.0,4.73,44,0
2025-03-20,M202,73.7,4.31,49,0
2025-03-20,M203,64.8,5.83,24,0
2025-03-20,M204,72.8,3.47,8,0
2025-03-20,M301,71.0,5.01,24,0
2025-03-20,M302,73.7,9.4,90,0
2025-03-20,M303,60.1,4.63,34,0
2025-03-20,M304,69.4,4.08,25,0
2025-03-20,M401,67.7,4.22,7,0
2025-03-20,M402,65.4,2.85,21,0
2025-03-20,M403,59.0,4.37,16,0
2025-03-20,M404,75.6,4.13,38,0
2025-03-21,M101,60.8,6.94,50,0
2025-03-21,M102,67.5,4.09,24,0
2025-03-21,M103,61.5,4.57,61,0
2025-03-21,M104,64.3,3.79,49,0
2025-03-21,M201,70.9,4.89,40,0
2025-03-21,M202,62.6,4.69,39,0
2025-03-21,M203,55.6,4.0,33,0
2025-03-21,M204,68.9,5.92,29,0
2025-03-21,M301,65.6,2.87,5,0
2025-03-21,M302,83.3,10.46,80,0
2025-03-21,M303,71.7,4.77,14,0
2025-03-21,M304,68.9,2.18,18,0
2025-03-21,M401,72.5,4.16,0,0
2025-03-21,M402,68.9,3.25,23,0
2025-03-21,M403,67.7,4.52,42,0
2025-03-21,M404,71.7,4.93,24,0
2025-03-22,M101,72.7,5.89,27,0
2025-03-22,M102,65.7,5.96,45,0
2025-03-22,M103,74.7,5.54,28,0
2025-03-22,M104,70.6,5.07,29,0
2025-03-22,M201,67.0,4.76,29,0
2025-03-22,M202,70.9,4.25,51,0
2025-03-22,M203,74.3,3.93,20,0
2025-03-22,M204,59.5,3.76,2,0
2025-03-22,M301,60.9,2.77,5,0
2025-03-22,M302,73.3,8.83,82,0
2025-03-22,M303,72.0,4.13,55,0
2025-03-22,M304,64.9,4.29,35,0
2025-03-22,M401,61.1,3.7,50,0
2025-03-22,M402,62.4,4.15,29,0
2025-03-22,M403,72.0,5.15,20,0
2025-03-22,M404,78.3,5.09,21,0
2025-03-23,M101,75.0,3.83,45,0
2025-03-23,M102,63.3,6.27,27,0
2025-03-23,M103,63.1,6.58,19,0
2025-03-23,M104,71.2,4.31,10,0
2025-03-23,M201,73.8,3.89,20,0
2025-03-23,M202,69.0,5.12,25,0
2025-03-23,M203,68.0,4.51,18,0
2025-03-23,M204,70.5,4.99,23,0
2025-03-23,M301,63.6,3.66,15,0
2025-03-23,M302,80.0,9.38,93,1
2025-03-23,M303,73.8,3.82,2,0
2025-03-23,M304,62.3,3.14,24,0
2025-03-23,M401,67.2,5.28,19,0
2025-03-23,M402,68.1,4.4,29,0
2025-03-23,M403,58.6,4.46,17,0
2025-03-23,M404,66.2,3.38,35,0
2025-03-24,M101,57.7,3.84,3,0
2025-03-24,M102,64.7,3.8,38,0
2025-03-24,M103,71.8,4.9,15,0
2025-03-24,M104,66.4,4.15,6,0
2025-03-24,M201,70.9,6.33,51,0
2025-03-24,M202,69.9,4.36,29,0
2025-03-24,M203,69.2,4.46,31,0
2025-03-24,M204,65.2,4.18,7,0
2025-03-24,M301,69.8,5.3,24,0
2025-03-24,M302,88.0,9.47,63,0
2025-03-24,M303,77.7,4.08,13,0
2025-03-24,M304,70.6,5.31,19,0
2025-03-24,M401,70.8,4.26,14,0
2025-03-24,M402,74.1,4.18,26,0
2025-03-24,M403,70.9,5.41,16,0
2025-03-24,M404,68.9,3.37,31,0
2025-03-25,M101,80.5,4.88,20,0
2025-03-25,M102,61.8,3.6,39,0
2025-03-25,M103,68.3,5.0,33,0
2025-03-25,M104,69.6,4.0,27,0
2025-03-25,M201,64.7,6.29,11,0
2025-03-25,M202,67.4,4.78,21,0
2025-03-25,M203,64.4,5.57,0,0
2025-03-25,M204,82.4,2.76,7,0
2025-03-25,M301,67.5,5.1,39,0
2025-03-25,M302,84.5,9.77,74,0
2025-03-25,M303,59.8,4.82,26,0
2025-03-25,M304,64.8,4.6,39,0
2025-03-25,M401,68.0,5.81,11,0
2025-03-25,M402,74.3,6.04,14,0
2025-03-25,M403,64.8,6.47,27,0
2025-03-25,M404,75.7,3.73,44,0
2025-03-26,M101,74.2,5.95,24,0
2025-03-26,M102,74.7,4.45,11,0
2025-03-26,M103,61.8,6.13,9,0
2025-03-26,M104,61.2,4.54,39,0
2025-03-26,M201,72.2,4.73,16,0
2025-03-26,M202,67.1,3.7,36,0
2025-03-26,M203,56.4,3.56,25,0
2025-03-26,M204,57.4,3.94,30,0
2025-03-26,M301,76.0,1.93,0,0
2025-03-26,M302,82.1,10.39,90,0
2025-03-26,M303,72.6,4.03,29,0
2025-03-26,M304,65.9,4.32,18,0
2025-03-26,M401,60.7,2.2,29,0
2025-03-26,M402,68.6,5.13,23,0
2025-03-26,M403,70.2,5.2,11,0
2025-03-26,M404,62.4,4.77,22,0
2025-03-27,M101,68.7,5.1,35,0
2025-03-27,M102,67.6,3.43,17,0
2025-03-27,M103,64.6,5.19,1,0
2025-03-27,M104,60.2,4.1,23,0
2025-03-27,M201,61.8,4.28,20,0
2025-03-27,M202,71.0,4.38,16,0
2025-03-27,M203,63.1,3.61,26,0
2025-03-27,M204,69.4,3.9,29,0
2025-03-27,M301,59.3,4.08,20,0
2025-03-27,M302,80.3,8.61,73,0
2025-03-27,M303,76.7,2.57,38,0
2025-03-27,M304,68.7,6.56,9,0
2025-03-27,M401,64.6,5.82,21,0
2025-03-27,M402,67.9,2.63,41,0
2025-03-27,M403,68.9,3.77,29,0
2025-03-27,M404,77.7,4.67,21,0
2025-03-28,M101,71.4,4.37,49,0
2025-03-28,M102,73.8,4.85,23,0
2025-03-28,M103,62.2,4.61,11,0
2025-03-28,M104,67.6,4.92,11,0
2025-03-28,M201,63.7,5.56,29,0
2025-03-28,M202,74.1,5.91,33,0
2025-03-28,M203,73.1,2.23,29,0
2025-03-28,M204,75.2,6.2,3,0
2025-03-28,M301,70.9,6.14,0,0
2025-03-28,M302,80.9,12.0,72,0
2025-03-28,M303,71.2,5.31,51,0
2025-03-28,M304,61.9,4.63,17,0
2025-03-28,M401,74.9,5.61,22,0
2025-03-28,M402,70.5,4.17,15,0
2025-03-28,M403,78.9,4.42,6,0
2025-03-28,M404,73.1,3.87,38,0
2025-03-29,M101,66.2,3.24,9,0
2025-03-29,M102,66.8,3.63,50,0
2025-03-29,M103,69.6,5.39,32,0
2025-03-29,M104,63.0,4.54,43,0
2025-03-29,M201,72.7,6.23,5,0
2025-03-29,M202,68.6,3.09,20,0
2025-03-29,M203,59.7,4.01,22,0
2025-03-29,M204,68.2,3.51,32,0
2025-03-29,M301,60.7,3.81,44,0
2025-03-29,M302,72.8,11.07,82,0
2025-03-29,M303,68.7,5.37,21,0
2025-03-29,M304,77.0,3.75,11,0
2025-03-29,M401,76.9,2.73,9,0
2025-03-29,M402,75.5,5.14,20,0
2025-03-29,M403,69.4,4.95,28,0
2025-03-29,M404,81.2,4.97,32,0
2025-03-30,M101,60.6,4.31,22,0
2025-03-30,M102,73.9,4.45,52,0
2025-03-30,M103,60.2,3.96,25,0
2025-03-30,M104,65.0,3.53,27,0
2025-03-30,M201,67.5,3.46,32,0
2025-03-30,M202,64.6,2.93,0,0
2025-03-30,M203,74.8,2.91,0,0
2025-03-30,M204,66.9,4.4,21,0
2025-03-30,M301,67.2,3.36,31,0
2025-03-30,M302,79.8,10.39,80,0
2025-03-30,M303,69.4,4.56,23,0
2025-03-30,M304,73.7,5.44,33,0
2025-03-30,M401,71.9,3.65,17,0
2025-03-30,M402,71.7,5.17,14,0
2025-03-30,M403,67.8,3.56,32,0
2025-03-30,M404,81.1,3.12,18,0
2025-03-31,M101,59.3,4.7,59,0
2025-03-31,M102,68.0,5.25,0,0
2025-03-31,M103,63.2,5.13,37,0
2025-03-31,M104,67.0,5.54,16,0
2025-03-31,M201,77.4,4.07,7,0
2025-03-31,M202,74.3,4.55,41,0
2025-03-31,M203,71.0,3.53,43,0
2025-03-31,M204,61.9,3.46,31,0
2025-03-31,M301,67.6,6.11,37,0
2025-03-31,M302,76.6,10.62,129,1
2025-03-31,M303,73.4,2.79,3,0
2025-03-31,M304,72.6,3.91,22,0
2025-03-31,M401,71.2,4.34,28,0
2025-03-31,M402,69.5,4.07,22,0
2025-03-31,M403,49.9,5.37,13,0
2025-03-31,M404,69.2,5.18,38,0
2025-04-01,M101,71.0,4.77,16,0
2025-04-01,M102,82.9,5.35,25,0
2025-04-01,M103,61.0,2.94,27,0
2025-04-01,M104,60.0,5.38,1,0
2025-04-01,M201,64.4,3.87,28,0
2025-04-01,M202,66.5,3.91,22,0
2025-04-01,M203,66.1,5.99,35,0
2025-04-01,M204,62.2,6.6,32,0
2025-04-01,M301,63.9,4.76,33,0
2025-04-01,M302,78.8,13.22,99,1
2025-04-01,M303,59.6,4.93,44,0
2025-04-01,M304,68.2,3.48,24,0
2025-04-01,M401,66.0,4.45,20,0
2025-04-01,M402,65.1,4.88,42,0
2025-04-01,M403,76.0,6.94,54,0
2025-04-01,M404,66.3,5.12,55,0
2025-04-02,M101,62.0,3.67,17,0
2025-04-02,M102,69.2,4.62,29,0
2025-04-02,M103,78.4,4.49,26,0
2025-04-02,M104,69.1,5.12,38,0
2025-04-02,M201,80.5,2.88,0,0
2025-04-02,M202,69.5,3.97,15,0
2025-04-02,M203,78.6,5.05,35,0
2025-04-02,M204,73.8,6.0,12,0
2025-04-02,M301,61.4,4.12,22,0
2025-04-02,M302,83.5,12.39,79,0
2025-04-02,M303,63.7,5.87,2,0
2025-04-02,M304,74.6,4.68,29,0
2025-04-02,M401,69.8,5.37,26,0
2025-04-02,M402,67.1,4.83,2,0
2025-04-02,M403,62.5,4.75,31,0
2025-04-02,M404,79.8,3.23,21,0
2025-04-03,M101,77.5,3.68,42,0
2025-04-03,M102,71.1,4.55,14,0
2025-04-03,M103,64.0,4.69,12,0
2025-04-03,M104,66.1,4.95,39,0
2025-04-03,M201,67.0,4.43,35,0
2025-04-03,M202,63.4,4.2,13,0
2025-04-03,M203,76.2,7.17,22,0
2025-04-03,M204,70.2,6.18,22,0
2025-04-03,M301,58.7,4.6,0,0
2025-04-03,M302,79.6,10.65,124,1
2025-04-03,M303,71.4,6.41,32,0
2025-04-03,M304,78.2,3.99,33,0
2025-04-03,M401,66.5,4.36,19,0
2025-04-03,M402,76.7,6.12,37,0
2025-04-03,M403,70.5,4.81,25,0
2025-04-03,M404,76.2,5.57,21,0
2025-04-04,M101,73.3,4.87,0,0
2025-04-04,M102,73.4,3.23,37,0
2025-04-04,M103,74.6,4.83,33,0
2025-04-04,M104,75.0,4.0,36,0
2025-04-04,M201,70.5,6.26,8,0
2025-04-04,M202,70.2,3.54,9,0
2025-04-04,M203,65.9,4.58,42,0
2025-04-04,M204,62.8,4.37,28,0
2025-04-04,M301,64.7,3.78,41,0
2025-04-04,M302,84.1,11.8,95,1
2025-04-04,M303,76.1,4.36,10,0
2025-04-04,M304,70.7,4.4,11,0
2025-04-04,M401,65.7,3.76,10,0
2025-04-04,M402,72.8,3.83,11,0
2025-04-04,M403,62.9,4.39,43,0
2025-04-04,M404,79.1,2.77,27,0
2025-04-05,M101,70.0,5.03,73,0
2025-04-05,M102,70.6,4.74,0,0
2025-04-05,M103,67.2,4.67,18,0
2025-04-05,M104,80.5,4.43,22,0
2025-04-05,M201,65.6,4.13,27,0
2025-04-05,M202,66.3,5.28,27,0
2025-04-05,M203,66.1,2.57,28,0
2025-04-05,M204,76.6,4.44,7,0
2025-04-05,M301,74.9,5.36,46,0
2025-04-05,M302,85.5,9.61,79,0
2025-04-05,M303,65.6,5.26,33,0
2025-04-05,M304,67.8,3.89,63,0
2025-04-05,M401,69.5,4.34,14,0
2025-04-05,M402,70.3,4.7,24,0
2025-04-05,M403,68.3,6.26,16,0
2025-04-05,M404,64.6,3.85,29,0
2025-04-06,M101,68.6,3.97,3,0
2025-04-06,M102,70.8,4.93,52,0
2025-04-06,M103,60.7,4.05,4,0
2025-04-06,M104,69.7,3.2,53,0
2025-04-06,M201,62.9,3.92,10,0
2025-04-06,M202,67.8,3.89,44,0
2025-04-06,M203,61.2,3.05,59,0
2025-04-06,M204,70.5,3.91,44,0
2025-04-06,M301,62.2,4.03,6,0
2025-04-06,M302,76.7,10.78,84,0
2025-04-06,M303,67.0,4.79,44,0
2025-04-06,M304,74.7,4.32,26,0
2025-04-06,M401,70.5,3.61,46,0
2025-04-06,M402,60.9,4.53,43,0
2025-04-06,M403,62.4,5.02,31,0
2025-04-06,M404,66.9,4.96,29,0
2025-04-07,M101,69.6,5.36,16,0
2025-04-07,M102,71.0,4.37,15,0
2025-04-07,M103,57.2,4.29,2,0
2025-04-07,M104,69.7,5.29,6,0
2025-04-07,M201,79.7,4.55,19,0
2025-04-07,M202,69.7,4.68,36,0
2025-04-07,M203,76.8,4.27,24,0
2025-04-07,M204,69.3,5.59,54,0
2025-04-07,M301,60.9,3.62,18,0
2025-04-07,M302,79.1,14.7,73,0
2025-04-07,M303,74.8,6.17,6,0
2025-04-07,M304,78.2,3.91,5,0
2025-04-07,M401,70.2,5.42,38,0
2025-04-07,M402,68.7,5.1,6,0
2025-04-07,M403,70.5,3.57,4,0
2025-04-07,M404,66.7,5.66,19,0
2025-04-08,M101,72.6,3.36,25,0
2025-04-08,M102,64.3,5.29,33,0
2025-04-08,M103,72.9,3.85,36,0
2025-04-08,M104,75.0,4.33,18,0
2025-04-08,M201,67.2,4.14,36,0
2025-04-08,M202,68.7,3.45,49,0
2025-04-08,M203,60.3,3.79,4,0
2025-04-08,M204,64.5,4.13,53,0
2025-04-08,M301,60.9,5.95,23,0
2025-04-08,M302,89.6,9.67,46,0
2025-04-08,M303,69.3,4.71,14,0
2025-04-08,M304,85.7,3.66,0,0
2025-04-08,M401,56.4,4.69,16,0
2025-04-08,M402,77.0,3.01,49,0
2025-04-08,M403,77.1,5.25,8,0
2025-04-08,M404,70.7,4.95,34,0
2025-04-09,M101,64.9,2.99,7,0
2025-04-09,M102,66.9,5.14,4,0
2025-04-09,M103,72.0,4.32,36,0
2025-04-09,M104,61.0,3.49,46,0
2025-04-09,M201,69.0,5.59,16,0
2025-04-09,M202,72.0,4.73,27,0
2025-04-09,M203,70.8,4.89,36,0
2025-04-09,M204,64.6,3.24,29,0
2025-04-09,M301,69.1,3.39,20,0
2025-04-09,M302,82.5,11.5,95,1
2025-04-09,M303,67.7,5.27,32,0
2025-04-09,M304,76.7,6.65,16,0
2025-04-09,M401,76.6,3.15,37,0
2025-04-09,M402,72.3,2.59,27,0
2025-04-09,M403,68.8,4.75,30,0
2025-04-09,M404,65.0,3.41,60,0
2025-04-10,M101,54.3,4.93,15,0
2025-04-10,M102,74.5,3.58,3,0
2025-04-10,M103,61.6,3.89,17,0
2025-04-10,M104,74.0,4.59,14,0
2025-04-10,M201,73.1,4.8,16,0
2025-04-10,M202,59.2,4.51,25,0
2025-04-10,M203,76.0,4.43,29,0
2025-04-10,M204,71.3,3.75,59,0
2025-04-10,M301,76.5,2.98,12,0
2025-04-10,M302,77.1,9.25,111,1
2025-04-10,M303,68.3,5.34,45,0
2025-04-10,M304,69.6,5.47,52,0
2025-04-10,M401,63.5,4.32,23,0
2025-04-10,M402,67.0,3.73,31,0
2025-04-10,M403,67.4,4.83,2,0
2025-04-10,M404,68.1,5.53,8,0
2025-04-11,M101,72.8,2.65,5,0
2025-04-11,M102,70.6,4.19,52,0
2025-04-11,M103,65.7,5.03,8,0
2025-04-11,M104,72.0,3.77,9,0
2025-04-11,M201,63.0,5.36,30,0
2025-04-11,M202,75.9,4.83,0,0
2025-04-11,M203,68.7,3.2,8,0
2025-04-11,M204,61.3,4.7,23,0
2025-04-11,M301,59.1,5.63,0,0
2025-04-11,M302,87.2,9.23,116,1
2025-04-11,M303,68.5,5.74,53,0
2025-04-11,M304,64.6,3.49,23,0
2025-04-11,M401,66.1,3.79,27,0
2025-04-11,M402,71.3,3.75,21,0
2025-04-11,M403,66.2,5.46,0,0
2025-04-11,M404,67.3,4.36,7,0
2025-04-12,M101,68.5,4.65,32,0
2025-04-12,M102,73.0,3.62,55,0
2025-04-12,M103,69.5,5.05,40,0
2025-04-12,M104,68.0,5.79,25,0
2025-04-12,M201,77.1,5.14,48,0
2025-04-12,M202,72.2,5.09,32,0
2025-04-12,M203,66.6,5.49,44,0
2025-04-12,M204,71.9,5.82,30,0
2025-04-12,M301,73.5,5.88,36,0
2025-04-12,M302,94.9,11.19,107,1
2025-04-12,M303,84.1,3.33,12,0
2025-04-12,M304,67.3,4.93,27,0
2025-04-12,M401,64.0,5.71,64,0
2025-04-12,M402,72.4,4.4,19,0
2025-04-12,M403,72.6,5.72,49,0
2025-04-12,M404,63.0,7.02,16,0
2025-04-13,M101,59.7,5.97,26,0
2025-04-13,M102,64.1,4.18,28,0
2025-04-13,M103,61.6,3.49,21,0
2025-04-13,M104,68.5,5.14,0,0
2025-04-13,M201,74.6,5.02,23,0
2025-04-13,M202,66.0,3.13,14,0
2025-04-13,M203,80.9,5.21,28,0
2025-04-13,M204,78.7,3.69,4,0
2025-04-13,M301,62.1,3.07,35,0
2025-04-13,M302,85.8,9.17,96,1
2025-04-13,M303,77.5,3.23,21,0
2025-04-13,M304,70.5,5.15,21,0
2025-04-13,M401,74.7,3.81,41,0
2025-04-13,M402,62.0,4.62,28,0
2025-04-13,M403,67.5,3.15,19,0
2025-04-13,M404,69.1,5.56,38,0
2025-04-14,M101,74.5,5.69,10,0
2025-04-14,M102,67.9,3.71,43,0
2025-04-14,M103,72.9,2.5,35,0
2025-04-14,M104,67.0,4.04,19,0
2025-04-14,M201,75.8,2.57,0,0
2025-04-14,M202,76.2,3.68,52,0
2025-04-14,M203,58.3,6.07,15,0
2025-04-14,M204,53.8,3.41,18,0
2025-04-14,M301,60.2,4.02,21,0
2025-04-14,M302,82.7,9.66,90,0
2025-04-14,M303,60.0,4.55,15,0
2025-04-14,M304,74.0,6.2,34,0
2025-04-14,M401,70.9,4.42,22,0
2025-04-14,M402,63.2,2.67,8,0
2025-04-14,M403,70.0,4.05,11,0
2025-04-14,M404,82.8,4.58,45,0
2025-04-15,M101,68.9,3.24,27,0
2025-04-15,M102,62.5,4.49,8,0
2025-04-15,M103,69.0,4.74,10,0
2025-04-15,M104,62.3,4.25,27,0
2025-04-15,M201,69.0,4.66,11,0
2025-04-15,M202,69.9,5.84,28,0
2025-04-15,M203,78.3,5.32,3,0
2025-04-15,M204,72.5,3.44,38,0
2025-04-15,M301,71.0,3.6,40,0
2025-04-15,M302,80.4,10.23,50,0
2025-04-15,M303,59.5,4.22,28,0
2025-04-15,M304,72.1,4.26,33,0
2025-04-15,M401,66.5,2.64,35,0
2025-04-15,M402,77.0,4.31,0,0
2025-04-15,M403,70.3,4.68,2,0
2025-04-15,M404,66.1,4.84,43,0
2025-04-16,M101,71.6,4.51,15,0
2025-04-16,M102,67.6,3.72,11,0
2025-04-16,M103,79.6,3.27,49,0
2025-04-16,M104,70.0,4.05,4,0
2025-04-16,M201,63.3,4.02,42,0
2025-04-16,M202,63.9,5.04,26,0
2025-04-16,M203,68.5,4.74,38,0
2025-04-16,M204,74.9,4.6,11,0
2025-04-16,M301,67.3,5.54,18,0
2025-04-16,M302,82.3,10.16,120,1
2025-04-16,M303,60.5,5.76,13,0
2025-04-16,M304,64.9,4.27,28,0
2025-04-16,M401,55.5,5.26,21,0
2025-04-16,M402,65.8,5.05,11,0
2025-04-16,M403,64.5,6.05,51,0
2025-04-16,M404,66.3,5.08,16,0
2025-04-17,M101,68.6,3.89,0,0
2025-04-17,M102,74.5,4.79,14,0
2025-04-17,M103,71.2,4.06,15,0
2025-04-17,M104,65.6,2.96,38,0
2025-04-17,M201,71.8,5.49,44,0
2025-04-17,M202,59.4,3.69,6,0
2025-04-17,M203,64.4,5.6,22,0
2025-04-17,M204,72.7,4.37,41,0
2025-04-17,M301,69.1,4.94,34,0
2025-04-17,M302,77.6,12.13,92,1
2025-04-17,M303,71.7,5.03,28,0
2025-04-17,M304,67.6,4.4,37,0
2025-04-17,M401,65.7,5.22,18,0
2025-04-17,M402,81.2,5.1,20,0
2025-04-17,M403,72.9,5.07,25,0
2025-04-17,M404,73.4,4.02,38,0
2025-04-18,M101,60.7,5.75,18,0
2025-04-18,M102,78.0,3.89,20,0
2025-04-18,M103,68.1,6.7,30,0
2025-04-18,M104,81.1,4.15,37,0
2025-04-18,M201,74.7,6.29,42,0
2025-04-18,M202,63.6,5.33,24,0
2025-04-18,M203,59.3,4.48,31,0
2025-04-18,M204,74.1,4.35,12,0
2025-04-18,M301,63.8,3.95,29,0
2025-04-18,M302,83.0,9.08,74,0
2025-04-18,M303,68.9,4.76,28,0
2025-04-18,M304,68.2,3.86,22,0
2025-04-18,M401,72.4,4.7,24,0
2025-04-18,M402,65.7,4.59,28,0
2025-04-18,M403,75.2,3.45,27,0
2025-04-18,M404,72.9,4.94,12,0
2025-04-19,M101,65.8,4.16,35,0
2025-04-19,M102,65.0,4.85,17,0
2025-04-19,M103,70.2,2.93,32,0
2025-04-19,M104,63.4,4.93,29,0
2025-04-19,M201,63.3,5.47,39,0
2025-04-19,M202,65.2,5.03,38,0
2025-04-19,M203,58.9,4.2,33,0
2025-04-19,M204,57.2,3.41,10,0
2025-04-19,M301,70.1,5.58,0,0
2025-04-19,M302,87.0,11.35,85,0
2025-04-19,M303,71.4,1.87,11,0
2025-04-19,M304,69.6,4.55,36,0
2025-04-19,M401,82.0,4.37,20,0
2025-04-19,M402,68.5,6.03,32,0
2025-04-19,M403,70.5,5.04,37,0
2025-04-19,M404,69.5,3.75,51,0
2025-04-20,M101,66.5,6.51,27,0
2025-04-20,M102,68.8,5.88,29,0
2025-04-20,M103,65.0,3.3,34,0
2025-04-20,M104,70.6,4.05,17,0
2025-04-20,M201,73.9,2.96,21,0
2025-04-20,M202,64.2,3.25,27,0
2025-04-20,M203,58.1,4.1,49,0
2025-04-20,M204,64.8,5.27,17,0
2025-04-20,M301,66.9,3.39,36,0
2025-04-20,M302,86.5,8.0,75,0
2025-04-20,M303,65.4,2.99,8,0
2025-04-20,M304,61.4,3.77,24,0
2025-04-20,M401,71.9,4.11,24,0
2025-04-20,M402,79.3,5.74,21,0
2025-04-20,M403,79.6,4.32,37,0
2025-04-20,M404,68.5,4.64,4,0
2025-04-21,M101,79.9,3.89,20,0
2025-04-21,M102,62.7,3.28,29,0
2025-04-21,M103,69.9,4.19,36,0
2025-04-21,M104,69.9,4.27,15,0
2025-04-21,M201,79.5,6.21,11,0
2025-04-21,M202,69.9,5.7,45,0
2025-04-21,M203,64.0,5.67,9,0
2025-04-21,M204,67.1,5.27,29,0
2025-04-21,M301,61.0,2.0,18,0
2025-04-21,M302,87.3,14.96,105,1
2025-04-21,M303,63.4,6.7,37,0
2025-04-21,M304,55.6,3.61,39,0
2025-04-21,M401,68.6,4.42,0,0
2025-04-21,M402,73.6,5.35,29,0
2025-04-21,M403,84.8,6.46,22,0
2025-04-21,M404,64.3,4.71,39,0
2025-04-22,M101,76.8,6.12,40,0
2025-04-22,M102,70.8,4.55,6,0
2025-04-22,M103,69.1,2.8,19,0
2025-04-22,M104,68.8,6.88,29,0
2025-04-22,M201,68.5,4.44,4,0
2025-04-22,M202,60.9,4.6,10,0
2025-04-22,M203,65.3,4.02,25,0
2025-04-22,M204,71.2,3.45,29,0
2025-04-22,M301,71.6,4.62,16,0
2025-04-22,M302,74.1,11.53,82,0
2025-04-22,M303,58.9,3.76,55,0
2025-04-22,M304,69.9,4.25,24,0
2025-04-22,M401,57.9,3.0,27,0
2025-04-22,M402,62.8,4.6,15,0
2025-04-22,M403,70.8,5.33,21,0
2025-04-22,M404,60.8,5.01,44,0
2025-04-23,M101,65.7,5.42,25,0
2025-04-23,M102,62.5,3.35,34,0
2025-04-23,M103,73.9,5.02,53,0
2025-04-23,M104,72.6,5.89,14,0
2025-04-23,M201,78.4,3.36,21,0
2025-04-23,M202,74.1,3.89,41,0
2025-04-23,M203,71.2,5.57,5,0
2025-04-23,M204,58.1,4.34,41,0
2025-04-23,M301,56.1,4.87,28,0
2025-04-23,M302,82.8,11.82,88,0
2025-04-23,M303,67.9,3.46,41,0
2025-04-23,M304,62.1,4.53,39,0
2025-04-23,M401,64.7,4.73,31,0
2025-04-23,M402,67.4,5.15,32,0
2025-04-23,M403,72.7,4.37,32,0
2025-04-23,M404,72.0,4.56,41,0
2025-04-24,M101,75.1,2.71,3,0
2025-04-24,M102,74.8,4.25,27,0
2025-04-24,M103,62.8,4.49,25,0
2025-04-24,M104,64.5,4.87,33,0
2025-04-24,M201,67.4,3.58,64,0
2025-04-24,M202,67.7,3.82,35,0
2025-04-24,M203,62.9,3.41,32,0
2025-04-24,M204,66.3,6.08,32,0
2025-04-24,M301,69.1,4.61,38,0
2025-04-24,M302,84.4,9.59,82,0
2025-04-24,M303,62.2,3.68,44,0
2025-04-24,M304,72.5,3.86,16,0
2025-04-24,M401,74.5,3.7,0,0
2025-04-24,M402,63.5,4.06,8,0
2025-04-24,M403,67.3,6.22,15,0
2025-04-24,M404,63.5,4.05,6,0
2025-04-25,M101,68.6,3.2,39,0
2025-04-25,M102,62.8,6.98,14,0
2025-04-25,M103,70.3,6.03,40,0
2025-04-25,M104,67.6,3.39,51,0
2025-04-25,M201,67.9,4.07,42,0
2025-04-25,M202,63.3,3.33,25,0
2025-04-25,M203,64.8,1.49,11,0
2025-04-25,M204,63.3,3.34,33,0
2025-04-25,M301,73.5,4.98,6,0
2025-04-25,M302,84.8,9.72,120,1
2025-04-25,M303,68.7,5.29,40,0
2025-04-25,M304,68.7,4.62,44,0
2025-04-25,M401,55.3,3.77,33,0
2025-04-25,M402,75.2,5.82,45,0
2025-04-25,M403,67.4,5.66,23,0
2025-04-25,M404,65.1,3.27,51,0
2025-04-26,M101,60.0,4.84,28,0
2025-04-26,M102,65.3,2.76,25,0
2025-04-26,M103,69.3,4.41,40,0
2025-04-26,M104,66.1,5.26,31,0
2025-04-26,M201,68.5,3.5,28,0
2025-04-26,M202,66.2,5.42,22,0
2025-04-26,M203,76.7,4.27,11,0
2025-04-26,M204,72.8,5.64,6,0
2025-04-26,M301,63.8,2.65,39,0
2025-04-26,M302,77.8,11.7,70,0
2025-04-26,M303,73.6,5.9,58,0
2025-04-26,M304,58.6,3.41,51,0
2025-04-26,M401,79.5,4.2,25,0
2025-04-26,M402,62.3,5.41,18,0
2025-04-26,M403,69.3,5.5,16,0
2025-04-26,M404,70.9,3.13,33,0
2025-04-27,M101,71.3,3.26,40,0
2025-04-27,M102,69.1,5.24,19,0
2025-04-27,M103,69.0,4.56,22,0
2025-04-27,M104,60.9,5.76,41,0
2025-04-27,M201,67.1,5.49,42,0
2025-04-27,M202,62.9,5.01,32,0
2025-04-27,M203,65.0,4.12,36,0
2025-04-27,M204,74.9,5.48,44,0
2025-04-27,M301,69.1,6.48,23,0
2025-04-27,M302,75.1,8.43,89,0
2025-04-27,M303,66.8,3.54,35,0
2025-04-27,M304,74.6,5.2,21,0
2025-04-27,M401,69.4,4.26,0,0
2025-04-27,M402,62.7,2.33,3,0
2025-04-27,M403,61.7,3.49,16,0
2025-04-27,M404,63.9,3.09,48,0
2025-04-28,M101,61.3,2.27,19,0
2025-04-28,M102,65.3,3.62,35,0
2025-04-28,M103,74.9,3.35,31,0
2025-04-28,M104,61.3,5.04,0,0
2025-04-28,M201,66.0,4.55,21,0
2025-04-28,M202,80.0,3.52,3,0
2025-04-28,M203,68.0,4.53,34,0
2025-04-28,M204,61.3,4.55,24,0
2025-04-28,M301,69.1,2.99,30,0
2025-04-28,M302,85.5,12.7,100,1
2025-04-28,M303,72.1,6.75,55,0
2025-04-28,M304,64.5,5.07,41,0
2025-04-28,M401,62.9,3.93,35,0
2025-04-28,M402,62.9,5.09,27,0
2025-04-28,M403,68.5,4.53,44,0
2025-04-28,M404,70.8,4.59,29,0
2025-04-29,M101,61.7,4.17,30,0
2025-04-29,M102,70.8,3.7,14,0
2025-04-29,M103,72.1,4.66,22,0
2025-04-29,M104,61.8,4.88,20,0
2025-04-29,M201,68.8,3.68,2,0
2025-04-29,M202,67.2,3.64,17,0
2025-04-29,M203,67.7,5.54,38,0
2025-04-29,M204,79.3,5.77,0,0
2025-04-29,M301,62.7,5.19,26,0
2025-04-29,M302,77.4,12.0,70,0
2025-04-29,M303,68.0,4.7,36,0
2025-04-29,M304,68.0,5.98,25,0
2025-04-29,M401,59.9,5.17,43,0
2025-04-29,M402,87.0,3.38,20,0
2025-04-29,M403,71.7,4.24,23,0
2025-04-29,M404,75.0,5.48,27,0
2025-04-30,M101,75.0,3.31,13,0
2025-04-30,M102,60.1,4.51,6,0
2025-04-30,M103,70.8,3.69,25,0
2025-04-30,M104,65.4,4.17,30,0
2025-04-30,M201,65.6,5.72,63,0
2025-04-30,M202,68.8,4.98,30,0
2025-04-30,M203,65.2,5.15,32,0
2025-04-30,M204,65.7,5.82,28,0
2025-04-30,M301,69.5,6.94,23,0
2025-04-30,M302,73.2,9.73,96,1
2025-04-30,M303,60.5,3.2,52,0
2025-04-30,M304,78.4,2.54,6,0
2025-04-30,M401,59.3,2.71,10,0
2025-04-30,M402,65.1,4.23,18,0
2025-04-30,M403,67.4,6.36,7,0
2025-04-30,M404,70.9,4.84,10,0
2025-05-01,M101,67.4,4.1,30,0
2025-05-01,M102,80.4,2.45,44,0
2025-05-01,M103,77.0,4.32,11,0
2025-05-01,M104,66.7,6.39,22,0
2025-05-01,M201,66.3,4.42,0,0
2025-05-01,M202,61.8,6.21,22,0
2025-05-01,M203,67.6,5.0,14,0
2025-05-01,M204,72.4,3.23,9,0
2025-05-01,M301,68.7,4.62,13,0
2025-05-01,M302,82.7,12.17,84,0
2025-05-01,M303,63.2,4.49,32,0
2025-05-01,M304,66.4,5.36,30,0
2025-05-01,M401,67.1,4.01,37,0
2025-05-01,M402,72.6,3.8,19,0
2025-05-01,M403,74.4,2.89,19,0
2025-05-01,M404,74.5,4.33,29,0
2025-05-02,M101,67.2,5.39,18,0
2025-05-02,M102,67.5,5.4,39,0
2025-05-02,M103,76.2,4.45,29,0
2025-05-02,M104,61.5,5.57,35,0
2025-05-02,M201,76.5,4.23,21,0
2025-05-02,M202,64.6,4.26,43,0
2025-05-02,M203,77.4,4.01,32,0
2025-05-02,M204,58.6,4.29,0,0
2025-05-02,M301,62.8,4.8,2,0
2025-05-02,M302,78.0,9.25,55,0
2025-05-02,M303,75.2,3.43,32,0
2025-05-02,M304,65.5,4.14,16,0
2025-05-02,M401,58.1,3.39,5,0
2025-05-02,M402,63.9,3.17,49,0
2025-05-02,M403,58.5,1.56,16,0
2025-05-02,M404,68.3,4.56,24,0
2025-05-03,M101,59.3,4.46,19,0
2025-05-03,M102,78.9,4.43,40,0
2025-05-03,M103,71.0,4.26,23,0
2025-05-03,M104,72.2,5.99,17,0
2025-05-03,M201,73.8,3.68,29,0
2025-05-03,M202,73.7,3.21,17,0
2025-05-03,M203,73.1,5.12,40,0
2025-05-03,M204,68.8,4.16,57,0
2025-05-03,M301,65.2,1.44,20,0
2025-05-03,M302,81.3,11.84,64,0
2025-05-03,M303,63.3,3.72,27,0
2025-05-03,M304,67.1,4.57,20,0
2025-05-03,M401,56.4,6.55,19,0
2025-05-03,M402,56.1,5.52,40,0
2025-05-03,M403,71.1,3.8,31,0
2025-05-03,M404,62.4,4.5,25,0
2025-05-04,M101,62.2,2.1,55,0
2025-05-04,M102,73.4,4.68,22,0
2025-05-04,M103,52.2,4.61,27,0
2025-05-04,M104,71.9,3.67,36,0
2025-05-04,M201,68.8,3.55,1,0
2025-05-04,M202,78.6,1.59,7,0
2025-05-04,M203,69.8,5.95,32,0
2025-05-04,M204,66.2,2.55,13,0
2025-05-04,M301,75.8,3.78,19,0
2025-05-04,M302,78.3,8.87,68,0
2025-05-04,M303,66.1,4.56,19,0
2025-05-04,M304,71.7,3.84,8,0
2025-05-04,M401,61.3,4.16,34,0
2025-05-04,M402,67.2,3.83,21,0
2025-05-04,M403,72.5,5.25,18,0
2025-05-04,M404,62.3,4.87,23,0
2025-05-05,M101,67.9,5.26,11,0
2025-05-05,M102,65.7,4.45,21,0
2025-05-05,M103,76.4,3.68,0,0
2025-05-05,M104,67.2,4.01,23,0
2025-05-05,M201,69.0,5.6,53,0
2025-05-05,M202,59.3,4.34,8,0
2025-05-05,M203,55.5,2.73,13,0
2025-05-05,M204,66.5,5.58,31,0
2025-05-05,M301,63.1,5.61,8,0
2025-05-05,M302,88.9,11.02,105,1
2025-05-05,M303,62.6,4.47,30,0
2025-05-05,M304,68.5,6.18,22,0
2025-05-05,M401,69.2,4.09,42,0
2025-05-05,M402,66.7,5.26,30,0
2025-05-05,M403,62.2,5.43,30,0
2025-05-05,M404,73.4,3.51,27,0
2025-05-06,M101,68.2,6.14,0,0
2025-05-06,M102,74.1,4.99,29,0
2025-05-06,M103,61.9,5.16,10,0
2025-05-06,M104,68.9,4.81,39,0
2025-05-06,M201,72.1,2.92,9,0
2025-05-06,M202,74.4,4.15,26,0
2025-05-06,M203,64.9,3.3,18,0
2025-05-06,M204,59.1,4.86,36,0
2025-05-06,M301,56.9,4.49,38,0
2025-05-06,M302,80.2,7.24,112,1
2025-05-06,M303,61.7,3.69,29,0
2025-05-06,M304,78.9,3.36,47,0
2025-05-06,M401,70.1,3.91,41,0
2025-05-06,M402,77.3,3.09,11,0
2025-05-06,M403,64.6,3.07,59,0
2025-05-06,M404,72.8,6.08,20,0
2025-05-07,M101,64.5,5.9,45,0
2025-05-07,M102,60.2,3.64,23,0
2025-05-07,M103,74.5,4.74,12,0
2025-05-07,M104,76.4,3.93,0,0
2025-05-07,M201,74.6,4.68,25,0
2025-05-07,M202,65.3,5.37,13,0
2025-05-07,M203,71.5,3.39,3,0
2025-05-07,M204,75.7,4.89,36,0
2025-05-07,M301,55.5,5.27,37,0
2025-05-07,M302,84.2,11.14,95,1
2025-05-07,M303,69.1,4.87,33,0
2025-05-07,M304,69.7,3.04,32,0
2025-05-07,M401,71.2,3.05,45,0
2025-05-07,M402,64.6,3.12,12,0
2025-05-07,M403,62.1,3.94,29,0
2025-05-07,M404,71.7,5.63,40,0
2025-05-08,M101,66.3,4.54,39,0
2025-05-08,M102,69.9,3.78,42,0
2025-05-08,M103,63.6,3.82,18,0
2025-05-08,M104,68.9,6.52,25,0
2025-05-08,M201,74.6,5.22,6,0
2025-05-08,M202,66.1,3.89,52,0
2025-05-08,M203,60.9,5.54,0,0
2025-05-08,M204,71.6,4.21,0,0
2025-05-08,M301,67.9,4.81,10,0
2025-05-08,M302,81.7,10.5,85,0
2025-05-08,M303,72.2,5.39,32,0
2025-05-08,M304,66.2,3.11,27,0
2025-05-08,M401,64.0,5.96,27,0
2025-05-08,M402,63.1,5.35,33,0
2025-05-08,M403,75.4,4.15,20,0
2025-05-08,M404,65.0,4.7,35,0
2025-05-09,M101,65.8,4.83,44,0
2025-05-09,M102,63.4,4.62,4,0
2025-05-09,M103,75.9,4.17,9,0
2025-05-09,M104,69.1,3.66,36,0
2025-05-09,M201,54.4,4.53,47,0
2025-05-09,M202,56.2,4.3,8,0
2025-05-09,M203,63.6,3.31,25,0
2025-05-09,M204,66.1,5.4,21,0
2025-05-09,M301,65.5,4.18,23,0
2025-05-09,M302,83.6,10.42,93,1
2025-05-09,M303,71.2,3.61,36,0
2025-05-09,M304,65.6,4.68,18,0
2025-05-09,M401,67.8,4.3,6,0
2025-05-09,M402,65.7,5.39,38,0
2025-05-09,M403,66.1,5.56,53,0
2025-05-09,M404,60.5,5.19,0,0
2025-05-10,M101,80.2,4.59,9,0
2025-05-10,M102,67.8,5.1,39,0
2025-05-10,M103,69.5,3.5,17,0
2025-05-10,M104,72.3,3.86,35,0
2025-05-10,M201,78.3,4.5,0,0
2025-05-10,M202,71.9,4.29,65,0
2025-05-10,M203,55.9,4.29,31,0
2025-05-10,M204,55.5,5.53,63,0
2025-05-10,M301,73.3,4.21,23,0
2025-05-10,M302,83.6,11.26,94,1
2025-05-10,M303,72.9,5.72,18,0
2025-05-10,M304,64.2,3.27,20,0
2025-05-10,M401,74.8,4.59,20,0
2025-05-10,M402,59.9,3.62,0,0
2025-05-10,M403,70.4,5.49,10,0
2025-05-10,M404,66.6,4.21,37,0
2025-05-11,M101,66.1,7.26,53,0
2025-05-11,M102,61.5,4.05,71,0
2025-05-11,M103,68.0,4.44,25,0
2025-05-11,M104,62.2,2.76,32,0
2025-05-11,M201,68.4,5.94,3,0
2025-05-11,M202,63.0,2.28,0,0
2025-05-11,M203,67.8,3.8,46,0
2025-05-11,M204,71.6,5.79,19,0
2025-05-11,M301,57.1,3.77,13,0
2025-05-11,M302,82.9,11.32,125,1
2025-05-11,M303,62.5,5.49,20,0
2025-05-11,M304,73.0,5.22,23,0
2025-05-11,M401,74.4,4.85,13,0
2025-05-11,M402,75.7,3.63,34,0
2025-05-11,M403,70.4,4.12,42,0
2025-05-11,M404,69.3,5.35,12,0
2025-05-12,M101,55.9,3.09,50,0
2025-05-12,M102,72.0,4.15,11,0
2025-05-12,M103,85.8,6.42,34,0
2025-05-12,M104,62.6,3.12,5,0
2025-05-12,M201,63.5,4.62,9,0
2025-05-12,M202,61.2,5.12,6,0
2025-05-12,M203,74.1,4.1,20,0
2025-05-12,M204,71.5,3.6,14,0
2025-05-12,M301,70.8,5.3,46,0
2025-05-12,M302,86.5,10.59,49,0
2025-05-12,M303,51.1,4.71,36,0
2025-05-12,M304,77.0,4.45,12,0
2025-05-12,M401,65.4,5.11,28,0
2025-05-12,M402,67.4,4.9,11,0
2025-05-12,M403,76.8,3.92,58,0
2025-05-12,M404,73.2,5.56,2,0
2025-05-13,M101,69.9,4.69,43,0
2025-05-13,M102,57.2,4.49,28,0
2025-05-13,M103,74.8,3.73,30,0
2025-05-13,M104,58.4,3.95,24,0
2025-05-13,M201,71.9,5.96,41,0
2025-05-13,M202,63.2,4.91,48,0
2025-05-13,M203,74.0,3.59,40,0
2025-05-13,M204,78.1,3.31,17,0
2025-05-13,M301,61.0,4.91,36,0
2025-05-13,M302,80.7,12.09,113,1
2025-05-13,M303,66.8,3.95,50,0
2025-05-13,M304,65.9,4.43,50,0
2025-05-13,M401,63.7,3.85,37,0
2025-05-13,M402,69.1,4.36,5,0
2025-05-13,M403,73.1,4.57,39,0
2025-05-13,M404,67.6,5.05,30,0
2025-05-14,M101,53.9,5.11,8,0
2025-05-14,M102,67.2,5.66,35,0
2025-05-14,M103,63.8,5.57,14,0
2025-05-14,M104,58.5,3.66,33,0
2025-05-14,M201,60.8,3.73,29,0
2025-05-14,M202,71.6,3.84,0,0
2025-05-14,M203,60.2,3.81,8,0
2025-05-14,M204,79.7,4.08,1,0
2025-05-14,M301,68.6,2.12,18,0
2025-05-14,M302,70.2,13.3,62,0
2025-05-14,M303,67.3,3.2,30,0
2025-05-14,M304,64.2,5.25,32,0
2025-05-14,M401,79.3,4.01,19,0
2025-05-14,M402,73.0,5.19,53,0
2025-05-14,M403,69.2,4.44,9,0
2025-05-14,M404,66.7,4.44,23,0
2025-05-15,M101,67.7,2.45,43,0
2025-05-15,M102,62.9,3.09,32,0
2025-05-15,M103,74.1,5.06,38,0
2025-05-15,M104,64.2,4.34,18,0
2025-05-15,M201,66.7,3.78,24,0
2025-05-15,M202,67.3,3.67,7,0
2025-05-15,M203,73.0,4.07,7,0
2025-05-15,M204,63.7,6.27,39,0
2025-05-15,M301,61.0,4.45,48,0
2025-05-15,M302,90.6,10.35,129,1
2025-05-15,M303,69.2,4.39,14,0
2025-05-15,M304,58.1,4.32,18,0
2025-05-15,M401,71.3,3.99,8,0
2025-05-15,M402,70.1,5.49,36,0
2025-05-15,M403,72.8,3.65,28,0
2025-05-15,M404,67.1,3.91,26,0
2025-05-16,M101,71.7,6.16,37,0
2025-05-16,M102,67.1,2.78,27,0
2025-05-16,M103,61.5,4.34,1,0
2025-05-16,M104,64.5,4.43,41,0
2025-05-16,M201,66.2,4.1,51,0
2025-05-16,M202,59.9,4.37,23,0
2025-05-16,M203,67.8,5.07,15,0
2025-05-16,M204,60.1,4.94,54,0
2025-05-16,M301,64.2,5.36,38,0
2025-05-16,M302,84.7,11.36,93,1
2025-05-16,M303,71.1,5.27,27,0
2025-05-16,M304,65.1,3.59,27,0
2025-05-16,M401,69.6,3.27,17,0
2025-05-16,M402,62.4,4.94,5,0
2025-05-16,M403,73.3,5.22,32,0
2025-05-16,M404,65.5,5.87,33,0
2025-05-17,M101,84.6,4.61,49,0
2025-05-17,M102,72.4,4.96,33,0
2025-05-17,M103,74.0,4.52,42,0
2025-05-17,M104,58.9,4.85,20,0
2025-05-17,M201,63.6,5.23,28,0
2025-05-17,M202,58.4,3.37,34,0
2025-05-17,M203,71.3,4.8,37,0
2025-05-17,M204,71.5,4.11,6,0
2025-05-17,M301,71.0,5.7,16,0
2025-05-17,M302,75.5,12.56,70,0
2025-05-17,M303,66.1,5.31,18,0
2025-05-17,M304,76.4,3.87,17,0
2025-05-17,M401,74.5,6.16,51,0
2025-05-17,M402,66.9,4.97,3,0
2025-05-17,M403,77.1,6.66,18,0
2025-05-17,M404,71.8,4.56,0,0
2025-05-18,M101,75.4,5.77,24,0
2025-05-18,M102,69.2,2.83,4,0
2025-05-18,M103,71.8,4.98,45,0
2025-05-18,M104,71.6,3.31,28,0
2025-05-18,M201,66.0,2.63,24,0
2025-05-18,M202,61.1,3.85,32,0
2025-05-18,M203,74.5,4.92,33,0
2025-05-18,M204,69.7,3.38,2,0
2025-05-18,M301,70.8,4.21,68,0
2025-05-18,M302,81.6,11.85,83,0
2025-05-18,M303,57.6,4.59,28,0
2025-05-18,M304,67.2,5.34,12,0
2025-05-18,M401,57.8,5.79,51,0
2025-05-18,M402,59.0,4.53,29,0
2025-05-18,M403,69.2,5.3,26,0
2025-05-18,M404,73.0,3.58,31,0
2025-05-19,M101,65.4,4.63,17,0
2025-05-19,M102,73.4,4.72,25,0
2025-05-19,M103,70.2,4.02,6,0
2025-05-19,M104,68.0,4.02,36,0
2025-05-19,M201,68.9,5.15,9,0
2025-05-19,M202,62.8,3.8,6,0
2025-05-19,M203,64.6,3.96,43,0
2025-05-19,M204,68.2,3.23,26,0
2025-05-19,M301,73.9,4.01,22,0
2025-05-19,M302,84.6,15.33,106,1
2025-05-19,M303,65.0,3.34,39,0
2025-05-19,M304,60.6,4.31,0,0
2025-05-19,M401,72.1,4.94,40,0
2025-05-19,M402,65.6,5.15,24,0
2025-05-19,M403,68.0,4.79,37,0
2025-05-19,M404,62.1,5.71,21,0
2025-05-20,M101,67.5,4.49,26,0
2025-05-20,M102,59.4,5.78,37,0
2025-05-20,M103,80.9,6.03,0,0
2025-05-20,M104,67.6,4.21,22,0
2025-05-20,M201,67.2,4.89,24,0
2025-05-20,M202,62.2,5.81,33,0
2025-05-20,M203,64.7,5.24,32,0
2025-05-20,M204,66.7,5.29,22,0
2025-05-20,M301,64.8,4.25,0,0
2025-05-20,M302,75.9,12.45,79,0
2025-05-20,M303,73.3,6.71,9,0
2025-05-20,M304,62.6,3.73,27,0
2025-05-20,M401,70.4,3.26,32,0
2025-05-20,M402,81.3,5.64,24,0
2025-05-20,M403,59.8,4.77,33,0
2025-05-20,M404,67.5,3.89,32,0
2025-05-21,M101,68.7,4.69,12,0
2025-05-21,M102,71.9,4.62,7,0
2025-05-21,M103,78.6,2.8,27,0
2025-05-21,M104,62.6,5.18,35,0
2025-05-21,M201,62.9,6.27,45,0
2025-05-21,M202,78.8,4.03,43,0
2025-05-21,M203,67.1,3.24,9,0
2025-05-21,M204,75.1,2.33,25,0
2025-05-21,M301,64.5,3.06,26,0
2025-05-21,M302,83.3,10.1,100,1
2025-05-21,M303,69.9,4.36,13,0
2025-05-21,M304,76.8,4.06,14,0
2025-05-21,M401,65.7,5.05,34,0
2025-05-21,M402,70.0,4.31,21,0
2025-05-21,M403,63.2,5.14,24,0
2025-05-21,M404,59.4,5.26,25,0
2025-05-22,M101,63.0,2.36,29,0
2025-05-22,M102,68.8,4.93,13,0
2025-05-22,M103,73.7,4.12,51,0
2025-05-22,M104,72.9,5.85,25,0
2025-05-22,M201,67.6,4.59,47,0
2025-05-22,M202,78.0,3.1,0,0
2025-05-22,M203,76.9,4.98,33,0
2025-05-22,M204,66.6,2.85,19,0
2025-05-22,M301,60.8,5.24,14,0
2025-05-22,M302,78.5,10.17,97,1
2025-05-22,M303,67.7,2.8,1,0
2025-05-22,M304,70.6,5.0,21,0
2025-05-22,M401,81.5,2.89,1,0
2025-05-22,M402,64.0,5.73,36,0
2025-05-22,M403,75.9,4.26,24,0
2025-05-22,M404,67.0,4.9,32,0
2025-05-23,M101,68.3,5.29,29,0
2025-05-23,M102,61.5,3.76,23,0
2025-05-23,M103,53.6,4.46,26,0
2025-05-23,M104,71.0,4.27,7,0
2025-05-23,M201,71.3,5.14,18,0
2025-05-23,M202,77.2,5.09,21,0
2025-05-23,M203,66.6,3.77,47,0
2025-05-23,M204,61.4,3.66,19,0
2025-05-23,M301,76.3,5.28,0,0
2025-05-23,M302,83.8,11.41,73,0
2025-05-23,M303,62.2,4.63,3,0
2025-05-23,M304,75.5,3.96,13,0
2025-05-23,M401,65.1,4.51,13,0
2025-05-23,M402,61.5,4.0,20,0
2025-05-23,M403,69.1,3.69,36,0
2025-05-23,M404,67.7,4.35,25,0
2025-05-24,M101,70.7,4.29,32,0
2025-05-24,M102,59.0,2.93,23,0
2025-05-24,M103,64.3,5.14,36,0
2025-05-24,M104,73.8,4.38,0,0
2025-05-24,M201,76.9,5.21,42,0
2025-05-24,M202,76.9,3.28,38,0
2025-05-24,M203,65.8,3.01,22,0
2025-05-24,M204,78.9,5.36,0,0
2025-05-24,M301,67.6,4.39,38,0
2025-05-24,M302,73.8,12.27,90,0
2025-05-24,M303,62.6,4.56,12,0
2025-05-24,M304,74.7,2.98,34,0
2025-05-24,M401,72.6,6.62,2,0
2025-05-24,M402,62.5,5.33,16,0
2025-05-24,M403,69.2,3.41,17,0
2025-05-24,M404,58.3,5.86,41,0
2025-05-25,M101,63.6,3.71,44,0
2025-05-25,M102,74.9,4.44,0,0
2025-05-25,M103,74.3,2.59,0,0
2025-05-25,M104,67.7,6.42,20,0
2025-05-25,M201,65.8,5.41,29,0
2025-05-25,M202,69.4,4.01,1,0
2025-05-25,M203,62.0,4.41,18,0
2025-05-25,M204,73.3,3.6,34,0
2025-05-25,M301,62.9,4.17,18,0
2025-05-25,M302,76.2,11.54,78,0
2025-05-25,M303,63.6,3.5,41,0
2025-05-25,M304,60.7,4.09,7,0
2025-05-25,M401,71.9,3.73,50,0
2025-05-25,M402,67.1,3.97,41,0
2025-05-25,M403,74.2,5.85,58,0
2025-05-25,M404,68.1,4.59,35,0
2025-05-26,M101,62.3,2.66,15,0
2025-05-26,M102,74.7,3.82,51,0
2025-05-26,M103,56.6,4.94,37,0
2025-05-26,M104,54.6,5.23,39,0
2025-05-26,M201,56.2,5.27,3,0
2025-05-26,M202,63.7,5.83,9,0
2025-05-26,M203,66.9,5.49,20,0
2025-05-26,M204,66.6,4.3,30,0
2025-05-26,M301,70.1,4.61,17,0
2025-05-26,M302,86.8,10.72,89,0
2025-05-26,M303,53.0,3.41,26,0
2025-05-26,M304,63.6,4.23,41,0
2025-05-26,M401,62.8,4.68,17,0
2025-05-26,M402,69.8,5.47,9,0
2025-05-26,M403,68.9,4.81,12,0
2025-05-26,M404,60.1,3.57,32,0
2025-05-27,M101,74.7,4.16,21,0
2025-05-27,M102,71.3,4.64,39,0
2025-05-27,M103,74.1,5.05,20,0
2025-05-27,M104,66.7,4.14,0,0
2025-05-27,M201,62.7,4.95,0,0
2025-05-27,M202,78.0,3.27,36,0
2025-05-27,M203,71.0,4.29,32,0
2025-05-27,M204,66.7,6.05,15,0
2025-05-27,M301,83.0,4.16,26,0
2025-05-27,M302,85.3,12.88,67,0
2025-05-27,M303,71.6,3.82,5,0
2025-05-27,M304,71.0,3.87,31,0
2025-05-27,M401,72.1,5.05,20,0
2025-05-27,M402,72.2,3.58,0,0
2025-05-27,M403,59.2,4.67,15,0
2025-05-27,M404,77.9,2.46,25,0
2025-05-28,M101,67.9,4.36,19,0
2025-05-28,M102,62.4,6.68,36,0
2025-05-28,M103,61.7,4.53,29,0
2025-05-28,M104,58.9,5.26,12,0
2025-05-28,M201,68.0,4.58,23,0
2025-05-28,M202,74.8,3.74,15,0
2025-05-28,M203,56.3,4.94,10,0
2025-05-28,M204,64.2,3.59,27,0
2025-05-28,M301,67.6,3.79,16,0
2025-05-28,M302,86.5,10.66,75,0
2025-05-28,M303,71.7,5.24,55,0
2025-05-28,M304,73.7,4.0,11,0
2025-05-28,M401,63.4,3.69,37,0
2025-05-28,M402,72.7,4.85,9,0
2025-05-28,M403,66.8,3.27,29,0
2025-05-28,M404,65.5,4.6,19,0
2025-05-29,M101,62.0,4.65,9,0
2025-05-29,M102,62.0,4.14,19,0
2025-05-29,M103,66.6,5.42,19,0
2025-05-29,M104,82.6,3.17,56,0
2025-05-29,M201,67.4,3.72,43,0
2025-05-29,M202,68.6,6.1,30,0
2025-05-29,M203,68.1,2.0,11,0
2025-05-29,M204,63.6,4.7,6,0
2025-05-29,M301,68.8,5.05,4,0
2025-05-29,M302,92.3,7.97,68,0
2025-05-29,M303,64.3,3.9,43,0
2025-05-29,M304,68.6,4.22,32,0
2025-05-29,M401,61.2,4.88,12,0
2025-05-29,M402,66.6,3.61,17,0
2025-05-29,M403,70.9,5.54,26,0
2025-05-29,M404,68.1,4.64,8,0
2025-05-30,M101,61.6,4.63,36,0
2025-05-30,M102,70.1,2.46,27,0
2025-05-30,M103,73.3,4.32,25,0
2025-05-30,M104,68.5,4.04,20,0
2025-05-30,M201,67.6,3.28,22,0
2025-05-30,M202,69.2,6.14,20,0
2025-05-30,M203,76.3,5.42,12,0
2025-05-30,M204,64.8,6.26,24,0
2025-05-30,M301,68.5,6.13,36,0
2025-05-30,M302,82.1,11.37,96,1
2025-05-30,M303,59.9,3.11,10,0
2025-05-30,M304,69.2,4.99,7,0
2025-05-30,M401,57.0,6.33,46,0
2025-05-30,M402,61.0,3.22,13,0
2025-05-30,M403,72.2,2.85,24,0
2025-05-30,M404,66.4,5.45,17,0
2025-05-31,M101,72.9,4.86,23,0
2025-05-31,M102,56.9,4.93,19,0
2025-05-31,M103,70.1,6.0,14,0
2025-05-31,M104,68.6,2.58,24,0
2025-05-31,M201,64.2,4.65,70,0
2025-05-31,M202,63.9,5.32,32,0
2025-05-31,M203,73.3,5.31,22,0
2025-05-31,M204,66.3,6.46,27,0
2025-05-31,M301,62.7,5.55,45,0
2025-05-31,M302,85.4,9.57,95,1
2025-05-31,M303,64.5,4.17,25,0
2025-05-31,M304,68.4,3.4,17,0
2025-05-31,M401,68.5,3.02,18,0
2025-05-31,M402,60.5,5.69,20,0
2025-05-31,M403,71.3,4.29,16,0
2025-05-31,M404,90.1,4.16,0,0
2025-06-01,M101,58.8,4.64,26,0
2025-06-01,M102,70.0,3.04,23,0
2025-06-01,M103,60.9,5.2,28,0
2025-06-01,M104,64.8,2.0,23,0
2025-06-01,M201,58.5,3.24,37,0
2025-06-01,M202,68.8,5.12,3,0
2025-06-01,M203,78.1,5.43,19,0
2025-06-01,M204,71.2,6.42,28,0
2025-06-01,M301,70.6,5.56,33,0
2025-06-01,M302,80.8,14.57,91,1
2025-06-01,M303,71.5,5.76,13,0
2025-06-01,M304,66.0,4.58,31,0
2025-06-01,M401,63.3,3.54,12,0
2025-06-01,M402,60.5,4.5,1,0
2025-06-01,M403,69.1,4.64,23,0
2025-06-01,M404,68.8,4.45,62,0
2025-06-02,M101,74.1,4.12,26,0
2025-06-02,M102,70.4,4.45,35,0
2025-06-02,M103,77.6,4.21,26,0
2025-06-02,M104,66.1,4.74,10,0
2025-06-02,M201,75.9,2.39,27,0
2025-06-02,M202,73.9,3.16,27,0
2025-06-02,M203,56.8,5.59,44,0
2025-06-02,M204,62.0,5.0,2,0
2025-06-02,M301,72.4,5.32,27,0
2025-06-02,M302,87.9,12.33,63,0
2025-06-02,M303,71.8,4.18,15,0
2025-06-02,M304,80.3,5.08,12,0
2025-06-02,M401,70.6,6.31,34,0
2025-06-02,M402,68.7,4.83,1,0
2025-06-02,M403,66.1,4.6,16,0
2025-06-02,M404,73.5,2.12,8,0
2025-06-03,M101,69.1,6.23,10,0
2025-06-03,M102,72.1,5.6,17,0
2025-06-03,M103,60.3,4.47,42,0
2025-06-03,M104,68.6,3.4,29,0
2025-06-03,M201,62.4,4.44,33,0
2025-06-03,M202,65.7,3.13,17,0
2025-06-03,M203,72.6,4.22,44,0
2025-06-03,M204,65.4,5.03,28,0
2025-06-03,M301,63.8,3.65,7,0
2025-06-03,M302,87.8,10.71,77,0
2025-06-03,M303,53.9,2.04,19,0
2025-06-03,M304,59.9,4.74,36,0
2025-06-03,M401,68.4,3.28,0,0
2025-06-03,M402,65.8,4.16,20,0
2025-06-03,M403,69.6,3.53,41,0
2025-06-03,M404,62.8,3.32,14,0
2025-06-04,M101,67.2,5.91,35,0
2025-06-04,M102,66.6,6.21,46,0
2025-06-04,M103,62.3,4.09,19,0
2025-06-04,M104,73.2,6.23,9,0
2025-06-04,M201,78.9,5.19,20,0
2025-06-04,M202,65.1,2.94,23,0
2025-06-04,M203,57.6,5.46,30,0
2025-06-04,M204,61.8,5.74,32,0
2025-06-04,M301,67.0,4.15,5,0
2025-06-04,M302,72.4,8.58,91,1
2025-06-04,M303,68.3,4.53,0,0
2025-06-04,M304,73.2,4.49,31,0
2025-06-04,M401,67.7,5.55,0,0
2025-06-04,M402,63.0,6.51,26,0
2025-06-04,M403,60.9,4.42,19,0
2025-06-04,M404,60.0,5.37,33,0
2025-06-05,M101,58.4,4.41,16,0
2025-06-05,M102,67.6,3.09,6,0
2025-06-05,M103,65.6,4.04,10,0
2025-06-05,M104,74.0,5.25,30,0
2025-06-05,M201,70.1,4.27,49,0
2025-06-05,M202,60.5,4.01,26,0
2025-06-05,M203,71.7,4.19,31,0
2025-06-05,M204,67.0,4.09,66,0
2025-06-05,M301,71.6,2.82,43,0
2025-06-05,M302,74.6,13.43,89,0
2025-06-05,M303,62.1,1.05,30,0
2025-06-05,M304,62.7,4.4,12,0
2025-06-05,M401,72.7,3.73,14,0
2025-06-05,M402,61.6,5.07,6,0
2025-06-05,M403,74.2,4.88,40,0
2025-06-05,M404,57.3,3.5,39,0
2025-06-06,M101,55.5,4.3,32,0
2025-06-06,M102,71.9,6.59,44,0
2025-06-06,M103,72.7,3.53,23,0
2025-06-06,M104,73.5,3.38,22,0
2025-06-06,M201,57.5,3.01,29,0
2025-06-06,M202,71.1,3.56,17,0
2025-06-06,M203,63.9,3.8,26,0
2025-06-06,M204,61.1,3.97,43,0
2025-06-06,M301,64.5,5.26,24,0
2025-06-06,M302,80.5,10.77,97,1
2025-06-06,M303,70.9,4.27,23,0
2025-06-06,M304,66.3,5.14,4,0
2025-06-06,M401,68.4,5.73,5,0
2025-06-06,M402,77.5,4.33,16,0
2025-06-06,M403,68.0,4.54,47,0
2025-06-06,M404,64.6,4.96,16,0
2025-06-07,M101,71.6,4.91,31,0
2025-06-07,M102,63.2,4.88,4,0
2025-06-07,M103,69.8,5.35,0,0
2025-06-07,M104,70.5,4.39,37,0
2025-06-07,M201,64.9,3.84,14,0
2025-06-07,M202,68.9,5.08,0,0
2025-06-07,M203,70.1,3.62,27,0
2025-06-07,M204,68.9,2.84,21,0
2025-06-07,M301,60.7,4.59,23,0
2025-06-07,M302,73.5,10.83,83,0
2025-06-07,M303,56.9,4.47,34,0
2025-06-07,M304,65.5,3.96,1,0
2025-06-07,M401,69.0,3.6,30,0
2025-06-07,M402,70.0,5.79,24,0
2025-06-07,M403,73.0,3.94,8,0
2025-06-07,M404,68.8,5.74,35,0
2025-06-08,M101,71.5,3.53,42,0
2025-06-08,M102,73.2,6.52,7,0
2025-06-08,M103,76.2,5.05,19,0
2025-06-08,M104,67.3,4.9,10,0
2025-06-08,M201,72.2,3.55,17,0
2025-06-08,M202,63.5,5.49,28,0
2025-06-08,M203,56.2,4.88,35,0
2025-06-08,M204,73.7,4.62,22,0
2025-06-08,M301,65.1,4.89,32,0
2025-06-08,M302,81.7,11.26,54,0
2025-06-08,M303,68.4,2.49,17,0
2025-06-08,M304,70.2,5.27,10,0
2025-06-08,M401,58.7,5.97,15,0
2025-06-08,M402,63.1,4.79,7,0
2025-06-08,M403,62.0,5.42,53,0
2025-06-08,M404,64.7,3.76,18,0
2025-06-09,M101,65.7,6.43,17,0
2025-06-09,M102,73.9,6.12,33,0
2025-06-09,M103,61.8,3.59,17,0
2025-06-09,M104,64.4,5.3,43,0
2025-06-09,M201,58.7,4.14,20,0
2025-06-09,M202,62.7,3.83,36,0
2025-06-09,M203,67.1,4.59,5,0
2025-06-09,M204,72.7,3.94,6,0
2025-06-09,M301,66.7,5.35,10,0
2025-06-09,M302,88.3,12.93,63,0
2025-06-09,M303,66.1,3.15,34,0
2025-06-09,M304,60.5,4.33,52,0
2025-06-09,M401,88.1,5.09,33,0
2025-06-09,M402,72.9,3.42,15,0
2025-06-09,M403,73.7,4.3,18,0
2025-06-09,M404,72.4,4.23,11,0
2025-06-10,M101,65.8,4.88,20,0
2025-06-10,M102,65.8,3.59,35,0
2025-06-10,M103,70.4,3.73,5,0
2025-06-10,M104,60.8,3.99,0,0
2025-06-10,M201,66.5,4.27,21,0
2025-06-10,M202,62.8,4.12,2,0
2025-06-10,M203,71.5,5.68,40,0
2025-06-10,M204,61.3,4.99,38,0
2025-06-10,M301,61.4,4.53,8,0
2025-06-10,M302,78.1,13.47,89,0
2025-06-10,M303,68.8,3.41,40,0
2025-06-10,M304,69.5,5.18,0,0
2025-06-10,M401,67.6,3.99,4,0
2025-06-10,M402,69.5,5.59,58,0
2025-06-10,M403,73.8,3.79,13,0
2025-06-10,M404,69.8,3.5,34,0
2025-06-11,M101,65.9,4.68,1,0
2025-06-11,M102,73.5,3.04,16,0
2025-06-11,M103,64.6,5.73,28,0
2025-06-11,M104,61.2,6.09,16,0
2025-06-11,M201,64.7,5.2,31,0
2025-06-11,M202,69.2,4.6,31,0
2025-06-11,M203,71.2,4.96,17,0
2025-06-11,M204,66.5,4.52,17,0
2025-06-11,M301,64.2,4.4,3,0
2025-06-11,M302,80.1,14.58,62,0
2025-06-11,M303,63.1,3.67,23,0
2025-06-11,M304,74.3,4.26,14,0
2025-06-11,M401,73.0,4.58,9,0
2025-06-11,M402,68.0,3.54,1,0
2025-06-11,M403,60.0,6.41,0,0
2025-06-11,M404,71.7,5.25,15,0
2025-06-12,M101,78.5,3.66,27,0
2025-06-12,M102,72.1,3.31,40,0
2025-06-12,M103,68.4,3.01,33,0
2025-06-12,M104,65.9,4.59,30,0
2025-06-12,M201,72.5,4.57,28,0
2025-06-12,M202,61.1,2.97,44,0
2025-06-12,M203,60.3,5.26,26,0
2025-06-12,M204,74.4,5.03,10,0
2025-06-12,M301,77.2,3.79,2,0
2025-06-12,M302,82.0,8.16,118,1
2025-06-12,M303,66.0,4.99,34,0
2025-06-12,M304,67.8,4.73,48,0
2025-06-12,M401,74.7,5.44,0,0
2025-06-12,M402,70.3,2.98,40,0
2025-06-12,M403,66.5,4.4,23,0
2025-06-12,M404,81.2,3.68,21,0
2025-06-13,M101,69.6,5.8,11,0
2025-06-13,M102,62.0,4.6,22,0
2025-06-13,M103,63.0,4.95,37,0
2025-06-13,M104,71.3,6.46,47,0
2025-06-13,M201,69.7,3.27,31,0
2025-06-13,M202,66.9,5.01,48,0
2025-06-13,M203,66.3,6.55,31,0
2025-06-13,M204,65.3,6.9,37,0
2025-06-13,M301,67.1,4.58,34,0
2025-06-13,M302,84.6,11.16,87,0
2025-06-13,M303,62.2,3.92,4,0
2025-06-13,M304,65.3,5.56,15,0
2025-06-13,M401,63.8,4.19,15,0
2025-06-13,M402,72.1,3.63,46,0
2025-06-13,M403,53.9,5.75,46,0
2025-06-13,M404,74.7,4.84,16,0
2025-06-14,M101,59.4,3.76,9,0
2025-06-14,M102,69.5,4.2,38,0
2025-06-14,M103,71.9,3.3,57,0
2025-06-14,M104,58.2,5.28,44,0
2025-06-14,M201,63.1,3.59,37,0
2025-06-14,M202,60.3,4.22,23,0
2025-06-14,M203,72.4,4.14,38,0
2025-06-14,M204,70.4,5.61,40,0
2025-06-14,M301,64.2,4.83,28,0
2025-06-14,M302,83.0,10.02,93,1
2025-06-14,M303,75.2,4.81,30,0
2025-06-14,M304,71.1,4.49,40,0
2025-06-14,M401,71.5,5.63,49,0
2025-06-14,M402,65.2,4.6,26,0
2025-06-14,M403,62.2,4.0,38,0
2025-06-14,M404,85.2,6.11,22,0
2025-06-15,M101,65.9,3.81,28,0
2025-06-15,M102,61.4,3.71,40,0
2025-06-15,M103,72.5,3.82,33,0
2025-06-15,M104,68.8,3.11,33,0
2025-06-15,M201,55.8,3.58,13,0
2025-06-15,M202,60.3,6.22,40,0
2025-06-15,M203,73.5,5.3,16,0
2025-06-15,M204,66.3,4.0,19,0
2025-06-15,M301,73.4,3.84,45,0
2025-06-15,M302,85.7,9.16,94,1
2025-06-15,M303,61.6,4.78,0,0
2025-06-15,M304,75.3,4.92,61,0
2025-06-15,M401,70.0,6.08,30,0
2025-06-15,M402,67.6,3.47,39,0
2025-06-15,M403,69.7,5.19,25,0
2025-06-15,M404,74.0,4.41,28,0
2025-06-16,M101,70.6,3.23,2,0
2025-06-16,M102,60.7,5.94,50,0
2025-06-16,M103,64.7,4.1,2,0
2025-06-16,M104,65.8,5.62,24,0
2025-06-16,M201,77.6,5.05,13,0
2025-06-16,M202,71.5,4.51,18,0
2025-06-16,M203,66.7,5.44,48,0
2025-06-16,M204,64.3,5.59,26,0
2025-06-16,M301,63.5,3.72,8,0
2025-06-16,M302,78.1,8.38,62,0
2025-06-16,M303,64.7,4.2,42,0
2025-06-16,M304,65.9,6.18,0,0
2025-06-16,M401,66.0,5.29,37,0
2025-06-16,M402,63.9,5.5,37,0
2025-06-16,M403,64.3,4.81,35,0
2025-06-16,M404,68.9,6.19,12,0
2025-06-17,M101,61.6,3.25,26,0
2025-06-17,M102,72.8,4.21,1,0
2025-06-17,M103,65.9,4.86,41,0
2025-06-17,M104,68.7,5.63,25,0
2025-06-17,M201,75.4,6.61,17,0
2025-06-17,M202,60.1,4.98,16,0
2025-06-17,M203,78.4,3.47,41,0
2025-06-17,M204,72.7,4.59,27,0
2025-06-17,M301,69.7,4.57,41,0
2025-06-17,M302,81.3,6.26,109,1
2025-06-17,M303,64.2,4.1,0,0
2025-06-17,M304,70.0,3.73,13,0
2025-06-17,M401,60.2,4.62,4,0
2025-06-17,M402,77.0,3.2,52,0
2025-06-17,M403,68.8,3.65,0,0
2025-06-17,M404,72.4,4.55,29,0
2025-06-18,M101,69.8,4.95,8,0
2025-06-18,M102,69.8,5.35,14,0
2025-06-18,M103,60.0,3.95,54,0
2025-06-18,M104,78.8,5.66,0,0
2025-06-18,M201,58.2,3.36,27,0
2025-06-18,M202,74.2,3.15,38,0
2025-06-18,M203,74.3,4.74,36,0
2025-06-18,M204,67.9,3.82,4,0
2025-06-18,M301,71.3,3.92,30,0
2025-06-18,M302,85.9,12.08,76,0
2025-06-18,M303,78.1,5.02,34,0
2025-06-18,M304,61.3,4.83,15,0
2025-06-18,M401,78.0,5.63,30,0
2025-06-18,M402,66.4,2.47,38,0
2025-06-18,M403,73.4,4.15,13,0
2025-06-18,M404,69.0,5.11,7,0
2025-06-19,M101,74.6,5.21,27,0
2025-06-19,M102,69.1,4.21,0,0
2025-06-19,M103,74.6,4.68,29,0
2025-06-19,M104,62.5,2.55,21,0
2025-06-19,M201,72.2,3.29,23,0
2025-06-19,M202,67.1,4.8,14,0
2025-06-19,M203,64.7,5.43,35,0
2025-06-19,M204,65.4,3.88,0,0
2025-06-19,M301,62.9,2.76,56,0
2025-06-19,M302,79.5,10.85,58,0
2025-06-19,M303,68.2,6.1,30,0
2025-06-19,M304,67.1,5.81,35,0
2025-06-19,M401,64.6,4.72,13,0
2025-06-19,M402,60.5,4.29,33,0
2025-06-19,M403,62.6,4.58,19,0
2025-06-19,M404,63.5,4.12,0,0
2025-06-20,M101,54.3,3.4,20,0
2025-06-20,M102,67.3,4.69,38,0
2025-06-20,M103,58.7,5.0,17,0
2025-06-20,M104,60.1,4.5,35,0
2025-06-20,M201,85.1,4.03,21,0
2025-06-20,M202,55.1,4.72,0,0
2025-06-20,M203,66.3,5.23,62,0
2025-06-20,M204,63.2,4.16,31,0
2025-06-20,M301,64.3,1.96,40,0
2025-06-20,M302,83.2,12.28,106,1
2025-06-20,M303,70.8,4.68,34,0
2025-06-20,M304,55.3,3.21,5,0
2025-06-20,M401,72.9,5.27,19,0
2025-06-20,M402,67.3,4.9,9,0
2025-06-20,M403,73.5,4.05,15,0
2025-06-20,M404,67.8,7.01,41,0
2025-06-21,M101,59.6,5.76,50,0
2025-06-21,M102,75.1,5.72,36,0
2025-06-21,M103,80.2,5.31,21,0
2025-06-21,M104,71.0,4.84,18,0
2025-06-21,M201,70.4,5.47,26,0
2025-06-21,M202,63.1,4.59,15,0
2025-06-21,M203,66.7,3.1,47,0
2025-06-21,M204,70.3,1.07,30,0
2025-06-21,M301,62.7,2.63,12,0
2025-06-21,M302,84.5,10.36,107,1
2025-06-21,M303,69.9,2.76,15,0
2025-06-21,M304,68.7,3.57,55,0
2025-06-21,M401,73.6,3.75,8,0
2025-06-21,M402,61.1,3.85,30,0
2025-06-21,M403,66.1,4.57,15,0
2025-06-21,M404,65.1,3.7,40,0
2025-06-22,M101,77.7,4.36,23,0
2025-06-22,M102,58.5,5.39,36,0
2025-06-22,M103,61.0,3.84,42,0
2025-06-22,M104,62.2,4.58,9,0
2025-06-22,M201,73.9,6.18,35,0
2025-06-22,M202,63.9,5.28,22,0
2025-06-22,M203,78.7,4.1,22,0
2025-06-22,M204,62.5,3.16,16,0
2025-06-22,M301,69.9,5.56,52,0
2025-06-22,M302,84.5,12.16,93,1
2025-06-22,M303,68.0,5.28,0,0
2025-06-22,M304,67.0,4.81,31,0
2025-06-22,M401,57.4,4.66,14,0
2025-06-22,M402,67.0,5.48,7,0
2025-06-22,M403,67.5,3.75,48,0
2025-06-22,M404,80.9,4.19,36,0
2025-06-23,M101,72.2,4.91,19,0
2025-06-23,M102,80.0,2.93,25,0
2025-06-23,M103,68.1,4.66,26,0
2025-06-23,M104,72.7,4.1,29,0
2025-06-23,M201,70.8,4.17,0,0
2025-06-23,M202,59.2,6.63,19,0
2025-06-23,M203,71.2,5.18,51,0
2025-06-23,M204,72.2,6.22,36,0
2025-06-23,M301,67.8,3.98,29,0
2025-06-23,M302,77.6,9.06,101,1
2025-06-23,M303,62.4,4.25,29,0
2025-06-23,M304,59.4,2.53,19,0
2025-06-23,M401,76.9,5.21,7,0
2025-06-23,M402,56.1,4.49,25,0
2025-06-23,M403,60.2,4.64,23,0
2025-06-23,M404,66.7,4.59,19,0
2025-06-24,M101,69.5,4.53,17,0
2025-06-24,M102,64.8,4.41,32,0
2025-06-24,M103,76.7,3.44,14,0
2025-06-24,M104,75.7,5.46,43,0
2025-06-24,M201,68.5,4.03,29,0
2025-06-24,M202,68.6,5.16,20,0
2025-06-24,M203,71.9,4.57,32,0
2025-06-24,M204,69.4,4.59,26,0
2025-06-24,M301,62.2,6.15,0,0
2025-06-24,M302,79.2,12.0,89,0
2025-06-24,M303,65.3,5.13,25,0
2025-06-24,M304,69.3,5.19,34,0
2025-06-24,M401,74.0,6.22,44,0
2025-06-24,M402,65.2,7.07,22,0
2025-06-24,M403,68.1,5.36,21,0
2025-06-24,M404,59.2,3.51,34,0
2025-06-25,M101,65.4,4.4,24,0
2025-06-25,M102,63.5,2.74,0,0
2025-06-25,M103,67.9,5.04,29,0
2025-06-25,M104,57.2,3.62,30,0
2025-06-25,M201,64.7,2.1,21,0
2025-06-25,M202,77.9,5.51,27,0
2025-06-25,M203,66.5,3.95,32,0
2025-06-25,M204,73.1,5.88,21,0
2025-06-25,M301,67.5,3.42,18,0
2025-06-25,M302,79.7,10.45,43,0
2025-06-25,M303,66.4,2.96,0,0
2025-06-25,M304,69.5,4.2,21,0
2025-06-25,M401,67.8,3.62,51,0
2025-06-25,M402,63.0,5.79,0,0
2025-06-25,M403,61.6,5.19,21,0
2025-06-25,M404,71.9,2.66,35,0
2025-06-26,M101,61.3,4.74,17,0
2025-06-26,M102,63.5,4.45,5,0
2025-06-26,M103,72.1,5.76,0,0
2025-06-26,M104,70.4,5.99,37,0
2025-06-26,M201,54.5,4.04,15,0
2025-06-26,M202,63.8,4.54,18,0
2025-06-26,M203,64.2,4.48,25,0
2025-06-26,M204,73.4,6.11,35,0
2025-06-26,M301,62.6,4.4,32,0
2025-06-26,M302,93.6,10.97,79,0
2025-06-26,M303,74.8,4.94,48,0
2025-06-26,M304,57.6,4.54,18,0
2025-06-26,M401,66.2,3.63,34,0
2025-06-26,M402,70.7,4.88,0,0
2025-06-26,M403,70.2,5.6,0,0
2025-06-26,M404,65.0,5.84,50,0
2025-06-27,M101,70.4,5.28,46,0
2025-06-27,M102,70.4,5.79,24,0
2025-06-27,M103,70.6,3.88,22,0
2025-06-27,M104,72.6,3.8,21,0
2025-06-27,M201,79.9,6.55,0,0
2025-06-27,M202,75.0,4.24,39,0
2025-06-27,M203,66.6,6.06,14,0
2025-06-27,M204,75.9,4.45,19,0
2025-06-27,M301,64.2,4.42,0,0
2025-06-27,M302,80.6,10.02,76,0
2025-06-27,M303,72.8,4.64,32,0
2025-06-27,M304,72.4,6.76,26,0
2025-06-27,M401,66.4,2.91,19,0
2025-06-27,M402,67.4,3.48,16,0
2025-06-27,M403,71.1,4.0,64,0
2025-06-27,M404,64.2,6.5,47,0
2025-06-28,M101,67.0,4.54,18,0
2025-06-28,M102,70.2,3.52,18,0
2025-06-28,M103,67.6,4.83,28,0
2025-06-28,M104,76.3,5.36,21,0
2025-06-28,M201,70.9,2.65,34,0
2025-06-28,M202,70.8,3.83,19,0
2025-06-28,M203,71.8,5.42,0,0
2025-06-28,M204,57.0,4.04,41,0
2025-06-28,M301,76.6,6.95,11,0
2025-06-28,M302,85.5,12.54,53,0
2025-06-28,M303,68.1,4.49,33,0
2025-06-28,M304,72.0,3.93,8,0
2025-06-28,M401,70.6,5.17,34,0
2025-06-28,M402,56.7,5.44,46,0
2025-06-28,M403,60.0,2.16,50,0
2025-06-28,M404,58.1,3.41,20,0
2025-06-29,M101,66.6,4.12,10,0
2025-06-29,M102,65.6,4.78,19,0
2025-06-29,M103,77.6,4.76,40,0
2025-06-29,M104,73.3,4.28,52,0
2025-06-29,M201,64.5,3.27,6,0
2025-06-29,M202,56.6,5.94,17,0
2025-06-29,M203,61.7,4.27,0,0
2025-06-29,M204,74.1,3.91,27,0
2025-06-29,M301,65.8,5.19,7,0
2025-06-29,M302,80.0,8.42,61,0
2025-06-29,M303,59.8,1.41,34,0
2025-06-29,M304,64.7,5.19,33,0
2025-06-29,M401,66.1,5.5,36,0
2025-06-29,M402,69.4,4.08,41,0
2025-06-29,M403,68.6,5.54,0,0
2025-06-29,M404,72.3,2.92,24,0
2025-06-30,M101,64.8,6.24,10,0
2025-06-30,M102,73.9,4.4,10,0
2025-06-30,M103,71.7,4.43,26,0
2025-06-30,M104,67.6,4.43,12,0
2025-06-30,M201,74.0,3.64,26,0
2025-06-30,M202,68.3,3.33,2,0
2025-06-30,M203,69.9,3.73,25,0
2025-06-30,M204,61.0,2.36,35,0
2025-06-30,M301,64.7,4.48,15,0
2025-06-30,M302,84.1,11.23,97,1
2025-06-30,M303,68.9,4.75,41,0
2025-06-30,M304,61.2,6.79,39,0
2025-06-30,M401,68.3,4.32,30,0
2025-06-30,M402,59.8,5.19,36,0
2025-06-30,M403,64.4,5.78,17,0
2025-06-30,M404,66.4,3.9,37,0
2025-07-01,M101,57.2,3.84,18,0
2025-07-01,M102,66.4,3.66,6,0
2025-07-01,M103,75.5,5.16,33,0
2025-07-01,M104,68.1,5.53,17,0
2025-07-01,M201,60.7,4.47,0,0
2025-07-01,M202,71.1,4.33,22,0
2025-07-01,M203,71.1,4.96,0,0
2025-07-01,M204,74.4,4.68,34,0
2025-07-01,M301,62.7,4.36,43,0
2025-07-01,M302,84.0,11.39,124,1
2025-07-01,M303,57.8,4.71,11,0
2025-07-01,M304,66.1,4.43,41,0
2025-07-01,M401,76.4,4.9,46,0
2025-07-01,M402,58.9,4.93,27,0
2025-07-01,M403,62.9,3.87,20,0
2025-07-01,M404,77.1,4.75,53,0
2025-07-02,M101,63.6,4.74,36,0
2025-07-02,M102,73.5,5.96,1,0
2025-07-02,M103,66.7,5.0,13,0
2025-07-02,M104,58.5,3.37,8,0
2025-07-02,M201,55.0,5.27,43,0
2025-07-02,M202,69.7,6.34,24,0
2025-07-02,M203,69.2,3.03,44,0
2025-07-02,M204,76.0,5.64,43,0
2025-07-02,M301,64.3,3.85,21,0
2025-07-02,M302,88.8,12.67,50,0
2025-07-02,M303,70.1,5.45,19,0
2025-07-02,M304,65.8,4.38,34,0
2025-07-02,M401,65.4,4.98,26,0
2025-07-02,M402,63.9,4.69,65,0
2025-07-02,M403,64.6,4.25,14,0
2025-07-02,M404,68.0,5.32,35,0
2025-07-03,M101,67.0,5.53,36,0
2025-07-03,M102,69.0,2.97,37,0
2025-07-03,M103,72.5,4.52,18,0
2025-07-03,M104,60.6,4.85,21,0
2025-07-03,M201,69.5,5.57,34,0
2025-07-03,M202,66.6,1.84,24,0
2025-07-03,M203,72.3,3.88,36,0
2025-07-03,M204,61.9,4.94,40,0
2025-07-03,M301,64.3,4.05,26,0
2025-07-03,M302,92.1,9.6,127,1
2025-07-03,M303,65.6,4.41,42,0
2025-07-03,M304,60.3,5.51,22,0
2025-07-03,M401,69.7,0.97,20,0
2025-07-03,M402,74.0,5.83,25,0
2025-07-03,M403,74.3,4.05,19,0
2025-07-03,M404,65.6,2.04,25,0
2025-07-04,M101,71.1,5.86,17,0
2025-07-04,M102,67.2,5.42,2,0
2025-07-04,M103,72.1,4.07,39,0
2025-07-04,M104,74.2,4.27,9,0
2025-07-04,M201,58.8,4.43,0,0
2025-07-04,M202,79.2,4.94,5,0
2025-07-04,M203,69.0,3.56,24,0
2025-07-04,M204,69.1,3.77,0,0
2025-07-04,M301,67.3,3.75,26,0
2025-07-04,M302,81.0,10.3,51,0
2025-07-04,M303,70.5,4.91,17,0
2025-07-04,M304,69.9,4.32,5,0
2025-07-04,M401,64.6,4.29,26,0
2025-07-04,M402,66.6,3.84,27,0
2025-07-04,M403,71.3,6.22,36,0
2025-07-04,M404,63.2,4.32,0,0
2025-07-05,M101,67.8,3.85,20,0
2025-07-05,M102,75.0,5.16,29,0
2025-07-05,M103,70.1,4.19,28,0
2025-07-05,M104,72.8,4.75,44,0
2025-07-05,M201,67.9,3.18,23,0
2025-07-05,M202,62.1,6.65,20,0
2025-07-05,M203,67.6,4.94,32,0
2025-07-05,M204,62.9,4.28,39,0
2025-07-05,M301,74.6,4.16,17,0
2025-07-05,M302,86.2,13.81,106,1
2025-07-05,M303,61.4,4.51,47,0
2025-07-05,M304,66.5,5.25,18,0
2025-07-05,M401,65.4,5.23,22,0
2025-07-05,M402,72.6,4.0,0,0
2025-07-05,M403,66.3,3.49,52,0
2025-07-05,M404,72.4,5.81,0,0
2025-07-06,M101,58.8,5.49,44,0
2025-07-06,M102,68.9,3.8,33,0
2025-07-06,M103,77.3,4.79,19,0
2025-07-06,M104,70.7,7.11,26,0
2025-07-06,M201,73.0,4.56,44,0
2025-07-06,M202,61.9,3.43,15,0
2025-07-06,M203,64.4,7.19,34,0
2025-07-06,M204,73.4,3.82,37,0
2025-07-06,M301,69.8,5.3,18,0
2025-07-06,M302,84.8,11.62,88,0
2025-07-06,M303,63.3,5.29,47,0
2025-07-06,M304,66.1,5.13,36,0
2025-07-06,M401,80.7,4.62,20,0
2025-07-06,M402,66.4,4.6,31,0
2025-07-06,M403,74.6,4.02,5,0
2025-07-06,M404,62.6,5.27,20,0
2025-07-07,M101,66.7,4.68,17,0
2025-07-07,M102,69.4,3.24,28,0
2025-07-07,M103,66.0,5.59,22,0
2025-07-07,M104,73.4,2.94,41,0
2025-07-07,M201,60.7,4.53,5,0
2025-07-07,M202,69.7,3.95,39,0
2025-07-07,M203,63.0,3.01,31,0
2025-07-07,M204,72.6,3.98,39,0
2025-07-07,M301,73.3,5.59,24,0
2025-07-07,M302,80.9,11.04,59,0
2025-07-07,M303,60.0,5.95,8,0
2025-07-07,M304,70.8,3.25,64,0
2025-07-07,M401,69.4,4.23,26,0
2025-07-07,M402,67.1,3.86,17,0
2025-07-07,M403,70.1,3.78,19,0
2025-07-07,M404,72.5,3.5,64,0
2025-07-08,M101,63.9,3.23,0,0
2025-07-08,M102,67.3,5.18,32,0
2025-07-08,M103,65.6,3.9,11,0
2025-07-08,M104,76.0,3.49,19,0
2025-07-08,M201,72.6,3.73,34,0
2025-07-08,M202,74.4,3.42,12,0
2025-07-08,M203,80.2,3.57,24,0
2025-07-08,M204,73.0,5.48,26,0
2025-07-08,M301,55.7,4.44,40,0
2025-07-08,M302,85.6,10.65,112,1
2025-07-08,M303,70.3,3.97,18,0
2025-07-08,M304,75.9,3.93,24,0
2025-07-08,M401,66.2,3.67,18,0
2025-07-08,M402,74.8,7.66,34,0
2025-07-08,M403,70.8,5.27,37,0
2025-07-08,M404,70.1,4.87,3,0
2025-07-09,M101,67.6,4.39,33,0
2025-07-09,M102,50.5,5.26,39,0
2025-07-09,M103,69.4,4.07,0,0
2025-07-09,M104,69.2,4.2,45,0
2025-07-09,M201,66.1,4.01,39,0
2025-07-09,M202,77.7,4.0,30,0
2025-07-09,M203,84.5,5.35,33,0
2025-07-09,M204,68.9,3.77,13,0
2025-07-09,M301,78.5,6.02,10,0
2025-07-09,M302,86.0,9.68,72,0
2025-07-09,M303,69.1,5.94,0,0
2025-07-09,M304,66.1,4.39,26,0
2025-07-09,M401,75.0,3.21,48,0
2025-07-09,M402,64.3,4.4,17,0
2025-07-09,M403,72.7,1.91,30,0
2025-07-09,M404,68.8,4.64,23,0
2025-07-10,M101,67.0,3.65,17,0
2025-07-10,M102,66.6,5.2,45,0
2025-07-10,M103,80.1,3.46,25,0
2025-07-10,M104,76.0,3.54,38,0
2025-07-10,M201,71.4,4.14,14,0
2025-07-10,M202,80.4,4.85,35,0
2025-07-10,M203,68.4,4.67,7,0
2025-07-10,M204,66.8,4.74,44,0
2025-07-10,M301,71.3,4.09,4,0
2025-07-10,M302,84.2,10.18,59,0
2025-07-10,M303,77.7,4.53,0,0
2025-07-10,M304,65.5,4.92,26,0
2025-07-10,M401,70.4,4.91,31,0
2025-07-10,M402,80.0,5.57,44,0
2025-07-10,M403,70.2,3.66,16,0
2025-07-10,M404,70.9,3.72,15,0
2025-07-11,M101,66.8,5.4,44,0
2025-07-11,M102,68.1,4.96,28,0
2025-07-11,M103,72.0,3.68,10,0
2025-07-11,M104,67.8,3.67,0,0
2025-07-11,M201,66.3,5.96,0,0
2025-07-11,M202,66.7,5.18,0,0
2025-07-11,M203,65.6,3.36,9,0
2025-07-11,M204,67.6,3.38,6,0
2025-07-11,M301,74.1,6.73,36,0
2025-07-11,M302,83.0,12.65,101,1
2025-07-11,M303,73.0,5.02,61,0
2025-07-11,M304,61.7,4.18,23,0
2025-07-11,M401,68.5,6.85,49,0
2025-07-11,M402,65.4,6.68,34,0
2025-07-11,M403,73.0,5.41,30,0
2025-07-11,M404,76.9,3.13,12,0
2025-07-12,M101,81.3,6.19,46,0
2025-07-12,M102,62.5,5.08,32,0
2025-07-12,M103,66.1,3.92,0,0
2025-07-12,M104,70.3,2.44,41,0
2025-07-12,M201,79.8,2.47,22,0
2025-07-12,M202,57.3,4.37,10,0
2025-07-12,M203,65.4,2.74,33,0
2025-07-12,M204,67.2,4.15,18,0
2025-07-12,M301,59.5,3.27,29,0
2025-07-12,M302,81.7,12.03,128,1
2025-07-12,M303,65.3,4.52,21,0
2025-07-12,M304,70.1,3.49,26,0
2025-07-12,M401,73.6,4.91,25,0
2025-07-12,M402,62.4,4.53,18,0
2025-07-12,M403,63.8,2.95,46,0
2025-07-12,M404,66.3,3.57,18,0
2025-07-13,M101,83.8,6.14,20,0
2025-07-13,M102,73.4,4.56,55,0
2025-07-13,M103,74.7,4.86,48,0
2025-07-13,M104,65.0,5.13,59,0
2025-07-13,M201,78.5,3.51,14,0
2025-07-13,M202,53.9,5.95,17,0
2025-07-13,M203,65.0,4.29,9,0
2025-07-13,M204,79.3,3.45,0,0
2025-07-13,M301,66.7,3.82,46,0
2025-07-13,M302,77.9,10.69,87,0
2025-07-13,M303,73.8,2.88,24,0
2025-07-13,M304,77.0,3.6,27,0
2025-07-13,M401,68.3,4.41,26,0
2025-07-13,M402,62.1,3.82,10,0
2025-07-13,M403,72.8,4.87,36,0
2025-07-13,M404,69.8,4.12,41,0
2025-07-14,M101,63.1,4.57,0,0
2025-07-14,M102,68.6,2.98,34,0
2025-07-14,M103,59.5,3.43,29,0
2025-07-14,M104,71.2,3.46,14,0
2025-07-14,M201,75.9,5.9,16,0
2025-07-14,M202,67.6,4.55,28,0
2025-07-14,M203,72.4,4.3,31,0
2025-07-14,M204,78.0,3.62,22,0
2025-07-14,M301,75.0,4.68,29,0
2025-07-14,M302,78.3,12.86,37,0
2025-07-14,M303,62.5,3.5,23,0
2025-07-14,M304,73.3,5.16,27,0
2025-07-14,M401,66.0,5.45,35,0
2025-07-14,M402,59.8,4.6,18,0
2025-07-14,M403,59.0,5.45,23,0
2025-07-14,M404,55.6,5.04,21,0
2025-07-15,M101,69.3,3.13,14,0
2025-07-15,M102,71.6,5.29,36,0
2025-07-15,M103,72.2,4.47,50,0
2025-07-15,M104,65.6,4.72,33,0
2025-07-15,M201,65.7,4.44,0,0
2025-07-15,M202,68.6,6.26,27,0
2025-07-15,M203,63.3,5.5,30,0
2025-07-15,M204,69.1,4.52,7,0
2025-07-15,M301,64.9,3.66,38,0
2025-07-15,M302,82.5,9.19,74,0
2025-07-15,M303,71.7,5.84,0,0
2025-07-15,M304,63.9,4.12,17,0
2025-07-15,M401,64.8,4.14,34,0
2025-07-15,M402,69.2,6.16,34,0
2025-07-15,M403,76.0,4.33,42,0
2025-07-15,M404,71.8,3.34,14,0
2025-07-16,M101,63.5,5.44,20,0
2025-07-16,M102,68.2,4.58,47,0
2025-07-16,M103,72.7,3.24,26,0
2025-07-16,M104,73.2,4.4,43,0
2025-07-16,M201,56.9,4.44,25,0
2025-07-16,M202,65.6,5.71,20,0
2025-07-16,M203,61.2,3.95,31,0
2025-07-16,M204,64.2,3.52,24,0
2025-07-16,M301,77.6,4.84,16,0
2025-07-16,M302,78.4,14.61,76,0
2025-07-16,M303,63.1,5.21,27,0
2025-07-16,M304,68.0,6.7,39,0
2025-07-16,M401,67.9,6.9,37,0
2025-07-16,M402,71.7,6.78,34,0
2025-07-16,M403,65.5,4.11,25,0
2025-07-16,M404,76.2,5.94,0,0
2025-07-17,M101,66.2,3.62,24,0
2025-07-17,M102,68.0,3.98,35,0
2025-07-17,M103,63.8,3.83,27,0
2025-07-17,M104,65.3,3.96,2,0
2025-07-17,M201,78.9,4.99,25,0
2025-07-17,M202,63.0,7.11,18,0
2025-07-17,M203,74.8,5.63,30,0
2025-07-17,M204,66.9,4.9,22,0
2025-07-17,M301,75.3,4.93,21,0
2025-07-17,M302,74.4,11.22,78,0
2025-07-17,M303,68.3,2.44,8,0
2025-07-17,M304,76.1,3.9,9,0
2025-07-17,M401,62.7,3.27,35,0
2025-07-17,M402,71.7,3.38,15,0
2025-07-17,M403,62.2,3.13,29,0
2025-07-17,M404,81.0,3.72,31,0
2025-07-18,M101,66.1,3.59,35,0
2025-07-18,M102,62.9,4.03,41,0
2025-07-18,M103,77.6,3.35,31,0
2025-07-18,M104,64.3,5.25,3,0
2025-07-18,M201,69.4,5.48,48,0
2025-07-18,M202,67.6,3.92,49,0
2025-07-18,M203,60.8,3.89,13,0
2025-07-18,M204,64.1,7.33,46,0
2025-07-18,M301,70.8,6.23,32,0
2025-07-18,M302,82.0,8.05,75,0
2025-07-18,M303,72.9,5.81,15,0
2025-07-18,M304,62.6,2.44,42,0
2025-07-18,M401,69.3,4.63,31,0
2025-07-18,M402,62.7,4.39,6,0
2025-07-18,M403,67.4,5.5,16,0
2025-07-18,M404,60.1,3.01,37,0
2025-07-19,M101,74.1,5.42,9,0
2025-07-19,M102,77.6,4.51,16,0
2025-07-19,M103,73.5,4.43,19,0
2025-07-19,M104,74.9,3.02,0,0
2025-07-19,M201,68.3,3.66,37,0
2025-07-19,M202,65.5,3.34,34,0
2025-07-19,M203,57.6,3.42,9,0
2025-07-19,M204,67.8,4.9,10,0
2025-07-19,M301,58.9,4.32,10,0
2025-07-19,M302,82.9,12.75,78,0
2025-07-19,M303,73.0,4.65,52,0
2025-07-19,M304,72.8,3.69,30,0
2025-07-19,M401,76.1,3.32,32,0
2025-07-19,M402,75.0,3.64,14,0
2025-07-19,M403,73.3,4.15,10,0
2025-07-19,M404,74.7,5.08,26,0
2025-07-20,M101,79.8,5.7,23,0
2025-07-20,M102,61.8,6.08,0,0
2025-07-20,M103,60.7,2.24,20,0
2025-07-20,M104,57.5,3.69,41,0
2025-07-20,M201,67.5,4.63,26,0
2025-07-20,M202,63.1,4.63,0,0
2025-07-20,M203,78.0,6.04,7,0
2025-07-20,M204,62.3,3.09,2,0
2025-07-20,M301,70.1,5.63,16,0
2025-07-20,M302,80.6,12.16,62,0
2025-07-20,M303,59.0,6.24,29,0
2025-07-20,M304,72.2,3.06,38,0
2025-07-20,M401,77.6,3.58,36,0
2025-07-20,M402,71.3,5.96,49,0
2025-07-20,M403,67.9,4.32,18,0
2025-07-20,M404,75.7,3.62,19,0
2025-07-21,M101,73.0,2.89,1,0
2025-07-21,M102,67.6,4.15,0,0
2025-07-21,M103,72.1,4.3,18,0
2025-07-21,M104,66.7,3.17,25,0
2025-07-21,M201,64.9,4.54,0,0
2025-07-21,M202,79.1,4.52,33,0
2025-07-21,M203,75.6,5.31,31,0
2025-07-21,M204,74.7,4.2,48,0
2025-07-21,M301,70.7,4.05,53,0
2025-07-21,M302,79.1,9.85,77,0
2025-07-21,M303,58.3,5.77,24,0
2025-07-21,M304,65.2,4.71,26,0
2025-07-21,M401,71.8,4.77,24,0
2025-07-21,M402,60.2,5.07,30,0
2025-07-21,M403,67.2,6.62,1,0
2025-07-21,M404,68.8,3.41,30,0
2025-07-22,M101,74.7,4.33,47,0
2025-07-22,M102,77.4,4.17,37,0
2025-07-22,M103,58.5,5.6,22,0
2025-07-22,M104,63.4,4.82,35,0
2025-07-22,M201,76.3,4.52,23,0
2025-07-22,M202,67.5,6.35,42,0
2025-07-22,M203,67.6,5.65,34,0
2025-07-22,M204,71.6,6.59,13,0
2025-07-22,M301,71.4,5.34,20,0
2025-07-22,M302,80.9,11.16,100,1
2025-07-22,M303,75.1,4.19,25,0
2025-07-22,M304,81.7,2.75,11,0
2025-07-22,M401,72.8,4.78,18,0
2025-07-22,M402,70.1,3.71,0,0
2025-07-22,M403,70.0,3.77,26,0
2025-07-22,M404,68.2,4.64,0,0
2025-07-23,M101,58.9,4.94,3,0
2025-07-23,M102,56.0,3.43,36,0
2025-07-23,M103,66.5,5.33,30,0
2025-07-23,M104,72.7,3.02,13,0
2025-07-23,M201,74.9,5.76,9,0
2025-07-23,M202,63.6,5.19,24,0
2025-07-23,M203,69.1,3.92,52,0
2025-07-23,M204,65.3,5.83,28,0
2025-07-23,M301,64.1,5.08,57,0
2025-07-23,M302,83.7,8.79,75,0
2025-07-23,M303,71.9,5.38,1,0
2025-07-23,M304,71.5,4.38,25,0
2025-07-23,M401,59.9,6.25,29,0
2025-07-23,M402,73.3,4.31,37,0
2025-07-23,M403,59.8,5.17,17,0
2025-07-23,M404,72.2,5.09,6,0
2025-07-24,M101,67.3,5.19,17,0
2025-07-24,M102,59.7,4.7,15,0
2025-07-24,M103,76.2,4.46,25,0
2025-07-24,M104,61.1,3.72,41,0
2025-07-24,M201,62.4,3.16,20,0
2025-07-24,M202,65.3,3.14,54,0
2025-07-24,M203,57.7,6.81,10,0
2025-07-24,M204,68.8,5.79,14,0
2025-07-24,M301,59.8,3.14,24,0
2025-07-24,M302,84.3,11.94,89,0
2025-07-24,M303,70.8,4.39,18,0
2025-07-24,M304,70.4,4.39,23,0
2025-07-24,M401,66.5,3.47,46,0
2025-07-24,M402,71.9,4.62,24,0
2025-07-24,M403,76.7,4.84,24,0
2025-07-24,M404,73.5,1.3,43,0
2025-07-25,M101,74.4,2.66,38,0
2025-07-25,M102,72.1,5.06,1,0
2025-07-25,M103,70.6,5.51,16,0
2025-07-25,M104,66.1,4.15,38,0
2025-07-25,M201,60.0,3.92,24,0
2025-07-25,M202,73.2,4.36,30,0
2025-07-25,M203,76.1,4.75,3,0
2025-07-25,M204,63.5,5.94,26,0
2025-07-25,M301,69.7,3.97,21,0
2025-07-25,M302,83.5,11.39,63,0
2025-07-25,M303,75.2,4.66,14,0
2025-07-25,M304,67.5,4.63,21,0
2025-07-25,M401,67.5,4.94,23,0
2025-07-25,M402,60.5,5.57,3,0
2025-07-25,M403,73.3,5.28,61,0
2025-07-25,M404,64.2,6.36,18,0
2025-07-26,M101,60.1,4.96,39,0
2025-07-26,M102,63.9,4.29,24,0
2025-07-26,M103,70.8,3.94,37,0
2025-07-26,M104,62.8,5.3,30,0
2025-07-26,M201,66.1,4.92,10,0
2025-07-26,M202,68.5,3.46,15,0
2025-07-26,M203,74.8,4.04,11,0
2025-07-26,M204,61.5,4.38,17,0
2025-07-26,M301,59.7,2.63,21,0
2025-07-26,M302,72.6,11.33,70,0
2025-07-26,M303,65.6,5.31,5,0
2025-07-26,M304,70.3,6.17,34,0
2025-07-26,M401,77.5,5.44,38,0
2025-07-26,M402,62.5,3.9,19,0
2025-07-26,M403,57.5,4.47,23,0
2025-07-26,M404,69.5,3.85,46,0
2025-07-27,M101,56.7,5.22,23,0
2025-07-27,M102,60.9,4.37,40,0
2025-07-27,M103,68.1,5.25,0,0
2025-07-27,M104,82.8,5.04,20,0
2025-07-27,M201,69.2,4.01,16,0
2025-07-27,M202,61.4,3.75,3,0
2025-07-27,M203,78.2,5.26,20,0
2025-07-27,M204,71.1,4.06,35,0
2025-07-27,M301,57.6,4.04,11,0
2025-07-27,M302,84.8,10.44,71,0
2025-07-27,M303,65.7,4.17,44,0
2025-07-27,M304,65.8,3.26,17,0
2025-07-27,M401,70.6,5.03,19,0
2025-07-27,M402,63.3,3.71,20,0
2025-07-27,M403,63.7,3.65,44,0
2025-07-27,M404,72.5,4.15,40,0
2025-07-28,M101,64.4,6.14,32,0
2025-07-28,M102,67.1,6.56,33,0
2025-07-28,M103,66.6,4.56,27,0
2025-07-28,M104,67.9,3.12,49,0
2025-07-28,M201,63.9,4.68,56,0
2025-07-28,M202,69.9,5.16,13,0
2025-07-28,M203,75.2,4.7,36,0
2025-07-28,M204,76.9,3.92,46,0
2025-07-28,M301,65.0,4.25,24,0
2025-07-28,M302,81.8,7.92,71,0
2025-07-28,M303,70.6,5.8,16,0
2025-07-28,M304,70.3,4.42,39,0
2025-07-28,M401,61.9,5.33,16,0
2025-07-28,M402,68.2,4.87,17,0
2025-07-28,M403,72.7,4.82,43,0
2025-07-28,M404,78.2,3.82,7,0
2025-07-29,M101,71.9,2.92,18,0
2025-07-29,M102,68.2,6.14,22,0
2025-07-29,M103,61.1,3.62,26,0
2025-07-29,M104,65.4,3.75,36,0
2025-07-29,M201,59.8,5.42,22,0
2025-07-29,M202,64.4,5.67,5,0
2025-07-29,M203,64.8,4.3,40,0
2025-07-29,M204,66.7,3.57,27,0
2025-07-29,M301,60.8,4.03,28,0
2025-07-29,M302,86.5,11.26,69,0
2025-07-29,M303,64.6,3.97,0,0
2025-07-29,M304,66.8,4.22,22,0
2025-07-29,M401,66.2,3.86,13,0
2025-07-29,M402,68.6,2.85,0,0
2025-07-29,M403,66.5,4.61,38,0
2025-07-29,M404,62.7,3.31,0,0
2025-07-30,M101,68.3,4.92,46,0
2025-07-30,M102,62.9,3.29,11,0
2025-07-30,M103,75.2,4.09,41,0
2025-07-30,M104,63.2,4.33,27,0
2025-07-30,M201,54.1,2.79,51,0
2025-07-30,M202,68.1,2.66,51,0
2025-07-30,M203,72.6,3.37,35,0
2025-07-30,M204,73.3,3.17,17,0
2025-07-30,M301,76.5,3.68,29,0
2025-07-30,M302,87.2,8.31,74,0
2025-07-30,M303,74.8,3.8,2,0
2025-07-30,M304,67.4,4.94,23,0
2025-07-30,M401,71.9,5.53,29,0
2025-07-30,M402,71.7,3.81,0,0
2025-07-30,M403,73.3,5.6,21,0
2025-07-30,M404,78.5,4.16,23,0
2025-07-31,M101,56.8,4.21,19,0
2025-07-31,M102,68.9,5.19,14,0
2025-07-31,M103,67.3,4.18,18,0
2025-07-31,M104,77.1,4.46,42,0
2025-07-31,M201,73.1,5.15,44,0
2025-07-31,M202,60.1,4.99,46,0
2025-07-31,M203,66.2,3.82,12,0
2025-07-31,M204,71.0,5.19,8,0
2025-07-31,M301,69.2,3.91,19,0
2025-07-31,M302,76.6,9.38,70,0
2025-07-31,M303,72.1,4.74,31,0
2025-07-31,M304,68.7,3.75,32,0
2025-07-31,M401,68.9,4.44,6,0
2025-07-31,M402,70.4,4.68,26,0
2025-07-31,M403,66.7,5.19,8,0
2025-07-31,M404,73.8,5.02,20,0
2025-08-01,M101,73.0,4.59,0,0
2025-08-01,M102,66.5,4.38,0,0
2025-08-01,M103,67.8,3.23,36,0
2025-08-01,M104,70.8,3.58,37,0
2025-08-01,M201,62.9,4.26,6,0
2025-08-01,M202,57.9,3.64,36,0
2025-08-01,M203,74.2,4.45,21,0
2025-08-01,M204,64.8,4.73,33,0
2025-08-01,M301,72.7,3.27,20,0
2025-08-01,M302,82.7,9.41,82,0
2025-08-01,M303,71.7,5.97,26,0
2025-08-01,M304,68.8,3.72,25,0
2025-08-01,M401,68.8,4.36,24,0
2025-08-01,M402,54.4,4.98,42,0
2025-08-01,M403,69.9,5.61,0,0
2025-08-01,M404,69.1,6.86,24,0
2025-08-02,M101,70.2,4.19,35,0
2025-08-02,M102,61.3,3.82,23,0
2025-08-02,M103,68.8,4.38,18,0
2025-08-02,M104,68.1,3.79,21,0
2025-08-02,M201,67.0,4.58,29,0
2025-08-02,M202,66.9,3.71,26,0
2025-08-02,M203,59.8,5.52,42,0
2025-08-02,M204,59.9,5.12,37,0
2025-08-02,M301,62.3,5.08,38,0
2025-08-02,M302,71.9,9.52,108,1
2025-08-02,M303,64.3,5.82,33,0
2025-08-02,M304,68.7,5.36,9,0
2025-08-02,M401,63.0,4.74,28,0
2025-08-02,M402,63.6,4.0,26,0
2025-08-02,M403,74.0,4.77,15,0
2025-08-02,M404,73.5,6.06,20,0
2025-08-03,M101,65.4,4.29,10,0
2025-08-03,M102,71.8,4.59,0,0
2025-08-03,M103,71.6,4.59,40,0
2025-08-03,M104,77.1,4.62,19,0
2025-08-03,M201,74.3,6.67,19,0
2025-08-03,M202,65.7,3.79,16,0
2025-08-03,M203,77.3,5.18,8,0
2025-08-03,M204,66.2,5.44,34,0
2025-08-03,M301,70.6,5.33,0,0
2025-08-03,M302,76.1,11.89,47,0
2025-08-03,M303,73.9,6.56,22,0
2025-08-03,M304,74.1,5.63,30,0
2025-08-03,M401,49.5,2.39,21,0
2025-08-03,M402,64.0,2.75,16,0
2025-08-03,M403,68.8,4.54,24,0
2025-08-03,M404,62.2,4.67,29,0
2025-08-04,M101,67.9,3.78,24,0
2025-08-04,M102,72.3,3.42,41,0
2025-08-04,M103,80.1,3.64,21,0
2025-08-04,M104,64.3,4.66,30,0
2025-08-04,M201,68.7,4.19,47,0
2025-08-04,M202,83.3,4.43,25,0
2025-08-04,M203,64.1,4.54,12,0
2025-08-04,M204,70.7,5.28,3,0
2025-08-04,M301,62.1,3.78,0,0
2025-08-04,M302,80.2,10.56,104,1
2025-08-04,M303,59.0,3.03,25,0
2025-08-04,M304,62.7,5.29,37,0
2025-08-04,M401,73.2,4.65,27,0
2025-08-04,M402,60.1,3.25,33,0
2025-08-04,M403,64.0,5.28,40,0
2025-08-04,M404,74.6,5.72,1,0
2025-08-05,M101,66.8,5.94,30,0
2025-08-05,M102,83.7,4.81,15,0
2025-08-05,M103,63.6,3.91,44,0
2025-08-05,M104,70.3,6.1,55,0
2025-08-05,M201,61.5,4.79,10,0
2025-08-05,M202,64.7,4.8,46,0
2025-08-05,M203,69.4,6.71,15,0
2025-08-05,M204,55.7,4.73,23,0
2025-08-05,M301,67.4,3.88,27,0
2025-08-05,M302,75.2,9.56,115,1
2025-08-05,M303,72.5,3.9,12,0
2025-08-05,M304,69.4,5.82,22,0
2025-08-05,M401,57.4,4.93,52,0
2025-08-05,M402,65.8,5.24,30,0
2025-08-05,M403,71.5,4.83,36,0
2025-08-05,M404,68.2,6.66,26,0
2025-08-06,M101,67.8,4.32,33,0
2025-08-06,M102,67.2,4.51,25,0
2025-08-06,M103,66.3,3.89,31,0
2025-08-06,M104,65.7,5.11,26,0
2025-08-06,M201,71.7,6.06,23,0
2025-08-06,M202,64.6,3.8,0,0
2025-08-06,M203,76.8,2.36,21,0
2025-08-06,M204,77.0,3.59,0,0
2025-08-06,M301,72.7,4.02,24,0
2025-08-06,M302,87.9,8.38,56,0
2025-08-06,M303,60.4,3.72,14,0
2025-08-06,M304,62.4,4.1,19,0
2025-08-06,M401,63.2,3.45,29,0
2025-08-06,M402,79.6,3.89,0,0
2025-08-06,M403,62.6,5.44,17,0
2025-08-06,M404,60.3,4.51,24,0
2025-08-07,M101,58.6,1.95,17,0
2025-08-07,M102,62.2,4.67,27,0
2025-08-07,M103,72.7,3.97,51,0
2025-08-07,M104,60.8,4.05,59,0
2025-08-07,M201,58.8,3.69,23,0
2025-08-07,M202,63.3,6.29,27,0
2025-08-07,M203,66.2,4.95,27,0
2025-08-07,M204,81.1,3.29,3,0
2025-08-07,M301,62.9,3.15,50,0
2025-08-07,M302,78.6,12.1,52,0
2025-08-07,M303,60.1,3.13,27,0
2025-08-07,M304,54.7,2.52,21,0
2025-08-07,M401,63.0,4.76,6,0
2025-08-07,M402,59.2,2.22,49,0
2025-08-07,M403,63.0,4.14,0,0
2025-08-07,M404,63.7,6.25,29,0
2025-08-08,M101,67.4,4.47,16,0
2025-08-08,M102,69.3,5.24,20,0
2025-08-08,M103,63.6,4.74,20,0
2025-08-08,M104,72.7,3.97,35,0
2025-08-08,M201,63.5,3.36,21,0
2025-08-08,M202,81.2,5.3,17,0
2025-08-08,M203,61.9,4.72,42,0
2025-08-08,M204,61.8,4.51,34,0
2025-08-08,M301,66.0,4.52,40,0
2025-08-08,M302,77.3,11.23,70,0
2025-08-08,M303,70.4,5.24,21,0
2025-08-08,M304,63.7,2.24,32,0
2025-08-08,M401,71.6,2.62,53,0
2025-08-08,M402,69.5,4.73,43,0
2025-08-08,M403,63.9,3.7,22,0
2025-08-08,M404,62.2,4.0,6,0
2025-08-09,M101,65.0,5.39,29,0
2025-08-09,M102,57.9,3.47,18,0
2025-08-09,M103,82.2,4.63,39,0
2025-08-09,M104,63.8,3.4,38,0
2025-08-09,M201,68.8,3.37,8,0
2025-08-09,M202,65.4,3.57,15,0
2025-08-09,M203,53.4,3.76,12,0
2025-08-09,M204,63.2,4.59,26,0
2025-08-09,M301,68.1,4.86,45,0
2025-08-09,M302,79.8,9.22,61,0
2025-08-09,M303,71.8,4.63,48,0
2025-08-09,M304,67.7,3.3,15,0
2025-08-09,M401,60.9,3.01,25,0
2025-08-09,M402,70.5,2.85,10,0
2025-08-09,M403,73.9,4.9,26,0
2025-08-09,M404,68.4,5.39,28,0
2025-08-10,M101,55.0,4.63,22,0
2025-08-10,M102,60.7,5.64,30,0
2025-08-10,M103,67.4,5.93,16,0
2025-08-10,M104,76.0,5.52,28,0
2025-08-10,M201,63.3,4.15,50,0
2025-08-10,M202,61.4,5.82,0,0
2025-08-10,M203,67.6,4.8,18,0
2025-08-10,M204,61.3,4.54,7,0
2025-08-10,M301,76.0,4.73,15,0
2025-08-10,M302,87.9,10.1,45,0
2025-08-10,M303,67.1,3.52,18,0
2025-08-10,M304,68.0,4.45,39,0
2025-08-10,M401,71.6,4.37,40,0
2025-08-10,M402,63.1,3.76,7,0
2025-08-10,M403,68.5,4.45,6,0
2025-08-10,M404,59.6,4.37,0,0
2025-08-11,M101,74.4,1.61,19,0
2025-08-11,M102,67.0,2.61,5,0
2025-08-11,M103,71.2,3.44,8,0
2025-08-11,M104,55.5,4.01,2,0
2025-08-11,M201,65.3,6.71,41,0
2025-08-11,M202,71.1,4.59,17,0
2025-08-11,M203,70.7,3.65,16,0
2025-08-11,M204,75.4,5.95,36,0
2025-08-11,M301,56.4,4.19,15,0
2025-08-11,M302,85.2,9.83,109,1
2025-08-11,M303,63.8,5.81,10,0
2025-08-11,M304,64.6,5.7,24,0
2025-08-11,M401,74.0,4.0,24,0
2025-08-11,M402,70.8,4.34,36,0
2025-08-11,M403,65.3,3.62,11,0
2025-08-11,M404,77.1,3.16,17,0
2025-08-12,M101,79.5,4.47,13,0
2025-08-12,M102,75.4,3.57,10,0
2025-08-12,M103,73.0,5.16,23,0
2025-08-12,M104,53.6,4.8,7,0
2025-08-12,M201,65.4,3.93,41,0
2025-08-12,M202,57.8,4.96,27,0
2025-08-12,M203,63.3,4.09,30,0
2025-08-12,M204,68.4,4.14,30,0
2025-08-12,M301,62.3,5.55,30,0
2025-08-12,M302,84.2,10.29,50,0
2025-08-12,M303,68.1,3.74,5,0
2025-08-12,M304,71.0,5.47,16,0
2025-08-12,M401,63.6,5.18,36,0
2025-08-12,M402,72.7,3.38,10,0
2025-08-12,M403,80.8,5.17,10,0
2025-08-12,M404,77.1,3.42,39,0
2025-08-13,M101,63.5,4.61,13,0
2025-08-13,M102,60.8,4.24,41,0
2025-08-13,M103,71.5,2.66,30,0
2025-08-13,M104,67.2,6.47,4,0
2025-08-13,M201,66.8,5.66,26,0
2025-08-13,M202,73.1,5.29,16,0
2025-08-13,M203,66.4,3.25,2,0
2025-08-13,M204,57.6,1.94,26,0
2025-08-13,M301,67.6,4.78,27,0
2025-08-13,M302,85.9,13.75,92,1
2025-08-13,M303,80.4,5.57,35,0
2025-08-13,M304,64.1,4.67,24,0
2025-08-13,M401,72.1,4.24,14,0
2025-08-13,M402,71.4,3.59,26,0
2025-08-13,M403,72.2,4.65,11,0
2025-08-13,M404,62.1,4.41,0,0
2025-08-14,M101,71.2,5.9,47,0
2025-08-14,M102,66.4,5.28,13,0
2025-08-14,M103,68.4,5.74,31,0
2025-08-14,M104,74.7,4.31,42,0
2025-08-14,M201,65.9,5.15,25,0
2025-08-14,M202,62.6,5.19,8,0
2025-08-14,M203,63.7,3.05,43,0
2025-08-14,M204,85.4,4.9,23,0
2025-08-14,M301,75.1,4.94,0,0
2025-08-14,M302,78.8,11.29,88,0
2025-08-14,M303,53.9,3.99,26,0
2025-08-14,M304,70.0,3.06,50,0
2025-08-14,M401,67.7,3.98,0,0
2025-08-14,M402,79.4,5.49,64,0
2025-08-14,M403,59.2,3.61,17,0
2025-08-14,M404,65.8,3.66,21,0
2025-08-15,M101,67.7,6.55,5,0
2025-08-15,M102,59.9,2.44,29,0
2025-08-15,M103,59.6,5.6,20,0
2025-08-15,M104,69.4,2.4,10,0
2025-08-15,M201,73.6,4.92,17,0
2025-08-15,M202,69.7,3.36,0,0
2025-08-15,M203,60.2,5.79,44,0
2025-08-15,M204,64.2,3.96,35,0
2025-08-15,M301,61.5,4.61,14,0
2025-08-15,M302,90.0,12.91,95,1
2025-08-15,M303,67.3,5.32,36,0
2025-08-15,M304,56.2,7.51,26,0
2025-08-15,M401,74.1,4.77,10,0
2025-08-15,M402,62.7,5.23,22,0
2025-08-15,M403,72.7,4.65,15,0
2025-08-15,M404,65.3,5.06,69,0
2025-08-16,M101,67.3,4.2,22,0
2025-08-16,M102,79.8,5.53,20,0
2025-08-16,M103,63.6,5.08,17,0
2025-08-16,M104,68.1,5.54,25,0
2025-08-16,M201,64.2,3.9,24,0
2025-08-16,M202,67.0,5.86,35,0
2025-08-16,M203,68.0,4.31,26,0
2025-08-16,M204,63.2,3.54,0,0
2025-08-16,M301,72.9,4.37,13,0
2025-08-16,M302,84.2,11.21,79,0
2025-08-16,M303,55.8,5.57,34,0
2025-08-16,M304,66.1,5.0,9,0
2025-08-16,M401,74.9,5.19,8,0
2025-08-16,M402,68.4,4.15,57,0
2025-08-16,M403,64.3,6.21,42,0
2025-08-16,M404,64.5,3.2,26,0
2025-08-17,M101,66.2,6.08,21,0
2025-08-17,M102,61.0,3.1,31,0
2025-08-17,M103,63.5,4.94,33,0
2025-08-17,M104,59.2,5.46,20,0
2025-08-17,M201,71.0,6.05,11,0
2025-08-17,M202,70.2,4.93,30,0
2025-08-17,M203,73.7,3.53,50,0
2025-08-17,M204,62.1,4.98,5,0
2025-08-17,M301,70.0,5.16,0,0
2025-08-17,M302,83.7,11.37,107,1
2025-08-17,M303,72.1,4.96,27,0
2025-08-17,M304,73.4,4.97,0,0
2025-08-17,M401,56.2,5.3,19,0
2025-08-17,M402,65.4,4.74,29,0
2025-08-17,M403,82.4,4.69,41,0
2025-08-17,M404,63.1,4.65,30,0
2025-08-18,M101,75.1,4.0,22,0
2025-08-18,M102,59.1,5.32,53,0
2025-08-18,M103,76.7,3.18,41,0
2025-08-18,M104,63.5,4.53,0,0
2025-08-18,M201,69.1,4.84,11,0
2025-08-18,M202,72.9,6.4,46,0
2025-08-18,M203,72.5,4.44,17,0
2025-08-18,M204,58.7,4.53,25,0
2025-08-18,M301,61.4,3.79,36,0
2025-08-18,M302,78.9,11.84,97,1
2025-08-18,M303,72.4,3.03,11,0
2025-08-18,M304,61.7,3.3,9,0
2025-08-18,M401,74.0,2.65,7,0
2025-08-18,M402,64.9,3.78,0,0
2025-08-18,M403,73.7,5.01,0,0
2025-08-18,M404,65.6,3.06,19,0
2025-08-19,M101,72.7,3.94,24,0
2025-08-19,M102,70.7,4.46,15,0
2025-08-19,M103,68.3,4.71,14,0
2025-08-19,M104,72.8,3.75,12,0
2025-08-19,M201,71.8,4.95,36,0
2025-08-19,M202,66.2,3.61,40,0
2025-08-19,M203,69.9,5.43,23,0
2025-08-19,M204,58.2,4.84,37,0
2025-08-19,M301,70.1,2.92,35,0
2025-08-19,M302,85.1,15.9,111,1
2025-08-19,M303,60.1,4.58,15,0
2025-08-19,M304,63.2,4.39,12,0
2025-08-19,M401,65.7,3.08,28,0
2025-08-19,M402,69.4,5.04,31,0
2025-08-19,M403,60.4,7.16,37,0
2025-08-19,M404,60.0,4.96,24,0
2025-08-20,M101,72.2,3.08,31,0
2025-08-20,M102,69.7,3.45,39,0
2025-08-20,M103,67.0,5.7,41,0
2025-08-20,M104,82.3,6.14,8,0
2025-08-20,M201,64.6,3.62,24,0
2025-08-20,M202,65.2,4.12,68,0
2025-08-20,M203,73.6,5.35,21,0
2025-08-20,M204,71.8,3.96,28,0
2025-08-20,M301,72.1,3.78,66,0
2025-08-20,M302,84.2,9.18,120,1
2025-08-20,M303,63.7,4.41,40,0
2025-08-20,M304,68.8,3.34,23,0
2025-08-20,M401,65.3,5.03,2,0
2025-08-20,M402,72.3,1.42,7,0
2025-08-20,M403,66.1,5.46,7,0
2025-08-20,M404,77.2,4.53,41,0
2025-08-21,M101,59.3,4.65,21,0
2025-08-21,M102,75.7,4.61,56,0
2025-08-21,M103,63.9,4.67,29,0
2025-08-21,M104,68.9,4.14,27,0
2025-08-21,M201,71.1,5.51,39,0
2025-08-21,M202,62.7,3.5,10,0
2025-08-21,M203,68.0,4.74,0,0
2025-08-21,M204,65.9,5.91,35,0
2025-08-21,M301,69.8,3.8,37,0
2025-08-21,M302,88.2,10.55,100,1
2025-08-21,M303,76.1,3.13,6,0
2025-08-21,M304,73.9,4.67,8,0
2025-08-21,M401,66.6,4.84,58,0
2025-08-21,M402,76.4,5.61,3,0
2025-08-21,M403,74.7,5.44,49,0
2025-08-21,M404,64.4,4.4,7,0
2025-08-22,M101,70.6,2.74,11,0
2025-08-22,M102,63.2,4.45,21,0
2025-08-22,M103,70.3,2.73,27,0
2025-08-22,M104,77.3,3.51,16,0
2025-08-22,M201,67.5,5.66,2,0
2025-08-22,M202,66.4,5.95,21,0
2025-08-22,M203,73.6,5.59,39,0
2025-08-22,M204,77.0,4.24,34,0
2025-08-22,M301,75.4,4.45,18,0
2025-08-22,M302,82.6,10.59,64,0
2025-08-22,M303,72.2,3.43,17,0
2025-08-22,M304,77.4,4.89,0,0
2025-08-22,M401,60.6,3.41,10,0
2025-08-22,M402,62.8,3.84,11,0
2025-08-22,M403,69.4,2.04,26,0
2025-08-22,M404,65.0,6.74,32,0
2025-08-23,M101,70.7,3.3,23,0
2025-08-23,M102,79.4,4.0,25,0
2025-08-23,M103,73.2,4.12,0,0
2025-08-23,M104,70.6,4.81,0,0
2025-08-23,M201,79.4,3.5,31,0
2025-08-23,M202,60.6,4.32,41,0
2025-08-23,M203,69.8,2.98,55,0
2025-08-23,M204,64.8,5.14,42,0
2025-08-23,M301,60.2,5.33,35,0
2025-08-23,M302,89.1,11.3,80,0
2025-08-23,M303,67.0,3.09,79,0
2025-08-23,M304,66.8,5.24,45,0
2025-08-23,M401,62.7,4.39,17,0
2025-08-23,M402,64.9,4.77,22,0
2025-08-23,M403,63.2,4.05,33,0
2025-08-23,M404,69.5,4.25,38,0
2025-08-24,M101,70.6,3.45,24,0
2025-08-24,M102,64.6,5.49,13,0
2025-08-24,M103,70.4,3.8,15,0
2025-08-24,M104,67.5,5.09,40,0
2025-08-24,M201,69.0,3.09,35,0
2025-08-24,M202,66.8,4.56,5,0
2025-08-24,M203,65.4,3.31,32,0
2025-08-24,M204,74.2,3.98,1,0
2025-08-24,M301,63.6,4.24,26,0
2025-08-24,M302,78.4,11.44,77,0
2025-08-24,M303,63.2,3.0,25,0
2025-08-24,M304,71.4,5.82,27,0
2025-08-24,M401,62.7,4.25,28,0
2025-08-24,M402,71.4,3.32,25,0
2025-08-24,M403,79.1,2.55,17,0
2025-08-24,M404,64.2,4.98,48,0
2025-08-25,M101,71.7,4.04,39,0
2025-08-25,M102,74.9,4.41,6,0
2025-08-25,M103,76.4,7.01,1,0
2025-08-25,M104,69.6,4.03,19,0
2025-08-25,M201,58.3,3.29,24,0
2025-08-25,M202,64.2,4.98,58,0
2025-08-25,M203,73.9,4.33,23,0
2025-08-25,M204,65.0,4.91,38,0
2025-08-25,M301,72.0,4.93,0,0
2025-08-25,M302,81.4,8.7,106,1
2025-08-25,M303,57.1,5.95,11,0
2025-08-25,M304,72.0,4.47,33,0
2025-08-25,M401,66.1,3.36,0,0
2025-08-25,M402,77.4,5.02,31,0
2025-08-25,M403,75.2,4.13,0,0
2025-08-25,M404,72.6,4.7,29,0
2025-08-26,M101,75.1,5.76,24,0
2025-08-26,M102,66.6,5.05,15,0
2025-08-26,M103,73.3,5.12,14,0
2025-08-26,M104,76.6,4.66,30,0
2025-08-26,M201,67.5,4.86,26,0
2025-08-26,M202,76.2,4.37,29,0
2025-08-26,M203,75.7,3.89,14,0
2025-08-26,M204,64.4,3.93,28,0
2025-08-26,M301,74.7,2.82,27,0
2025-08-26,M302,81.6,9.87,32,0
2025-08-26,M303,78.5,5.02,42,0
2025-08-26,M304,60.3,5.15,39,0
2025-08-26,M401,65.8,6.12,44,0
2025-08-26,M402,76.8,5.18,33,0
2025-08-26,M403,65.1,4.35,13,0
2025-08-26,M404,50.0,5.4,0,0
2025-08-27,M101,68.1,5.39,29,0
2025-08-27,M102,64.2,3.19,0,0
2025-08-27,M103,73.4,4.86,16,0
2025-08-27,M104,72.2,3.55,17,0
2025-08-27,M201,64.1,4.12,20,0
2025-08-27,M202,70.9,3.67,30,0
2025-08-27,M203,66.8,4.73,15,0
2025-08-27,M204,79.3,6.1,3,0
2025-08-27,M301,73.7,4.6,22,0
2025-08-27,M302,85.8,12.63,42,0
2025-08-27,M303,59.6,6.15,48,0
2025-08-27,M304,68.2,5.52,51,0
2025-08-27,M401,74.3,3.05,37,0
2025-08-27,M402,73.9,4.36,7,0
2025-08-27,M403,77.3,3.73,30,0
2025-08-27,M404,66.8,2.84,38,0
2025-08-28,M101,63.4,4.32,32,0
2025-08-28,M102,75.4,3.32,0,0
2025-08-28,M103,65.1,4.13,33,0
2025-08-28,M104,70.0,3.34,34,0
2025-08-28,M201,62.2,4.26,29,0
2025-08-28,M202,72.6,5.56,44,0
2025-08-28,M203,77.4,4.13,25,0
2025-08-28,M204,63.3,5.78,54,0
2025-08-28,M301,70.4,3.63,27,0
2025-08-28,M302,76.5,10.86,60,0
2025-08-28,M303,62.1,4.75,70,0
2025-08-28,M304,65.1,4.19,61,0
2025-08-28,M401,62.3,4.96,53,0
2025-08-28,M402,58.9,4.19,17,0
2025-08-28,M403,62.7,6.07,16,0
2025-08-28,M404,68.7,4.06,38,0
2025-08-29,M101,72.9,3.71,31,0
2025-08-29,M102,74.1,4.48,21,0
2025-08-29,M103,63.5,4.32,49,0
2025-08-29,M104,66.6,3.72,11,0
2025-08-29,M201,68.6,4.5,5,0
2025-08-29,M202,64.9,5.07,3,0
2025-08-29,M203,66.1,5.07,8,0
2025-08-29,M204,70.6,5.59,51,0
2025-08-29,M301,73.5,4.33,17,0
2025-08-29,M302,81.2,10.09,67,0
2025-08-29,M303,69.7,5.49,29,0
2025-08-29,M304,67.3,4.85,32,0
2025-08-29,M401,71.9,5.13,15,0
2025-08-29,M402,72.5,5.36,35,0
2025-08-29,M403,54.4,4.96,42,0
2025-08-29,M404,64.3,5.35,54,0
2025-08-30,M101,62.4,3.77,44,0
2025-08-30,M102,63.2,3.83,27,0
2025-08-30,M103,70.2,5.38,13,0
2025-08-30,M104,75.0,4.78,49,0
2025-08-30,M201,73.0,3.97,6,0
2025-08-30,M202,61.6,3.85,19,0
2025-08-30,M203,67.8,5.18,15,0
2025-08-30,M204,72.0,4.48,27,0
2025-08-30,M301,56.8,4.26,13,0
2025-08-30,M302,87.6,11.09,102,1
2025-08-30,M303,73.8,2.96,19,0
2025-08-30,M304,76.3,6.1,12,0
2025-08-30,M401,66.3,3.15,42,0
2025-08-30,M402,66.1,6.06,18,0
2025-08-30,M403,57.4,4.37,1,0
2025-08-30,M404,71.6,5.01,39,0
2025-08-31,M101,62.1,3.25,32,0
2025-08-31,M102,70.2,4.91,41,0
2025-08-31,M103,66.7,5.97,22,0
2025-08-31,M104,65.6,4.57,4,0
2025-08-31,M201,69.6,4.18,20,0
2025-08-31,M202,74.8,3.02,7,0
2025-08-31,M203,65.8,2.49,34,0
2025-08-31,M204,67.2,4.66,48,0
2025-08-31,M301,67.3,5.13,25,0
2025-08-31,M302,83.0,9.3,86,0
2025-08-31,M303,60.6,2.68,24,0
2025-08-31,M304,79.6,5.13,0,0
2025-08-31,M401,66.3,4.16,12,0
2025-08-31,M402,66.4,5.06,38,0
2025-08-31,M403,69.7,3.06,6,0
2025-08-31,M404,69.0,5.49,41,0
2025-09-01,M101,75.1,5.47,53,0
2025-09-01,M102,73.8,5.42,12,0
2025-09-01,M103,75.6,4.96,34,0
2025-09-01,M104,61.6,4.86,23,0
2025-09-01,M201,69.7,4.2,28,0
2025-09-01,M202,73.2,4.74,39,0
2025-09-01,M203,70.3,4.44,12,0
2025-09-01,M204,66.2,6.75,29,0
2025-09-01,M301,71.5,5.04,33,0
2025-09-01,M302,88.0,11.35,115,1
2025-09-01,M303,81.8,5.42,36,0
2025-09-01,M304,69.5,5.58,12,0
2025-09-01,M401,75.5,4.24,55,0
2025-09-01,M402,74.6,6.53,13,0
2025-09-01,M403,65.6,3.14,1,0
2025-09-01,M404,67.9,6.01,10,0
2025-09-02,M101,81.3,5.69,37,0
2025-09-02,M102,61.4,4.5,18,0
2025-09-02,M103,57.2,4.13,8,0
2025-09-02,M104,83.5,6.46,25,0
2025-09-02,M201,63.3,3.66,18,0
2025-09-02,M202,71.4,3.86,38,0
2025-09-02,M203,74.6,5.38,45,0
2025-09-02,M204,68.7,3.49,17,0
2025-09-02,M301,68.6,8.23,36,0
2025-09-02,M302,78.2,12.43,84,0
2025-09-02,M303,59.9,4.42,20,0
2025-09-02,M304,60.6,3.93,4,0
2025-09-02,M401,76.9,3.36,39,0
2025-09-02,M402,61.2,2.96,48,0
2025-09-02,M403,71.8,5.25,28,0
2025-09-02,M404,63.2,3.33,0,0
2025-09-03,M101,61.8,4.93,54,0
2025-09-03,M102,67.9,4.4,13,0
2025-09-03,M103,68.1,2.57,47,0
2025-09-03,M104,69.1,5.42,21,0
2025-09-03,M201,69.0,5.63,26,0
2025-09-03,M202,61.9,3.71,16,0
2025-09-03,M203,78.9,3.76,43,0
2025-09-03,M204,66.1,3.25,30,0
2025-09-03,M301,68.0,5.9,27,0
2025-09-03,M302,79.0,11.53,92,1
2025-09-03,M303,73.9,4.35,36,0
2025-09-03,M304,59.7,3.32,15,0
2025-09-03,M401,66.3,4.7,38,0
2025-09-03,M402,81.8,3.84,19,0
2025-09-03,M403,69.9,5.69,35,0
2025-09-03,M404,61.6,4.49,11,0
2025-09-04,M101,64.4,3.93,10,0
2025-09-04,M102,64.3,4.4,24,0
2025-09-04,M103,69.3,5.0,22,0
2025-09-04,M104,64.8,3.76,35,0
2025-09-04,M201,67.4,6.11,21,0
2025-09-04,M202,73.5,5.09,37,0
2025-09-04,M203,67.6,6.28,34,0
2025-09-04,M204,76.9,3.97,22,0
2025-09-04,M301,66.7,3.11,12,0
2025-09-04,M302,73.7,10.55,93,1
2025-09-04,M303,78.0,3.4,38,0
2025-09-04,M304,71.0,4.72,20,0
2025-09-04,M401,61.7,1.9,28,0
2025-09-04,M402,64.2,5.29,0,0
2025-09-04,M403,65.7,4.46,13,0
2025-09-04,M404,62.4,5.4,24,0
2025-09-05,M101,69.8,5.44,28,0
2025-09-05,M102,62.6,3.61,0,0
2025-09-05,M103,62.9,3.49,15,0
2025-09-05,M104,74.5,4.61,38,0
2025-09-05,M201,68.4,5.34,11,0
2025-09-05,M202,76.1,6.07,1,0
2025-09-05,M203,70.5,3.5,29,0
2025-09-05,M204,66.2,4.69,58,0
2025-09-05,M301,67.0,2.86,30,0
2025-09-05,M302,91.0,11.65,87,0
2025-09-05,M303,73.3,4.13,14,0
2025-09-05,M304,67.0,3.57,30,0
2025-09-05,M401,75.4,4.4,61,0
2025-09-05,M402,63.9,5.52,32,0
2025-09-05,M403,69.2,4.76,33,0
2025-09-05,M404,69.6,4.59,19,0
2025-09-06,M101,55.9,3.97,35,0
2025-09-06,M102,61.6,5.86,5,0
2025-09-06,M103,80.5,4.91,33,0
2025-09-06,M104,69.1,4.8,24,0
2025-09-06,M201,66.9,6.09,61,0
2025-09-06,M202,67.4,5.04,23,0
2025-09-06,M203,54.0,6.38,11,0
2025-09-06,M204,69.3,4.82,43,0
2025-09-06,M301,68.7,5.0,36,0
2025-09-06,M302,81.8,11.17,53,0
2025-09-06,M303,69.5,4.0,40,0
2025-09-06,M304,74.3,4.97,22,0
2025-09-06,M401,75.7,2.9,11,0
2025-09-06,M402,76.7,4.06,0,0
2025-09-06,M403,68.6,5.58,35,0
2025-09-06,M404,77.3,6.16,43,0
2025-09-07,M101,65.6,5.2,26,0
2025-09-07,M102,71.5,3.23,32,0
2025-09-07,M103,66.0,4.15,34,0
2025-09-07,M104,61.7,5.37,11,0
2025-09-07,M201,61.0,4.26,37,0
2025-09-07,M202,66.5,5.55,0,0
2025-09-07,M203,70.2,3.09,0,0
2025-09-07,M204,64.9,4.32,4,0
2025-09-07,M301,66.8,4.94,19,0
2025-09-07,M302,76.9,10.06,69,0
2025-09-07,M303,61.6,4.12,15,0
2025-09-07,M304,68.0,5.27,43,0
2025-09-07,M401,74.4,4.57,14,0
2025-09-07,M402,64.9,6.24,22,0
2025-09-07,M403,65.0,4.84,26,0
2025-09-07,M404,63.3,4.97,39,0
2025-09-08,M101,62.9,7.04,2,0
2025-09-08,M102,64.6,4.73,58,0
2025-09-08,M103,66.5,3.43,33,0
2025-09-08,M104,62.9,5.17,23,0
2025-09-08,M201,78.9,6.85,0,0
2025-09-08,M202,79.2,5.43,13,0
2025-09-08,M203,55.5,3.13,40,0
2025-09-08,M204,63.5,3.35,7,0
2025-09-08,M301,55.8,4.51,12,0
2025-09-08,M302,81.6,11.26,104,1
2025-09-08,M303,63.7,5.51,13,0
2025-09-08,M304,71.4,5.88,45,0
2025-09-08,M401,76.0,3.61,10,0
2025-09-08,M402,82.1,5.77,24,0
2025-09-08,M403,66.3,4.96,8,0
2025-09-08,M404,75.5,4.51,26,0
2025-09-09,M101,71.6,3.54,5,0
2025-09-09,M102,73.7,3.99,61,0
2025-09-09,M103,72.4,3.97,43,0
2025-09-09,M104,70.5,5.13,23,0
2025-09-09,M201,47.4,2.4,44,0
2025-09-09,M202,65.0,4.06,1,0
2025-09-09,M203,51.4,4.43,7,0
2025-09-09,M204,65.9,4.71,56,0
2025-09-09,M301,56.6,5.46,47,0
2025-09-09,M302,85.9,13.55,89,0
2025-09-09,M303,72.1,4.46,6,0
2025-09-09,M304,70.9,5.75,29,0
2025-09-09,M401,76.1,3.27,35,0
2025-09-09,M402,77.8,4.9,0,0
2025-09-09,M403,73.7,3.56,30,0
2025-09-09,M404,68.7,5.58,0,0
2025-09-10,M101,70.8,4.55,46,0
2025-09-10,M102,67.6,5.95,33,0
2025-09-10,M103,60.2,4.69,47,0
2025-09-10,M104,62.9,5.41,15,0
2025-09-10,M201,70.3,5.52,11,0
2025-09-10,M202,70.9,4.01,0,0
2025-09-10,M203,63.8,4.63,0,0
2025-09-10,M204,76.3,2.69,35,0
2025-09-10,M301,64.9,5.35,39,0
2025-09-10,M302,80.1,12.44,108,1
2025-09-10,M303,66.7,3.09,22,0
2025-09-10,M304,56.5,4.78,37,0
2025-09-10,M401,75.5,3.83,10,0
2025-09-10,M402,71.2,4.29,17,0
2025-09-10,M403,78.9,3.91,24,0
2025-09-10,M404,66.9,6.29,18,0
2025-09-11,M101,74.2,3.88,0,0
2025-09-11,M102,63.1,6.92,18,0
2025-09-11,M103,61.2,4.23,26,0
2025-09-11,M104,68.8,4.04,40,0
2025-09-11,M201,61.5,5.77,30,0
2025-09-11,M202,61.3,3.92,28,0
2025-09-11,M203,71.1,3.25,7,0
2025-09-11,M204,62.6,4.13,42,0
2025-09-11,M301,77.9,2.04,23,0
2025-09-11,M302,89.7,12.8,68,0
2025-09-11,M303,75.0,5.15,13,0
2025-09-11,M304,62.8,3.58,3,0
2025-09-11,M401,65.6,5.27,42,0
2025-09-11,M402,61.6,2.63,1,0
2025-09-11,M403,79.6,3.21,28,0
2025-09-11,M404,63.8,5.3,8,0
2025-09-12,M101,77.4,4.0,30,0
2025-09-12,M102,80.6,4.03,48,0
2025-09-12,M103,65.8,4.15,19,0
2025-09-12,M104,73.3,4.56,19,0
2025-09-12,M201,70.0,2.95,16,0
2025-09-12,M202,60.3,5.37,57,0
2025-09-12,M203,61.3,3.85,0,0
2025-09-12,M204,66.6,2.73,17,0
2025-09-12,M301,70.8,4.97,20,0
2025-09-12,M302,94.7,11.88,117,1
2025-09-12,M303,70.8,5.44,46,0
2025-09-12,M304,67.4,4.8,26,0
2025-09-12,M401,67.1,5.11,17,0
2025-09-12,M402,62.2,3.32,32,0
2025-09-12,M403,71.5,4.53,32,0
2025-09-12,M404,70.9,5.27,21,0
2025-09-13,M101,71.2,4.01,0,0
2025-09-13,M102,67.8,4.8,40,0
2025-09-13,M103,73.3,2.9,23,0
2025-09-13,M104,58.0,4.98,22,0
2025-09-13,M201,58.0,3.47,32,0
2025-09-13,M202,74.9,4.18,25,0
2025-09-13,M203,69.8,5.11,39,0
2025-09-13,M204,62.4,3.65,15,0
2025-09-13,M301,65.6,5.09,14,0
2025-09-13,M302,90.3,9.84,88,0
2025-09-13,M303,62.5,5.12,1,0
2025-09-13,M304,75.5,3.51,46,0
2025-09-13,M401,68.3,3.87,15,0
2025-09-13,M402,66.5,4.57,10,0
2025-09-13,M403,57.4,3.05,44,0
2025-09-13,M404,60.6,2.73,31,0
2025-09-14,M101,72.1,4.0,25,0
2025-09-14,M102,68.0,4.28,51,0
2025-09-14,M103,80.8,5.69,29,0
2025-09-14,M104,71.8,5.56,25,0
2025-09-14,M201,60.2,4.24,20,0
2025-09-14,M202,60.8,3.69,55,0
2025-09-14,M203,67.6,3.84,23,0
2025-09-14,M204,70.7,4.88,17,0
2025-09-14,M301,66.4,5.64,43,0
2025-09-14,M302,77.7,9.24,84,0
2025-09-14,M303,57.6,2.98,19,0
2025-09-14,M304,73.9,5.83,16,0
2025-09-14,M401,75.1,4.01,7,0
2025-09-14,M402,65.2,4.59,53,0
2025-09-14,M403,74.1,4.06,40,0
2025-09-14,M404,66.3,4.65,75,0
2025-09-15,M101,66.4,3.23,9,0
2025-09-15,M102,77.4,6.02,22,0
2025-09-15,M103,70.3,4.93,41,0
2025-09-15,M104,64.6,4.88,36,0
2025-09-15,M201,79.6,3.94,30,0
2025-09-15,M202,66.4,2.96,0,0
2025-09-15,M203,61.0,5.53,25,0
2025-09-15,M204,71.8,4.58,0,0
2025-09-15,M301,70.6,4.19,23,0
2025-09-15,M302,80.8,12.2,49,0
2025-09-15,M303,71.2,3.42,5,0
2025-09-15,M304,64.0,4.08,22,0
2025-09-15,M401,81.0,4.87,35,0
2025-09-15,M402,65.0,4.32,3,0
2025-09-15,M403,59.1,5.35,13,0
2025-09-15,M404,61.5,3.75,16,0
2025-09-16,M101,72.7,4.72,23,0
2025-09-16,M102,65.0,4.05,33,0
2025-09-16,M103,58.3,3.37,16,0
2025-09-16,M104,63.2,6.29,27,0
2025-09-16,M201,76.6,4.12,0,0
2025-09-16,M202,69.9,5.84,26,0
2025-09-16,M203,57.8,3.23,7,0
2025-09-16,M204,65.7,4.34,40,0
2025-09-16,M301,58.3,4.85,39,0
2025-09-16,M302,83.5,12.39,104,1
2025-09-16,M303,70.8,5.93,18,0
2025-09-16,M304,70.6,5.82,0,0
2025-09-16,M401,69.7,5.22,0,0
2025-09-16,M402,67.4,3.71,30,0
2025-09-16,M403,65.5,3.55,41,0
2025-09-16,M404,62.5,4.77,44,0
2025-09-17,M101,66.4,4.51,17,0
2025-09-17,M102,69.9,6.66,31,0
2025-09-17,M103,57.0,5.02,31,0
2025-09-17,M104,78.4,6.8,3,0
2025-09-17,M201,66.2,5.12,27,0
2025-09-17,M202,68.1,7.11,34,0
2025-09-17,M203,68.3,3.96,15,0
2025-09-17,M204,64.1,3.57,35,0
2025-09-17,M301,67.7,5.5,39,0
2025-09-17,M302,85.5,13.6,79,0
2025-09-17,M303,64.1,5.22,0,0
2025-09-17,M304,72.1,5.34,25,0
2025-09-17,M401,68.7,4.59,43,0
2025-09-17,M402,67.2,5.92,10,0
2025-09-17,M403,66.3,3.91,30,0
2025-09-17,M404,65.2,4.27,14,0
2025-09-18,M101,54.2,4.49,0,0
2025-09-18,M102,66.8,4.56,0,0
2025-09-18,M103,64.0,4.12,33,0
2025-09-18,M104,58.9,6.07,37,0
2025-09-18,M201,63.8,4.22,47,0
2025-09-18,M202,64.8,4.45,46,0
2025-09-18,M203,50.7,5.62,11,0
2025-09-18,M204,71.0,5.73,31,0
2025-09-18,M301,74.9,3.41,9,0
2025-09-18,M302,79.6,13.26,99,1
2025-09-18,M303,62.5,3.1,33,0
2025-09-18,M304,73.2,3.32,44,0
2025-09-18,M401,78.7,4.89,6,0
2025-09-18,M402,64.9,5.53,20,0
2025-09-18,M403,81.3,4.58,17,0
2025-09-18,M404,77.5,4.11,8,0
2025-09-19,M101,72.1,3.93,36,0
2025-09-19,M102,67.7,4.44,10,0
2025-09-19,M103,72.6,3.33,24,0
2025-09-19,M104,66.5,6.22,8,0
2025-09-19,M201,58.9,3.98,29,0
2025-09-19,M202,59.4,3.57,0,0
2025-09-19,M203,70.1,3.84,50,0
2025-09-19,M204,70.3,4.56,45,0
2025-09-19,M301,64.2,4.98,17,0
2025-09-19,M302,80.2,11.52,84,0
2025-09-19,M303,65.0,3.59,30,0
2025-09-19,M304,70.0,4.85,0,0
2025-09-19,M401,66.8,5.25,34,0
2025-09-19,M402,67.5,5.42,5,0
2025-09-19,M403,55.9,4.31,40,0
2025-09-19,M404,53.4,3.44,51,0
2025-09-20,M101,69.5,5.31,14,0
2025-09-20,M102,76.6,5.91,29,0
2025-09-20,M103,72.7,4.01,19,0
2025-09-20,M104,75.1,4.06,33,0
2025-09-20,M201,66.0,5.37,1,0
2025-09-20,M202,68.5,4.78,21,0
2025-09-20,M203,66.8,4.8,17,0
2025-09-20,M204,58.8,3.32,17,0
2025-09-20,M301,62.5,4.62,22,0
2025-09-20,M302,83.6,10.04,76,0
2025-09-20,M303,72.8,4.17,25,0
2025-09-20,M304,58.8,3.98,5,0
2025-09-20,M401,71.9,5.94,38,0
2025-09-20,M402,66.3,4.06,5,0
2025-09-20,M403,59.2,4.41,8,0
2025-09-20,M404,60.8,2.77,34,0
2025-09-21,M101,71.5,4.81,19,0
2025-09-21,M102,68.8,4.84,21,0
2025-09-21,M103,73.9,4.39,15,0
2025-09-21,M104,59.5,4.08,23,0
2025-09-21,M201,65.1,4.77,15,0
2025-09-21,M202,56.0,3.66,23,0
2025-09-21,M203,65.2,5.18,24,0
2025-09-21,M204,64.2,2.95,31,0
2025-09-21,M301,77.2,5.81,32,0
2025-09-21,M302,77.8,10.32,88,0
2025-09-21,M303,68.2,6.57,23,0
2025-09-21,M304,75.9,4.89,8,0
2025-09-21,M401,67.0,3.47,6,0
2025-09-21,M402,66.6,3.22,48,0
2025-09-21,M403,71.3,1.28,27,0
2025-09-21,M404,67.4,4.08,4,0
2025-09-22,M101,61.6,4.02,10,0
2025-09-22,M102,70.8,4.66,38,0
2025-09-22,M103,72.6,2.77,34,0
2025-09-22,M104,67.7,5.89,10,0
2025-09-22,M201,71.3,5.07,17,0
2025-09-22,M202,63.4,4.48,12,0
2025-09-22,M203,61.0,5.75,10,0
2025-09-22,M204,60.1,4.84,24,0
2025-09-22,M301,64.1,3.98,12,0
2025-09-22,M302,85.6,14.03,102,1
2025-09-22,M303,72.9,3.67,42,0
2025-09-22,M304,67.9,4.65,0,0
2025-09-22,M401,65.7,6.23,28,0
2025-09-22,M402,63.2,4.27,22,0
2025-09-22,M403,76.0,4.46,46,0
2025-09-22,M404,72.6,3.75,44,0
2025-09-23,M101,62.4,5.13,31,0
2025-09-23,M102,60.8,4.09,37,0
2025-09-23,M103,63.3,3.46,29,0
2025-09-23,M104,69.5,5.32,13,0
2025-09-23,M201,66.6,4.83,17,0
2025-09-23,M202,62.2,3.82,24,0
2025-09-23,M203,61.2,4.28,36,0
2025-09-23,M204,55.5,4.01,32,0
2025-09-23,M301,58.8,6.36,40,0
2025-09-23,M302,82.6,12.44,92,1
2025-09-23,M303,72.5,3.93,49,0
2025-09-23,M304,61.9,5.1,43,0
2025-09-23,M401,70.0,5.78,21,0
2025-09-23,M402,73.7,4.34,0,0
2025-09-23,M403,65.3,2.68,10,0
2025-09-23,M404,69.5,2.55,8,0
2025-09-24,M101,62.5,4.15,21,0
2025-09-24,M102,58.2,4.55,20,0
2025-09-24,M103,73.4,4.3,6,0
2025-09-24,M104,73.8,4.11,62,0
2025-09-24,M201,55.5,4.37,33,0
2025-09-24,M202,68.5,5.46,12,0
2025-09-24,M203,66.9,3.77,15,0
2025-09-24,M204,68.0,4.58,24,0
2025-09-24,M301,69.4,2.87,59,0
2025-09-24,M302,88.5,11.23,90,0
2025-09-24,M303,57.4,6.58,47,0
2025-09-24,M304,65.6,4.04,30,0
2025-09-24,M401,73.5,4.46,0,0
2025-09-24,M402,61.9,2.62,1,0
2025-09-24,M403,61.6,4.4,0,0
2025-09-24,M404,70.6,5.65,23,0
2025-09-25,M101,67.2,3.26,24,0
2025-09-25,M102,56.6,3.7,24,0
2025-09-25,M103,66.5,4.94,19,0
2025-09-25,M104,66.1,5.35,31,0
2025-09-25,M201,60.0,3.38,44,0
2025-09-25,M202,73.5,5.13,1,0
2025-09-25,M203,70.7,5.51,0,0
2025-09-25,M204,70.2,4.87,35,0
2025-09-25,M301,78.0,3.54,21,0
2025-09-25,M302,75.7,9.51,56,0
2025-09-25,M303,67.2,4.89,5,0
2025-09-25,M304,63.3,5.87,24,0
2025-09-25,M401,70.7,4.63,23,0
2025-09-25,M402,80.2,6.12,30,0
2025-09-25,M403,81.7,4.96,13,0
2025-09-25,M404,81.9,4.38,9,0
2025-09-26,M101,64.7,3.77,13,0
2025-09-26,M102,52.1,4.66,38,0
2025-09-26,M103,65.5,5.43,16,0
2025-09-26,M104,70.7,6.22,28,0
2025-09-26,M201,77.7,4.45,36,0
2025-09-26,M202,77.3,2.02,41,0
2025-09-26,M203,61.1,5.0,14,0
2025-09-26,M204,77.1,6.86,11,0
2025-09-26,M301,66.1,4.89,55,0
2025-09-26,M302,85.9,15.02,97,1
2025-09-26,M303,67.2,5.28,14,0
2025-09-26,M304,61.1,4.61,54,0
2025-09-26,M401,64.0,3.77,19,0
2025-09-26,M402,57.0,3.04,0,0
2025-09-26,M403,73.0,5.6,24,0
2025-09-26,M404,77.7,3.92,23,0
2025-09-27,M101,69.2,6.05,39,0
2025-09-27,M102,67.0,5.02,30,0
2025-09-27,M103,60.2,4.1,41,0
2025-09-27,M104,60.1,5.99,20,0
2025-09-27,M201,64.5,3.95,11,0
2025-09-27,M202,66.2,3.91,15,0
2025-09-27,M203,66.5,4.44,36,0
2025-09-27,M204,71.2,4.83,25,0
2025-09-27,M301,62.5,4.55,15,0
2025-09-27,M302,79.2,9.95,79,0
2025-09-27,M303,66.5,3.83,3,0
2025-09-27,M304,62.7,4.74,8,0
2025-09-27,M401,62.3,3.55,4,0
2025-09-27,M402,67.2,4.3,4,0
2025-09-27,M403,70.3,3.8,11,0
2025-09-27,M404,75.8,3.86,17,0
2025-09-28,M101,65.9,3.58,48,0
2025-09-28,M102,68.4,3.36,16,0
2025-09-28,M103,68.4,5.75,36,0
2025-09-28,M104,69.5,5.76,0,0
2025-09-28,M201,58.3,4.81,29,0
2025-09-28,M202,74.7,3.48,22,0
2025-09-28,M203,60.1,6.42,15,0
2025-09-28,M204,74.6,5.32,64,0
2025-09-28,M301,72.1,3.75,67,0
2025-09-28,M302,81.9,10.07,99,1
2025-09-28,M303,74.7,4.54,25,0
2025-09-28,M304,66.3,2.18,29,0
2025-09-28,M401,52.2,3.75,13,0
2025-09-28,M402,73.0,3.7,44,0
2025-09-28,M403,72.9,4.31,3,0
2025-09-28,M404,62.2,5.81,40,0
2025-09-29,M101,60.7,3.64,49,0
2025-09-29,M102,66.2,4.98,0,0
2025-09-29,M103,71.1,5.09,24,0
2025-09-29,M104,70.9,3.27,12,0
2025-09-29,M201,73.7,5.2,28,0
2025-09-29,M202,78.9,2.84,18,0
2025-09-29,M203,67.1,5.78,34,0
2025-09-29,M204,58.9,5.53,31,0
2025-09-29,M301,72.6,5.5,12,0
2025-09-29,M302,80.3,9.34,71,0
2025-09-29,M303,68.4,4.49,44,0
2025-09-29,M304,84.5,2.33,6,0
2025-09-29,M401,66.1,4.64,39,0
2025-09-29,M402,68.8,3.5,17,0
2025-09-29,M403,64.3,4.04,53,0
2025-09-29,M404,73.6,3.45,37,0
2025-09-30,M101,56.6,4.53,15,0
2025-09-30,M102,65.4,5.72,38,0
2025-09-30,M103,77.8,4.56,21,0
2025-09-30,M104,63.7,3.46,15,0
2025-09-30,M201,69.2,4.81,25,0
2025-09-30,M202,65.3,3.62,47,0
2025-09-30,M203,62.8,5.69,72,0
2025-09-30,M204,80.2,4.84,23,0
2025-09-30,M301,69.4,4.22,28,0
2025-09-30,M302,79.0,11.72,89,0
2025-09-30,M303,71.3,4.23,33,0
2025-09-30,M304,64.9,5.75,52,0
2025-09-30,M401,61.4,4.63,22,0
2025-09-30,M402,61.5,5.06,36,0
2025-09-30,M403,58.9,4.13,17,0
2025-09-30,M404,69.0,4.46,7,0
2025-10-01,M101,70.6,4.77,30,0
2025-10-01,M102,63.4,6.03,12,0
2025-10-01,M103,74.8,5.16,23,0
2025-10-01,M104,67.5,5.06,53,0
2025-10-01,M201,67.6,3.02,30,0
2025-10-01,M202,64.8,5.03,34,0
2025-10-01,M203,53.7,3.49,22,0
2025-10-01,M204,73.2,4.58,18,0
2025-10-01,M301,77.5,2.51,25,0
2025-10-01,M302,84.0,8.51,88,0
2025-10-01,M303,50.6,3.42,23,0
2025-10-01,M304,76.4,4.17,18,0
2025-10-01,M401,67.5,3.9,21,0
2025-10-01,M402,56.0,3.91,35,0
2025-10-01,M403,75.8,5.64,24,0
2025-10-01,M404,66.2,1.75,0,0
2025-10-02,M101,71.5,5.01,16,0
2025-10-02,M102,68.6,5.48,34,0
2025-10-02,M103,67.7,4.6,15,0
2025-10-02,M104,71.1,3.48,13,0
2025-10-02,M201,70.7,4.04,13,0
2025-10-02,M202,67.1,4.88,21,0
2025-10-02,M203,69.2,4.92,39,0
2025-10-02,M204,65.6,3.31,21,0
2025-10-02,M301,71.4,3.45,32,0
2025-10-02,M302,82.6,10.99,91,1
2025-10-02,M303,74.6,4.49,23,0
2025-10-02,M304,74.5,3.64,22,0
2025-10-02,M401,72.4,3.69,13,0
2025-10-02,M402,65.1,3.08,34,0
2025-10-02,M403,75.1,4.91,6,0
2025-10-02,M404,60.9,3.28,35,0
2025-10-03,M101,79.7,6.31,23,0
2025-10-03,M102,75.3,3.68,18,0
2025-10-03,M103,71.0,3.07,14,0
2025-10-03,M104,69.0,3.48,32,0
2025-10-03,M201,60.4,2.99,39,0
2025-10-03,M202,65.3,5.27,26,0
2025-10-03,M203,62.8,3.39,29,0
2025-10-03,M204,77.9,5.71,43,0
2025-10-03,M301,66.2,4.78,18,0
2025-10-03,M302,75.0,12.85,85,0
2025-10-03,M303,58.7,4.09,48,0
2025-10-03,M304,62.7,5.24,19,0
2025-10-03,M401,70.0,4.9,48,0
2025-10-03,M402,67.4,4.24,5,0
2025-10-03,M403,67.6,3.17,20,0
2025-10-03,M404,60.6,2.14,45,0
2025-10-04,M101,75.9,4.31,33,0
2025-10-04,M102,74.5,3.71,0,0
2025-10-04,M103,70.5,3.25,30,0
2025-10-04,M104,65.2,1.25,0,0
2025-10-04,M201,68.7,1.92,4,0
2025-10-04,M202,70.7,4.41,29,0
2025-10-04,M203,72.6,2.82,5,0
2025-10-04,M204,69.6,6.02,10,0
2025-10-04,M301,66.5,5.31,28,0
2025-10-04,M302,77.9,11.58,91,1
2025-10-04,M303,66.0,4.55,20,0
2025-10-04,M304,60.8,4.82,11,0
2025-10-04,M401,65.9,5.0,17,0
2025-10-04,M402,71.1,2.57,39,0
2025-10-04,M403,58.9,5.21,30,0
2025-10-04,M404,62.2,4.73,15,0
2025-10-05,M101,77.0,5.0,49,0
2025-10-05,M102,66.7,5.12,24,0
2025-10-05,M103,73.5,3.6,20,0
2025-10-05,M104,56.0,6.32,12,0
2025-10-05,M201,80.4,3.97,38,0
2025-10-05,M202,62.9,5.81,44,0
2025-10-05,M203,64.0,3.68,5,0
2025-10-05,M204,70.1,5.41,49,0
2025-10-05,M301,67.3,4.24,8,0
2025-10-05,M302,81.9,10.36,102,1
2025-10-05,M303,65.9,4.8,14,0
2025-10-05,M304,61.4,5.14,23,0
2025-10-05,M401,76.2,4.61,30,0
2025-10-05,M402,64.7,5.65,24,0
2025-10-05,M403,71.0,4.27,17,0
2025-10-05,M404,65.5,5.54,43,0
2025-10-06,M101,56.4,3.99,18,0
2025-10-06,M102,70.3,3.3,24,0
2025-10-06,M103,65.1,4.99,13,0
2025-10-06,M104,72.1,4.23,19,0
2025-10-06,M201,66.2,3.19,7,0
2025-10-06,M202,59.0,3.13,0,0
2025-10-06,M203,71.9,4.26,34,0
2025-10-06,M204,69.4,6.09,26,0
2025-10-06,M301,80.5,4.25,21,0
2025-10-06,M302,87.6,11.62,98,1
2025-10-06,M303,67.0,5.13,23,0
2025-10-06,M304,75.6,4.43,26,0
2025-10-06,M401,80.2,5.57,36,0
2025-10-06,M402,67.9,1.84,18,0
2025-10-06,M403,57.7,3.83,11,0
2025-10-06,M404,72.6,4.19,38,0
2025-10-07,M101,76.1,3.75,28,0
2025-10-07,M102,69.7,2.98,22,0
2025-10-07,M103,59.0,4.51,37,0
2025-10-07,M104,57.8,3.49,35,0
2025-10-07,M201,72.5,5.31,31,0
2025-10-07,M202,61.0,4.03,32,0
2025-10-07,M203,62.6,4.09,25,0
2025-10-07,M204,69.6,4.72,7,0
2025-10-07,M301,67.9,6.24,6,0
2025-10-07,M302,83.8,10.35,99,1
2025-10-07,M303,72.1,4.44,9,0
2025-10-07,M304,62.2,4.8,2,0
2025-10-07,M401,66.1,1.73,4,0
2025-10-07,M402,76.3,3.44,12,0
2025-10-07,M403,72.8,5.53,14,0
2025-10-07,M404,69.8,5.71,34,0
2025-10-08,M101,60.7,5.6,36,0
2025-10-08,M102,74.9,4.31,16,0
2025-10-08,M103,74.2,3.92,13,0
2025-10-08,M104,62.8,4.76,56,0
2025-10-08,M201,60.3,3.98,41,0
2025-10-08,M202,71.7,5.82,6,0
2025-10-08,M203,59.8,2.66,25,0
2025-10-08,M204,63.0,6.43,8,0
2025-10-08,M301,72.2,5.04,15,0
2025-10-08,M302,86.4,9.17,92,1
2025-10-08,M303,56.5,5.05,34,0
2025-10-08,M304,76.7,4.04,21,0
2025-10-08,M401,62.0,3.92,0,0
2025-10-08,M402,73.8,3.84,0,0
2025-10-08,M403,61.4,2.93,31,0
2025-10-08,M404,65.1,6.01,20,0
2025-10-09,M101,71.5,5.03,9,0
2025-10-09,M102,67.5,4.02,16,0
2025-10-09,M103,70.0,3.41,22,0
2025-10-09,M104,72.9,2.19,41,0
2025-10-09,M201,73.1,2.65,0,0
2025-10-09,M202,59.4,5.26,34,0
2025-10-09,M203,69.4,6.33,13,0
2025-10-09,M204,68.8,4.75,48,0
2025-10-09,M301,60.8,4.92,23,0
2025-10-09,M302,82.6,11.53,87,0
2025-10-09,M303,70.8,3.45,40,0
2025-10-09,M304,66.7,3.32,56,0
2025-10-09,M401,58.9,3.17,13,0
2025-10-09,M402,72.4,5.86,41,0
2025-10-09,M403,66.5,5.05,43,0
2025-10-09,M404,67.1,4.92,12,0
2025-10-10,M101,64.3,4.95,0,0
2025-10-10,M102,65.3,4.66,23,0
2025-10-10,M103,60.7,5.09,14,0
2025-10-10,M104,64.4,5.68,40,0
2025-10-10,M201,68.3,4.43,37,0
2025-10-10,M202,66.1,5.03,32,0
2025-10-10,M203,70.4,5.02,10,0
2025-10-10,M204,60.5,4.43,19,0
2025-10-10,M301,63.0,4.63,25,0
2025-10-10,M302,81.8,11.46,121,1
2025-10-10,M303,75.5,2.87,21,0
2025-10-10,M304,69.1,3.82,41,0
2025-10-10,M401,57.0,5.15,52,0
2025-10-10,M402,62.3,5.4,23,0
2025-10-10,M403,76.0,4.4,50,0
2025-10-10,M404,73.7,2.5,13,0
2025-10-11,M101,58.6,4.48,24,0
2025-10-11,M102,58.1,3.75,4,0
2025-10-11,M103,63.4,3.24,11,0
2025-10-11,M104,62.6,3.66,40,0
2025-10-11,M201,70.6,5.93,17,0
2025-10-11,M202,66.0,4.97,11,0
2025-10-11,M203,67.2,4.0,30,0
2025-10-11,M204,70.0,3.75,26,0
2025-10-11,M301,68.1,6.35,26,0
2025-10-11,M302,88.2,10.53,106,1
2025-10-11,M303,54.9,2.62,34,0
2025-10-11,M304,57.7,4.96,30,0
2025-10-11,M401,67.6,5.5,51,0
2025-10-11,M402,61.2,4.64,47,0
2025-10-11,M403,68.2,3.4,12,0
2025-10-11,M404,66.2,4.53,16,0
2025-10-12,M101,63.4,3.96,17,0
2025-10-12,M102,66.7,3.74,0,0
2025-10-12,M103,64.6,2.54,36,0
2025-10-12,M104,66.5,4.38,19,0
2025-10-12,M201,58.3,5.76,4,0
2025-10-12,M202,70.2,4.62,17,0
2025-10-12,M203,71.6,5.22,8,0
2025-10-12,M204,60.6,3.48,26,0
2025-10-12,M301,61.4,4.63,24,0
2025-10-12,M302,88.5,12.52,74,0
2025-10-12,M303,69.0,3.55,47,0
2025-10-12,M304,72.4,4.9,9,0
2025-10-12,M401,55.2,5.26,20,0
2025-10-12,M402,70.7,3.39,8,0
2025-10-12,M403,64.6,4.03,18,0
2025-10-12,M404,69.2,5.97,25,0
2025-10-13,M101,62.1,3.88,24,0
2025-10-13,M102,72.5,4.84,7,0
2025-10-13,M103,79.4,3.77,39,0
2025-10-13,M104,72.5,4.5,44,0
2025-10-13,M201,71.0,3.07,26,0
2025-10-13,M202,69.0,5.1,27,0
2025-10-13,M203,60.7,4.51,26,0
2025-10-13,M204,65.0,4.26,3,0
2025-10-13,M301,61.7,3.91,15,0
2025-10-13,M302,87.7,8.89,79,0
2025-10-13,M303,66.2,5.66,30,0
2025-10-13,M304,66.2,5.06,14,0
2025-10-13,M401,72.7,3.76,38,0
2025-10-13,M402,70.5,4.47,50,0
2025-10-13,M403,60.4,4.86,28,0
2025-10-13,M404,67.7,3.61,24,0
2025-10-14,M101,68.4,5.09,14,0
2025-10-14,M102,68.1,4.59,26,0
2025-10-14,M103,62.3,3.1,0,0
2025-10-14,M104,67.7,3.97,7,0
2025-10-14,M201,70.8,5.59,35,0
2025-10-14,M202,65.3,5.49,11,0
2025-10-14,M203,65.5,5.11,17,0
2025-10-14,M204,78.6,6.36,26,0
2025-10-14,M301,70.5,2.68,15,0
2025-10-14,M302,85.0,14.71,89,0
2025-10-14,M303,67.9,3.86,28,0
2025-10-14,M304,70.4,5.62,41,0
2025-10-14,M401,57.7,4.57,0,0
2025-10-14,M402,76.0,4.58,38,0
2025-10-14,M403,73.6,3.61,2,0
2025-10-14,M404,65.0,3.69,1,0
2025-10-15,M101,73.2,3.99,44,0
2025-10-15,M102,68.8,3.76,45,0
2025-10-15,M103,66.4,5.56,44,0
2025-10-15,M104,73.6,5.07,18,0
2025-10-15,M201,77.1,4.59,39,0
2025-10-15,M202,67.5,5.05,23,0
2025-10-15,M203,73.6,1.54,14,0
2025-10-15,M204,69.0,5.47,13,0
2025-10-15,M301,81.3,4.31,35,0
2025-10-15,M302,78.9,13.1,56,0
2025-10-15,M303,71.7,5.21,44,0
2025-10-15,M304,70.5,3.89,33,0
2025-10-15,M401,68.3,4.85,23,0
2025-10-15,M402,68.9,3.59,62,0
2025-10-15,M403,73.1,5.05,21,0
2025-10-15,M404,67.8,3.2,0,0
2025-10-16,M101,63.1,6.55,43,0
2025-10-16,M102,70.6,5.02,15,0
2025-10-16,M103,58.6,5.0,38,0
2025-10-16,M104,61.8,3.23,23,0
2025-10-16,M201,62.5,3.39,29,0
2025-10-16,M202,66.4,6.76,17,0
2025-10-16,M203,71.1,4.8,2,0
2025-10-16,M204,69.6,4.84,19,0
2025-10-16,M301,83.0,4.93,46,0
2025-10-16,M302,82.6,7.88,97,1
2025-10-16,M303,69.5,4.87,20,0
2025-10-16,M304,59.9,4.97,28,0
2025-10-16,M401,69.4,4.67,52,0
2025-10-16,M402,63.5,4.64,48,0
2025-10-16,M403,74.5,5.39,17,0
2025-10-16,M404,66.4,5.3,18,0
2025-10-17,M101,65.3,5.48,0,0
2025-10-17,M102,68.8,5.12,20,0
2025-10-17,M103,72.1,2.46,12,0
2025-10-17,M104,74.4,3.75,5,0
2025-10-17,M201,68.8,5.02,8,0
2025-10-17,M202,69.1,3.44,22,0
2025-10-17,M203,73.4,3.69,36,0
2025-10-17,M204,59.3,4.76,31,0
2025-10-17,M301,62.4,5.86,23,0
2025-10-17,M302,81.7,9.37,100,1
2025-10-17,M303,74.3,5.0,12,0
2025-10-17,M304,58.8,4.68,42,0
2025-10-17,M401,76.8,3.1,21,0
2025-10-17,M402,68.3,6.46,11,0
2025-10-17,M403,73.3,4.66,35,0
2025-10-17,M404,55.9,3.39,25,0
2025-10-18,M101,60.8,5.31,19,0
2025-10-18,M102,75.6,4.83,19,0
2025-10-18,M103,73.1,3.61,58,0
2025-10-18,M104,78.7,5.79,9,0
2025-10-18,M201,75.8,3.29,21,0
2025-10-18,M202,74.8,5.01,6,0
2025-10-18,M203,58.7,4.84,18,0
2025-10-18,M204,68.9,4.93,22,0
2025-10-18,M301,70.9,2.91,18,0
2025-10-18,M302,76.9,12.18,89,0
2025-10-18,M303,64.8,3.53,34,0
2025-10-18,M304,67.0,3.88,22,0
2025-10-18,M401,72.8,5.4,17,0
2025-10-18,M402,69.8,4.94,0,0
2025-10-18,M403,70.8,1.83,11,0
2025-10-18,M404,61.3,4.49,0,0
2025-10-19,M101,71.5,1.89,4,0
2025-10-19,M102,68.1,3.94,27,0
2025-10-19,M103,66.8,4.53,40,0
2025-10-19,M104,74.7,5.41,0,0
2025-10-19,M201,63.8,3.21,8,0
2025-10-19,M202,64.1,5.58,11,0
2025-10-19,M203,72.5,3.54,28,0
2025-10-19,M204,71.9,6.2,60,0
2025-10-19,M301,79.5,4.87,6,0
2025-10-19,M302,84.9,10.05,38,0
2025-10-19,M303,68.0,5.84,33,0
2025-10-19,M304,68.8,4.51,27,0
2025-10-19,M401,77.3,4.44,25,0
2025-10-19,M402,72.0,4.97,26,0
2025-10-19,M403,63.5,5.16,39,0
2025-10-19,M404,72.6,4.02,12,0
2025-10-20,M101,70.3,5.22,5,0
2025-10-20,M102,69.9,5.87,21,0
2025-10-20,M103,68.9,5.23,5,0
2025-10-20,M104,73.0,5.77,16,0
2025-10-20,M201,67.4,4.53,14,0
2025-10-20,M202,66.5,3.97,11,0
2025-10-20,M203,66.4,4.57,22,0
2025-10-20,M204,61.1,4.73,32,0
2025-10-20,M301,67.0,4.25,0,0
2025-10-20,M302,78.6,11.82,86,0
2025-10-20,M303,63.4,3.38,21,0
2025-10-20,M304,70.5,4.38,17,0
2025-10-20,M401,70.7,4.55,31,0
2025-10-20,M402,71.0,4.32,23,0
2025-10-20,M403,68.3,6.95,10,0
2025-10-20,M404,64.0,3.3,24,0
2025-10-21,M101,65.1,4.38,27,0
2025-10-21,M102,73.0,2.72,46,0
2025-10-21,M103,68.5,4.37,11,0
2025-10-21,M104,73.2,4.86,36,0
2025-10-21,M201,66.2,5.55,0,0
2025-10-21,M202,75.3,5.49,11,0
2025-10-21,M203,72.0,6.31,42,0
2025-10-21,M204,59.9,4.05,29,0
2025-10-21,M301,68.4,3.72,14,0
2025-10-21,M302,79.9,9.94,87,0
2025-10-21,M303,73.5,4.69,35,0
2025-10-21,M304,59.5,5.17,31,0
2025-10-21,M401,70.2,3.42,12,0
2025-10-21,M402,69.6,3.21,30,0
2025-10-21,M403,74.3,2.56,8,0
2025-10-21,M404,61.8,5.2,12,0
2025-10-22,M101,68.2,2.05,47,0
2025-10-22,M102,69.7,6.38,22,0
2025-10-22,M103,71.0,5.39,49,0
2025-10-22,M104,61.7,4.5,25,0
2025-10-22,M201,76.3,4.12,25,0
2025-10-22,M202,67.5,4.07,40,0
2025-10-22,M203,71.7,5.74,35,0
2025-10-22,M204,74.4,5.48,37,0
2025-10-22,M301,70.8,6.63,49,0
2025-10-22,M302,87.6,12.24,63,0
2025-10-22,M303,67.7,6.48,3,0
2025-10-22,M304,67.4,3.44,0,0
2025-10-22,M401,68.9,5.14,36,0
2025-10-22,M402,59.0,2.84,26,0
2025-10-22,M403,74.3,3.07,10,0
2025-10-22,M404,62.8,5.05,29,0
2025-10-23,M101,76.2,4.11,4,0
2025-10-23,M102,72.4,6.7,33,0
2025-10-23,M103,62.9,4.34,0,0
2025-10-23,M104,64.3,4.03,19,0
2025-10-23,M201,81.0,4.55,12,0
2025-10-23,M202,66.4,3.13,38,0
2025-10-23,M203,68.9,4.96,32,0
2025-10-23,M204,69.0,3.37,20,0
2025-10-23,M301,75.7,4.61,9,0
2025-10-23,M302,75.0,11.27,105,1
2025-10-23,M303,70.3,6.85,28,0
2025-10-23,M304,73.8,3.06,24,0
2025-10-23,M401,67.7,4.71,27,0
2025-10-23,M402,75.0,3.12,4,0
2025-10-23,M403,63.1,5.38,40,0
2025-10-23,M404,60.6,4.34,43,0
2025-10-24,M101,62.9,5.63,16,0
2025-10-24,M102,56.6,4.47,8,0
2025-10-24,M103,75.3,4.58,33,0
2025-10-24,M104,76.2,5.11,54,0
2025-10-24,M201,75.4,5.24,32,0
2025-10-24,M202,56.8,2.29,17,0
2025-10-24,M203,86.1,5.16,13,0
2025-10-24,M204,65.6,3.98,26,0
2025-10-24,M301,60.3,4.01,6,0
2025-10-24,M302,89.4,13.9,60,0
2025-10-24,M303,69.4,6.07,44,0
2025-10-24,M304,63.3,4.16,44,0
2025-10-24,M401,62.7,4.77,24,0
2025-10-24,M402,62.4,4.78,36,0
2025-10-24,M403,61.7,4.96,0,0
2025-10-24,M404,73.2,4.04,30,0
2025-10-25,M101,67.0,4.58,33,0
2025-10-25,M102,64.9,4.9,30,0
2025-10-25,M103,78.9,4.14,34,0
2025-10-25,M104,61.2,5.71,8,0
2025-10-25,M201,68.3,3.96,26,0
2025-10-25,M202,68.0,5.74,44,0
2025-10-25,M203,74.4,4.27,32,0
2025-10-25,M204,64.3,5.05,18,0
2025-10-25,M301,71.7,3.39,27,0
2025-10-25,M302,84.2,8.94,93,1
2025-10-25,M303,76.7,4.43,12,0
2025-10-25,M304,68.1,3.91,0,0
2025-10-25,M401,70.9,4.26,52,0
2025-10-25,M402,66.7,4.19,22,0
2025-10-25,M403,59.6,6.72,35,0
2025-10-25,M404,61.4,4.26,24,0
2025-10-26,M101,63.2,2.72,33,0
2025-10-26,M102,65.2,5.75,25,0
2025-10-26,M103,69.8,2.08,43,0
2025-10-26,M104,77.6,4.05,11,0
2025-10-26,M201,71.4,3.44,19,0
2025-10-26,M202,63.6,5.95,21,0
2025-10-26,M203,74.8,4.39,38,0
2025-10-26,M204,59.4,3.12,26,0
2025-10-26,M301,62.5,5.38,31,0
2025-10-26,M302,80.1,10.73,84,0
2025-10-26,M303,65.0,3.76,43,0
2025-10-26,M304,76.5,3.97,23,0
2025-10-26,M401,75.4,5.63,19,0
2025-10-26,M402,65.1,4.61,12,0
2025-10-26,M403,69.9,5.87,56,0
2025-10-26,M404,63.4,3.93,23,0
2025-10-27,M101,67.5,3.88,14,0
2025-10-27,M102,66.7,4.62,22,0
2025-10-27,M103,67.0,5.26,21,0
2025-10-27,M104,65.1,4.32,48,0
2025-10-27,M201,70.1,5.1,13,0
2025-10-27,M202,65.7,5.05,41,0
2025-10-27,M203,73.8,3.39,13,0
2025-10-27,M204,60.4,6.58,37,0
2025-10-27,M301,65.9,5.3,10,0
2025-10-27,M302,79.4,10.1,106,1
2025-10-27,M303,69.3,5.75,4,0
2025-10-27,M304,64.9,3.27,12,0
2025-10-27,M401,73.2,6.02,44,0
2025-10-27,M402,75.6,4.53,27,0
2025-10-27,M403,76.9,5.2,25,0
2025-10-27,M404,65.2,5.31,28,0
2025-10-28,M101,70.7,3.95,19,0
2025-10-28,M102,56.3,5.34,3,0
2025-10-28,M103,75.2,3.55,18,0
2025-10-28,M104,70.5,4.22,28,0
2025-10-28,M201,64.0,3.48,46,0
2025-10-28,M202,66.0,6.06,23,0
2025-10-28,M203,81.5,3.39,27,0
2025-10-28,M204,64.0,4.91,29,0
2025-10-28,M301,67.6,5.09,27,0
2025-10-28,M302,78.4,9.2,85,0
2025-10-28,M303,74.7,3.84,4,0
2025-10-28,M304,77.2,3.82,15,0
2025-10-28,M401,76.3,5.07,0,0
2025-10-28,M402,72.0,6.15,48,0
2025-10-28,M403,59.3,3.4,24,0
2025-10-28,M404,64.2,3.63,8,0
2025-10-29,M101,65.1,4.66,18,0
2025-10-29,M102,81.0,4.21,47,0
2025-10-29,M103,63.0,4.05,30,0
2025-10-29,M104,63.7,5.27,17,0
2025-10-29,M201,53.3,6.5,4,0
2025-10-29,M202,64.1,5.23,19,0
2025-10-29,M203,67.6,7.23,35,0
2025-10-29,M204,57.6,3.79,31,0
2025-10-29,M301,69.3,3.98,24,0
2025-10-29,M302,79.4,8.52,79,0
2025-10-29,M303,70.6,5.51,18,0
2025-10-29,M304,67.6,4.83,0,0
2025-10-29,M401,63.6,2.76,30,0
2025-10-29,M402,63.4,5.69,22,0
2025-10-29,M403,73.4,5.7,11,0
2025-10-29,M404,60.0,4.97,19,0
2025-10-30,M101,63.4,5.74,32,0
2025-10-30,M102,68.7,4.74,40,0
2025-10-30,M103,77.2,4.74,40,0
2025-10-30,M104,60.2,4.38,4,0
2025-10-30,M201,57.9,3.81,10,0
2025-10-30,M202,64.9,6.35,32,0
2025-10-30,M203,74.9,4.47,0,0
2025-10-30,M204,57.0,2.55,32,0
2025-10-30,M301,58.2,4.09,43,0
2025-10-30,M302,78.9,11.11,94,1
2025-10-30,M303,75.0,6.43,0,0
2025-10-30,M304,72.8,4.69,34,0
2025-10-30,M401,66.3,5.06,12,0
2025-10-30,M402,69.9,3.05,20,0
2025-10-30,M403,57.5,5.11,30,0
2025-10-30,M404,60.1,3.94,15,0
2025-10-31,M101,76.5,3.66,25,0
2025-10-31,M102,64.4,3.55,8,0
2025-10-31,M103,67.5,4.84,43,0
2025-10-31,M104,69.1,3.05,6,0
2025-10-31,M201,60.9,5.5,52,0
2025-10-31,M202,62.6,4.64,9,0
2025-10-31,M203,62.7,3.52,19,0
2025-10-31,M204,73.9,6.98,18,0
2025-10-31,M301,70.0,3.84,58,0
2025-10-31,M302,76.6,11.5,77,0
2025-10-31,M303,73.2,4.26,20,0
2025-10-31,M304,71.9,4.27,0,0
2025-10-31,M401,78.8,5.79,0,0
2025-10-31,M402,61.3,5.9,15,0
2025-10-31,M403,64.0,5.55,4,0
2025-10-31,M404,76.8,3.18,25,0
2025-11-01,M101,65.9,4.87,40,0
2025-11-01,M102,67.4,4.6,6,0
2025-11-01,M103,66.6,3.75,22,0
2025-11-01,M104,78.6,4.19,56,0
2025-11-01,M201,76.5,5.92,51,0
2025-11-01,M202,69.4,4.48,23,0
2025-11-01,M203,69.8,4.29,9,0
2025-11-01,M204,62.0,2.93,27,0
2025-11-01,M301,65.9,4.42,27,0
2025-11-01,M302,82.0,10.16,96,1
2025-11-01,M303,64.0,4.3,30,0
2025-11-01,M304,83.2,4.9,18,0
2025-11-01,M401,66.1,3.37,19,0
2025-11-01,M402,65.4,3.15,35,0
2025-11-01,M403,64.2,2.12,35,0
2025-11-01,M404,65.8,4.4,35,0
2025-11-02,M101,55.1,4.13,61,0
2025-11-02,M102,78.7,3.21,8,0
2025-11-02,M103,65.2,3.86,28,0
2025-11-02,M104,69.5,5.1,24,0
2025-11-02,M201,63.6,5.79,31,0
2025-11-02,M202,71.4,4.81,61,0
2025-11-02,M203,72.3,4.65,4,0
2025-11-02,M204,68.7,5.37,29,0
2025-11-02,M301,75.4,7.33,37,0
2025-11-02,M302,84.3,10.8,83,0
2025-11-02,M303,68.5,3.99,28,0
2025-11-02,M304,56.0,5.47,15,0
2025-11-02,M401,73.8,4.19,30,0
2025-11-02,M402,74.8,3.81,33,0
2025-11-02,M403,63.9,5.25,13,0
2025-11-02,M404,68.1,4.94,49,0
2025-11-03,M101,65.8,4.33,4,0
2025-11-03,M102,58.9,3.78,25,0
2025-11-03,M103,73.6,4.17,9,0
2025-11-03,M104,69.7,3.64,16,0
2025-11-03,M201,73.6,4.05,60,0
2025-11-03,M202,53.9,4.52,30,0
2025-11-03,M203,67.6,5.73,32,0
2025-11-03,M204,65.5,5.07,35,0
2025-11-03,M301,70.7,4.88,40,0
2025-11-03,M302,84.9,12.18,61,0
2025-11-03,M303,68.2,4.95,42,0
2025-11-03,M304,63.8,4.13,4,0
2025-11-03,M401,67.4,5.71,27,0
2025-11-03,M402,63.6,5.8,41,0
2025-11-03,M403,70.8,5.7,0,0
2025-11-03,M404,70.3,4.84,42,0
2025-11-04,M101,84.2,4.26,22,0
2025-11-04,M102,55.9,4.58,33,0
2025-11-04,M103,58.3,3.67,32,0
2025-11-04,M104,61.8,5.05,14,0
2025-11-04,M201,70.0,3.77,47,0
2025-11-04,M202,73.0,3.59,36,0
2025-11-04,M203,74.0,4.12,39,0
2025-11-04,M204,60.9,5.35,14,0
2025-11-04,M301,65.8,2.81,15,0
2025-11-04,M302,72.9,10.49,84,0
2025-11-04,M303,63.8,6.73,5,0
2025-11-04,M304,77.9,5.2,28,0
2025-11-04,M401,74.3,5.22,23,0
2025-11-04,M402,73.8,5.66,15,0
2025-11-04,M403,68.9,4.28,23,0
2025-11-04,M404,73.9,4.12,18,0
2025-11-05,M101,72.0,2.97,9,0
2025-11-05,M102,70.1,4.43,39,0
2025-11-05,M103,71.2,3.17,25,0
2025-11-05,M104,66.4,4.73,17,0
2025-11-05,M201,59.2,3.94,5,0
2025-11-05,M202,71.5,4.89,11,0
2025-11-05,M203,65.6,3.9,5,0
2025-11-05,M204,71.9,6.59,23,0
2025-11-05,M301,76.7,4.67,3,0
2025-11-05,M302,78.6,10.69,99,1
2025-11-05,M303,71.7,7.12,10,0
2025-11-05,M304,70.2,2.53,23,0
2025-11-05,M401,70.6,3.38,47,0
2025-11-05,M402,64.4,4.18,31,0
2025-11-05,M403,70.2,5.75,40,0
2025-11-05,M404,76.8,5.11,2,0
2025-11-06,M101,72.5,4.4,40,0
2025-11-06,M102,62.5,5.51,9,0
2025-11-06,M103,61.4,6.75,2,0
2025-11-06,M104,64.8,4.54,25,0
2025-11-06,M201,67.9,5.12,38,0
2025-11-06,M202,65.0,4.23,24,0
2025-11-06,M203,72.6,2.8,29,0
2025-11-06,M204,64.6,4.35,0,0
2025-11-06,M301,72.2,5.41,3,0
2025-11-06,M302,86.1,9.3,113,1
2025-11-06,M303,71.0,5.14,38,0
2025-11-06,M304,76.3,5.44,15,0
2025-11-06,M401,66.3,5.79,30,0
2025-11-06,M402,78.1,3.28,28,0
2025-11-06,M403,65.2,3.34,40,0
2025-11-06,M404,63.5,4.11,7,0
2025-11-07,M101,69.4,5.15,36,0
2025-11-07,M102,68.4,4.0,8,0
2025-11-07,M103,66.1,4.14,28,0
2025-11-07,M104,70.1,4.2,27,0
2025-11-07,M201,71.3,5.72,19,0
2025-11-07,M202,75.0,6.3,33,0
2025-11-07,M203,67.0,3.88,14,0
2025-11-07,M204,63.6,4.45,41,0
2025-11-07,M301,69.3,4.41,41,0
2025-11-07,M302,83.0,9.28,53,0
2025-11-07,M303,74.9,5.42,36,0
2025-11-07,M304,67.6,5.95,27,0
2025-11-07,M401,60.9,5.98,14,0
2025-11-07,M402,68.3,4.16,18,0
2025-11-07,M403,64.6,3.65,30,0
2025-11-07,M404,67.2,5.73,7,0
2025-11-08,M101,73.6,4.17,28,0
2025-11-08,M102,72.1,4.77,23,0
2025-11-08,M103,70.3,5.34,29,0
2025-11-08,M104,65.9,5.15,0,0
2025-11-08,M201,66.3,4.88,20,0
2025-11-08,M202,70.8,4.87,30,0
2025-11-08,M203,72.8,3.71,3,0
2025-11-08,M204,62.6,3.76,12,0
2025-11-08,M301,70.1,5.65,28,0
2025-11-08,M302,76.3,9.2,63,0
2025-11-08,M303,65.2,4.92,32,0
2025-11-08,M304,63.8,4.27,44,0
2025-11-08,M401,74.6,4.8,14,0
2025-11-08,M402,66.4,5.13,4,0
2025-11-08,M403,80.3,2.42,38,0
2025-11-08,M404,69.0,2.32,3,0
2025-11-09,M101,57.6,4.48,18,0
2025-11-09,M102,85.1,4.82,38,0
2025-11-09,M103,67.9,5.81,5,0
2025-11-09,M104,72.7,5.09,14,0
2025-11-09,M201,72.8,5.2,43,0
2025-11-09,M202,60.2,4.79,15,0
2025-11-09,M203,66.2,4.72,18,0
2025-11-09,M204,60.6,5.62,45,0
2025-11-09,M301,69.9,4.29,18,0
2025-11-09,M302,85.4,12.18,86,0
2025-11-09,M303,76.9,4.7,44,0
2025-11-09,M304,71.0,3.74,38,0
2025-11-09,M401,67.3,7.0,13,0
2025-11-09,M402,70.3,3.47,10,0
2025-11-09,M403,71.1,4.71,33,0
2025-11-09,M404,62.2,4.26,21,0
2025-11-10,M101,69.2,3.8,24,0
2025-11-10,M102,77.3,5.21,34,0
2025-11-10,M103,62.7,3.53,21,0
2025-11-10,M104,74.9,5.78,17,0
2025-11-10,M201,69.8,5.95,31,0
2025-11-10,M202,65.4,4.54,20,0
2025-11-10,M203,61.7,4.35,52,0
2025-11-10,M204,66.3,4.7,35,0
2025-11-10,M301,76.0,4.92,2,0
2025-11-10,M302,77.0,12.19,62,0
2025-11-10,M303,71.8,4.45,47,0
2025-11-10,M304,68.2,3.85,0,0
2025-11-10,M401,78.8,4.75,23,0
2025-11-10,M402,65.6,4.37,0,0
2025-11-10,M403,66.9,4.95,30,0
2025-11-10,M404,68.5,4.16,0,0
2025-11-11,M101,70.9,4.16,28,0
2025-11-11,M102,60.2,5.74,10,0
2025-11-11,M103,63.0,3.93,13,0
2025-11-11,M104,79.8,5.94,27,0
2025-11-11,M201,63.2,4.5,7,0
2025-11-11,M202,71.3,5.52,7,0
2025-11-11,M203,76.3,4.14,11,0
2025-11-11,M204,67.5,3.91,12,0
2025-11-11,M301,74.4,3.99,58,0
2025-11-11,M302,82.4,11.21,70,0
2025-11-11,M303,78.2,2.53,24,0
2025-11-11,M304,67.9,4.55,13,0
2025-11-11,M401,66.0,4.44,57,0
2025-11-11,M402,69.2,3.3,25,0
2025-11-11,M403,79.7,5.06,36,0
2025-11-11,M404,56.9,3.9,14,0
2025-11-12,M101,73.4,5.16,11,0
2025-11-12,M102,59.4,4.01,50,0
2025-11-12,M103,71.2,5.52,38,0
2025-11-12,M104,68.8,3.38,32,0
2025-11-12,M201,65.9,2.67,48,0
2025-11-12,M202,73.9,5.98,23,0
2025-11-12,M203,68.9,3.64,28,0
2025-11-12,M204,49.6,4.18,11,0
2025-11-12,M301,59.6,3.65,35,0
2025-11-12,M302,85.7,9.66,109,1
2025-11-12,M303,63.4,4.7,29,0
2025-11-12,M304,73.5,3.74,35,0
2025-11-12,M401,65.7,5.2,17,0
2025-11-12,M402,56.2,3.57,36,0
2025-11-12,M403,55.1,2.3,0,0
2025-11-12,M404,60.8,5.86,36,0
2025-11-13,M101,71.0,4.39,46,0
2025-11-13,M102,64.1,6.61,23,0
2025-11-13,M103,73.6,3.42,25,0
2025-11-13,M104,75.5,4.6,19,0
2025-11-13,M201,63.4,5.03,23,0
2025-11-13,M202,63.3,4.25,32,0
2025-11-13,M203,67.7,3.27,17,0
2025-11-13,M204,69.4,5.86,7,0
2025-11-13,M301,77.2,4.22,21,0
2025-11-13,M302,76.0,12.22,64,0
2025-11-13,M303,65.2,4.91,24,0
2025-11-13,M304,70.5,5.56,16,0
2025-11-13,M401,57.0,5.67,19,0
2025-11-13,M402,74.0,4.1,27,0
2025-11-13,M403,60.2,3.98,50,0
2025-11-13,M404,76.1,4.66,21,0
2025-11-14,M101,66.5,3.03,31,0
2025-11-14,M102,70.5,6.03,12,0
2025-11-14,M103,65.8,3.66,27,0
2025-11-14,M104,70.5,4.11,0,0
2025-11-14,M201,58.7,3.42,8,0
2025-11-14,M202,70.7,3.44,32,0
2025-11-14,M203,69.3,5.16,9,0
2025-11-14,M204,70.6,3.88,39,0
2025-11-14,M301,71.0,3.84,40,0
2025-11-14,M302,91.4,13.47,64,0
2025-11-14,M303,73.3,3.43,7,0
2025-11-14,M304,72.1,5.43,33,0
2025-11-14,M401,69.4,3.7,37,0
2025-11-14,M402,74.4,4.13,26,0
2025-11-14,M403,73.3,4.89,0,0
2025-11-14,M404,68.7,5.31,19,0
2025-11-15,M101,65.6,4.61,0,0
2025-11-15,M102,64.8,4.14,22,0
2025-11-15,M103,73.5,5.16,12,0
2025-11-15,M104,78.4,5.12,45,0
2025-11-15,M201,70.1,6.24,7,0
2025-11-15,M202,71.7,3.78,74,0
2025-11-15,M203,52.2,5.92,31,0
2025-11-15,M204,65.7,3.72,14,0
2025-11-15,M301,52.2,4.86,32,0
2025-11-15,M302,83.1,11.89,81,0
2025-11-15,M303,65.6,2.81,34,0
2025-11-15,M304,69.6,3.69,44,0
2025-11-15,M401,70.2,3.83,15,0
2025-11-15,M402,60.8,4.79,25,0
2025-11-15,M403,66.8,3.44,13,0
2025-11-15,M404,67.3,4.46,22,0
2025-11-16,M101,75.1,6.38,37,0
2025-11-16,M102,70.5,4.96,26,0
2025-11-16,M103,62.1,4.73,37,0
2025-11-16,M104,57.2,5.22,27,0
2025-11-16,M201,64.8,4.59,5,0
2025-11-16,M202,67.7,4.34,2,0
2025-11-16,M203,65.3,4.57,36,0
2025-11-16,M204,65.5,4.77,23,0
2025-11-16,M301,72.5,2.83,23,0
2025-11-16,M302,83.4,12.65,85,0
2025-11-16,M303,61.2,4.49,17,0
2025-11-16,M304,68.7,4.21,30,0
2025-11-16,M401,75.4,5.98,39,0
2025-11-16,M402,69.6,2.47,48,0
2025-11-16,M403,68.1,4.91,38,0
2025-11-16,M404,63.4,3.43,46,0
2025-11-17,M101,65.7,3.51,21,0
2025-11-17,M102,76.1,4.5,23,0
2025-11-17,M103,63.7,4.96,12,0
2025-11-17,M104,64.9,4.11,19,0
2025-11-17,M201,65.3,3.4,29,0
2025-11-17,M202,73.1,3.55,32,0
2025-11-17,M203,81.3,4.25,51,0
2025-11-17,M204,69.6,5.0,17,0
2025-11-17,M301,57.9,3.28,11,0
2025-11-17,M302,85.7,9.88,90,0
2025-11-17,M303,69.9,5.67,19,0
2025-11-17,M304,72.7,4.84,44,0
2025-11-17,M401,64.0,5.8,0,0
2025-11-17,M402,67.2,5.53,33,0
2025-11-17,M403,56.1,4.03,36,0
2025-11-17,M404,65.1,5.29,26,0
2025-11-18,M101,68.2,5.0,19,0
2025-11-18,M102,69.0,4.45,36,0
2025-11-18,M103,61.5,2.59,4,0
2025-11-18,M104,78.0,4.96,33,0
2025-11-18,M201,56.4,3.49,44,0
2025-11-18,M202,69.4,4.52,28,0
2025-11-18,M203,60.6,4.19,26,0
2025-11-18,M204,70.2,5.37,28,0
2025-11-18,M301,71.1,4.22,20,0
2025-11-18,M302,82.6,11.4,78,0
2025-11-18,M303,66.3,4.48,34,0
2025-11-18,M304,67.0,3.29,13,0
2025-11-18,M401,68.4,3.25,24,0
2025-11-18,M402,58.3,4.14,28,0
2025-11-18,M403,73.3,3.55,7,0
2025-11-18,M404,66.6,6.81,11,0
2025-11-19,M101,64.3,3.81,28,0
2025-11-19,M102,60.7,4.78,34,0
2025-11-19,M103,66.5,4.77,0,0
2025-11-19,M104,66.1,4.18,21,0
2025-11-19,M201,69.4,4.01,21,0
2025-11-19,M202,64.6,4.77,26,0
2025-11-19,M203,60.3,5.58,47,0
2025-11-19,M204,73.6,4.66,17,0
2025-11-19,M301,71.0,4.49,25,0
2025-11-19,M302,81.4,12.4,80,0
2025-11-19,M303,60.5,5.31,35,0
2025-11-19,M304,67.2,4.63,32,0
2025-11-19,M401,54.5,4.88,23,0
2025-11-19,M402,66.5,3.19,39,0
2025-11-19,M403,63.0,4.69,24,0
2025-11-19,M404,70.6,4.03,29,0
2025-11-20,M101,78.0,6.69,17,0
2025-11-20,M102,69.1,3.64,32,0
2025-11-20,M103,64.3,4.37,24,0
2025-11-20,M104,69.9,5.4,12,0
2025-11-20,M201,73.8,5.26,45,0
2025-11-20,M202,63.3,5.07,15,0
2025-11-20,M203,68.0,3.36,6,0
2025-11-20,M204,64.5,3.77,42,0
2025-11-20,M301,59.6,4.59,21,0
2025-11-20,M302,78.3,11.89,69,0
2025-11-20,M303,70.3,4.95,48,0
2025-11-20,M304,74.6,5.48,17,0
2025-11-20,M401,65.8,4.08,28,0
2025-11-20,M402,59.1,5.39,38,0
2025-11-20,M403,65.9,5.83,60,0
2025-11-20,M404,68.4,4.37,43,0
2025-11-21,M101,59.9,4.5,53,0
2025-11-21,M102,58.3,3.71,31,0
2025-11-21,M103,73.8,4.13,19,0
2025-11-21,M104,63.8,5.19,0,0
2025-11-21,M201,61.4,3.81,21,0
2025-11-21,M202,71.5,4.95,14,0
2025-11-21,M203,76.3,4.5,10,0
2025-11-21,M204,66.6,5.92,29,0
2025-11-21,M301,72.9,3.44,41,0
2025-11-21,M302,76.8,9.24,72,0
2025-11-21,M303,73.4,3.49,14,0
2025-11-21,M304,69.5,2.75,31,0
2025-11-21,M401,65.7,5.47,28,0
2025-11-21,M402,71.0,3.68,39,0
2025-11-21,M403,65.3,4.01,38,0
2025-11-21,M404,71.2,4.5,15,0
2025-11-22,M101,64.1,3.51,20,0
2025-11-22,M102,61.4,4.76,30,0
2025-11-22,M103,81.2,4.91,2,0
2025-11-22,M104,69.2,3.99,40,0
2025-11-22,M201,73.1,4.74,7,0
2025-11-22,M202,67.5,4.55,32,0
2025-11-22,M203,67.1,4.63,11,0
2025-11-22,M204,68.8,4.08,14,0
2025-11-22,M301,67.4,4.86,28,0
2025-11-22,M302,76.0,11.25,108,1
2025-11-22,M303,58.5,4.18,30,0
2025-11-22,M304,73.7,5.88,28,0
2025-11-22,M401,54.6,5.62,31,0
2025-11-22,M402,61.5,4.65,28,0
2025-11-22,M403,60.5,2.71,31,0
2025-11-22,M404,76.1,6.56,28,0
2025-11-23,M101,68.3,4.53,36,0
2025-11-23,M102,73.3,5.51,0,0
2025-11-23,M103,65.5,5.17,22,0
2025-11-23,M104,75.3,4.2,29,0
2025-11-23,M201,82.9,3.97,0,0
2025-11-23,M202,75.1,5.17,19,0
2025-11-23,M203,65.1,5.43,32,0
2025-11-23,M204,57.7,5.17,41,0
2025-11-23,M301,69.6,4.72,29,0
2025-11-23,M302,81.1,11.0,91,1
2025-11-23,M303,69.4,3.11,28,0
2025-11-23,M304,48.9,4.13,23,0
2025-11-23,M401,60.0,5.71,38,0
2025-11-23,M402,61.1,3.82,46,0
2025-11-23,M403,70.5,4.98,17,0
2025-11-23,M404,70.3,4.55,20,0
2025-11-24,M101,62.4,4.01,0,0
2025-11-24,M102,70.2,3.45,0,0
2025-11-24,M103,71.1,4.33,30,0
2025-11-24,M104,62.1,5.26,31,0
2025-11-24,M201,81.1,5.08,28,0
2025-11-24,M202,67.4,4.51,30,0
2025-11-24,M203,65.4,4.55,24,0
2025-11-24,M204,65.5,4.68,34,0
2025-11-24,M301,62.7,5.34,35,0
2025-11-24,M302,77.2,9.43,119,1
2025-11-24,M303,69.4,2.98,13,0
2025-11-24,M304,63.4,4.57,53,0
2025-11-24,M401,64.0,4.74,41,0
2025-11-24,M402,78.6,5.2,0,0
2025-11-24,M403,73.0,5.49,14,0
2025-11-24,M404,64.4,5.81,5,0
2025-11-25,M101,70.6,5.85,26,0
2025-11-25,M102,71.1,4.57,38,0
2025-11-25,M103,71.8,4.61,0,0
2025-11-25,M104,61.0,5.23,6,0
2025-11-25,M201,56.2,5.02,27,0
2025-11-25,M202,72.1,3.68,29,0
2025-11-25,M203,62.7,3.92,22,0
2025-11-25,M204,64.0,5.82,27,0
2025-11-25,M301,78.9,3.34,5,0
2025-11-25,M302,82.2,10.05,82,0
2025-11-25,M303,73.4,4.52,6,0
2025-11-25,M304,63.8,3.95,15,0
2025-11-25,M401,73.4,3.45,29,0
2025-11-25,M402,61.8,3.78,0,0
2025-11-25,M403,64.4,4.05,6,0
2025-11-25,M404,59.3,3.95,24,0
2025-11-26,M101,76.6,5.08,49,0
2025-11-26,M102,71.3,3.92,35,0
2025-11-26,M103,72.1,4.46,27,0
2025-11-26,M104,72.5,5.38,12,0
2025-11-26,M201,77.2,6.17,38,0
2025-11-26,M202,69.6,1.92,33,0
2025-11-26,M203,65.0,5.53,8,0
2025-11-26,M204,69.5,5.4,9,0
2025-11-26,M301,71.4,4.48,22,0
2025-11-26,M302,78.0,9.2,109,1
2025-11-26,M303,72.2,5.29,11,0
2025-11-26,M304,74.8,2.89,46,0
2025-11-26,M401,70.7,3.95,12,0
2025-11-26,M402,63.2,2.97,25,0
2025-11-26,M403,63.2,4.25,15,0
2025-11-26,M404,59.1,6.2,36,0
2025-11-27,M101,73.8,3.62,37,0
2025-11-27,M102,69.6,3.11,35,0
2025-11-27,M103,67.2,2.56,18,0
2025-11-27,M104,63.4,4.55,5,0
2025-11-27,M201,64.9,3.88,16,0
2025-11-27,M202,78.6,4.37,29,0
2025-11-27,M203,65.1,5.37,44,0
2025-11-27,M204,67.9,3.5,37,0
2025-11-27,M301,71.9,5.23,11,0
2025-11-27,M302,80.2,11.74,100,1
2025-11-27,M303,72.4,4.84,30,0
2025-11-27,M304,65.2,5.49,52,0
2025-11-27,M401,61.4,5.96,26,0
2025-11-27,M402,72.3,3.85,31,0
2025-11-27,M403,64.8,3.48,13,0
2025-11-27,M404,54.7,3.64,0,0
2025-11-28,M101,71.9,4.12,28,0
2025-11-28,M102,64.8,3.14,4,0
2025-11-28,M103,72.3,4.5,40,0
2025-11-28,M104,62.9,4.13,30,0
2025-11-28,M201,76.4,4.57,24,0
2025-11-28,M202,63.4,4.99,13,0
2025-11-28,M203,66.6,4.17,1,0
2025-11-28,M204,71.7,4.36,31,0
2025-11-28,M301,60.7,4.6,0,0
2025-11-28,M302,89.8,10.63,132,1
2025-11-28,M303,70.8,5.74,35,0
2025-11-28,M304,61.7,4.89,0,0
2025-11-28,M401,67.3,4.28,26,0
2025-11-28,M402,71.0,4.77,0,0
2025-11-28,M403,73.6,4.56,22,0
2025-11-28,M404,69.7,3.45,21,0
2025-11-29,M101,61.1,3.65,0,0
2025-11-29,M102,67.9,4.44,21,0
2025-11-29,M103,68.8,3.84,5,0
2025-11-29,M104,63.5,4.33,34,0
2025-11-29,M201,65.6,2.48,0,0
2025-11-29,M202,64.6,4.63,21,0
2025-11-29,M203,70.2,2.91,0,0
2025-11-29,M204,58.7,4.27,19,0
2025-11-29,M301,69.7,3.53,25,0
2025-11-29,M302,82.5,12.93,89,0
2025-11-29,M303,66.0,5.43,15,0
2025-11-29,M304,70.0,3.28,39,0
2025-11-29,M401,74.6,5.6,28,0
2025-11-29,M402,65.6,3.75,39,0
2025-11-29,M403,82.0,4.5,35,0
2025-11-29,M404,64.7,5.32,38,0
2025-11-30,M101,76.4,4.66,23,0
2025-11-30,M102,60.2,4.35,44,0
2025-11-30,M103,73.1,5.9,12,0
2025-11-30,M104,62.2,3.64,34,0
2025-11-30,M201,64.4,5.54,37,0
2025-11-30,M202,62.5,5.08,39,0
2025-11-30,M203,60.7,3.47,8,0
2025-11-30,M204,71.3,3.42,38,0
2025-11-30,M301,61.1,2.8,17,0
2025-11-30,M302,77.2,11.26,97,1
2025-11-30,M303,75.5,4.24,11,0
2025-11-30,M304,67.7,4.07,14,0
2025-11-30,M401,75.3,4.29,35,0
2025-11-30,M402,69.8,5.72,19,0
2025-11-30,M403,62.7,5.99,47,0
2025-11-30,M404,73.6,5.09,31,0
2025-12-01,M101,63.9,5.74,9,0
2025-12-01,M102,54.6,5.41,27,0
2025-12-01,M103,73.0,2.83,34,0
2025-12-01,M104,66.8,3.15,41,0
2025-12-01,M201,60.7,3.48,16,0
2025-12-01,M202,67.6,3.88,0,0
2025-12-01,M203,68.1,5.09,4,0
2025-12-01,M204,54.1,3.7,35,0
2025-12-01,M301,66.7,5.21,0,0
2025-12-01,M302,76.0,13.49,59,0
2025-12-01,M303,60.5,6.29,29,0
2025-12-01,M304,57.9,4.37,21,0
2025-12-01,M401,75.6,3.74,24,0
2025-12-01,M402,63.1,4.31,23,0
2025-12-01,M403,72.7,5.6,38,0
2025-12-01,M404,74.5,4.61,1,0
2025-12-02,M101,70.7,4.56,20,0
2025-12-02,M102,66.1,4.72,8,0
2025-12-02,M103,76.0,2.6,26,0
2025-12-02,M104,72.0,2.7,26,0
2025-12-02,M201,61.4,5.32,13,0
2025-12-02,M202,57.7,3.91,42,0
2025-12-02,M203,62.1,3.28,18,0
2025-12-02,M204,60.8,4.46,46,0
2025-12-02,M301,66.0,4.35,24,0
2025-12-02,M302,74.2,11.95,93,1
2025-12-02,M303,79.7,4.11,17,0
2025-12-02,M304,63.3,4.79,8,0
2025-12-02,M401,70.9,4.12,30,0
2025-12-02,M402,67.2,4.7,21,0
2025-12-02,M403,67.6,4.37,0,0
2025-12-02,M404,82.5,3.92,0,0
2025-12-03,M101,65.8,4.81,25,0
2025-12-03,M102,66.1,5.23,7,0
2025-12-03,M103,63.0,3.55,35,0
2025-12-03,M104,72.6,5.6,23,0
2025-12-03,M201,62.4,4.9,40,0
2025-12-03,M202,68.3,5.41,0,0
2025-12-03,M203,62.6,3.95,3,0
2025-12-03,M204,64.9,3.86,22,0
2025-12-03,M301,65.1,4.58,12,0
2025-12-03,M302,84.2,12.28,89,0
2025-12-03,M303,73.4,4.81,20,0
2025-12-03,M304,61.8,3.59,0,0
2025-12-03,M401,69.6,5.9,20,0
2025-12-03,M402,68.4,4.23,33,0
2025-12-03,M403,65.2,4.43,34,0
2025-12-03,M404,67.4,4.87,22,0
2025-12-04,M101,64.8,3.68,21,0
2025-12-04,M102,73.3,5.63,0,0
2025-12-04,M103,63.0,2.76,33,0
2025-12-04,M104,59.4,5.07,23,0
2025-12-04,M201,71.0,5.86,36,0
2025-12-04,M202,60.3,3.86,37,0
2025-12-04,M203,62.5,2.27,1,0
2025-12-04,M204,65.7,3.75,18,0
2025-12-04,M301,69.2,3.85,0,0
2025-12-04,M302,86.0,10.64,86,0
2025-12-04,M303,72.8,3.01,24,0
2025-12-04,M304,65.1,4.41,5,0
2025-12-04,M401,59.9,4.69,0,0
2025-12-04,M402,76.9,6.47,32,0
2025-12-04,M403,66.1,5.37,30,0
2025-12-04,M404,73.0,4.88,46,0
2025-12-05,M101,71.0,4.67,22,0
2025-12-05,M102,63.8,3.97,32,0
2025-12-05,M103,65.4,4.15,9,0
2025-12-05,M104,62.6,3.82,50,0
2025-12-05,M201,68.3,4.88,10,0
2025-12-05,M202,59.6,4.79,0,0
2025-12-05,M203,68.5,3.55,5,0
2025-12-05,M204,68.7,4.74,9,0
2025-12-05,M301,64.2,4.08,23,0
2025-12-05,M302,78.6,13.09,56,0
2025-12-05,M303,71.9,5.07,47,0
2025-12-05,M304,70.0,3.47,18,0
2025-12-05,M401,66.3,4.34,13,0
2025-12-05,M402,73.9,4.49,8,0
2025-12-05,M403,74.2,4.06,23,0
2025-12-05,M404,61.8,4.38,39,0
2025-12-06,M101,63.0,4.93,37,0
2025-12-06,M102,69.3,4.32,22,0
2025-12-06,M103,67.6,4.97,11,0
2025-12-06,M104,72.8,6.09,40,0
2025-12-06,M201,74.2,4.31,56,0
2025-12-06,M202,65.2,4.54,28,0
2025-12-06,M203,72.2,4.89,33,0
2025-12-06,M204,69.5,4.32,2,0
2025-12-06,M301,67.5,5.21,10,0
2025-12-06,M302,79.4,13.23,88,0
2025-12-06,M303,66.8,4.49,37,0
2025-12-06,M304,69.9,5.1,28,0
2025-12-06,M401,62.3,5.16,20,0
2025-12-06,M402,65.3,4.97,23,0
2025-12-06,M403,67.1,5.03,44,0
2025-12-06,M404,66.7,4.51,7,0
2025-12-07,M101,65.8,4.72,24,0
2025-12-07,M102,83.5,5.23,25,0
2025-12-07,M103,61.3,4.71,0,0
2025-12-07,M104,64.5,5.03,15,0
2025-12-07,M201,69.2,3.26,17,0
2025-12-07,M202,72.8,4.89,9,0
2025-12-07,M203,70.0,3.31,31,0
2025-12-07,M204,70.3,3.57,9,0
2025-12-07,M301,72.1,3.94,22,0
2025-12-07,M302,89.7,9.6,102,1
2025-12-07,M303,73.5,3.65,24,0
2025-12-07,M304,68.3,4.52,33,0
2025-12-07,M401,74.8,3.44,26,0
2025-12-07,M402,57.4,4.81,49,0
2025-12-07,M403,62.7,4.88,15,0
2025-12-07,M404,65.9,5.83,21,0
2025-12-08,M101,76.1,4.84,0,0
2025-12-08,M102,70.5,6.4,38,0
2025-12-08,M103,75.2,4.28,8,0
2025-12-08,M104,70.0,5.42,31,0
2025-12-08,M201,83.0,4.8,17,0
2025-12-08,M202,74.7,4.21,18,0
2025-12-08,M203,76.5,4.47,24,0
2025-12-08,M204,59.5,5.18,35,0
2025-12-08,M301,65.3,4.9,9,0
2025-12-08,M302,75.3,12.16,101,1
2025-12-08,M303,75.3,6.86,24,0
2025-12-08,M304,59.2,1.99,21,0
2025-12-08,M401,66.0,3.64,25,0
2025-12-08,M402,62.2,5.81,51,0
2025-12-08,M403,74.9,4.01,9,0
2025-12-08,M404,69.9,4.66,25,0
2025-12-09,M101,68.3,4.19,12,0
2025-12-09,M102,58.2,4.23,30,0
2025-12-09,M103,68.9,4.69,14,0
2025-12-09,M104,75.2,5.41,16,0
2025-12-09,M201,75.4,2.76,48,0
2025-12-09,M202,59.0,3.61,11,0
2025-12-09,M203,65.6,5.42,20,0
2025-12-09,M204,62.2,3.38,52,0
2025-12-09,M301,65.6,4.52,28,0
2025-12-09,M302,78.1,10.48,117,1
2025-12-09,M303,63.3,5.25,0,0
2025-12-09,M304,69.7,3.68,8,0
2025-12-09,M401,80.0,4.39,0,0
2025-12-09,M402,75.9,4.68,25,0
2025-12-09,M403,56.3,5.49,20,0
2025-12-09,M404,75.4,5.06,10,0
2025-12-10,M101,59.9,3.72,18,0
2025-12-10,M102,66.8,3.24,23,0
2025-12-10,M103,71.6,4.02,55,0
2025-12-10,M104,73.0,4.51,0,0
2025-12-10,M201,63.1,7.49,22,0
2025-12-10,M202,70.8,4.66,3,0
2025-12-10,M203,64.2,6.0,14,0
2025-12-10,M204,58.9,4.42,17,0
2025-12-10,M301,76.2,4.11,16,0
2025-12-10,M302,88.6,11.31,67,0
2025-12-10,M303,62.5,4.85,6,0
2025-12-10,M304,70.3,3.24,0,0
2025-12-10,M401,68.2,3.26,13,0
2025-12-10,M402,77.1,4.31,14,0
2025-12-10,M403,70.7,2.97,2,0
2025-12-10,M404,61.5,3.87,15,0
2025-12-11,M101,68.7,4.84,28,0
2025-12-11,M102,67.0,3.92,13,0
2025-12-11,M103,74.7,5.47,48,0
2025-12-11,M104,60.9,5.01,39,0
2025-12-11,M201,67.3,3.79,32,0
2025-12-11,M202,72.9,4.84,39,0
2025-12-11,M203,62.5,3.41,25,0
2025-12-11,M204,68.8,3.72,0,0
2025-12-11,M301,76.2,2.72,30,0
2025-12-11,M302,82.6,11.49,67,0
2025-12-11,M303,59.7,6.46,8,0
2025-12-11,M304,64.8,5.11,21,0
2025-12-11,M401,59.3,3.24,0,0
2025-12-11,M402,56.2,6.11,24,0
2025-12-11,M403,75.4,5.68,43,0
2025-12-11,M404,68.8,4.08,20,0
2025-12-12,M101,63.5,5.9,16,0
2025-12-12,M102,67.7,5.2,43,0
2025-12-12,M103,66.5,5.17,26,0
2025-12-12,M104,64.3,3.67,7,0
2025-12-12,M201,75.3,3.52,29,0
2025-12-12,M202,73.1,4.7,11,0
2025-12-12,M203,64.9,4.8,32,0
2025-12-12,M204,66.9,5.63,41,0
2025-12-12,M301,65.2,5.22,41,0
2025-12-12,M302,81.3,11.66,105,1
2025-12-12,M303,65.6,4.84,45,0
2025-12-12,M304,64.4,4.86,16,0
2025-12-12,M401,71.3,4.84,28,0
2025-12-12,M402,78.0,4.58,31,0
2025-12-12,M403,71.0,5.56,30,0
2025-12-12,M404,71.0,4.2,22,0
2025-12-13,M101,75.6,4.59,36,0
2025-12-13,M102,80.2,4.4,0,0
2025-12-13,M103,72.4,3.85,27,0
2025-12-13,M104,65.8,5.91,52,0
2025-12-13,M201,84.5,5.69,27,0
2025-12-13,M202,63.2,5.6,22,0
2025-12-13,M203,74.1,1.87,35,0
2025-12-13,M204,60.5,5.25,0,0
2025-12-13,M301,67.7,4.98,51,0
2025-12-13,M302,79.3,10.59,108,1
2025-12-13,M303,61.6,6.18,20,0
2025-12-13,M304,70.2,3.46,15,0
2025-12-13,M401,73.3,3.89,12,0
2025-12-13,M402,60.0,1.29,18,0
2025-12-13,M403,66.8,3.63,28,0
2025-12-13,M404,67.9,4.2,42,0
2025-12-14,M101,62.2,6.31,35,0
2025-12-14,M102,79.2,6.43,29,0
2025-12-14,M103,70.6,4.23,29,0
2025-12-14,M104,79.6,4.33,44,0
2025-12-14,M201,62.6,2.21,37,0
2025-12-14,M202,71.1,1.91,32,0
2025-12-14,M203,73.3,5.18,30,0
2025-12-14,M204,72.2,3.9,28,0
2025-12-14,M301,66.7,5.85,25,0
2025-12-14,M302,82.4,8.81,92,1
2025-12-14,M303,62.9,2.95,2,0
2025-12-14,M304,67.3,4.16,47,0
2025-12-14,M401,74.4,5.05,43,0
2025-12-14,M402,71.0,4.49,14,0
2025-12-14,M403,73.2,3.81,52,0
2025-12-14,M404,69.1,4.71,32,0
2025-12-15,M101,66.5,4.13,32,0
2025-12-15,M102,71.1,6.44,14,0
2025-12-15,M103,57.3,3.72,13,0
2025-12-15,M104,74.5,4.91,17,0
2025-12-15,M201,59.5,4.91,27,0
2025-12-15,M202,59.4,5.08,15,0
2025-12-15,M203,55.5,4.93,6,0
2025-12-15,M204,57.5,5.8,16,0
2025-12-15,M301,74.9,3.54,14,0
2025-12-15,M302,79.5,10.33,89,0
2025-12-15,M303,69.7,6.52,5,0
2025-12-15,M304,63.5,6.0,19,0
2025-12-15,M401,63.2,5.27,40,0
2025-12-15,M402,71.1,5.96,25,0
2025-12-15,M403,68.0,5.99,36,0
2025-12-15,M404,63.3,3.83,65,0
2025-12-16,M101,71.3,4.82,32,0
2025-12-16,M102,67.4,6.63,25,0
2025-12-16,M103,73.3,6.05,22,0
2025-12-16,M104,72.4,4.69,38,0
2025-12-16,M201,58.0,4.1,0,0
2025-12-16,M202,53.9,2.66,23,0
2025-12-16,M203,73.1,4.34,27,0
2025-12-16,M204,70.5,5.0,38,0
2025-12-16,M301,62.9,4.18,23,0
2025-12-16,M302,83.6,9.57,88,0
2025-12-16,M303,66.0,5.66,0,0
2025-12-16,M304,67.8,5.05,51,0
2025-12-16,M401,72.8,3.91,55,0
2025-12-16,M402,71.1,5.87,6,0
2025-12-16,M403,71.5,3.42,5,0
2025-12-16,M404,76.6,5.15,17,0
2025-12-17,M101,67.8,4.13,20,0
2025-12-17,M102,61.7,4.26,44,0
2025-12-17,M103,79.3,3.75,7,0
2025-12-17,M104,66.3,4.18,13,0
2025-12-17,M201,64.5,5.35,34,0
2025-12-17,M202,68.8,4.1,3,0
2025-12-17,M203,71.8,5.78,16,0
2025-12-17,M204,72.1,3.92,8,0
2025-12-17,M301,65.5,6.85,33,0
2025-12-17,M302,83.1,9.85,83,0
2025-12-17,M303,75.7,4.97,47,0
2025-12-17,M304,70.4,4.7,24,0
2025-12-17,M401,66.8,3.89,39,0
2025-12-17,M402,71.3,4.99,50,0
2025-12-17,M403,67.5,4.73,17,0
2025-12-17,M404,55.2,3.36,32,0
2025-12-18,M101,68.6,5.47,35,0
2025-12-18,M102,57.4,3.97,24,0
2025-12-18,M103,77.1,5.32,22,0
2025-12-18,M104,70.4,4.89,28,0
2025-12-18,M201,68.8,3.52,18,0
2025-12-18,M202,66.3,4.2,16,0
2025-12-18,M203,66.0,4.54,59,0
2025-12-18,M204,77.0,3.82,22,0
2025-12-18,M301,68.4,6.07,54,0
2025-12-18,M302,82.2,9.33,94,1
2025-12-18,M303,73.1,4.73,12,0
2025-12-18,M304,67.4,2.09,21,0
2025-12-18,M401,67.0,2.48,30,0
2025-12-18,M402,69.9,5.06,54,0
2025-12-18,M403,71.0,5.47,45,0
2025-12-18,M404,70.2,3.63,0,0
2025-12-19,M101,65.1,4.1,44,0
2025-12-19,M102,65.9,4.49,7,0
2025-12-19,M103,67.7,3.56,12,0
2025-12-19,M104,73.0,3.89,64,0
2025-12-19,M201,68.6,5.58,23,0
2025-12-19,M202,67.3,4.07,64,0
2025-12-19,M203,70.0,3.9,13,0
2025-12-19,M204,63.5,5.92,41,0
2025-12-19,M301,80.6,3.72,43,0
2025-12-19,M302,84.1,9.73,64,0
2025-12-19,M303,75.3,4.32,28,0
2025-12-19,M304,60.0,3.85,26,0
2025-12-19,M401,70.2,5.66,41,0
2025-12-19,M402,59.6,4.62,17,0
2025-12-19,M403,80.1,4.81,36,0
2025-12-19,M404,74.7,4.11,29,0
2025-12-20,M101,66.3,5.64,15,0
2025-12-20,M102,76.8,3.97,11,0
2025-12-20,M103,69.5,4.56,23,0
2025-12-20,M104,63.4,4.55,21,0
2025-12-20,M201,62.4,6.07,16,0
2025-12-20,M202,63.1,4.42,57,0
2025-12-20,M203,69.5,5.21,21,0
2025-12-20,M204,62.6,5.42,0,0
2025-12-20,M301,69.3,5.41,26,0
2025-12-20,M302,84.3,12.23,89,0
2025-12-20,M303,72.0,5.66,16,0
2025-12-20,M304,66.7,6.24,34,0
2025-12-20,M401,76.4,6.82,28,0
2025-12-20,M402,64.7,4.08,41,0
2025-12-20,M403,79.4,4.82,15,0
2025-12-20,M404,68.6,4.28,8,0
2025-12-21,M101,63.1,5.04,24,0
2025-12-21,M102,58.1,5.54,43,0
2025-12-21,M103,64.8,3.62,22,0
2025-12-21,M104,65.7,5.03,52,0
2025-12-21,M201,70.7,6.08,2,0
2025-12-21,M202,57.5,3.91,32,0
2025-12-21,M203,64.2,3.21,32,0
2025-12-21,M204,68.8,4.18,52,0
2025-12-21,M301,60.0,5.4,13,0
2025-12-21,M302,83.7,11.36,82,0
2025-12-21,M303,62.3,5.1,7,0
2025-12-21,M304,72.4,2.32,19,0
2025-12-21,M401,76.2,5.99,27,0
2025-12-21,M402,64.3,4.88,26,0
2025-12-21,M403,67.7,2.11,43,0
2025-12-21,M404,82.6,5.89,10,0
2025-12-22,M101,66.7,4.25,14,0
2025-12-22,M102,64.9,4.67,23,0
2025-12-22,M103,74.4,2.7,12,0
2025-12-22,M104,61.7,3.62,0,0
2025-12-22,M201,66.3,4.41,13,0
2025-12-22,M202,70.9,3.7,40,0
2025-12-22,M203,66.3,6.72,19,0
2025-12-22,M204,62.4,5.68,30,0
2025-12-22,M301,57.2,5.06,30,0
2025-12-22,M302,78.5,12.05,73,0
2025-12-22,M303,63.2,5.3,0,0
2025-12-22,M304,63.4,5.91,29,0
2025-12-22,M401,68.5,3.3,37,0
2025-12-22,M402,69.0,4.28,30,0
2025-12-22,M403,61.8,4.59,5,0
2025-12-22,M404,70.3,5.25,33,0
2025-12-23,M101,65.8,3.91,36,0
2025-12-23,M102,64.8,5.8,13,0
2025-12-23,M103,67.8,4.35,37,0
2025-12-23,M104,69.6,4.54,19,0
2025-12-23,M201,68.8,4.43,13,0
2025-12-23,M202,64.3,4.65,60,0
2025-12-23,M203,62.0,3.66,29,0
2025-12-23,M204,63.4,3.43,3,0
2025-12-23,M301,66.5,3.75,5,0
2025-12-23,M302,83.9,10.39,96,1
2025-12-23,M303,77.3,3.87,31,0
2025-12-23,M304,61.3,3.49,36,0
2025-12-23,M401,63.5,5.68,14,0
2025-12-23,M402,63.9,5.65,35,0
2025-12-23,M403,58.4,4.63,14,0
2025-12-23,M404,62.3,4.69,19,0
2025-12-24,M101,68.9,5.8,11,0
2025-12-24,M102,63.6,5.58,21,0
2025-12-24,M103,73.3,4.8,31,0
2025-12-24,M104,69.2,6.37,18,0
2025-12-24,M201,69.1,3.23,34,0
2025-12-24,M202,65.9,4.32,15,0
2025-12-24,M203,66.2,4.74,10,0
2025-12-24,M204,61.7,4.52,1,0
2025-12-24,M301,63.0,3.84,48,0
2025-12-24,M302,75.4,8.84,98,1
2025-12-24,M303,67.5,5.41,32,0
2025-12-24,M304,70.9,5.44,71,0
2025-12-24,M401,69.1,3.38,47,0
2025-12-24,M402,75.7,6.61,17,0
2025-12-24,M403,66.3,4.5,64,0
2025-12-24,M404,73.1,7.5,31,0
2025-12-25,M101,73.8,6.2,13,0
2025-12-25,M102,68.5,4.21,27,0
2025-12-25,M103,64.5,5.07,32,0
2025-12-25,M104,73.9,4.62,0,0
2025-12-25,M201,58.4,6.19,27,0
2025-12-25,M202,69.1,5.24,13,0
2025-12-25,M203,74.5,5.19,33,0
2025-12-25,M204,72.4,4.65,27,0
2025-12-25,M301,70.7,4.43,14,0
2025-12-25,M302,77.1,10.17,74,0
2025-12-25,M303,75.9,5.6,40,0
2025-12-25,M304,72.8,4.31,18,0
2025-12-25,M401,52.7,4.63,26,0
2025-12-25,M402,68.0,5.26,34,0
2025-12-25,M403,63.8,5.32,34,0
2025-12-25,M404,76.8,4.28,9,0
2025-12-26,M101,71.7,5.48,12,0
2025-12-26,M102,68.7,4.78,14,0
2025-12-26,M103,82.0,5.36,39,0
2025-12-26,M104,71.4,4.59,21,0
2025-12-26,M201,62.4,4.32,16,0
2025-12-26,M202,58.2,1.07,36,0
2025-12-26,M203,66.1,3.62,29,0
2025-12-26,M204,81.4,6.65,2,0
2025-12-26,M301,76.6,5.88,38,0
2025-12-26,M302,81.6,8.78,74,0
2025-12-26,M303,66.7,3.59,39,0
2025-12-26,M304,68.8,4.91,24,0
2025-12-26,M401,67.1,3.61,7,0
2025-12-26,M402,59.7,3.53,45,0
2025-12-26,M403,68.4,6.84,29,0
2025-12-26,M404,66.8,3.96,34,0
2025-12-27,M101,72.0,4.8,37,0
2025-12-27,M102,62.3,5.74,33,0
2025-12-27,M103,69.4,2.42,28,0
2025-12-27,M104,70.2,6.43,23,0
2025-12-27,M201,73.1,5.28,32,0
2025-12-27,M202,66.3,3.68,10,0
2025-12-27,M203,64.0,2.33,24,0
2025-12-27,M204,61.9,4.82,21,0
2025-12-27,M301,73.2,5.81,26,0
2025-12-27,M302,81.9,12.92,102,1
2025-12-27,M303,65.8,4.79,40,0
2025-12-27,M304,68.9,2.92,19,0
2025-12-27,M401,62.2,4.47,44,0
2025-12-27,M402,70.6,3.67,9,0
2025-12-27,M403,62.4,2.97,36,0
2025-12-27,M404,75.4,3.73,51,0
2025-12-28,M101,80.1,4.62,5,0
2025-12-28,M102,73.5,4.3,28,0
2025-12-28,M103,67.6,2.54,15,0
2025-12-28,M104,70.0,4.63,5,0
2025-12-28,M201,74.0,4.53,50,0
2025-12-28,M202,74.1,4.23,22,0
2025-12-28,M203,80.6,4.78,4,0
2025-12-28,M204,70.6,3.51,62,0
2025-12-28,M301,72.7,3.86,0,0
2025-12-28,M302,77.9,9.29,99,1
2025-12-28,M303,67.9,5.63,25,0
2025-12-28,M304,63.2,5.71,34,0
2025-12-28,M401,69.7,6.29,1,0
2025-12-28,M402,61.2,3.68,2,0
2025-12-28,M403,74.4,4.45,30,0
2025-12-28,M404,65.3,5.98,29,0
2025-12-29,M101,58.4,5.54,15,0
2025-12-29,M102,63.1,5.44,44,0
2025-12-29,M103,70.6,6.46,33,0
2025-12-29,M104,58.9,3.98,40,0
2025-12-29,M201,60.1,4.16,14,0
2025-12-29,M202,72.8,5.36,30,0
2025-12-29,M203,68.5,4.22,39,0
2025-12-29,M204,56.1,4.03,15,0
2025-12-29,M301,85.6,5.66,40,0
2025-12-29,M302,89.8,12.44,99,1
2025-12-29,M303,64.9,3.58,35,0
2025-12-29,M304,58.7,5.84,33,0
2025-12-29,M401,61.0,4.37,0,0
2025-12-29,M402,66.4,3.4,15,0
2025-12-29,M403,67.9,4.66,26,0
2025-12-29,M404,68.4,4.83,6,0
2025-12-30,M101,71.0,5.93,22,0
2025-12-30,M102,69.7,4.9,37,0
2025-12-30,M103,71.9,5.35,32,0
2025-12-30,M104,61.0,4.94,9,0
2025-12-30,M201,67.0,4.15,48,0
2025-12-30,M202,69.2,4.81,0,0
2025-12-30,M203,69.7,4.59,0,0
2025-12-30,M204,74.0,2.85,14,0
2025-12-30,M301,64.8,4.66,18,0
2025-12-30,M302,73.4,12.69,62,0
2025-12-30,M303,68.4,5.49,18,0
2025-12-30,M304,68.8,5.15,14,0
2025-12-30,M401,64.9,5.15,49,0
2025-12-30,M402,69.3,4.04,33,0
2025-12-30,M403,57.9,4.36,48,0
2025-12-30,M404,75.2,3.08,0,0
2025-12-31,M101,67.3,5.01,4,0
2025-12-31,M102,69.1,4.47,0,0
2025-12-31,M103,61.1,3.32,35,0
2025-12-31,M104,73.8,4.72,44,0
2025-12-31,M201,59.0,5.01,23,0
2025-12-31,M202,66.2,4.06,21,0
2025-12-31,M203,60.9,2.97,31,0
2025-12-31,M204,73.9,6.05,27,0
2025-12-31,M301,69.1,5.46,56,0
2025-12-31,M302,83.2,9.02,67,0
2025-12-31,M303,60.0,4.35,39,0
2025-12-31,M304,61.6,4.43,22,0
2025-12-31,M401,67.2,5.38,23,0
2025-12-31,M402,61.9,3.68,19,0
2025-12-31,M403,78.1,5.36,40,0
2025-12-31,M404,65.2,4.93,19,0
