Order_ID,Product_ID,Order_Qty,Order_Date,Due_Date,Dispatch_Date,Status
O00001,P102,1513,2025-01-16,2025-02-05,2025-02-05,On Time
O00002,P103,1144,2025-12-18,2026-01-03,2026-01-03,On Time
O00003,P104,1979,2025-05-16,2025-05-27,2025-05-26,In Progress
O00004,P102,1464,2025-10-30,2025-11-17,2025-11-24,Delayed
O00005,P104,1887,2025-03-03,2025-03-15,2025-03-15,On Time
O00006,P102,1565,2025-02-05,2025-02-23,2025-02-23,On Time
O00007,P103,1140,2025-02-07,2025-02-24,2025-02-23,On Time
O00008,P104,880,2025-10-11,2025-10-16,2025-10-16,On Time
O00009,P102,480,2025-03-05,2025-03-24,2025-03-23,In Progress
O00010,P104,1597,2025-11-04,2025-11-13,2025-11-11,On Time
O00011,P102,868,2025-02-03,2025-02-12,2025-02-11,In Progress
O00012,P104,1712,2025-09-12,2025-09-23,2025-09-21,On Time
O00013,P101,1249,2025-12-07,2025-12-21,2025-12-21,In Progress
O00014,P103,530,2025-03-02,2025-03-18,2025-03-17,On Time
O00015,P102,839,2025-03-27,2025-04-03,2025-04-08,Delayed
O00016,P103,412,2025-04-10,2025-04-20,2025-04-20,On Time
O00017,P103,555,2025-04-20,2025-05-08,2025-05-11,Delayed
O00018,P101,1676,2025-06-26,2025-07-03,2025-07-01,In Progress
O00019,P102,226,2025-08-18,2025-09-07,2025-09-07,In Progress
O00020,P103,686,2025-12-25,2026-01-12,2026-01-11,On Time
O00021,P104,570,2025-12-02,2025-12-14,2025-12-12,On Time
O00022,P102,901,2025-07-31,2025-08-18,2025-08-16,In Progress
O00023,P102,300,2025-12-21,2025-12-28,2025-12-26,In Progress
O00024,P104,445,2025-08-15,2025-09-02,2025-09-01,In Progress
O00025,P101,1256,2025-04-09,2025-04-24,2025-04-23,On Time
O00026,P103,1739,2025-05-20,2025-06-06,2025-06-04,In Progress
O00027,P103,1875,2025-01-26,2025-02-01,2025-01-31,In Progress
O00028,P102,933,2025-07-29,2025-08-07,2025-08-05,In Progress
O00029,P101,1248,2025-11-24,2025-12-11,2025-12-11,In Progress
O00030,P101,1865,2025-10-16,2025-10-25,2025-10-25,In Progress
O00031,P101,815,2025-09-07,2025-09-24,2025-09-24,On Time
O00032,P104,1976,2025-06-14,2025-07-01,2025-07-01,On Time
O00033,P104,1448,2025-04-27,2025-05-10,2025-05-10,In Progress
O00034,P101,1010,2025-02-11,2025-02-23,2025-02-23,In Progress
O00035,P104,571,2025-04-03,2025-04-20,2025-04-25,Delayed
O00036,P103,1586,2025-09-01,2025-09-14,2025-09-13,On Time
O00037,P104,1877,2025-02-01,2025-02-08,2025-02-08,In Progress
O00038,P103,1799,2025-10-13,2025-10-18,2025-10-16,In Progress
O00039,P104,1524,2025-06-18,2025-07-04,2025-07-04,In Progress
O00040,P104,1886,2025-08-12,2025-08-29,2025-08-29,In Progress
O00041,P103,1364,2025-08-23,2025-08-28,2025-08-26,On Time
O00042,P101,644,2025-08-23,2025-09-05,2025-09-05,In Progress
O00043,P102,617,2025-09-25,2025-10-02,2025-09-30,On Time
O00044,P101,1751,2025-01-07,2025-01-22,2025-01-22,In Progress
O00045,P103,1761,2025-12-31,2026-01-15,2026-01-13,On Time
O00046,P101,1433,2025-09-10,2025-09-23,2025-09-22,On Time
O00047,P104,1266,2025-07-30,2025-08-07,2025-08-06,In Progress
O00048,P104,511,2025-04-07,2025-04-14,2025-04-13,In Progress
O00049,P104,638,2025-04-05,2025-04-13,2025-04-12,In Progress
O00050,P101,357,2025-04-10,2025-04-22,2025-04-28,Delayed
O00051,P104,294,2025-12-23,2026-01-08,2026-01-07,On Time
O00052,P103,1181,2025-06-18,2025-07-02,2025-07-02,In Progress
O00053,P104,465,2025-12-16,2026-01-01,2026-01-01,In Progress
O00054,P101,248,2025-08-18,2025-09-04,2025-09-03,On Time
O00055,P104,1045,2025-01-16,2025-01-21,2025-01-21,In Progress
O00056,P103,1869,2025-08-19,2025-09-05,2025-09-10,Delayed
O00057,P101,1649,2025-09-28,2025-10-06,2025-10-05,On Time
O00058,P104,938,2025-01-20,2025-01-30,2025-02-05,Delayed
O00059,P102,202,2025-10-09,2025-10-27,2025-10-25,In Progress
O00060,P103,816,2025-05-21,2025-05-26,2025-05-24,In Progress
O00061,P104,867,2025-02-01,2025-02-19,2025-02-24,Delayed
O00062,P101,535,2025-07-13,2025-07-31,2025-08-03,Delayed
O00063,P104,704,2025-09-21,2025-09-28,2025-09-27,On Time
O00064,P101,1605,2025-01-10,2025-01-20,2025-01-19,On Time
O00065,P103,1322,2025-08-17,2025-09-02,2025-08-31,In Progress
O00066,P101,714,2025-08-16,2025-08-26,2025-08-24,In Progress
O00067,P101,123,2025-11-21,2025-12-04,2025-12-04,In Progress
O00068,P103,1031,2025-08-22,2025-08-29,2025-08-27,In Progress
O00069,P103,230,2025-04-15,2025-04-28,2025-04-27,On Time
O00070,P103,845,2025-04-02,2025-04-07,2025-04-05,On Time
O00071,P101,778,2025-11-25,2025-12-04,2025-12-02,On Time
O00072,P101,1597,2025-08-03,2025-08-13,2025-08-12,In Progress
O00073,P102,1695,2025-12-10,2025-12-29,2025-12-28,In Progress
O00074,P103,374,2025-02-06,2025-02-11,2025-02-11,On Time
O00075,P102,226,2025-12-29,2026-01-11,2026-01-09,On Time
O00076,P104,1521,2025-11-18,2025-11-30,2025-11-30,On Time
O00077,P104,1110,2025-01-11,2025-01-16,2025-01-16,In Progress
O00078,P103,735,2025-02-03,2025-02-20,2025-02-20,In Progress
O00079,P103,1897,2025-05-28,2025-06-03,2025-06-01,In Progress
O00080,P104,535,2025-08-12,2025-09-01,2025-08-30,On Time
O00081,P102,1884,2025-04-23,2025-05-07,2025-05-05,In Progress
O00082,P101,1529,2025-01-10,2025-01-15,2025-01-18,Delayed
O00083,P104,1301,2025-11-02,2025-11-13,2025-11-12,On Time
O00084,P102,973,2025-03-31,2025-04-06,2025-04-04,On Time
O00085,P103,962,2025-10-30,2025-11-14,2025-11-14,In Progress
O00086,P102,1834,2025-07-28,2025-08-10,2025-08-09,In Progress
O00087,P101,1117,2025-06-12,2025-07-01,2025-06-29,On Time
O00088,P101,374,2025-04-10,2025-04-30,2025-05-04,Delayed
O00089,P101,1741,2025-08-27,2025-09-06,2025-09-06,On Time
O00090,P103,1058,2025-06-07,2025-06-26,2025-06-24,In Progress
O00091,P104,473,2025-11-04,2025-11-16,2025-11-15,In Progress
O00092,P104,1379,2025-01-26,2025-02-09,2025-02-07,On Time
O00093,P102,569,2025-06-30,2025-07-09,2025-07-09,On Time
O00094,P101,581,2025-10-18,2025-10-23,2025-10-29,Delayed
O00095,P103,1006,2025-03-15,2025-03-27,2025-03-25,In Progress
O00096,P101,1204,2025-03-17,2025-03-30,2025-03-29,In Progress
O00097,P104,747,2025-11-18,2025-11-28,2025-11-27,In Progress
O00098,P103,585,2025-01-08,2025-01-24,2025-01-22,In Progress
O00099,P101,663,2025-06-03,2025-06-17,2025-06-16,On Time
O00100,P104,566,2025-05-16,2025-06-01,2025-06-02,Delayed
O00101,P103,309,2025-10-15,2025-10-21,2025-10-21,On Time
O00102,P103,1809,2025-05-31,2025-06-12,2025-06-10,On Time
O00103,P104,1707,2025-11-24,2025-12-04,2025-12-02,In Progress
O00104,P103,1879,2025-09-30,2025-10-11,2025-10-09,In Progress
O00105,P102,1076,2025-02-15,2025-03-01,2025-02-28,In Progress
O00106,P104,1676,2025-09-10,2025-09-27,2025-09-29,Delayed
O00107,P103,1949,2025-05-25,2025-05-31,2025-05-31,On Time
O00108,P103,1177,2025-04-10,2025-04-20,2025-04-19,In Progress
O00109,P101,1107,2025-04-25,2025-05-15,2025-05-16,Delayed
O00110,P104,1778,2025-10-14,2025-10-28,2025-10-26,In Progress
O00111,P101,1588,2025-07-07,2025-07-24,2025-07-24,In Progress
O00112,P101,1043,2025-09-01,2025-09-14,2025-09-14,In Progress
O00113,P103,1209,2025-06-20,2025-07-04,2025-07-10,Delayed
O00114,P102,1801,2025-10-18,2025-10-28,2025-10-26,On Time
O00115,P101,1467,2025-12-19,2025-12-26,2025-12-25,In Progress
O00116,P103,453,2025-03-11,2025-03-27,2025-03-27,In Progress
O00117,P103,700,2025-10-20,2025-11-06,2025-11-06,In Progress
O00118,P101,606,2025-12-19,2025-12-26,2025-12-26,On Time
O00119,P103,635,2025-03-01,2025-03-09,2025-03-09,In Progress
O00120,P104,191,2025-08-09,2025-08-19,2025-08-17,On Time
O00121,P102,596,2025-02-18,2025-03-05,2025-03-04,On Time
O00122,P102,1204,2025-11-25,2025-12-08,2025-12-07,In Progress
O00123,P103,1440,2025-04-16,2025-05-05,2025-05-05,In Progress
O00124,P101,436,2025-07-14,2025-07-23,2025-07-23,On Time
O00125,P104,1593,2025-06-22,2025-06-30,2025-06-28,In Progress
O00126,P103,1483,2025-03-18,2025-03-29,2025-04-01,Delayed
O00127,P101,1271,2025-12-23,2026-01-05,2026-01-09,Delayed
O00128,P104,1767,2025-04-17,2025-05-07,2025-05-12,Delayed
O00129,P104,847,2025-05-20,2025-05-27,2025-06-01,Delayed
O00130,P104,318,2025-10-03,2025-10-10,2025-10-10,On Time
O00131,P102,977,2025-10-25,2025-11-01,2025-10-31,On Time
O00132,P103,1507,2025-02-28,2025-03-07,2025-03-07,In Progress
O00133,P102,577,2025-04-17,2025-04-30,2025-04-29,On Time
O00134,P101,305,2025-10-18,2025-10-23,2025-10-30,Delayed
O00135,P104,573,2025-02-24,2025-03-16,2025-03-17,Delayed
O00136,P104,1342,2025-04-17,2025-04-24,2025-04-23,In Progress
O00137,P102,1696,2025-02-24,2025-03-02,2025-03-02,In Progress
O00138,P101,878,2025-09-04,2025-09-11,2025-09-10,On Time
O00139,P104,847,2025-02-28,2025-03-13,2025-03-11,On Time
O00140,P102,1490,2025-04-05,2025-04-11,2025-04-11,In Progress
O00141,P102,1888,2025-12-12,2025-12-28,2025-12-26,On Time
O00142,P101,429,2025-01-13,2025-01-31,2025-02-01,Delayed
O00143,P101,869,2025-07-31,2025-08-14,2025-08-19,Delayed
O00144,P102,1370,2025-07-31,2025-08-15,2025-08-15,On Time
O00145,P101,118,2025-04-16,2025-04-24,2025-04-22,In Progress
O00146,P101,799,2025-10-25,2025-11-02,2025-11-01,In Progress
O00147,P101,770,2025-10-13,2025-10-29,2025-10-29,In Progress
O00148,P103,1361,2025-06-22,2025-07-03,2025-07-03,On Time
O00149,P101,913,2025-05-17,2025-05-26,2025-05-24,In Progress
O00150,P103,1911,2025-10-09,2025-10-25,2025-10-27,Delayed
O00151,P104,1814,2025-11-12,2025-12-02,2025-12-01,In Progress
O00152,P103,494,2025-07-01,2025-07-08,2025-07-08,On Time
O00153,P103,451,2025-06-28,2025-07-07,2025-07-06,In Progress
O00154,P101,1653,2025-07-29,2025-08-18,2025-08-17,In Progress
O00155,P104,1027,2025-08-02,2025-08-07,2025-08-06,On Time
O00156,P104,663,2025-04-20,2025-04-25,2025-04-29,Delayed
O00157,P101,1273,2025-09-21,2025-09-30,2025-10-03,Delayed
O00158,P103,574,2025-12-01,2025-12-07,2025-12-06,In Progress
O00159,P101,1320,2025-10-01,2025-10-21,2025-10-19,In Progress
O00160,P102,1575,2025-04-08,2025-04-24,2025-04-28,Delayed
O00161,P101,1882,2025-10-19,2025-11-04,2025-11-04,In Progress
O00162,P101,1284,2025-06-20,2025-07-06,2025-07-05,In Progress
O00163,P101,797,2025-03-21,2025-03-31,2025-03-30,In Progress
O00164,P102,1205,2025-09-20,2025-09-26,2025-09-26,In Progress
O00165,P103,1631,2025-10-19,2025-10-25,2025-10-23,On Time
O00166,P101,1326,2025-05-12,2025-05-20,2025-05-20,On Time
O00167,P104,425,2025-11-08,2025-11-18,2025-11-16,In Progress
O00168,P103,135,2025-10-14,2025-10-28,2025-10-28,In Progress
O00169,P102,168,2025-05-08,2025-05-27,2025-05-27,In Progress
O00170,P101,1197,2025-09-18,2025-09-28,2025-09-28,On Time
O00171,P103,1483,2025-07-26,2025-08-10,2025-08-09,In Progress
O00172,P104,877,2025-03-12,2025-03-18,2025-03-24,Delayed
O00173,P102,1414,2025-07-14,2025-07-29,2025-07-29,On Time
O00174,P103,228,2025-10-09,2025-10-16,2025-10-15,In Progress
O00175,P104,1455,2025-06-27,2025-07-05,2025-07-12,Delayed
O00176,P102,602,2025-11-15,2025-11-26,2025-11-30,Delayed
O00177,P102,1109,2025-01-25,2025-02-11,2025-02-11,In Progress
O00178,P104,1563,2025-12-21,2025-12-27,2025-12-27,In Progress
O00179,P101,587,2025-10-18,2025-11-02,2025-11-03,Delayed
O00180,P101,1328,2025-08-02,2025-08-18,2025-08-17,In Progress
O00181,P104,547,2025-06-06,2025-06-14,2025-06-14,In Progress
O00182,P104,1739,2025-07-06,2025-07-14,2025-07-12,In Progress
O00183,P103,415,2025-05-03,2025-05-17,2025-05-17,On Time
O00184,P101,454,2025-05-06,2025-05-20,2025-05-20,On Time
O00185,P103,1151,2025-08-04,2025-08-15,2025-08-15,On Time
O00186,P101,1443,2025-04-04,2025-04-23,2025-04-22,On Time
O00187,P103,1044,2025-03-04,2025-03-12,2025-03-11,On Time
O00188,P103,1430,2025-07-04,2025-07-24,2025-07-22,In Progress
O00189,P102,531,2025-10-12,2025-10-27,2025-10-26,On Time
O00190,P101,238,2025-02-26,2025-03-16,2025-03-14,In Progress
O00191,P101,681,2025-06-21,2025-07-02,2025-07-02,In Progress
O00192,P102,199,2025-05-02,2025-05-08,2025-05-07,In Progress
O00193,P103,1262,2025-05-02,2025-05-14,2025-05-20,Delayed
O00194,P104,775,2025-01-04,2025-01-17,2025-01-15,On Time
O00195,P102,193,2025-04-20,2025-05-07,2025-05-05,On Time
O00196,P101,1620,2025-12-10,2025-12-18,2025-12-16,In Progress
O00197,P101,892,2025-07-31,2025-08-13,2025-08-20,Delayed
O00198,P101,1480,2025-12-06,2025-12-18,2025-12-16,In Progress
O00199,P104,1710,2025-05-03,2025-05-10,2025-05-08,In Progress
O00200,P102,176,2025-03-03,2025-03-15,2025-03-15,In Progress
O00201,P104,1170,2025-06-03,2025-06-19,2025-06-18,On Time
O00202,P104,1658,2025-10-11,2025-10-29,2025-10-28,In Progress
O00203,P104,1026,2025-08-25,2025-09-03,2025-09-01,In Progress
O00204,P103,1417,2025-01-23,2025-02-03,2025-02-02,On Time
O00205,P103,1115,2025-04-22,2025-05-03,2025-05-06,Delayed
O00206,P103,1771,2025-11-08,2025-11-28,2025-11-26,In Progress
O00207,P104,466,2025-11-04,2025-11-23,2025-11-22,On Time
O00208,P101,450,2025-03-24,2025-04-07,2025-04-06,On Time
O00209,P102,162,2025-09-09,2025-09-15,2025-09-15,In Progress
O00210,P102,1134,2025-05-13,2025-05-21,2025-05-20,In Progress
O00211,P103,1242,2025-10-29,2025-11-07,2025-11-05,In Progress
O00212,P104,1910,2025-09-10,2025-09-18,2025-09-16,On Time
O00213,P104,281,2025-10-27,2025-11-13,2025-11-11,On Time
O00214,P103,1400,2025-12-02,2025-12-17,2025-12-18,Delayed
O00215,P101,1388,2025-10-01,2025-10-14,2025-10-14,In Progress
O00216,P102,249,2025-08-06,2025-08-19,2025-08-26,Delayed
O00217,P104,1349,2025-11-11,2025-11-26,2025-11-26,On Time
O00218,P101,1981,2025-11-20,2025-12-10,2025-12-09,On Time
O00219,P101,1344,2025-05-25,2025-06-11,2025-06-12,Delayed
O00220,P104,936,2025-06-25,2025-07-03,2025-07-02,In Progress
O00221,P104,163,2025-06-09,2025-06-15,2025-06-17,Delayed
O00222,P102,1742,2025-03-27,2025-04-05,2025-04-03,In Progress
O00223,P104,310,2025-03-20,2025-03-30,2025-03-28,In Progress
O00224,P102,204,2025-02-28,2025-03-15,2025-03-14,In Progress
O00225,P103,1772,2025-09-28,2025-10-15,2025-10-14,In Progress
O00226,P103,889,2025-01-13,2025-01-27,2025-01-28,Delayed
O00227,P102,1782,2025-02-06,2025-02-25,2025-02-24,In Progress
O00228,P104,166,2025-09-09,2025-09-16,2025-09-15,On Time
O00229,P101,726,2025-07-15,2025-07-23,2025-07-22,In Progress
O00230,P103,1684,2025-07-08,2025-07-15,2025-07-13,In Progress
O00231,P101,556,2025-04-23,2025-04-29,2025-04-27,In Progress
O00232,P102,1698,2025-11-02,2025-11-09,2025-11-14,Delayed
O00233,P103,599,2025-04-15,2025-04-21,2025-04-22,Delayed
O00234,P103,1109,2025-10-11,2025-10-31,2025-10-31,On Time
O00235,P103,694,2025-10-26,2025-11-06,2025-11-05,On Time
O00236,P102,724,2025-10-29,2025-11-11,2025-11-12,Delayed
O00237,P101,329,2025-08-20,2025-09-03,2025-09-01,On Time
O00238,P102,453,2025-08-24,2025-09-11,2025-09-09,In Progress
O00239,P102,380,2025-06-12,2025-06-17,2025-06-15,In Progress
O00240,P103,621,2025-12-15,2025-12-22,2025-12-22,On Time
O00241,P102,484,2025-01-04,2025-01-10,2025-01-10,In Progress
O00242,P104,278,2025-12-01,2025-12-15,2025-12-13,In Progress
O00243,P104,1805,2025-06-23,2025-07-10,2025-07-11,Delayed
O00244,P102,1873,2025-06-17,2025-06-30,2025-06-30,In Progress
O00245,P101,1241,2025-01-11,2025-01-26,2025-01-26,In Progress
O00246,P104,431,2025-06-01,2025-06-18,2025-06-17,On Time
O00247,P101,855,2025-01-04,2025-01-22,2025-01-20,On Time
O00248,P104,1387,2025-08-20,2025-09-01,2025-08-31,On Time
O00249,P103,1165,2025-02-13,2025-02-23,2025-02-22,On Time
O00250,P102,1017,2025-05-30,2025-06-15,2025-06-15,On Time
O00251,P101,1477,2025-02-23,2025-03-01,2025-02-28,On Time
O00252,P104,577,2025-06-25,2025-07-14,2025-07-12,In Progress
O00253,P102,1620,2025-06-02,2025-06-09,2025-06-07,On Time
O00254,P101,1006,2025-06-30,2025-07-06,2025-07-05,In Progress
O00255,P103,1695,2025-07-17,2025-08-03,2025-08-02,On Time
O00256,P104,676,2025-02-22,2025-03-05,2025-03-11,Delayed
O00257,P101,805,2025-02-25,2025-03-09,2025-03-09,In Progress
O00258,P102,1194,2025-08-17,2025-08-29,2025-08-29,In Progress
O00259,P103,594,2025-01-27,2025-02-08,2025-02-07,On Time
O00260,P102,1379,2025-06-28,2025-07-14,2025-07-12,In Progress
O00261,P102,340,2025-01-22,2025-02-08,2025-02-07,On Time
O00262,P102,858,2025-04-11,2025-04-25,2025-04-23,In Progress
O00263,P101,1939,2025-06-16,2025-06-28,2025-07-02,Delayed
O00264,P102,1983,2025-11-20,2025-12-05,2025-12-03,In Progress
O00265,P101,664,2025-05-20,2025-05-29,2025-05-28,On Time
O00266,P103,1899,2025-07-09,2025-07-17,2025-07-15,On Time
O00267,P103,836,2025-04-24,2025-05-12,2025-05-12,On Time
O00268,P103,151,2025-07-03,2025-07-23,2025-07-21,In Progress
O00269,P102,1693,2025-11-19,2025-12-08,2025-12-06,On Time
O00270,P101,1270,2025-02-09,2025-02-17,2025-02-18,Delayed
O00271,P103,2000,2025-01-15,2025-01-31,2025-02-03,Delayed
O00272,P102,1279,2025-01-23,2025-02-01,2025-02-05,Delayed
O00273,P101,1303,2025-12-17,2025-12-23,2025-12-22,In Progress
O00274,P101,662,2025-10-14,2025-11-03,2025-11-02,On Time
O00275,P104,224,2025-11-20,2025-12-02,2025-11-30,On Time
O00276,P101,571,2025-10-21,2025-11-01,2025-10-31,On Time
O00277,P104,400,2025-11-18,2025-11-26,2025-11-26,On Time
O00278,P104,1233,2025-05-20,2025-05-29,2025-05-29,In Progress
O00279,P102,1656,2025-12-23,2026-01-11,2026-01-11,On Time
O00280,P103,446,2025-12-22,2025-12-27,2025-12-27,On Time
O00281,P103,519,2025-12-28,2026-01-12,2026-01-13,Delayed
O00282,P102,685,2025-01-25,2025-02-06,2025-02-06,On Time
O00283,P104,618,2025-03-15,2025-03-25,2025-03-24,On Time
O00284,P101,841,2025-01-18,2025-01-26,2025-01-25,On Time
O00285,P101,1669,2025-05-25,2025-06-07,2025-06-07,On Time
O00286,P102,973,2025-04-19,2025-05-06,2025-05-06,In Progress
O00287,P102,1727,2025-09-22,2025-09-27,2025-09-25,In Progress
O00288,P104,733,2025-01-10,2025-01-25,2025-02-01,Delayed
O00289,P103,136,2025-01-06,2025-01-20,2025-01-19,On Time
O00290,P101,1988,2025-03-15,2025-04-03,2025-04-02,In Progress
O00291,P104,675,2025-12-12,2026-01-01,2026-01-01,In Progress
O00292,P101,1620,2025-03-06,2025-03-20,2025-03-18,On Time
O00293,P104,1964,2025-07-14,2025-07-29,2025-07-28,In Progress
O00294,P104,364,2025-04-21,2025-04-27,2025-04-25,In Progress
O00295,P104,1482,2025-07-01,2025-07-20,2025-07-20,On Time
O00296,P101,1646,2025-04-12,2025-04-19,2025-04-19,In Progress
O00297,P101,927,2025-08-18,2025-08-28,2025-08-27,In Progress
O00298,P102,717,2025-03-23,2025-04-02,2025-04-05,Delayed
O00299,P104,1648,2025-11-29,2025-12-11,2025-12-09,On Time
O00300,P102,892,2025-07-14,2025-08-01,2025-07-30,In Progress
O00301,P104,689,2025-04-11,2025-04-22,2025-04-29,Delayed
O00302,P101,1038,2025-06-10,2025-06-23,2025-06-21,In Progress
O00303,P103,1118,2025-10-01,2025-10-15,2025-10-13,In Progress
O00304,P103,727,2025-07-18,2025-08-01,2025-07-31,In Progress
O00305,P102,206,2025-01-10,2025-01-16,2025-01-15,In Progress
O00306,P104,1432,2025-05-31,2025-06-06,2025-06-06,In Progress
O00307,P104,1190,2025-12-16,2025-12-26,2025-12-25,On Time
O00308,P103,712,2025-12-26,2026-01-10,2026-01-09,On Time
O00309,P103,1249,2025-08-21,2025-08-30,2025-08-28,On Time
O00310,P101,193,2025-07-13,2025-07-19,2025-07-18,In Progress
O00311,P103,1038,2025-03-13,2025-03-30,2025-03-29,In Progress
O00312,P101,349,2025-11-02,2025-11-22,2025-11-20,On Time
O00313,P103,1101,2025-10-08,2025-10-15,2025-10-22,Delayed
O00314,P103,1826,2025-08-07,2025-08-13,2025-08-13,On Time
O00315,P101,1936,2025-07-22,2025-08-06,2025-08-10,Delayed
O00316,P102,1848,2025-01-13,2025-01-23,2025-01-21,On Time
O00317,P101,1314,2025-06-29,2025-07-10,2025-07-09,On Time
O00318,P104,842,2025-05-08,2025-05-23,2025-05-21,On Time
O00319,P102,857,2025-07-13,2025-07-22,2025-07-20,In Progress
O00320,P103,1712,2025-09-25,2025-10-03,2025-10-03,On Time
O00321,P101,1478,2025-09-03,2025-09-09,2025-09-08,On Time
O00322,P101,166,2025-02-24,2025-03-16,2025-03-16,In Progress
O00323,P104,1516,2025-08-28,2025-09-13,2025-09-17,Delayed
O00324,P103,1363,2025-01-11,2025-01-31,2025-01-31,On Time
O00325,P104,319,2025-12-03,2025-12-13,2025-12-11,In Progress
O00326,P102,824,2025-03-11,2025-03-21,2025-03-19,In Progress
O00327,P103,1059,2025-03-19,2025-03-24,2025-03-28,Delayed
O00328,P103,180,2025-02-05,2025-02-14,2025-02-13,On Time
O00329,P103,1064,2025-01-20,2025-02-02,2025-02-02,On Time
O00330,P102,1487,2025-01-23,2025-01-28,2025-01-26,In Progress
O00331,P104,298,2025-10-07,2025-10-26,2025-10-26,In Progress
O00332,P103,520,2025-08-31,2025-09-13,2025-09-11,In Progress
O00333,P102,958,2025-02-08,2025-02-24,2025-02-22,In Progress
O00334,P102,1391,2025-10-18,2025-10-28,2025-10-28,On Time
O00335,P104,530,2025-05-08,2025-05-20,2025-05-20,In Progress
O00336,P103,779,2025-10-14,2025-10-29,2025-10-28,In Progress
O00337,P103,625,2025-11-29,2025-12-04,2025-12-02,In Progress
O00338,P102,1107,2025-08-14,2025-08-30,2025-08-28,On Time
O00339,P101,879,2025-12-31,2026-01-16,2026-01-14,On Time
O00340,P104,1823,2025-06-28,2025-07-04,2025-07-04,In Progress
O00341,P103,1396,2025-10-04,2025-10-18,2025-10-16,On Time
O00342,P101,584,2025-08-16,2025-09-04,2025-09-06,Delayed
O00343,P101,533,2025-04-04,2025-04-17,2025-04-17,On Time
O00344,P102,1083,2025-01-23,2025-02-01,2025-02-01,In Progress
O00345,P103,748,2025-03-26,2025-04-05,2025-04-05,In Progress
O00346,P103,454,2025-09-29,2025-10-11,2025-10-18,Delayed
O00347,P102,296,2025-10-19,2025-10-30,2025-10-31,Delayed
O00348,P104,1851,2025-11-04,2025-11-21,2025-11-20,On Time
O00349,P103,641,2025-06-28,2025-07-04,2025-07-02,In Progress
O00350,P101,1247,2025-03-13,2025-03-27,2025-03-26,In Progress
O00351,P101,584,2025-12-19,2025-12-25,2025-12-29,Delayed
O00352,P101,729,2025-05-17,2025-05-28,2025-05-28,On Time
O00353,P102,1763,2025-09-20,2025-09-30,2025-09-28,In Progress
O00354,P103,286,2025-07-26,2025-08-06,2025-08-05,On Time
O00355,P101,212,2025-01-27,2025-02-04,2025-02-02,On Time
O00356,P104,1949,2025-09-03,2025-09-09,2025-09-08,In Progress
O00357,P102,1739,2025-11-15,2025-12-05,2025-12-05,On Time
O00358,P103,898,2025-08-03,2025-08-19,2025-08-19,In Progress
O00359,P101,800,2025-03-04,2025-03-13,2025-03-11,In Progress
O00360,P102,563,2025-10-30,2025-11-16,2025-11-14,On Time
O00361,P103,201,2025-09-13,2025-09-23,2025-09-21,In Progress
O00362,P104,1218,2025-12-31,2026-01-10,2026-01-09,On Time
O00363,P104,1194,2025-05-04,2025-05-15,2025-05-13,On Time
O00364,P101,1248,2025-07-12,2025-08-01,2025-08-01,In Progress
O00365,P102,1247,2025-12-21,2026-01-08,2026-01-07,In Progress
O00366,P101,1546,2025-11-19,2025-11-30,2025-11-29,In Progress
O00367,P104,800,2025-11-26,2025-12-12,2025-12-12,In Progress
O00368,P102,236,2025-05-07,2025-05-24,2025-05-23,On Time
O00369,P101,1371,2025-03-25,2025-04-09,2025-04-07,On Time
O00370,P104,1686,2025-12-21,2026-01-08,2026-01-06,In Progress
O00371,P101,1857,2025-05-26,2025-06-13,2025-06-11,In Progress
O00372,P102,1878,2025-03-08,2025-03-27,2025-03-26,On Time
O00373,P103,1643,2025-07-08,2025-07-24,2025-07-22,On Time
O00374,P103,1739,2025-10-09,2025-10-22,2025-10-26,Delayed
O00375,P102,1088,2025-10-11,2025-10-26,2025-10-25,In Progress
O00376,P102,1617,2025-09-30,2025-10-20,2025-10-22,Delayed
O00377,P104,305,2025-09-25,2025-10-03,2025-10-04,Delayed
O00378,P103,1827,2025-10-14,2025-10-29,2025-10-29,On Time
O00379,P103,1781,2025-08-13,2025-08-30,2025-08-29,On Time
O00380,P103,223,2025-12-05,2025-12-14,2025-12-13,On Time
O00381,P101,1220,2025-01-26,2025-02-01,2025-02-07,Delayed
O00382,P101,987,2025-01-13,2025-02-01,2025-02-01,On Time
O00383,P101,384,2025-01-05,2025-01-12,2025-01-13,Delayed
O00384,P101,1754,2025-08-17,2025-08-26,2025-08-24,In Progress
O00385,P103,930,2025-08-20,2025-09-02,2025-09-02,On Time
O00386,P104,556,2025-05-26,2025-06-01,2025-06-01,In Progress
O00387,P101,1571,2025-09-19,2025-10-06,2025-10-05,In Progress
O00388,P103,1938,2025-06-10,2025-06-24,2025-06-24,In Progress
O00389,P101,109,2025-11-20,2025-12-10,2025-12-09,In Progress
O00390,P104,1260,2025-02-27,2025-03-09,2025-03-07,In Progress
O00391,P101,267,2025-02-25,2025-03-04,2025-03-03,On Time
O00392,P103,1477,2025-09-14,2025-10-04,2025-10-03,In Progress
O00393,P101,375,2025-12-04,2025-12-16,2025-12-16,In Progress
O00394,P102,1654,2025-07-06,2025-07-16,2025-07-15,On Time
O00395,P102,479,2025-03-17,2025-03-23,2025-03-21,On Time
O00396,P104,114,2025-06-09,2025-06-21,2025-06-19,On Time
O00397,P101,1766,2025-02-17,2025-02-26,2025-02-26,On Time
O00398,P104,905,2025-03-13,2025-03-25,2025-03-23,In Progress
O00399,P104,1225,2025-09-07,2025-09-23,2025-09-27,Delayed
O00400,P101,1757,2025-09-30,2025-10-10,2025-10-09,On Time
O00401,P103,1311,2025-05-15,2025-05-24,2025-05-24,On Time
O00402,P104,1320,2025-11-08,2025-11-14,2025-11-12,On Time
O00403,P101,1339,2025-09-05,2025-09-10,2025-09-10,In Progress
O00404,P101,1633,2025-10-22,2025-11-10,2025-11-09,In Progress
O00405,P103,277,2025-04-25,2025-05-08,2025-05-06,On Time
O00406,P104,680,2025-12-12,2025-12-23,2025-12-21,On Time
O00407,P103,1413,2025-07-07,2025-07-12,2025-07-10,In Progress
O00408,P102,1980,2025-01-09,2025-01-18,2025-01-17,In Progress
O00409,P102,1543,2025-09-25,2025-10-10,2025-10-09,On Time
O00410,P103,1522,2025-03-26,2025-04-05,2025-04-04,On Time
O00411,P101,1189,2025-11-24,2025-11-29,2025-11-27,In Progress
O00412,P103,484,2025-04-30,2025-05-10,2025-05-08,On Time
O00413,P104,663,2025-10-12,2025-10-18,2025-10-18,On Time
O00414,P103,475,2025-02-25,2025-03-10,2025-03-10,On Time
O00415,P104,151,2025-09-23,2025-10-07,2025-10-05,On Time
O00416,P103,866,2025-01-05,2025-01-23,2025-01-21,In Progress
O00417,P103,1706,2025-03-19,2025-04-04,2025-04-04,In Progress
O00418,P102,1646,2025-07-10,2025-07-30,2025-07-30,On Time
O00419,P104,332,2025-10-21,2025-11-08,2025-11-06,On Time
O00420,P104,1837,2025-05-31,2025-06-13,2025-06-11,On Time
O00421,P104,242,2025-01-05,2025-01-12,2025-01-10,In Progress
O00422,P103,1003,2025-07-07,2025-07-14,2025-07-13,On Time
O00423,P104,270,2025-06-18,2025-07-08,2025-07-06,In Progress
O00424,P102,875,2025-05-02,2025-05-18,2025-05-16,In Progress
O00425,P104,271,2025-03-23,2025-04-09,2025-04-07,On Time
O00426,P104,485,2025-05-04,2025-05-14,2025-05-14,In Progress
O00427,P104,345,2025-09-26,2025-10-14,2025-10-13,On Time
O00428,P102,1179,2025-12-09,2025-12-17,2025-12-16,In Progress
O00429,P101,302,2025-05-06,2025-05-18,2025-05-18,On Time
O00430,P104,1778,2025-06-06,2025-06-21,2025-06-20,On Time
O00431,P104,1906,2025-01-19,2025-02-03,2025-02-03,On Time
O00432,P101,330,2025-09-05,2025-09-13,2025-09-12,On Time
O00433,P101,707,2025-11-14,2025-11-30,2025-11-30,In Progress
O00434,P101,1572,2025-02-14,2025-02-21,2025-02-19,In Progress
O00435,P102,856,2025-01-06,2025-01-17,2025-01-17,On Time
O00436,P101,1605,2025-10-23,2025-11-09,2025-11-09,In Progress
O00437,P104,1951,2025-10-26,2025-11-03,2025-11-09,Delayed
O00438,P104,923,2025-05-15,2025-05-27,2025-05-25,On Time
O00439,P102,1397,2025-02-23,2025-03-09,2025-03-09,On Time
O00440,P102,315,2025-05-12,2025-05-25,2025-05-23,In Progress
O00441,P103,1789,2025-05-04,2025-05-18,2025-05-25,Delayed
O00442,P102,1578,2025-06-09,2025-06-14,2025-06-13,On Time
O00443,P104,1612,2025-01-14,2025-01-31,2025-01-30,In Progress
O00444,P102,1375,2025-03-05,2025-03-13,2025-03-11,On Time
O00445,P104,1344,2025-05-03,2025-05-22,2025-05-22,On Time
O00446,P103,175,2025-03-30,2025-04-09,2025-04-09,On Time
O00447,P103,894,2025-04-13,2025-04-25,2025-04-23,On Time
O00448,P102,1953,2025-04-29,2025-05-05,2025-05-05,In Progress
O00449,P104,728,2025-10-05,2025-10-14,2025-10-13,On Time
O00450,P103,1476,2025-08-26,2025-09-06,2025-09-05,In Progress
O00451,P103,1367,2025-03-16,2025-04-03,2025-04-01,In Progress
O00452,P102,1005,2025-06-23,2025-06-30,2025-06-30,In Progress
O00453,P102,855,2025-08-27,2025-09-14,2025-09-13,On Time
O00454,P102,1020,2025-08-23,2025-09-12,2025-09-15,Delayed
O00455,P103,1357,2025-05-16,2025-05-24,2025-05-23,On Time
O00456,P104,1706,2025-07-22,2025-07-28,2025-07-27,On Time
O00457,P103,1245,2025-09-19,2025-10-02,2025-10-03,Delayed
O00458,P103,498,2025-02-15,2025-03-01,2025-02-28,In Progress
O00459,P104,1626,2025-10-06,2025-10-20,2025-10-20,On Time
O00460,P102,1890,2025-05-27,2025-06-07,2025-06-05,In Progress
O00461,P104,1927,2025-07-08,2025-07-23,2025-07-21,On Time
O00462,P101,1366,2025-01-01,2025-01-12,2025-01-10,On Time
O00463,P103,1630,2025-07-13,2025-07-24,2025-07-23,On Time
O00464,P104,1967,2025-09-06,2025-09-11,2025-09-09,In Progress
O00465,P102,310,2025-03-30,2025-04-10,2025-04-12,Delayed
O00466,P101,1909,2025-12-06,2025-12-16,2025-12-16,In Progress
O00467,P101,1828,2025-05-21,2025-06-03,2025-06-02,On Time
O00468,P104,459,2025-03-08,2025-03-15,2025-03-13,On Time
O00469,P103,1862,2025-10-28,2025-11-14,2025-11-13,In Progress
O00470,P103,491,2025-07-30,2025-08-07,2025-08-12,Delayed
O00471,P103,1712,2025-05-03,2025-05-09,2025-05-11,Delayed
O00472,P104,1638,2025-04-21,2025-05-02,2025-04-30,In Progress
O00473,P103,1571,2025-09-01,2025-09-21,2025-09-20,In Progress
O00474,P104,331,2025-02-22,2025-03-04,2025-03-03,In Progress
O00475,P103,223,2025-12-21,2025-12-31,2025-12-31,On Time
O00476,P104,273,2025-11-06,2025-11-12,2025-11-15,Delayed
O00477,P101,938,2025-11-20,2025-12-02,2025-12-02,On Time
O00478,P104,1650,2025-08-07,2025-08-14,2025-08-16,Delayed
O00479,P101,332,2025-02-11,2025-02-18,2025-02-17,In Progress
O00480,P102,316,2025-05-16,2025-06-04,2025-06-04,On Time
O00481,P101,112,2025-01-16,2025-02-02,2025-02-04,Delayed
O00482,P103,335,2025-10-27,2025-11-16,2025-11-16,In Progress
O00483,P102,1971,2025-05-23,2025-06-07,2025-06-07,In Progress
O00484,P101,963,2025-04-24,2025-05-03,2025-05-05,Delayed
O00485,P104,348,2025-06-20,2025-06-26,2025-06-24,On Time
O00486,P104,955,2025-11-21,2025-11-27,2025-11-25,In Progress
O00487,P103,1107,2025-11-03,2025-11-09,2025-11-08,In Progress
O00488,P101,195,2025-05-13,2025-05-24,2025-05-24,On Time
O00489,P103,553,2025-06-26,2025-07-04,2025-07-04,In Progress
O00490,P104,1576,2025-06-18,2025-07-06,2025-07-04,In Progress
O00491,P104,1688,2025-11-14,2025-12-04,2025-12-03,In Progress
O00492,P102,259,2025-01-16,2025-01-25,2025-01-23,On Time
O00493,P104,230,2025-06-07,2025-06-22,2025-06-22,In Progress
O00494,P102,1689,2025-01-12,2025-01-28,2025-01-27,On Time
O00495,P103,1919,2025-06-29,2025-07-18,2025-07-16,On Time
O00496,P103,248,2025-06-06,2025-06-13,2025-06-11,On Time
O00497,P103,1073,2025-12-16,2026-01-03,2026-01-07,Delayed
O00498,P101,1361,2025-10-15,2025-10-29,2025-10-27,On Time
O00499,P103,938,2025-11-28,2025-12-17,2025-12-16,In Progress
O00500,P103,641,2025-01-02,2025-01-17,2025-01-16,In Progress
O00501,P103,1082,2025-11-30,2025-12-15,2025-12-15,In Progress
O00502,P102,1113,2025-04-13,2025-05-01,2025-05-07,Delayed
O00503,P103,181,2025-03-17,2025-03-28,2025-03-26,In Progress
O00504,P103,841,2025-11-19,2025-11-26,2025-11-26,In Progress
O00505,P104,495,2025-12-01,2025-12-13,2025-12-18,Delayed
O00506,P104,132,2025-02-26,2025-03-09,2025-03-08,On Time
O00507,P101,1578,2025-03-09,2025-03-29,2025-03-29,In Progress
O00508,P101,786,2025-04-14,2025-05-02,2025-05-08,Delayed
O00509,P104,1811,2025-03-21,2025-04-06,2025-04-12,Delayed
O00510,P103,628,2025-03-06,2025-03-18,2025-03-22,Delayed
O00511,P103,1091,2025-03-20,2025-03-26,2025-03-25,On Time
O00512,P103,254,2025-11-01,2025-11-09,2025-11-07,On Time
O00513,P101,689,2025-08-12,2025-08-17,2025-08-15,On Time
O00514,P101,116,2025-04-08,2025-04-26,2025-04-30,Delayed
O00515,P102,1562,2025-08-29,2025-09-06,2025-09-04,In Progress
O00516,P103,1569,2025-12-24,2026-01-06,2026-01-05,In Progress
O00517,P103,1446,2025-11-20,2025-11-30,2025-11-30,On Time
O00518,P102,844,2025-02-25,2025-03-09,2025-03-08,On Time
O00519,P103,1875,2025-04-06,2025-04-18,2025-04-20,Delayed
O00520,P103,1785,2025-09-22,2025-10-10,2025-10-15,Delayed
O00521,P103,1920,2025-01-10,2025-01-22,2025-01-21,On Time
O00522,P103,260,2025-05-18,2025-06-04,2025-06-04,On Time
O00523,P104,102,2025-12-05,2025-12-16,2025-12-17,Delayed
O00524,P101,1440,2025-06-09,2025-06-19,2025-06-24,Delayed
O00525,P102,496,2025-11-01,2025-11-18,2025-11-18,In Progress
O00526,P102,247,2025-02-27,2025-03-09,2025-03-07,In Progress
O00527,P103,1674,2025-03-19,2025-03-25,2025-03-25,In Progress
O00528,P101,1838,2025-03-21,2025-04-03,2025-04-01,On Time
O00529,P103,1793,2025-12-18,2025-12-27,2025-12-31,Delayed
O00530,P101,352,2025-12-03,2025-12-11,2025-12-11,On Time
O00531,P102,1398,2025-10-03,2025-10-17,2025-10-20,Delayed
O00532,P102,1758,2025-08-24,2025-09-13,2025-09-12,In Progress
O00533,P102,749,2025-07-04,2025-07-16,2025-07-15,On Time
O00534,P103,896,2025-12-22,2026-01-10,2026-01-09,In Progress
O00535,P102,1448,2025-06-03,2025-06-13,2025-06-11,In Progress
O00536,P101,1158,2025-09-25,2025-10-14,2025-10-12,On Time
O00537,P101,370,2025-08-16,2025-08-22,2025-08-26,Delayed
O00538,P103,1786,2025-06-11,2025-06-27,2025-06-30,Delayed
O00539,P102,1224,2025-02-11,2025-03-01,2025-03-01,On Time
O00540,P102,1462,2025-10-11,2025-10-25,2025-10-24,On Time
O00541,P101,932,2025-09-24,2025-10-12,2025-10-14,Delayed
O00542,P103,1929,2025-11-08,2025-11-15,2025-11-15,In Progress
O00543,P104,1840,2025-11-16,2025-11-29,2025-11-30,Delayed
O00544,P103,790,2025-06-21,2025-07-08,2025-07-06,In Progress
O00545,P103,336,2025-10-29,2025-11-10,2025-11-08,In Progress
O00546,P104,1609,2025-03-26,2025-04-03,2025-04-01,In Progress
O00547,P101,1236,2025-06-23,2025-07-09,2025-07-07,On Time
O00548,P103,1169,2025-08-10,2025-08-29,2025-08-27,On Time
O00549,P103,1111,2025-08-26,2025-09-06,2025-09-05,On Time
O00550,P104,512,2025-08-09,2025-08-16,2025-08-22,Delayed
O00551,P101,1619,2025-09-03,2025-09-20,2025-09-20,In Progress
O00552,P104,217,2025-07-07,2025-07-12,2025-07-10,In Progress
O00553,P104,124,2025-03-25,2025-04-08,2025-04-09,Delayed
O00554,P104,1450,2025-08-28,2025-09-14,2025-09-12,In Progress
O00555,P103,1566,2025-01-18,2025-02-03,2025-02-03,On Time
O00556,P101,1627,2025-09-26,2025-10-15,2025-10-13,In Progress
O00557,P104,817,2025-06-17,2025-06-23,2025-06-21,On Time
O00558,P102,959,2025-09-20,2025-09-25,2025-09-25,In Progress
O00559,P103,148,2025-01-15,2025-01-26,2025-02-01,Delayed
O00560,P102,188,2025-01-14,2025-02-03,2025-02-01,On Time
O00561,P103,1880,2025-11-26,2025-12-09,2025-12-09,On Time
O00562,P103,1656,2025-09-23,2025-10-04,2025-10-02,In Progress
O00563,P102,1386,2025-09-14,2025-09-29,2025-09-29,In Progress
O00564,P102,613,2025-12-05,2025-12-22,2025-12-21,In Progress
O00565,P104,1245,2025-01-31,2025-02-07,2025-02-05,On Time
O00566,P103,826,2025-04-07,2025-04-13,2025-04-12,On Time
O00567,P104,386,2025-06-30,2025-07-08,2025-07-08,On Time
O00568,P103,839,2025-04-14,2025-04-19,2025-04-26,Delayed
O00569,P103,1368,2025-01-21,2025-02-02,2025-02-01,In Progress
O00570,P101,106,2025-10-19,2025-11-04,2025-11-02,In Progress
O00571,P101,140,2025-08-20,2025-09-08,2025-09-06,In Progress
O00572,P102,742,2025-06-11,2025-06-24,2025-06-22,On Time
O00573,P102,489,2025-01-28,2025-02-12,2025-02-10,On Time
O00574,P103,1710,2025-07-08,2025-07-16,2025-07-14,In Progress
O00575,P103,1238,2025-01-04,2025-01-09,2025-01-07,On Time
O00576,P104,1210,2025-06-29,2025-07-14,2025-07-12,In Progress
O00577,P101,161,2025-07-21,2025-08-07,2025-08-06,On Time
O00578,P104,404,2025-08-19,2025-08-30,2025-08-29,On Time
O00579,P104,434,2025-10-07,2025-10-26,2025-10-26,In Progress
O00580,P101,1947,2025-10-09,2025-10-23,2025-10-22,In Progress
O00581,P103,268,2025-06-20,2025-07-05,2025-07-04,On Time
O00582,P104,1535,2025-07-13,2025-07-21,2025-07-19,In Progress
O00583,P104,690,2025-05-30,2025-06-09,2025-06-09,On Time
O00584,P102,194,2025-02-20,2025-03-08,2025-03-08,In Progress
O00585,P104,1665,2025-02-25,2025-03-03,2025-03-04,Delayed
O00586,P102,183,2025-11-26,2025-12-07,2025-12-07,In Progress
O00587,P104,455,2025-02-12,2025-02-24,2025-02-24,In Progress
O00588,P101,1847,2025-10-15,2025-10-27,2025-10-30,Delayed
O00589,P101,1853,2025-01-29,2025-02-17,2025-02-17,In Progress
O00590,P102,628,2025-02-08,2025-02-19,2025-02-26,Delayed
O00591,P101,1494,2025-10-29,2025-11-06,2025-11-07,Delayed
O00592,P102,559,2025-03-07,2025-03-23,2025-03-23,In Progress
O00593,P102,475,2025-12-25,2026-01-07,2026-01-05,In Progress
O00594,P101,245,2025-01-10,2025-01-26,2025-01-24,On Time
O00595,P102,1631,2025-03-04,2025-03-10,2025-03-10,On Time
O00596,P103,623,2025-03-18,2025-04-06,2025-04-09,Delayed
O00597,P101,530,2025-10-01,2025-10-14,2025-10-14,In Progress
O00598,P101,781,2025-09-12,2025-09-28,2025-09-27,On Time
O00599,P103,747,2025-12-09,2025-12-24,2025-12-23,In Progress
O00600,P102,437,2025-07-25,2025-08-08,2025-08-08,In Progress
O00601,P102,1442,2025-02-16,2025-02-28,2025-02-28,On Time
O00602,P104,1862,2025-03-19,2025-04-02,2025-04-02,In Progress
O00603,P104,1176,2025-06-22,2025-07-04,2025-07-03,On Time
O00604,P101,1411,2025-01-26,2025-02-05,2025-02-05,On Time
O00605,P102,1315,2025-04-17,2025-04-26,2025-04-25,On Time
O00606,P102,1355,2025-01-11,2025-01-16,2025-01-20,Delayed
O00607,P101,1561,2025-07-18,2025-08-01,2025-07-30,In Progress
O00608,P101,724,2025-01-12,2025-01-20,2025-01-19,In Progress
O00609,P101,421,2025-02-16,2025-03-07,2025-03-11,Delayed
O00610,P102,1370,2025-01-13,2025-01-27,2025-01-26,On Time
O00611,P101,1144,2025-10-28,2025-11-16,2025-11-16,In Progress
O00612,P103,1659,2025-04-09,2025-04-22,2025-04-21,In Progress
O00613,P103,1335,2025-02-01,2025-02-13,2025-02-13,On Time
O00614,P102,232,2025-01-11,2025-01-27,2025-01-27,In Progress
O00615,P101,1731,2025-01-31,2025-02-13,2025-02-12,In Progress
O00616,P102,673,2025-06-05,2025-06-14,2025-06-14,On Time
O00617,P102,549,2025-01-30,2025-02-13,2025-02-20,Delayed
O00618,P102,129,2025-06-28,2025-07-07,2025-07-06,On Time
O00619,P102,852,2025-07-08,2025-07-18,2025-07-16,On Time
O00620,P103,1772,2025-05-31,2025-06-19,2025-06-17,In Progress
O00621,P101,435,2025-12-24,2026-01-08,2026-01-08,On Time
O00622,P101,239,2025-09-26,2025-10-07,2025-10-07,On Time
O00623,P104,1683,2025-04-10,2025-04-23,2025-04-23,In Progress
O00624,P103,370,2025-05-09,2025-05-17,2025-05-15,In Progress
O00625,P102,1457,2025-11-18,2025-12-06,2025-12-06,In Progress
O00626,P104,328,2025-11-28,2025-12-05,2025-12-05,On Time
O00627,P103,1770,2025-11-25,2025-12-02,2025-12-03,Delayed
O00628,P103,1335,2025-12-10,2025-12-15,2025-12-14,In Progress
O00629,P103,1120,2025-09-16,2025-10-04,2025-10-02,On Time
O00630,P104,480,2025-03-02,2025-03-16,2025-03-16,In Progress
O00631,P101,1455,2025-02-17,2025-03-07,2025-03-07,In Progress
O00632,P101,570,2025-03-04,2025-03-22,2025-03-22,On Time
O00633,P102,1279,2025-04-23,2025-05-13,2025-05-13,In Progress
O00634,P103,1431,2025-05-15,2025-05-26,2025-05-25,In Progress
O00635,P103,1665,2025-09-27,2025-10-12,2025-10-12,In Progress
O00636,P101,697,2025-09-12,2025-09-28,2025-09-28,In Progress
O00637,P104,1592,2025-11-24,2025-11-29,2025-11-27,In Progress
O00638,P101,508,2025-01-28,2025-02-05,2025-02-04,On Time
O00639,P102,1995,2025-09-07,2025-09-13,2025-09-12,In Progress
O00640,P102,1791,2025-07-22,2025-07-31,2025-08-04,Delayed
O00641,P102,821,2025-02-04,2025-02-19,2025-02-18,On Time
O00642,P104,559,2025-05-28,2025-06-09,2025-06-07,On Time
O00643,P104,1740,2025-05-12,2025-05-24,2025-05-24,In Progress
O00644,P103,1000,2025-07-10,2025-07-19,2025-07-17,In Progress
O00645,P102,266,2025-06-08,2025-06-20,2025-06-19,On Time
O00646,P103,1707,2025-11-10,2025-11-20,2025-11-20,On Time
O00647,P102,1138,2025-07-12,2025-08-01,2025-07-30,On Time
O00648,P101,943,2025-07-19,2025-08-05,2025-08-05,In Progress
O00649,P102,658,2025-11-20,2025-12-08,2025-12-08,In Progress
O00650,P104,1953,2025-11-08,2025-11-26,2025-11-24,In Progress
O00651,P104,890,2025-11-27,2025-12-05,2025-12-04,In Progress
O00652,P101,1641,2025-07-28,2025-08-17,2025-08-17,On Time
O00653,P101,501,2025-03-31,2025-04-05,2025-04-08,Delayed
O00654,P101,1591,2025-10-12,2025-10-19,2025-10-19,On Time
O00655,P103,793,2025-12-24,2026-01-04,2026-01-04,In Progress
O00656,P103,1416,2025-08-18,2025-08-23,2025-08-24,Delayed
O00657,P104,970,2025-04-05,2025-04-17,2025-04-15,In Progress
O00658,P104,1472,2025-12-24,2026-01-13,2026-01-19,Delayed
O00659,P104,790,2025-09-20,2025-10-06,2025-10-04,In Progress
O00660,P102,1867,2025-09-23,2025-10-03,2025-10-03,On Time
O00661,P102,438,2025-11-17,2025-12-04,2025-12-04,On Time
O00662,P104,1015,2025-04-09,2025-04-25,2025-04-24,In Progress
O00663,P102,1293,2025-11-14,2025-12-03,2025-12-07,Delayed
O00664,P102,602,2025-12-09,2025-12-29,2025-12-27,In Progress
O00665,P103,469,2025-11-21,2025-11-27,2025-11-27,In Progress
O00666,P103,1970,2025-09-27,2025-10-08,2025-10-06,On Time
O00667,P102,1070,2025-06-06,2025-06-11,2025-06-10,On Time
O00668,P102,896,2025-11-26,2025-12-16,2025-12-15,On Time
O00669,P101,204,2025-05-05,2025-05-11,2025-05-10,On Time
O00670,P102,1942,2025-09-20,2025-09-25,2025-09-25,On Time
O00671,P101,1612,2025-05-25,2025-05-31,2025-05-29,In Progress
O00672,P101,861,2025-08-05,2025-08-13,2025-08-17,Delayed
O00673,P102,1846,2025-10-04,2025-10-15,2025-10-15,On Time
O00674,P103,857,2025-09-10,2025-09-25,2025-09-24,In Progress
O00675,P102,1115,2025-06-30,2025-07-19,2025-07-19,On Time
O00676,P104,673,2025-04-04,2025-04-09,2025-04-09,On Time
O00677,P103,308,2025-04-17,2025-04-22,2025-04-20,In Progress
O00678,P103,592,2025-07-19,2025-08-08,2025-08-07,On Time
O00679,P103,648,2025-01-15,2025-01-27,2025-01-25,In Progress
O00680,P102,1349,2025-04-11,2025-04-29,2025-04-27,On Time
O00681,P102,1921,2025-03-29,2025-04-03,2025-04-02,In Progress
O00682,P102,980,2025-02-20,2025-03-10,2025-03-16,Delayed
O00683,P103,1246,2025-08-17,2025-08-30,2025-08-29,In Progress
O00684,P103,179,2025-01-04,2025-01-10,2025-01-09,On Time
O00685,P103,1526,2025-12-10,2025-12-29,2026-01-04,Delayed
O00686,P103,1293,2025-03-16,2025-03-29,2025-03-29,In Progress
O00687,P104,823,2025-06-14,2025-06-28,2025-06-28,On Time
O00688,P101,1988,2025-01-02,2025-01-20,2025-01-18,In Progress
O00689,P104,829,2025-05-06,2025-05-15,2025-05-18,Delayed
O00690,P102,347,2025-04-18,2025-04-26,2025-04-24,On Time
O00691,P103,789,2025-04-02,2025-04-14,2025-04-14,On Time
O00692,P101,706,2025-08-06,2025-08-24,2025-08-24,On Time
O00693,P102,698,2025-02-04,2025-02-17,2025-02-15,In Progress
O00694,P101,481,2025-08-03,2025-08-17,2025-08-16,In Progress
O00695,P103,990,2025-04-23,2025-05-01,2025-05-01,In Progress
O00696,P101,979,2025-05-03,2025-05-16,2025-05-19,Delayed
O00697,P102,1713,2025-06-30,2025-07-15,2025-07-15,On Time
O00698,P101,795,2025-12-12,2025-12-25,2025-12-25,On Time
O00699,P103,1314,2025-04-19,2025-05-02,2025-04-30,On Time
O00700,P103,317,2025-07-30,2025-08-18,2025-08-18,In Progress
O00701,P101,554,2025-06-05,2025-06-20,2025-06-19,On Time
O00702,P103,1684,2025-12-11,2025-12-18,2025-12-17,In Progress
O00703,P104,1843,2025-01-09,2025-01-27,2025-01-26,On Time
O00704,P102,505,2025-02-17,2025-02-27,2025-02-25,In Progress
O00705,P101,787,2025-09-07,2025-09-16,2025-09-16,In Progress
O00706,P102,302,2025-02-05,2025-02-20,2025-02-20,On Time
O00707,P103,1266,2025-10-13,2025-11-01,2025-10-31,In Progress
O00708,P104,1847,2025-09-17,2025-09-30,2025-09-30,On Time
O00709,P104,1953,2025-06-21,2025-07-08,2025-07-06,On Time
O00710,P103,414,2025-12-29,2026-01-15,2026-01-15,On Time
O00711,P102,1770,2025-06-25,2025-07-04,2025-07-03,In Progress
O00712,P104,1427,2025-06-18,2025-07-05,2025-07-04,On Time
O00713,P101,1830,2025-07-09,2025-07-22,2025-07-23,Delayed
O00714,P103,1324,2025-08-26,2025-09-12,2025-09-11,On Time
O00715,P101,1933,2025-08-27,2025-09-13,2025-09-13,In Progress
O00716,P102,1648,2025-01-14,2025-01-25,2025-01-23,On Time
O00717,P104,1896,2025-09-27,2025-10-15,2025-10-19,Delayed
O00718,P103,851,2025-06-08,2025-06-26,2025-06-26,On Time
O00719,P102,1321,2025-12-03,2025-12-23,2025-12-23,In Progress
O00720,P102,749,2025-02-14,2025-02-23,2025-02-23,In Progress
O00721,P101,654,2025-08-14,2025-08-31,2025-08-29,In Progress
O00722,P103,301,2025-10-22,2025-10-30,2025-10-28,In Progress
O00723,P104,262,2025-09-04,2025-09-17,2025-09-17,On Time
O00724,P104,1933,2025-02-01,2025-02-11,2025-02-13,Delayed
O00725,P103,1868,2025-09-22,2025-10-03,2025-10-06,Delayed
O00726,P104,307,2025-04-10,2025-04-23,2025-04-22,On Time
O00727,P102,1415,2025-10-13,2025-10-31,2025-10-30,On Time
O00728,P104,1710,2025-02-28,2025-03-13,2025-03-12,On Time
O00729,P104,1739,2025-02-04,2025-02-16,2025-02-15,In Progress
O00730,P104,980,2025-09-24,2025-10-07,2025-10-06,On Time
O00731,P102,1591,2025-05-23,2025-06-05,2025-06-05,On Time
O00732,P102,1256,2025-12-22,2025-12-28,2025-12-27,In Progress
O00733,P101,537,2025-09-25,2025-10-10,2025-10-10,On Time
O00734,P104,155,2025-08-21,2025-09-02,2025-09-01,In Progress
O00735,P101,1173,2025-09-27,2025-10-15,2025-10-13,In Progress
O00736,P101,501,2025-05-29,2025-06-04,2025-06-04,In Progress
O00737,P101,996,2025-04-02,2025-04-17,2025-04-17,In Progress
O00738,P104,1999,2025-11-02,2025-11-13,2025-11-12,On Time
O00739,P102,1852,2025-10-23,2025-10-28,2025-10-26,In Progress
O00740,P101,345,2025-09-24,2025-10-09,2025-10-08,On Time
O00741,P102,699,2025-09-16,2025-09-26,2025-09-26,In Progress
O00742,P102,204,2025-02-14,2025-02-23,2025-02-21,In Progress
O00743,P104,646,2025-06-15,2025-07-04,2025-07-04,In Progress
O00744,P103,704,2025-03-18,2025-03-24,2025-03-22,On Time
O00745,P101,1504,2025-10-10,2025-10-26,2025-10-26,In Progress
O00746,P101,1128,2025-01-25,2025-02-09,2025-02-13,Delayed
O00747,P103,1271,2025-01-08,2025-01-23,2025-01-30,Delayed
O00748,P102,1931,2025-06-20,2025-07-03,2025-07-07,Delayed
O00749,P102,1143,2025-08-17,2025-08-26,2025-09-02,Delayed
O00750,P102,1412,2025-04-04,2025-04-20,2025-04-19,In Progress
O00751,P103,1879,2025-11-24,2025-12-07,2025-12-06,On Time
O00752,P103,695,2025-06-01,2025-06-18,2025-06-18,On Time
O00753,P101,1576,2025-09-08,2025-09-13,2025-09-11,In Progress
O00754,P102,1866,2025-12-03,2025-12-21,2025-12-26,Delayed
O00755,P101,1887,2025-05-01,2025-05-09,2025-05-07,On Time
O00756,P104,1629,2025-01-07,2025-01-26,2025-01-26,In Progress
O00757,P101,914,2025-06-01,2025-06-15,2025-06-15,On Time
O00758,P103,1438,2025-10-17,2025-11-04,2025-11-02,In Progress
O00759,P104,1279,2025-12-10,2025-12-16,2025-12-14,In Progress
O00760,P104,1829,2025-06-15,2025-06-28,2025-06-28,On Time
O00761,P101,1912,2025-11-30,2025-12-05,2025-12-04,On Time
O00762,P101,1293,2025-06-19,2025-06-30,2025-06-29,On Time
O00763,P101,1356,2025-06-06,2025-06-26,2025-06-24,On Time
O00764,P101,358,2025-10-25,2025-10-30,2025-10-29,On Time
O00765,P101,1772,2025-04-01,2025-04-07,2025-04-07,On Time
O00766,P102,278,2025-03-10,2025-03-30,2025-03-28,On Time
O00767,P101,1833,2025-06-02,2025-06-13,2025-06-13,In Progress
O00768,P104,1338,2025-12-24,2026-01-13,2026-01-16,Delayed
O00769,P103,943,2025-06-22,2025-07-10,2025-07-10,On Time
O00770,P101,1214,2025-10-02,2025-10-16,2025-10-16,On Time
O00771,P104,872,2025-06-13,2025-06-24,2025-06-22,In Progress
O00772,P102,1637,2025-04-11,2025-04-26,2025-04-25,In Progress
O00773,P103,1609,2025-04-23,2025-05-04,2025-05-02,On Time
O00774,P103,1017,2025-08-31,2025-09-14,2025-09-17,Delayed
O00775,P102,1245,2025-08-23,2025-09-09,2025-09-09,On Time
O00776,P103,182,2025-07-08,2025-07-17,2025-07-15,On Time
O00777,P102,399,2025-05-11,2025-05-28,2025-05-29,Delayed
O00778,P102,1814,2025-06-23,2025-06-28,2025-06-26,In Progress
O00779,P103,1293,2025-02-28,2025-03-08,2025-03-11,Delayed
O00780,P104,259,2025-09-07,2025-09-16,2025-09-15,In Progress
O00781,P103,1581,2025-07-19,2025-08-07,2025-08-05,In Progress
O00782,P102,961,2025-03-31,2025-04-08,2025-04-08,On Time
O00783,P103,627,2025-11-26,2025-12-16,2025-12-15,In Progress
O00784,P102,470,2025-09-18,2025-09-24,2025-09-23,In Progress
O00785,P101,1478,2025-05-31,2025-06-15,2025-06-15,In Progress
O00786,P104,1472,2025-11-06,2025-11-19,2025-11-17,In Progress
O00787,P104,1528,2025-05-25,2025-06-08,2025-06-07,On Time
O00788,P104,501,2025-11-13,2025-11-28,2025-11-26,In Progress
O00789,P102,1726,2025-08-12,2025-08-29,2025-08-28,On Time
O00790,P104,1950,2025-02-17,2025-03-07,2025-03-06,In Progress
O00791,P103,584,2025-03-26,2025-04-08,2025-04-07,In Progress
O00792,P103,1185,2025-09-06,2025-09-20,2025-09-20,On Time
O00793,P103,1917,2025-06-10,2025-06-17,2025-06-17,On Time
O00794,P102,374,2025-11-06,2025-11-11,2025-11-11,In Progress
O00795,P101,1760,2025-11-08,2025-11-24,2025-11-24,In Progress
O00796,P101,335,2025-06-29,2025-07-19,2025-07-17,On Time
O00797,P103,196,2025-10-18,2025-11-07,2025-11-07,On Time
O00798,P104,579,2025-12-06,2025-12-24,2025-12-23,In Progress
O00799,P104,1677,2025-07-22,2025-07-28,2025-07-27,In Progress
O00800,P101,372,2025-08-10,2025-08-24,2025-08-30,Delayed
O00801,P102,356,2025-04-04,2025-04-20,2025-04-18,In Progress
O00802,P102,686,2025-10-12,2025-10-25,2025-10-31,Delayed
O00803,P104,334,2025-10-22,2025-11-05,2025-11-04,On Time
O00804,P101,139,2025-09-05,2025-09-23,2025-09-23,On Time
O00805,P101,638,2025-01-03,2025-01-15,2025-01-13,On Time
O00806,P103,348,2025-11-05,2025-11-15,2025-11-14,On Time
O00807,P104,527,2025-08-24,2025-09-13,2025-09-12,In Progress
O00808,P101,1086,2025-04-24,2025-05-05,2025-05-05,On Time
O00809,P101,1615,2025-03-16,2025-04-04,2025-04-10,Delayed
O00810,P102,1690,2025-06-20,2025-07-06,2025-07-06,On Time
O00811,P104,1121,2025-10-09,2025-10-29,2025-11-04,Delayed
O00812,P103,1328,2025-01-30,2025-02-09,2025-02-08,On Time
O00813,P101,1486,2025-03-14,2025-03-20,2025-03-18,On Time
O00814,P103,1028,2025-06-23,2025-07-03,2025-07-01,On Time
O00815,P104,1869,2025-07-01,2025-07-11,2025-07-11,On Time
O00816,P103,1602,2025-07-13,2025-07-29,2025-07-28,On Time
O00817,P103,293,2025-03-04,2025-03-13,2025-03-12,In Progress
O00818,P101,662,2025-08-04,2025-08-24,2025-08-23,On Time
O00819,P104,331,2025-03-17,2025-04-01,2025-04-01,In Progress
O00820,P101,473,2025-02-05,2025-02-13,2025-02-11,On Time
O00821,P101,836,2025-04-01,2025-04-16,2025-04-15,On Time
O00822,P101,1470,2025-05-20,2025-06-01,2025-06-01,In Progress
O00823,P102,1858,2025-01-12,2025-01-25,2025-01-23,In Progress
O00824,P101,1626,2025-09-18,2025-09-24,2025-09-22,In Progress
O00825,P104,210,2025-10-28,2025-11-13,2025-11-13,On Time
O00826,P104,1690,2025-07-21,2025-08-08,2025-08-07,In Progress
O00827,P102,547,2025-04-29,2025-05-17,2025-05-15,On Time
O00828,P102,474,2025-03-26,2025-04-01,2025-03-31,On Time
O00829,P103,1677,2025-10-02,2025-10-08,2025-10-13,Delayed
O00830,P103,1072,2025-08-08,2025-08-19,2025-08-18,On Time
O00831,P103,667,2025-01-10,2025-01-28,2025-01-28,In Progress
O00832,P104,845,2025-05-23,2025-06-10,2025-06-08,On Time
O00833,P102,350,2025-05-08,2025-05-24,2025-05-24,On Time
O00834,P102,1268,2025-03-24,2025-04-13,2025-04-13,On Time
O00835,P102,1093,2025-11-27,2025-12-09,2025-12-08,On Time
O00836,P102,251,2025-11-02,2025-11-14,2025-11-13,On Time
O00837,P102,1934,2025-03-22,2025-04-11,2025-04-11,In Progress
O00838,P104,1712,2025-11-27,2025-12-02,2025-12-02,In Progress
O00839,P102,142,2025-09-11,2025-09-19,2025-09-19,On Time
O00840,P103,787,2025-05-07,2025-05-18,2025-05-16,In Progress
O00841,P102,602,2025-02-09,2025-02-18,2025-02-17,In Progress
O00842,P102,928,2025-02-12,2025-02-28,2025-02-28,On Time
O00843,P104,1406,2025-05-12,2025-05-25,2025-05-24,On Time
O00844,P104,1158,2025-12-11,2025-12-24,2025-12-24,In Progress
O00845,P104,1962,2025-09-23,2025-10-05,2025-10-08,Delayed
O00846,P104,1999,2025-07-02,2025-07-12,2025-07-11,In Progress
O00847,P102,1777,2025-07-14,2025-07-28,2025-07-28,In Progress
O00848,P104,1440,2025-10-13,2025-10-20,2025-10-24,Delayed
O00849,P102,298,2025-01-05,2025-01-10,2025-01-08,On Time
O00850,P102,1211,2025-07-22,2025-08-07,2025-08-06,On Time
O00851,P102,936,2025-03-01,2025-03-09,2025-03-14,Delayed
O00852,P103,261,2025-03-11,2025-03-24,2025-03-24,On Time
O00853,P103,620,2025-08-27,2025-09-10,2025-09-08,In Progress
O00854,P103,1157,2025-03-01,2025-03-06,2025-03-04,In Progress
O00855,P104,1274,2025-09-07,2025-09-25,2025-09-23,In Progress
O00856,P104,851,2025-01-11,2025-01-30,2025-01-28,On Time
O00857,P103,1332,2025-12-25,2026-01-04,2026-01-03,On Time
O00858,P102,173,2025-02-12,2025-03-03,2025-03-01,In Progress
O00859,P104,1469,2025-08-17,2025-08-26,2025-08-26,On Time
O00860,P104,175,2025-08-09,2025-08-23,2025-08-25,Delayed
O00861,P102,1833,2025-02-27,2025-03-15,2025-03-15,In Progress
O00862,P104,828,2025-04-11,2025-04-19,2025-04-19,On Time
O00863,P104,154,2025-02-28,2025-03-17,2025-03-20,Delayed
O00864,P103,1145,2025-12-16,2025-12-21,2025-12-21,On Time
O00865,P104,1246,2025-01-22,2025-02-05,2025-02-05,On Time
O00866,P101,1218,2025-10-19,2025-10-28,2025-10-30,Delayed
O00867,P102,818,2025-03-16,2025-03-21,2025-03-24,Delayed
O00868,P104,1322,2025-06-03,2025-06-13,2025-06-11,On Time
O00869,P104,695,2025-03-23,2025-04-04,2025-04-04,On Time
O00870,P102,307,2025-12-06,2025-12-15,2025-12-15,In Progress
O00871,P104,852,2025-08-13,2025-08-25,2025-08-24,On Time
O00872,P102,1357,2025-09-24,2025-10-07,2025-10-07,In Progress
O00873,P101,549,2025-11-24,2025-12-09,2025-12-07,On Time
O00874,P102,853,2025-04-15,2025-05-04,2025-05-06,Delayed
O00875,P104,1596,2025-11-01,2025-11-16,2025-11-14,In Progress
O00876,P103,1572,2025-12-01,2025-12-17,2025-12-17,On Time
O00877,P103,1762,2025-12-23,2025-12-31,2025-12-30,In Progress
O00878,P102,501,2025-07-15,2025-07-31,2025-07-29,On Time
O00879,P104,590,2025-07-13,2025-07-28,2025-07-29,Delayed
O00880,P103,121,2025-05-20,2025-06-06,2025-06-11,Delayed
O00881,P103,1792,2025-11-19,2025-12-03,2025-12-01,On Time
O00882,P102,1657,2025-03-10,2025-03-20,2025-03-19,In Progress
O00883,P101,1497,2025-01-26,2025-02-03,2025-02-06,Delayed
O00884,P103,662,2025-06-06,2025-06-26,2025-06-26,In Progress
O00885,P102,373,2025-08-25,2025-09-07,2025-09-07,In Progress
O00886,P102,1133,2025-03-16,2025-04-03,2025-04-03,On Time
O00887,P104,1752,2025-04-12,2025-04-28,2025-04-28,On Time
O00888,P103,1411,2025-08-13,2025-08-18,2025-08-18,On Time
O00889,P102,684,2025-05-12,2025-05-18,2025-05-19,Delayed
O00890,P101,289,2025-11-14,2025-11-22,2025-11-20,On Time
O00891,P103,262,2025-02-17,2025-03-08,2025-03-14,Delayed
O00892,P101,1682,2025-06-13,2025-06-27,2025-06-29,Delayed
O00893,P103,735,2025-10-06,2025-10-12,2025-10-12,On Time
O00894,P104,1571,2025-04-10,2025-04-21,2025-04-21,On Time
O00895,P102,1043,2025-08-11,2025-08-22,2025-08-22,On Time
O00896,P102,118,2025-05-18,2025-06-02,2025-05-31,On Time
O00897,P101,1795,2025-05-05,2025-05-23,2025-05-24,Delayed
O00898,P103,1620,2025-01-21,2025-02-07,2025-02-06,In Progress
O00899,P104,262,2025-02-18,2025-03-01,2025-02-28,On Time
O00900,P101,1030,2025-09-03,2025-09-20,2025-09-18,In Progress
O00901,P102,1738,2025-05-30,2025-06-05,2025-06-04,On Time
O00902,P103,1694,2025-01-19,2025-02-05,2025-02-11,Delayed
O00903,P103,1151,2025-05-20,2025-06-07,2025-06-07,On Time
O00904,P101,518,2025-02-05,2025-02-19,2025-02-18,On Time
O00905,P102,1736,2025-01-13,2025-02-01,2025-02-01,In Progress
O00906,P101,1489,2025-06-18,2025-07-06,2025-07-05,On Time
O00907,P102,1659,2025-02-26,2025-03-12,2025-03-11,In Progress
O00908,P104,1501,2025-04-27,2025-05-09,2025-05-08,On Time
O00909,P101,1521,2025-02-06,2025-02-20,2025-02-18,On Time
O00910,P102,411,2025-07-07,2025-07-16,2025-07-16,On Time
O00911,P103,1844,2025-05-20,2025-06-01,2025-06-08,Delayed
O00912,P101,1873,2025-05-03,2025-05-19,2025-05-24,Delayed
O00913,P103,120,2025-08-19,2025-08-29,2025-08-29,On Time
O00914,P104,764,2025-08-17,2025-08-27,2025-08-25,On Time
O00915,P102,1464,2025-05-28,2025-06-10,2025-06-10,On Time
O00916,P101,530,2025-11-29,2025-12-06,2025-12-05,In Progress
O00917,P103,1876,2025-03-13,2025-03-21,2025-03-20,In Progress
O00918,P104,772,2025-01-27,2025-02-09,2025-02-09,On Time
O00919,P104,722,2025-11-03,2025-11-16,2025-11-15,In Progress
O00920,P102,1159,2025-12-26,2026-01-15,2026-01-15,In Progress
O00921,P101,1405,2025-07-30,2025-08-11,2025-08-11,On Time
O00922,P102,464,2025-04-02,2025-04-10,2025-04-09,In Progress
O00923,P104,1692,2025-08-17,2025-09-04,2025-09-02,In Progress
O00924,P104,1420,2025-07-26,2025-08-01,2025-08-01,On Time
O00925,P104,619,2025-10-17,2025-11-06,2025-11-04,On Time
O00926,P104,1538,2025-04-13,2025-04-29,2025-04-27,In Progress
O00927,P102,778,2025-03-16,2025-03-23,2025-03-28,Delayed
O00928,P103,336,2025-07-18,2025-08-02,2025-08-01,On Time
O00929,P104,965,2025-09-30,2025-10-09,2025-10-07,On Time
O00930,P103,780,2025-02-12,2025-02-28,2025-02-28,In Progress
O00931,P104,1668,2025-12-06,2025-12-13,2025-12-11,On Time
O00932,P104,152,2025-03-19,2025-03-30,2025-04-05,Delayed
O00933,P103,484,2025-03-04,2025-03-19,2025-03-18,On Time
O00934,P104,215,2025-01-23,2025-02-02,2025-01-31,On Time
O00935,P101,1872,2025-06-23,2025-07-03,2025-07-05,Delayed
O00936,P103,1181,2025-08-19,2025-09-02,2025-09-01,On Time
O00937,P101,1492,2025-05-27,2025-06-14,2025-06-12,In Progress
O00938,P101,1648,2025-09-01,2025-09-08,2025-09-08,In Progress
O00939,P101,299,2025-05-11,2025-05-29,2025-05-29,On Time
O00940,P104,1368,2025-03-17,2025-03-30,2025-03-29,In Progress
O00941,P101,959,2025-04-10,2025-04-26,2025-04-26,On Time
O00942,P104,1638,2025-01-02,2025-01-22,2025-01-20,In Progress
O00943,P101,1562,2025-04-27,2025-05-05,2025-05-05,In Progress
O00944,P103,1138,2025-05-05,2025-05-15,2025-05-13,On Time
O00945,P103,1752,2025-09-25,2025-09-30,2025-09-30,In Progress
O00946,P104,1606,2025-03-14,2025-04-01,2025-03-31,On Time
O00947,P103,871,2025-10-31,2025-11-13,2025-11-12,In Progress
O00948,P102,945,2025-06-17,2025-07-06,2025-07-06,In Progress
O00949,P103,779,2025-09-28,2025-10-11,2025-10-18,Delayed
O00950,P102,216,2025-07-29,2025-08-07,2025-08-09,Delayed
O00951,P103,1065,2025-01-07,2025-01-27,2025-01-26,On Time
O00952,P101,567,2025-01-25,2025-01-30,2025-01-30,In Progress
O00953,P101,1602,2025-03-19,2025-03-25,2025-03-24,On Time
O00954,P101,244,2025-07-27,2025-08-07,2025-08-06,On Time
O00955,P103,726,2025-09-16,2025-10-04,2025-10-02,On Time
O00956,P103,343,2025-02-12,2025-02-24,2025-02-26,Delayed
O00957,P101,597,2025-05-06,2025-05-25,2025-05-31,Delayed
O00958,P103,1620,2025-10-10,2025-10-22,2025-10-26,Delayed
O00959,P102,1900,2025-09-02,2025-09-08,2025-09-08,On Time
O00960,P104,648,2025-09-12,2025-10-02,2025-10-07,Delayed
O00961,P101,1195,2025-05-22,2025-05-31,2025-05-31,In Progress
O00962,P102,1506,2025-02-14,2025-02-28,2025-02-27,On Time
O00963,P101,1217,2025-05-18,2025-05-23,2025-05-30,Delayed
O00964,P101,1486,2025-12-04,2025-12-24,2025-12-22,On Time
O00965,P101,617,2025-11-23,2025-12-11,2025-12-10,On Time
O00966,P104,246,2025-10-19,2025-11-04,2025-11-03,In Progress
O00967,P102,293,2025-11-08,2025-11-26,2025-11-28,Delayed
O00968,P102,125,2025-03-07,2025-03-14,2025-03-20,Delayed
O00969,P102,1724,2025-03-29,2025-04-12,2025-04-11,On Time
O00970,P102,1717,2025-11-24,2025-12-03,2025-12-02,In Progress
O00971,P102,1257,2025-10-30,2025-11-13,2025-11-13,In Progress
O00972,P104,108,2025-11-15,2025-11-27,2025-11-27,In Progress
O00973,P101,1876,2025-05-14,2025-06-01,2025-05-31,In Progress
O00974,P102,1504,2025-06-29,2025-07-10,2025-07-08,In Progress
O00975,P104,181,2025-08-09,2025-08-27,2025-09-02,Delayed
O00976,P102,278,2025-08-31,2025-09-19,2025-09-18,On Time
O00977,P101,746,2025-08-20,2025-08-30,2025-08-29,On Time
O00978,P101,153,2025-12-31,2026-01-18,2026-01-18,On Time
O00979,P102,1187,2025-12-14,2026-01-03,2026-01-02,In Progress
O00980,P104,920,2025-12-08,2025-12-23,2025-12-21,In Progress
O00981,P104,480,2025-12-23,2026-01-03,2026-01-01,In Progress
O00982,P102,1778,2025-02-24,2025-03-15,2025-03-14,In Progress
O00983,P101,673,2025-08-28,2025-09-04,2025-09-04,In Progress
O00984,P103,669,2025-08-25,2025-08-31,2025-09-02,Delayed
O00985,P104,876,2025-03-20,2025-04-05,2025-04-03,In Progress
O00986,P101,1390,2025-07-04,2025-07-11,2025-07-18,Delayed
O00987,P103,1155,2025-08-22,2025-08-31,2025-08-29,In Progress
O00988,P104,987,2025-09-05,2025-09-22,2025-09-24,Delayed
O00989,P103,1909,2025-04-25,2025-05-02,2025-04-30,On Time
O00990,P101,1076,2025-01-17,2025-01-27,2025-01-26,In Progress
O00991,P102,579,2025-08-11,2025-08-16,2025-08-15,On Time
O00992,P104,598,2025-05-26,2025-06-08,2025-06-06,On Time
O00993,P104,265,2025-05-12,2025-06-01,2025-05-30,In Progress
O00994,P102,1629,2025-06-02,2025-06-19,2025-06-21,Delayed
O00995,P103,1966,2025-06-27,2025-07-12,2025-07-10,On Time
O00996,P102,1753,2025-02-04,2025-02-16,2025-02-14,In Progress
O00997,P102,298,2025-07-11,2025-07-28,2025-07-31,Delayed
O00998,P102,1432,2025-08-30,2025-09-10,2025-09-10,In Progress
O00999,P104,1417,2025-01-12,2025-01-30,2025-02-02,Delayed
O01000,P101,1855,2025-05-22,2025-06-07,2025-06-06,In Progress
O01001,P102,1611,2025-10-29,2025-11-04,2025-11-04,On Time
O01002,P101,670,2025-09-16,2025-09-24,2025-09-22,In Progress
O01003,P104,246,2025-07-12,2025-07-25,2025-07-23,In Progress
O01004,P102,1993,2025-09-01,2025-09-16,2025-09-14,On Time
O01005,P101,724,2025-08-27,2025-09-04,2025-09-04,In Progress
O01006,P104,1301,2025-11-21,2025-11-29,2025-11-28,In Progress
O01007,P104,1861,2025-05-16,2025-06-04,2025-06-06,Delayed
O01008,P104,247,2025-07-20,2025-07-27,2025-07-26,In Progress
O01009,P103,1414,2025-09-10,2025-09-15,2025-09-14,In Progress
O01010,P101,1016,2025-05-11,2025-05-28,2025-05-29,Delayed
O01011,P102,623,2025-05-17,2025-06-05,2025-06-03,On Time
O01012,P104,1826,2025-06-29,2025-07-11,2025-07-10,On Time
O01013,P102,201,2025-05-09,2025-05-15,2025-05-15,On Time
O01014,P102,1731,2025-10-24,2025-11-09,2025-11-08,On Time
O01015,P104,244,2025-03-31,2025-04-17,2025-04-15,On Time
O01016,P102,437,2025-10-20,2025-10-31,2025-10-30,In Progress
O01017,P101,1745,2025-02-07,2025-02-27,2025-02-25,In Progress
O01018,P101,171,2025-03-16,2025-04-03,2025-04-03,In Progress
O01019,P104,1386,2025-03-18,2025-03-23,2025-03-21,In Progress
O01020,P102,619,2025-02-02,2025-02-21,2025-02-19,In Progress
O01021,P104,1674,2025-02-19,2025-03-04,2025-03-03,In Progress
O01022,P101,160,2025-01-02,2025-01-19,2025-01-19,On Time
O01023,P101,1687,2025-05-05,2025-05-16,2025-05-19,Delayed
O01024,P101,1556,2025-04-02,2025-04-18,2025-04-18,On Time
O01025,P101,352,2025-10-27,2025-11-07,2025-11-05,On Time
O01026,P103,937,2025-06-06,2025-06-11,2025-06-10,On Time
O01027,P103,770,2025-10-30,2025-11-15,2025-11-19,Delayed
O01028,P102,1329,2025-11-05,2025-11-21,2025-11-20,In Progress
O01029,P101,886,2025-10-23,2025-11-05,2025-11-10,Delayed
O01030,P102,799,2025-02-23,2025-03-11,2025-03-11,On Time
O01031,P104,647,2025-12-19,2025-12-25,2025-12-23,On Time
O01032,P101,1925,2025-05-02,2025-05-11,2025-05-09,In Progress
O01033,P102,955,2025-09-23,2025-10-13,2025-10-17,Delayed
O01034,P103,1820,2025-02-05,2025-02-13,2025-02-13,On Time
O01035,P101,340,2025-01-10,2025-01-30,2025-01-28,On Time
O01036,P101,1101,2025-07-15,2025-07-31,2025-08-04,Delayed
O01037,P104,1048,2025-08-23,2025-09-10,2025-09-08,On Time
O01038,P101,168,2025-01-15,2025-01-29,2025-01-28,On Time
O01039,P104,510,2025-03-09,2025-03-26,2025-03-25,On Time
O01040,P101,301,2025-09-03,2025-09-20,2025-09-26,Delayed
O01041,P103,1811,2025-08-14,2025-08-23,2025-08-22,On Time
O01042,P103,1826,2025-08-11,2025-08-24,2025-08-27,Delayed
O01043,P102,812,2025-11-12,2025-11-30,2025-11-29,On Time
O01044,P101,1825,2025-12-09,2025-12-16,2025-12-16,On Time
O01045,P103,783,2025-09-21,2025-10-10,2025-10-08,In Progress
O01046,P101,1598,2025-05-16,2025-06-02,2025-06-03,Delayed
O01047,P101,403,2025-11-19,2025-11-30,2025-11-30,On Time
O01048,P104,1130,2025-07-23,2025-08-10,2025-08-10,In Progress
O01049,P103,194,2025-05-07,2025-05-12,2025-05-11,In Progress
O01050,P101,1463,2025-12-20,2026-01-02,2026-01-01,In Progress
O01051,P103,1390,2025-05-11,2025-05-29,2025-05-29,In Progress
O01052,P104,1384,2025-07-24,2025-08-11,2025-08-09,In Progress
O01053,P103,1611,2025-01-24,2025-02-02,2025-02-01,On Time
O01054,P102,593,2025-05-08,2025-05-16,2025-05-15,On Time
O01055,P103,1078,2025-03-26,2025-04-08,2025-04-06,On Time
O01056,P101,1263,2025-11-10,2025-11-27,2025-11-26,On Time
O01057,P101,888,2025-09-29,2025-10-14,2025-10-19,Delayed
O01058,P102,1399,2025-02-27,2025-03-08,2025-03-06,On Time
O01059,P101,1987,2025-07-01,2025-07-20,2025-07-20,In Progress
O01060,P102,481,2025-12-17,2025-12-25,2025-12-24,In Progress
O01061,P104,445,2025-10-07,2025-10-21,2025-10-21,In Progress
O01062,P104,1777,2025-01-09,2025-01-29,2025-02-02,Delayed
O01063,P101,232,2025-11-02,2025-11-21,2025-11-21,In Progress
O01064,P102,332,2025-03-07,2025-03-12,2025-03-10,In Progress
O01065,P102,1989,2025-08-14,2025-08-25,2025-08-24,In Progress
O01066,P102,1340,2025-12-16,2025-12-29,2025-12-27,In Progress
O01067,P104,1282,2025-12-06,2025-12-16,2025-12-15,In Progress
O01068,P101,1793,2025-04-19,2025-05-03,2025-05-03,In Progress
O01069,P102,876,2025-03-15,2025-04-01,2025-04-05,Delayed
O01070,P103,915,2025-06-22,2025-07-10,2025-07-09,In Progress
O01071,P103,1621,2025-08-15,2025-09-01,2025-08-30,In Progress
O01072,P102,1645,2025-05-17,2025-05-23,2025-05-21,On Time
O01073,P101,717,2025-11-09,2025-11-28,2025-12-05,Delayed
O01074,P104,1494,2025-09-24,2025-10-05,2025-10-04,On Time
O01075,P103,1624,2025-10-26,2025-11-09,2025-11-08,In Progress
O01076,P103,1277,2025-05-03,2025-05-17,2025-05-17,On Time
O01077,P104,1777,2025-08-01,2025-08-14,2025-08-12,On Time
O01078,P104,1635,2025-12-31,2026-01-11,2026-01-09,In Progress
O01079,P103,143,2025-04-13,2025-04-26,2025-04-25,On Time
O01080,P102,771,2025-10-17,2025-10-23,2025-10-21,In Progress
O01081,P103,1497,2025-10-19,2025-10-25,2025-10-23,On Time
O01082,P104,987,2025-09-20,2025-10-05,2025-10-12,Delayed
O01083,P102,1883,2025-06-28,2025-07-18,2025-07-18,In Progress
O01084,P101,867,2025-11-28,2025-12-10,2025-12-09,In Progress
O01085,P104,245,2025-11-03,2025-11-15,2025-11-13,On Time
O01086,P104,1164,2025-02-13,2025-02-21,2025-02-19,In Progress
O01087,P102,1830,2025-05-22,2025-05-31,2025-05-30,On Time
O01088,P101,161,2025-10-02,2025-10-14,2025-10-21,Delayed
O01089,P104,1992,2025-07-04,2025-07-16,2025-07-15,On Time
O01090,P103,1596,2025-03-27,2025-04-06,2025-04-04,On Time
O01091,P102,554,2025-08-12,2025-08-22,2025-08-21,In Progress
O01092,P102,831,2025-03-08,2025-03-27,2025-03-25,In Progress
O01093,P104,1038,2025-05-11,2025-05-20,2025-05-20,In Progress
O01094,P104,192,2025-04-16,2025-04-21,2025-04-21,In Progress
O01095,P102,1892,2025-02-22,2025-03-12,2025-03-10,In Progress
O01096,P103,1415,2025-06-26,2025-07-03,2025-07-01,On Time
O01097,P101,275,2025-06-10,2025-06-17,2025-06-15,In Progress
O01098,P104,542,2025-05-09,2025-05-22,2025-05-20,On Time
O01099,P101,1434,2025-09-22,2025-09-30,2025-10-01,Delayed
O01100,P104,817,2025-05-05,2025-05-13,2025-05-13,In Progress
O01101,P104,1759,2025-09-27,2025-10-09,2025-10-16,Delayed
O01102,P104,1308,2025-01-09,2025-01-22,2025-01-20,In Progress
O01103,P104,783,2025-08-04,2025-08-15,2025-08-13,In Progress
O01104,P103,493,2025-08-25,2025-09-03,2025-09-04,Delayed
O01105,P101,174,2025-09-24,2025-10-09,2025-10-09,In Progress
O01106,P103,1762,2025-08-07,2025-08-27,2025-08-27,On Time
O01107,P101,1743,2025-04-14,2025-04-27,2025-04-25,On Time
O01108,P102,1906,2025-05-06,2025-05-13,2025-05-17,Delayed
O01109,P101,1134,2025-09-20,2025-09-27,2025-10-02,Delayed
O01110,P104,1166,2025-12-29,2026-01-04,2026-01-03,In Progress
O01111,P101,1803,2025-08-26,2025-09-15,2025-09-13,On Time
O01112,P103,1312,2025-06-28,2025-07-09,2025-07-09,In Progress
O01113,P104,1212,2025-10-10,2025-10-25,2025-10-23,On Time
O01114,P101,940,2025-06-28,2025-07-04,2025-07-03,In Progress
O01115,P104,114,2025-07-15,2025-07-31,2025-07-31,In Progress
O01116,P101,733,2025-10-18,2025-10-29,2025-11-02,Delayed
O01117,P101,649,2025-01-16,2025-02-03,2025-02-03,On Time
O01118,P103,569,2025-10-09,2025-10-22,2025-10-23,Delayed
O01119,P102,441,2025-09-24,2025-10-05,2025-10-04,In Progress
O01120,P103,1113,2025-03-29,2025-04-13,2025-04-19,Delayed
O01121,P103,939,2025-08-08,2025-08-23,2025-08-22,In Progress
O01122,P101,581,2025-10-07,2025-10-14,2025-10-13,In Progress
O01123,P104,1022,2025-09-20,2025-09-26,2025-09-25,In Progress
O01124,P103,689,2025-02-16,2025-03-07,2025-03-13,Delayed
O01125,P103,817,2025-03-19,2025-04-08,2025-04-07,In Progress
O01126,P102,619,2025-03-13,2025-03-23,2025-03-22,In Progress
O01127,P102,1493,2025-08-06,2025-08-21,2025-08-26,Delayed
O01128,P104,1995,2025-08-09,2025-08-18,2025-08-25,Delayed
O01129,P102,754,2025-07-21,2025-08-08,2025-08-07,On Time
O01130,P104,1131,2025-01-02,2025-01-17,2025-01-17,In Progress
O01131,P104,1221,2025-07-29,2025-08-16,2025-08-15,On Time
O01132,P102,830,2025-04-14,2025-04-23,2025-04-21,On Time
O01133,P104,292,2025-03-24,2025-04-13,2025-04-13,In Progress
O01134,P101,1861,2025-10-19,2025-10-26,2025-10-24,On Time
O01135,P101,1336,2025-07-25,2025-07-30,2025-07-29,On Time
O01136,P104,233,2025-11-18,2025-11-28,2025-11-26,On Time
O01137,P101,854,2025-04-17,2025-05-01,2025-05-01,In Progress
O01138,P103,1233,2025-02-13,2025-02-22,2025-02-20,In Progress
O01139,P102,305,2025-05-23,2025-05-30,2025-05-29,In Progress
O01140,P103,500,2025-07-24,2025-08-05,2025-08-05,On Time
O01141,P103,1986,2025-12-12,2025-12-28,2025-12-28,In Progress
O01142,P101,1064,2025-11-02,2025-11-19,2025-11-19,In Progress
O01143,P102,446,2025-09-06,2025-09-18,2025-09-16,On Time
O01144,P104,1899,2025-11-29,2025-12-17,2025-12-17,On Time
O01145,P102,1980,2025-02-18,2025-03-02,2025-03-01,In Progress
O01146,P102,1865,2025-08-19,2025-08-31,2025-08-31,In Progress
O01147,P103,624,2025-07-02,2025-07-14,2025-07-13,On Time
O01148,P101,1102,2025-10-13,2025-10-19,2025-10-21,Delayed
O01149,P103,302,2025-04-05,2025-04-21,2025-04-20,On Time
O01150,P104,1582,2025-09-12,2025-09-20,2025-09-20,On Time
O01151,P104,750,2025-07-07,2025-07-21,2025-07-26,Delayed
O01152,P104,399,2025-06-10,2025-06-28,2025-06-26,In Progress
O01153,P101,649,2025-07-29,2025-08-15,2025-08-15,On Time
O01154,P103,401,2025-05-17,2025-05-29,2025-05-28,In Progress
O01155,P101,1133,2025-10-17,2025-11-04,2025-11-02,In Progress
O01156,P103,1513,2025-12-24,2026-01-04,2026-01-04,On Time
O01157,P103,484,2025-03-22,2025-03-29,2025-04-04,Delayed
O01158,P104,1015,2025-03-23,2025-04-03,2025-04-03,In Progress
O01159,P104,1901,2025-10-04,2025-10-24,2025-10-24,In Progress
O01160,P101,599,2025-04-29,2025-05-15,2025-05-14,On Time
O01161,P103,563,2025-01-14,2025-01-25,2025-01-24,In Progress
O01162,P101,928,2025-05-15,2025-05-20,2025-05-20,In Progress
O01163,P102,1476,2025-02-21,2025-03-04,2025-03-03,In Progress
O01164,P102,893,2025-05-05,2025-05-11,2025-05-09,In Progress
O01165,P104,873,2025-01-22,2025-01-31,2025-01-29,In Progress
O01166,P101,501,2025-11-24,2025-12-12,2025-12-11,On Time
O01167,P102,1367,2025-05-30,2025-06-10,2025-06-10,In Progress
O01168,P101,646,2025-05-07,2025-05-22,2025-05-21,In Progress
O01169,P101,988,2025-07-17,2025-08-05,2025-08-05,On Time
O01170,P101,536,2025-03-17,2025-03-27,2025-03-25,On Time
O01171,P102,1838,2025-08-12,2025-08-23,2025-08-24,Delayed
O01172,P102,1333,2025-09-18,2025-09-24,2025-09-23,On Time
O01173,P104,498,2025-11-22,2025-12-10,2025-12-12,Delayed
O01174,P101,960,2025-10-20,2025-10-28,2025-10-28,In Progress
O01175,P104,1067,2025-06-30,2025-07-16,2025-07-14,On Time
O01176,P102,1476,2025-06-14,2025-07-04,2025-07-02,In Progress
O01177,P102,1358,2025-06-03,2025-06-20,2025-06-18,On Time
O01178,P101,1929,2025-10-10,2025-10-25,2025-10-25,On Time
O01179,P103,1305,2025-08-21,2025-09-05,2025-09-05,In Progress
O01180,P102,1928,2025-10-11,2025-10-22,2025-10-22,On Time
O01181,P103,1359,2025-05-14,2025-06-02,2025-05-31,In Progress
O01182,P103,1605,2025-03-12,2025-03-20,2025-03-23,Delayed
O01183,P103,1898,2025-09-21,2025-10-07,2025-10-05,In Progress
O01184,P101,418,2025-05-31,2025-06-08,2025-06-06,On Time
O01185,P101,1039,2025-02-19,2025-02-26,2025-02-25,On Time
O01186,P102,235,2025-10-18,2025-10-31,2025-10-29,On Time
O01187,P101,1901,2025-01-03,2025-01-09,2025-01-08,On Time
O01188,P103,1786,2025-12-17,2026-01-06,2026-01-05,On Time
O01189,P102,182,2025-10-21,2025-11-09,2025-11-16,Delayed
O01190,P104,458,2025-02-06,2025-02-20,2025-02-18,On Time
O01191,P101,178,2025-04-12,2025-04-22,2025-04-21,In Progress
O01192,P101,1549,2025-05-08,2025-05-28,2025-05-26,In Progress
O01193,P104,1499,2025-08-12,2025-08-24,2025-08-25,Delayed
O01194,P103,313,2025-02-02,2025-02-14,2025-02-13,In Progress
O01195,P102,565,2025-01-12,2025-01-30,2025-01-30,On Time
O01196,P103,1168,2025-04-27,2025-05-11,2025-05-11,On Time
O01197,P103,734,2025-08-15,2025-09-01,2025-09-03,Delayed
O01198,P101,1135,2025-07-19,2025-07-28,2025-07-28,In Progress
O01199,P103,1095,2025-12-18,2026-01-01,2026-01-04,Delayed
O01200,P104,1212,2025-09-04,2025-09-16,2025-09-16,On Time
O01201,P103,1220,2025-02-23,2025-03-08,2025-03-06,In Progress
O01202,P103,627,2025-09-10,2025-09-18,2025-09-17,In Progress
O01203,P102,1616,2025-07-31,2025-08-08,2025-08-09,Delayed
O01204,P101,435,2025-09-05,2025-09-16,2025-09-16,In Progress
O01205,P101,244,2025-06-18,2025-07-06,2025-07-04,On Time
O01206,P102,1779,2025-04-27,2025-05-10,2025-05-16,Delayed
O01207,P102,756,2025-07-16,2025-07-29,2025-07-28,In Progress
O01208,P101,790,2025-05-06,2025-05-11,2025-05-16,Delayed
O01209,P101,798,2025-08-19,2025-09-08,2025-09-06,In Progress
O01210,P104,1256,2025-08-18,2025-08-26,2025-08-24,In Progress
O01211,P101,1733,2025-08-16,2025-08-23,2025-08-21,On Time
O01212,P102,702,2025-01-30,2025-02-13,2025-02-12,In Progress
O01213,P104,1896,2025-03-07,2025-03-27,2025-03-27,In Progress
O01214,P103,1562,2025-08-03,2025-08-20,2025-08-20,In Progress
O01215,P104,743,2025-06-03,2025-06-09,2025-06-07,In Progress
O01216,P102,509,2025-01-02,2025-01-21,2025-01-20,In Progress
O01217,P101,1817,2025-12-06,2025-12-13,2025-12-13,On Time
O01218,P101,981,2025-04-07,2025-04-16,2025-04-17,Delayed
O01219,P101,161,2025-09-01,2025-09-18,2025-09-21,Delayed
O01220,P104,100,2025-06-09,2025-06-14,2025-06-13,In Progress
O01221,P104,1489,2025-10-29,2025-11-17,2025-11-20,Delayed
O01222,P104,175,2025-04-06,2025-04-18,2025-04-18,On Time
O01223,P104,1103,2025-04-05,2025-04-22,2025-04-21,On Time
O01224,P102,635,2025-06-15,2025-06-22,2025-06-20,In Progress
O01225,P104,814,2025-09-08,2025-09-15,2025-09-14,On Time
O01226,P103,1565,2025-05-03,2025-05-16,2025-05-14,In Progress
O01227,P101,277,2025-06-16,2025-07-06,2025-07-11,Delayed
O01228,P104,1338,2025-09-25,2025-10-02,2025-10-01,On Time
O01229,P104,527,2025-07-21,2025-08-01,2025-07-30,On Time
O01230,P104,336,2025-04-09,2025-04-18,2025-04-18,In Progress
O01231,P103,1718,2025-03-21,2025-04-02,2025-03-31,In Progress
O01232,P103,599,2025-05-31,2025-06-12,2025-06-12,In Progress
O01233,P102,1638,2025-09-22,2025-10-03,2025-10-08,Delayed
O01234,P102,1069,2025-12-13,2025-12-30,2025-12-28,On Time
O01235,P101,1993,2025-09-20,2025-10-08,2025-10-06,In Progress
O01236,P101,199,2025-03-25,2025-04-01,2025-04-01,In Progress
O01237,P101,1600,2025-07-18,2025-07-24,2025-07-24,On Time
O01238,P104,1185,2025-05-19,2025-05-28,2025-05-27,In Progress
O01239,P101,445,2025-07-15,2025-07-27,2025-07-25,In Progress
O01240,P104,355,2025-04-04,2025-04-20,2025-04-19,On Time
O01241,P103,147,2025-07-05,2025-07-22,2025-07-21,On Time
O01242,P102,1338,2025-09-24,2025-10-06,2025-10-04,On Time
O01243,P101,1631,2025-07-12,2025-07-28,2025-07-27,In Progress
O01244,P102,961,2025-04-10,2025-04-25,2025-04-27,Delayed
O01245,P101,749,2025-06-12,2025-06-22,2025-06-22,On Time
O01246,P104,1222,2025-03-10,2025-03-25,2025-03-29,Delayed
O01247,P101,748,2025-04-10,2025-04-27,2025-04-27,In Progress
O01248,P101,493,2025-07-15,2025-07-27,2025-07-27,In Progress
O01249,P102,136,2025-04-18,2025-05-02,2025-04-30,On Time
O01250,P101,747,2025-12-20,2026-01-02,2026-01-01,In Progress
O01251,P102,184,2025-08-10,2025-08-15,2025-08-14,On Time
O01252,P101,549,2025-10-21,2025-11-05,2025-11-12,Delayed
O01253,P104,1983,2025-04-07,2025-04-15,2025-04-14,In Progress
O01254,P101,1842,2025-07-05,2025-07-15,2025-07-14,In Progress
O01255,P103,979,2025-02-22,2025-03-11,2025-03-10,In Progress
O01256,P101,1687,2025-08-12,2025-08-25,2025-08-23,On Time
O01257,P103,1954,2025-03-25,2025-04-02,2025-04-02,On Time
O01258,P104,531,2025-03-06,2025-03-14,2025-03-12,On Time
O01259,P103,1231,2025-09-27,2025-10-15,2025-10-15,In Progress
O01260,P102,718,2025-02-14,2025-02-27,2025-02-25,On Time
O01261,P103,898,2025-10-18,2025-11-02,2025-11-01,In Progress
O01262,P103,1913,2025-07-07,2025-07-26,2025-08-02,Delayed
O01263,P102,1931,2025-12-22,2026-01-09,2026-01-07,On Time
O01264,P103,309,2025-09-18,2025-09-23,2025-09-22,In Progress
O01265,P102,1561,2025-09-06,2025-09-18,2025-09-17,On Time
O01266,P103,1832,2025-07-15,2025-07-26,2025-07-24,In Progress
O01267,P104,1167,2025-08-01,2025-08-11,2025-08-11,On Time
O01268,P102,572,2025-12-17,2026-01-03,2026-01-02,On Time
O01269,P103,603,2025-08-30,2025-09-16,2025-09-14,In Progress
O01270,P103,1728,2025-07-20,2025-08-05,2025-08-03,On Time
O01271,P102,571,2025-10-27,2025-11-10,2025-11-09,In Progress
O01272,P103,1416,2025-11-10,2025-11-27,2025-11-26,In Progress
O01273,P102,503,2025-08-22,2025-08-29,2025-08-29,In Progress
O01274,P102,1883,2025-01-29,2025-02-04,2025-02-03,On Time
O01275,P104,230,2025-08-14,2025-08-23,2025-08-22,On Time
O01276,P102,1533,2025-06-16,2025-07-03,2025-07-02,In Progress
O01277,P101,212,2025-03-28,2025-04-15,2025-04-14,In Progress
O01278,P104,1905,2025-04-17,2025-04-29,2025-05-02,Delayed
O01279,P101,972,2025-09-01,2025-09-14,2025-09-14,On Time
O01280,P102,1457,2025-12-10,2025-12-20,2025-12-20,On Time
O01281,P101,1893,2025-03-27,2025-04-08,2025-04-09,Delayed
O01282,P104,803,2025-02-26,2025-03-08,2025-03-13,Delayed
O01283,P102,1473,2025-02-01,2025-02-18,2025-02-17,In Progress
O01284,P102,1539,2025-04-28,2025-05-14,2025-05-13,In Progress
O01285,P102,1715,2025-01-22,2025-01-31,2025-01-31,In Progress
O01286,P103,1806,2025-09-09,2025-09-18,2025-09-17,In Progress
O01287,P101,757,2025-04-12,2025-04-17,2025-04-16,In Progress
O01288,P101,779,2025-11-13,2025-11-21,2025-11-19,In Progress
O01289,P103,699,2025-06-12,2025-06-26,2025-06-24,On Time
O01290,P104,1512,2025-07-16,2025-08-03,2025-08-03,In Progress
O01291,P104,499,2025-06-28,2025-07-07,2025-07-07,In Progress
O01292,P103,159,2025-11-01,2025-11-07,2025-11-06,On Time
O01293,P104,249,2025-06-28,2025-07-17,2025-07-16,In Progress
O01294,P102,1434,2025-01-01,2025-01-13,2025-01-17,Delayed
O01295,P101,288,2025-02-24,2025-03-11,2025-03-10,On Time
O01296,P103,227,2025-03-15,2025-03-24,2025-03-22,On Time
O01297,P104,1570,2025-10-16,2025-10-25,2025-10-23,On Time
O01298,P103,421,2025-07-11,2025-07-25,2025-07-23,On Time
O01299,P103,1922,2025-12-23,2026-01-02,2026-01-02,On Time
O01300,P101,928,2025-04-05,2025-04-19,2025-04-21,Delayed
O01301,P101,759,2025-04-17,2025-05-02,2025-05-01,On Time
O01302,P103,486,2025-12-17,2026-01-01,2026-01-01,On Time
O01303,P102,1084,2025-07-19,2025-08-01,2025-08-01,In Progress
O01304,P101,1389,2025-11-16,2025-12-06,2025-12-04,In Progress
O01305,P103,1230,2025-04-19,2025-04-27,2025-05-03,Delayed
O01306,P103,882,2025-07-11,2025-07-21,2025-07-19,On Time
O01307,P104,336,2025-04-03,2025-04-19,2025-04-17,On Time
O01308,P101,1441,2025-04-27,2025-05-04,2025-05-02,In Progress
O01309,P104,1483,2025-01-15,2025-01-29,2025-02-03,Delayed
O01310,P104,1124,2025-08-14,2025-08-31,2025-08-31,In Progress
O01311,P101,571,2025-09-26,2025-10-01,2025-09-29,In Progress
O01312,P102,1953,2025-11-18,2025-11-25,2025-11-25,In Progress
O01313,P104,264,2025-04-13,2025-04-24,2025-04-22,On Time
O01314,P103,1012,2025-07-07,2025-07-16,2025-07-15,In Progress
O01315,P102,542,2025-11-24,2025-12-09,2025-12-07,In Progress
O01316,P101,847,2025-10-21,2025-10-30,2025-11-03,Delayed
O01317,P102,1912,2025-11-20,2025-12-02,2025-11-30,On Time
O01318,P103,794,2025-05-26,2025-06-06,2025-06-04,In Progress
O01319,P104,487,2025-11-05,2025-11-13,2025-11-13,In Progress
O01320,P102,452,2025-08-30,2025-09-14,2025-09-14,On Time
O01321,P103,656,2025-11-22,2025-12-03,2025-12-01,In Progress
O01322,P104,698,2025-02-01,2025-02-06,2025-02-05,On Time
O01323,P101,1137,2025-01-24,2025-02-06,2025-02-04,In Progress
O01324,P104,958,2025-06-25,2025-07-14,2025-07-17,Delayed
O01325,P103,557,2025-12-07,2025-12-27,2025-12-25,In Progress
O01326,P101,1487,2025-10-06,2025-10-14,2025-10-20,Delayed
O01327,P101,350,2025-10-29,2025-11-16,2025-11-16,In Progress
O01328,P102,476,2025-11-18,2025-12-05,2025-12-03,In Progress
O01329,P104,163,2025-04-14,2025-04-19,2025-04-19,In Progress
O01330,P103,1721,2025-01-15,2025-02-04,2025-02-07,Delayed
O01331,P101,1444,2025-08-22,2025-09-08,2025-09-07,On Time
O01332,P104,1406,2025-02-09,2025-02-14,2025-02-14,In Progress
O01333,P104,285,2025-10-24,2025-11-08,2025-11-06,In Progress
O01334,P102,1695,2025-12-17,2025-12-24,2025-12-23,On Time
O01335,P102,1864,2025-07-31,2025-08-19,2025-08-17,On Time
O01336,P102,133,2025-01-05,2025-01-25,2025-01-23,In Progress
O01337,P102,1482,2025-03-23,2025-03-31,2025-03-29,On Time
O01338,P103,1111,2025-04-28,2025-05-18,2025-05-18,On Time
O01339,P103,1610,2025-01-12,2025-01-24,2025-01-23,On Time
O01340,P102,287,2025-05-07,2025-05-20,2025-05-26,Delayed
O01341,P103,364,2025-06-04,2025-06-15,2025-06-15,In Progress
O01342,P102,680,2025-04-18,2025-05-06,2025-05-05,On Time
O01343,P104,415,2025-10-14,2025-10-29,2025-10-28,On Time
O01344,P104,412,2025-02-01,2025-02-14,2025-02-18,Delayed
O01345,P103,1797,2025-05-22,2025-05-28,2025-06-02,Delayed
O01346,P104,779,2025-02-20,2025-03-01,2025-03-01,On Time
O01347,P102,1703,2025-07-31,2025-08-09,2025-08-08,In Progress
O01348,P101,1262,2025-12-12,2025-12-24,2025-12-24,On Time
O01349,P104,1325,2025-11-20,2025-12-06,2025-12-04,In Progress
O01350,P104,1244,2025-03-19,2025-03-28,2025-03-28,In Progress
O01351,P101,263,2025-08-15,2025-08-27,2025-08-26,In Progress
O01352,P101,1562,2025-09-21,2025-10-10,2025-10-09,On Time
O01353,P104,1658,2025-12-21,2026-01-03,2026-01-01,On Time
O01354,P101,826,2025-07-05,2025-07-21,2025-07-21,On Time
O01355,P104,1634,2025-04-09,2025-04-26,2025-04-26,In Progress
O01356,P101,1387,2025-11-27,2025-12-17,2025-12-18,Delayed
O01357,P102,1845,2025-10-25,2025-11-10,2025-11-13,Delayed
O01358,P101,114,2025-09-23,2025-10-11,2025-10-10,On Time
O01359,P101,1274,2025-12-20,2026-01-07,2026-01-06,On Time
O01360,P101,278,2025-06-27,2025-07-02,2025-07-01,On Time
O01361,P103,891,2025-03-01,2025-03-10,2025-03-16,Delayed
O01362,P102,871,2025-08-06,2025-08-21,2025-08-21,On Time
O01363,P103,1417,2025-08-05,2025-08-19,2025-08-17,In Progress
O01364,P102,1842,2025-01-02,2025-01-21,2025-01-20,On Time
O01365,P103,1553,2025-06-27,2025-07-07,2025-07-05,On Time
O01366,P102,1651,2025-05-24,2025-05-31,2025-05-30,On Time
O01367,P104,548,2025-03-15,2025-03-30,2025-03-30,In Progress
O01368,P103,262,2025-01-09,2025-01-17,2025-01-17,In Progress
O01369,P101,1269,2025-07-09,2025-07-17,2025-07-15,On Time
O01370,P102,289,2025-02-13,2025-02-27,2025-02-26,On Time
O01371,P103,741,2025-09-16,2025-09-25,2025-09-27,Delayed
O01372,P103,1024,2025-08-27,2025-09-15,2025-09-15,On Time
O01373,P101,1144,2025-11-08,2025-11-24,2025-11-23,On Time
O01374,P103,1414,2025-11-26,2025-12-13,2025-12-16,Delayed
O01375,P101,1989,2025-12-24,2026-01-05,2026-01-04,In Progress
O01376,P101,1704,2025-09-30,2025-10-06,2025-10-12,Delayed
O01377,P104,1935,2025-03-21,2025-04-03,2025-04-01,In Progress
O01378,P103,1859,2025-03-16,2025-03-24,2025-03-24,On Time
O01379,P103,1449,2025-07-09,2025-07-26,2025-07-26,In Progress
O01380,P103,1128,2025-12-07,2025-12-12,2025-12-10,In Progress
O01381,P103,879,2025-09-06,2025-09-25,2025-09-24,On Time
O01382,P101,1034,2025-05-28,2025-06-07,2025-06-05,On Time
O01383,P101,1743,2025-01-03,2025-01-20,2025-01-19,In Progress
O01384,P104,263,2025-06-11,2025-06-26,2025-06-26,On Time
O01385,P101,1986,2025-09-30,2025-10-08,2025-10-11,Delayed
O01386,P102,286,2025-04-06,2025-04-17,2025-04-15,In Progress
O01387,P101,1056,2025-10-07,2025-10-25,2025-10-23,On Time
O01388,P104,941,2025-01-03,2025-01-09,2025-01-08,In Progress
O01389,P101,1763,2025-04-26,2025-05-02,2025-04-30,On Time
O01390,P103,488,2025-07-16,2025-07-25,2025-07-25,On Time
O01391,P103,1450,2025-01-07,2025-01-24,2025-01-24,On Time
O01392,P103,1531,2025-09-30,2025-10-20,2025-10-18,On Time
O01393,P102,1056,2025-02-16,2025-02-28,2025-02-28,In Progress
O01394,P101,510,2025-07-04,2025-07-12,2025-07-11,On Time
O01395,P104,563,2025-03-13,2025-03-29,2025-04-05,Delayed
O01396,P104,1532,2025-04-20,2025-05-09,2025-05-08,On Time
O01397,P102,855,2025-09-17,2025-10-02,2025-10-02,On Time
O01398,P104,493,2025-04-21,2025-05-03,2025-05-03,In Progress
O01399,P102,795,2025-10-16,2025-10-21,2025-10-21,In Progress
O01400,P102,1800,2025-08-11,2025-08-28,2025-08-26,On Time
O01401,P104,502,2025-04-13,2025-04-19,2025-04-23,Delayed
O01402,P101,129,2025-08-31,2025-09-20,2025-09-22,Delayed
O01403,P101,275,2025-01-06,2025-01-17,2025-01-17,On Time
O01404,P101,699,2025-02-03,2025-02-08,2025-02-06,In Progress
O01405,P104,1441,2025-03-20,2025-04-05,2025-04-04,In Progress
O01406,P103,1733,2025-09-08,2025-09-15,2025-09-15,In Progress
O01407,P102,1133,2025-01-10,2025-01-28,2025-01-30,Delayed
O01408,P102,895,2025-05-22,2025-06-09,2025-06-08,On Time
O01409,P103,164,2025-12-25,2026-01-05,2026-01-07,Delayed
O01410,P104,1599,2025-09-18,2025-09-25,2025-09-28,Delayed
O01411,P104,1731,2025-09-27,2025-10-05,2025-10-05,On Time
O01412,P102,386,2025-06-25,2025-07-05,2025-07-04,On Time
O01413,P102,688,2025-07-19,2025-07-25,2025-07-23,On Time
O01414,P102,707,2025-05-09,2025-05-24,2025-05-23,On Time
O01415,P103,437,2025-09-19,2025-09-29,2025-09-29,In Progress
O01416,P104,516,2025-04-12,2025-04-24,2025-04-23,In Progress
O01417,P104,668,2025-07-09,2025-07-20,2025-07-19,In Progress
O01418,P104,825,2025-06-02,2025-06-07,2025-06-08,Delayed
O01419,P103,421,2025-11-28,2025-12-12,2025-12-12,On Time
O01420,P103,906,2025-03-16,2025-03-27,2025-03-25,In Progress
O01421,P101,1380,2025-01-31,2025-02-18,2025-02-25,Delayed
O01422,P101,974,2025-05-24,2025-05-30,2025-05-29,In Progress
O01423,P101,1743,2025-03-11,2025-03-23,2025-03-22,On Time
O01424,P101,1556,2025-01-06,2025-01-17,2025-01-16,In Progress
O01425,P103,1902,2025-12-30,2026-01-04,2026-01-04,In Progress
O01426,P101,275,2025-10-20,2025-11-06,2025-11-04,In Progress
O01427,P103,748,2025-04-14,2025-04-21,2025-04-20,In Progress
O01428,P104,1394,2025-12-17,2026-01-05,2026-01-04,On Time
O01429,P104,438,2025-01-22,2025-02-10,2025-02-14,Delayed
O01430,P101,466,2025-07-01,2025-07-19,2025-07-17,In Progress
O01431,P104,219,2025-11-01,2025-11-17,2025-11-15,On Time
O01432,P103,256,2025-01-28,2025-02-15,2025-02-14,In Progress
O01433,P101,1463,2025-03-15,2025-04-04,2025-04-03,On Time
O01434,P104,1075,2025-12-11,2025-12-24,2025-12-28,Delayed
O01435,P103,592,2025-05-29,2025-06-11,2025-06-18,Delayed
O01436,P104,1254,2025-02-13,2025-03-03,2025-03-02,In Progress
O01437,P101,234,2025-02-21,2025-02-26,2025-02-24,On Time
O01438,P102,815,2025-10-03,2025-10-14,2025-10-14,On Time
O01439,P104,1197,2025-03-31,2025-04-06,2025-04-12,Delayed
O01440,P102,211,2025-07-06,2025-07-23,2025-07-29,Delayed
O01441,P103,662,2025-04-23,2025-05-09,2025-05-12,Delayed
O01442,P101,1702,2025-04-23,2025-04-30,2025-04-28,In Progress
O01443,P101,400,2025-03-19,2025-03-25,2025-03-25,On Time
O01444,P102,410,2025-03-11,2025-03-31,2025-04-02,Delayed
O01445,P101,888,2025-11-03,2025-11-09,2025-11-08,In Progress
O01446,P101,848,2025-03-13,2025-03-30,2025-03-30,On Time
O01447,P104,1998,2025-10-22,2025-11-11,2025-11-17,Delayed
O01448,P104,1122,2025-12-23,2025-12-30,2025-12-30,In Progress
O01449,P102,1605,2025-02-10,2025-02-23,2025-02-22,In Progress
O01450,P103,350,2025-08-20,2025-09-04,2025-09-08,Delayed
O01451,P103,873,2025-09-24,2025-10-12,2025-10-18,Delayed
O01452,P101,922,2025-05-03,2025-05-17,2025-05-17,In Progress
O01453,P101,1880,2025-12-04,2025-12-15,2025-12-13,In Progress
O01454,P104,1983,2025-05-31,2025-06-13,2025-06-11,In Progress
O01455,P104,930,2025-04-22,2025-05-11,2025-05-09,On Time
O01456,P103,499,2025-12-20,2025-12-28,2025-12-27,In Progress
O01457,P101,1549,2025-02-05,2025-02-25,2025-02-23,On Time
O01458,P102,1133,2025-05-21,2025-05-26,2025-05-24,In Progress
O01459,P104,1346,2025-03-25,2025-04-12,2025-04-12,In Progress
O01460,P102,1487,2025-08-22,2025-09-03,2025-09-03,On Time
O01461,P104,1414,2025-05-02,2025-05-22,2025-05-21,On Time
O01462,P103,1155,2025-06-08,2025-06-20,2025-06-19,In Progress
O01463,P101,996,2025-09-04,2025-09-17,2025-09-19,Delayed
O01464,P102,576,2025-01-23,2025-02-07,2025-02-06,In Progress
O01465,P104,435,2025-04-09,2025-04-20,2025-04-19,On Time
O01466,P103,1674,2025-12-29,2026-01-15,2026-01-15,In Progress
O01467,P102,1771,2025-03-29,2025-04-10,2025-04-16,Delayed
O01468,P102,1407,2025-01-04,2025-01-17,2025-01-17,On Time
O01469,P103,1360,2025-02-03,2025-02-13,2025-02-12,In Progress
O01470,P102,991,2025-06-18,2025-06-23,2025-06-22,On Time
O01471,P103,176,2025-01-26,2025-02-07,2025-02-07,In Progress
O01472,P102,1391,2025-12-11,2025-12-21,2025-12-25,Delayed
O01473,P101,1278,2025-04-26,2025-05-13,2025-05-12,On Time
O01474,P102,703,2025-09-15,2025-09-28,2025-09-26,On Time
O01475,P101,817,2025-03-18,2025-03-24,2025-03-29,Delayed
O01476,P103,357,2025-02-15,2025-02-27,2025-02-27,In Progress
O01477,P102,187,2025-09-18,2025-09-25,2025-09-28,Delayed
O01478,P101,787,2025-01-17,2025-01-25,2025-01-24,In Progress
O01479,P104,845,2025-11-01,2025-11-15,2025-11-22,Delayed
O01480,P101,1679,2025-04-07,2025-04-15,2025-04-13,On Time
O01481,P101,1248,2025-03-01,2025-03-20,2025-03-18,In Progress
O01482,P102,1811,2025-03-20,2025-04-01,2025-03-31,In Progress
O01483,P104,741,2025-07-30,2025-08-12,2025-08-11,In Progress
O01484,P101,1056,2025-12-20,2026-01-06,2026-01-05,In Progress
O01485,P101,1112,2025-10-27,2025-11-09,2025-11-08,On Time
O01486,P103,689,2025-01-27,2025-02-16,2025-02-15,In Progress
O01487,P101,194,2025-01-26,2025-02-12,2025-02-14,Delayed
O01488,P103,1915,2025-02-05,2025-02-14,2025-02-15,Delayed
O01489,P102,525,2025-10-04,2025-10-24,2025-10-23,In Progress
O01490,P103,391,2025-03-12,2025-03-19,2025-03-18,On Time
O01491,P102,1620,2025-05-05,2025-05-13,2025-05-13,In Progress
O01492,P103,1617,2025-12-10,2025-12-18,2025-12-17,On Time
O01493,P104,904,2025-07-08,2025-07-20,2025-07-20,On Time
O01494,P104,1190,2025-09-12,2025-09-23,2025-09-27,Delayed
O01495,P103,589,2025-01-15,2025-01-29,2025-01-28,In Progress
O01496,P101,559,2025-11-03,2025-11-22,2025-11-21,On Time
O01497,P104,146,2025-03-21,2025-03-26,2025-03-24,In Progress
O01498,P103,338,2025-03-30,2025-04-12,2025-04-10,On Time
O01499,P103,261,2025-09-28,2025-10-17,2025-10-22,Delayed
O01500,P103,1289,2025-10-10,2025-10-18,2025-10-18,On Time
O01501,P101,183,2025-11-18,2025-11-23,2025-11-21,In Progress
O01502,P103,1180,2025-05-18,2025-05-26,2025-05-24,On Time
O01503,P103,1524,2025-01-28,2025-02-04,2025-02-03,In Progress
O01504,P104,295,2025-05-19,2025-06-04,2025-06-02,In Progress
O01505,P103,489,2025-10-29,2025-11-18,2025-11-18,On Time
O01506,P103,1382,2025-04-17,2025-04-30,2025-05-07,Delayed
O01507,P102,1193,2025-11-23,2025-12-09,2025-12-09,In Progress
O01508,P104,442,2025-12-19,2026-01-01,2026-01-03,Delayed
O01509,P103,407,2025-11-26,2025-12-08,2025-12-15,Delayed
O01510,P102,731,2025-01-05,2025-01-19,2025-01-19,In Progress
O01511,P102,1836,2025-12-01,2025-12-15,2025-12-14,In Progress
O01512,P102,263,2025-03-02,2025-03-14,2025-03-12,In Progress
O01513,P101,1255,2025-09-02,2025-09-10,2025-09-08,On Time
O01514,P104,1689,2025-07-11,2025-07-27,2025-07-27,In Progress
O01515,P102,355,2025-04-02,2025-04-13,2025-04-13,In Progress
O01516,P102,1416,2025-09-16,2025-10-04,2025-10-07,Delayed
O01517,P103,1423,2025-08-03,2025-08-18,2025-08-20,Delayed
O01518,P103,1420,2025-03-28,2025-04-14,2025-04-15,Delayed
O01519,P104,1161,2025-02-22,2025-03-08,2025-03-08,In Progress
O01520,P103,1032,2025-03-26,2025-03-31,2025-03-29,In Progress
O01521,P101,1505,2025-10-04,2025-10-19,2025-10-17,On Time
O01522,P102,532,2025-05-27,2025-06-09,2025-06-07,In Progress
O01523,P101,767,2025-01-10,2025-01-25,2025-01-24,On Time
O01524,P102,615,2025-06-17,2025-06-28,2025-07-01,Delayed
O01525,P102,1221,2025-10-26,2025-11-10,2025-11-08,In Progress
O01526,P104,930,2025-11-23,2025-12-01,2025-12-08,Delayed
O01527,P101,1861,2025-01-29,2025-02-09,2025-02-07,On Time
O01528,P102,923,2025-07-08,2025-07-25,2025-07-28,Delayed
O01529,P104,1569,2025-08-31,2025-09-15,2025-09-19,Delayed
O01530,P104,1452,2025-04-27,2025-05-02,2025-05-02,In Progress
O01531,P102,1600,2025-03-01,2025-03-09,2025-03-07,In Progress
O01532,P103,237,2025-03-29,2025-04-05,2025-04-03,In Progress
O01533,P104,1389,2025-08-10,2025-08-16,2025-08-17,Delayed
O01534,P103,986,2025-01-30,2025-02-10,2025-02-08,On Time
O01535,P104,1929,2025-12-14,2026-01-01,2026-01-01,In Progress
O01536,P101,1384,2025-09-17,2025-10-02,2025-09-30,On Time
O01537,P104,1247,2025-03-02,2025-03-08,2025-03-06,In Progress
O01538,P103,583,2025-07-03,2025-07-14,2025-07-13,In Progress
O01539,P103,270,2025-03-02,2025-03-21,2025-03-20,In Progress
O01540,P103,606,2025-11-01,2025-11-10,2025-11-10,On Time
O01541,P103,521,2025-09-15,2025-10-05,2025-10-05,In Progress
O01542,P102,205,2025-01-19,2025-01-24,2025-01-23,On Time
O01543,P104,1627,2025-06-16,2025-07-04,2025-07-04,On Time
O01544,P103,187,2025-11-29,2025-12-15,2025-12-13,In Progress
O01545,P104,1014,2025-02-25,2025-03-16,2025-03-16,In Progress
O01546,P104,133,2025-11-02,2025-11-14,2025-11-12,In Progress
O01547,P102,1309,2025-01-04,2025-01-09,2025-01-08,On Time
O01548,P103,428,2025-07-23,2025-08-05,2025-08-11,Delayed
O01549,P103,670,2025-12-12,2025-12-27,2025-12-27,On Time
O01550,P104,102,2025-07-14,2025-07-21,2025-07-20,On Time
O01551,P101,721,2025-04-06,2025-04-11,2025-04-13,Delayed
O01552,P101,926,2025-10-01,2025-10-11,2025-10-11,On Time
O01553,P104,577,2025-09-03,2025-09-12,2025-09-14,Delayed
O01554,P101,439,2025-07-22,2025-08-06,2025-08-05,On Time
O01555,P102,230,2025-02-18,2025-02-23,2025-02-23,In Progress
O01556,P102,1359,2025-10-09,2025-10-21,2025-10-21,In Progress
O01557,P101,669,2025-01-18,2025-01-29,2025-01-31,Delayed
O01558,P102,583,2025-08-25,2025-09-05,2025-09-09,Delayed
O01559,P102,1672,2025-05-23,2025-05-30,2025-05-30,On Time
O01560,P103,382,2025-09-05,2025-09-19,2025-09-19,In Progress
O01561,P102,250,2025-07-03,2025-07-12,2025-07-12,On Time
O01562,P102,1013,2025-05-12,2025-05-23,2025-05-23,On Time
O01563,P104,405,2025-11-07,2025-11-18,2025-11-19,Delayed
O01564,P104,1342,2025-10-02,2025-10-15,2025-10-13,On Time
O01565,P102,715,2025-10-31,2025-11-11,2025-11-11,In Progress
O01566,P103,401,2025-12-14,2025-12-26,2025-12-26,In Progress
O01567,P103,524,2025-03-09,2025-03-15,2025-03-14,In Progress
O01568,P102,748,2025-01-05,2025-01-12,2025-01-12,On Time
O01569,P101,369,2025-05-23,2025-06-05,2025-06-03,In Progress
O01570,P104,361,2025-09-11,2025-09-27,2025-09-27,On Time
O01571,P104,774,2025-04-21,2025-05-11,2025-05-10,In Progress
O01572,P101,1625,2025-07-24,2025-08-13,2025-08-11,In Progress
O01573,P101,198,2025-07-09,2025-07-17,2025-07-15,In Progress
O01574,P101,971,2025-04-23,2025-04-30,2025-04-30,On Time
O01575,P102,249,2025-08-19,2025-08-29,2025-08-28,In Progress
O01576,P102,687,2025-09-04,2025-09-13,2025-09-13,On Time
O01577,P102,172,2025-04-28,2025-05-08,2025-05-10,Delayed
O01578,P104,890,2025-11-20,2025-11-26,2025-11-24,On Time
O01579,P102,1025,2025-02-22,2025-03-06,2025-03-06,On Time
O01580,P103,1792,2025-12-29,2026-01-10,2026-01-09,On Time
O01581,P102,971,2025-04-11,2025-04-21,2025-04-21,In Progress
O01582,P102,1397,2025-11-11,2025-11-24,2025-11-22,In Progress
O01583,P102,1959,2025-05-16,2025-05-25,2025-05-23,On Time
O01584,P103,803,2025-08-06,2025-08-16,2025-08-16,In Progress
O01585,P102,348,2025-03-27,2025-04-15,2025-04-13,In Progress
O01586,P103,637,2025-04-30,2025-05-17,2025-05-15,On Time
O01587,P104,1168,2025-11-05,2025-11-25,2025-11-27,Delayed
O01588,P103,986,2025-01-25,2025-02-07,2025-02-06,In Progress
O01589,P103,1620,2025-10-19,2025-11-02,2025-11-02,In Progress
O01590,P104,835,2025-10-27,2025-11-05,2025-11-05,In Progress
O01591,P104,784,2025-02-24,2025-03-05,2025-03-05,In Progress
O01592,P104,968,2025-10-20,2025-10-27,2025-10-25,On Time
O01593,P104,1699,2025-12-15,2025-12-23,2025-12-23,On Time
O01594,P104,1416,2025-05-01,2025-05-17,2025-05-17,In Progress
O01595,P104,1343,2025-07-02,2025-07-12,2025-07-19,Delayed
O01596,P104,572,2025-09-22,2025-10-02,2025-10-01,In Progress
O01597,P103,1656,2025-12-09,2025-12-22,2025-12-21,On Time
O01598,P104,1222,2025-10-12,2025-10-21,2025-10-23,Delayed
O01599,P103,1283,2025-02-18,2025-03-07,2025-03-07,In Progress
O01600,P102,1817,2025-05-27,2025-06-04,2025-06-03,In Progress
O01601,P101,1492,2025-10-15,2025-10-23,2025-10-22,In Progress
O01602,P102,1959,2025-05-30,2025-06-10,2025-06-09,In Progress
O01603,P103,393,2025-06-13,2025-06-29,2025-06-29,In Progress
O01604,P104,1786,2025-08-02,2025-08-10,2025-08-08,On Time
O01605,P101,664,2025-12-29,2026-01-14,2026-01-13,In Progress
O01606,P102,782,2025-10-02,2025-10-11,2025-10-09,On Time
O01607,P104,136,2025-10-03,2025-10-19,2025-10-18,In Progress
O01608,P103,1704,2025-02-25,2025-03-12,2025-03-11,On Time
O01609,P103,1058,2025-09-16,2025-09-22,2025-09-22,In Progress
O01610,P102,1348,2025-05-24,2025-06-06,2025-06-04,On Time
O01611,P102,1905,2025-04-09,2025-04-16,2025-04-16,In Progress
O01612,P101,1788,2025-06-03,2025-06-20,2025-06-18,In Progress
O01613,P101,1906,2025-09-17,2025-10-01,2025-09-29,In Progress
O01614,P102,1259,2025-05-16,2025-06-05,2025-06-04,In Progress
O01615,P104,705,2025-09-22,2025-10-01,2025-09-30,On Time
O01616,P103,171,2025-09-23,2025-10-04,2025-10-07,Delayed
O01617,P101,458,2025-12-18,2026-01-06,2026-01-10,Delayed
O01618,P104,1306,2025-01-18,2025-01-30,2025-01-28,On Time
O01619,P103,387,2025-05-17,2025-05-29,2025-05-29,In Progress
O01620,P102,994,2025-11-15,2025-12-03,2025-12-02,On Time
O01621,P102,854,2025-09-03,2025-09-14,2025-09-14,In Progress
O01622,P103,837,2025-10-22,2025-10-28,2025-10-28,In Progress
O01623,P104,1110,2025-03-23,2025-04-03,2025-04-03,In Progress
O01624,P104,1778,2025-06-07,2025-06-19,2025-06-17,On Time
O01625,P103,121,2025-07-12,2025-07-31,2025-08-06,Delayed
O01626,P101,530,2025-08-12,2025-08-26,2025-08-24,In Progress
O01627,P103,700,2025-03-14,2025-03-19,2025-03-21,Delayed
O01628,P102,1263,2025-07-17,2025-07-31,2025-07-30,In Progress
O01629,P103,161,2025-05-12,2025-05-28,2025-05-31,Delayed
O01630,P101,1764,2025-08-18,2025-09-06,2025-09-05,In Progress
O01631,P103,1282,2025-03-13,2025-03-19,2025-03-22,Delayed
O01632,P103,1344,2025-12-17,2025-12-24,2025-12-23,On Time
O01633,P102,295,2025-07-26,2025-08-09,2025-08-07,In Progress
O01634,P101,159,2025-10-04,2025-10-21,2025-10-21,In Progress
O01635,P102,975,2025-01-10,2025-01-25,2025-01-23,In Progress
O01636,P103,1417,2025-10-08,2025-10-28,2025-10-27,In Progress
O01637,P104,1783,2025-08-10,2025-08-25,2025-08-23,On Time
O01638,P102,259,2025-10-31,2025-11-18,2025-11-17,On Time
O01639,P101,1142,2025-11-17,2025-11-27,2025-11-27,On Time
O01640,P101,1378,2025-12-23,2026-01-05,2026-01-10,Delayed
O01641,P102,1134,2025-08-22,2025-09-09,2025-09-08,On Time
O01642,P104,775,2025-04-29,2025-05-09,2025-05-08,In Progress
O01643,P103,1107,2025-10-25,2025-11-06,2025-11-11,Delayed
O01644,P103,1895,2025-05-07,2025-05-24,2025-05-31,Delayed
O01645,P101,456,2025-05-12,2025-05-20,2025-05-18,In Progress
O01646,P102,959,2025-03-18,2025-03-30,2025-04-04,Delayed
O01647,P104,527,2025-09-29,2025-10-08,2025-10-06,In Progress
O01648,P104,1291,2025-11-18,2025-11-30,2025-11-30,In Progress
O01649,P104,1440,2025-04-01,2025-04-13,2025-04-11,On Time
O01650,P102,1424,2025-02-08,2025-02-25,2025-02-24,In Progress
O01651,P104,1337,2025-02-21,2025-03-05,2025-03-03,On Time
O01652,P104,476,2025-03-06,2025-03-20,2025-03-20,On Time
O01653,P103,1045,2025-04-26,2025-05-05,2025-05-12,Delayed
O01654,P101,1587,2025-02-09,2025-02-24,2025-02-24,In Progress
O01655,P104,1836,2025-09-23,2025-09-30,2025-09-28,On Time
O01656,P101,787,2025-04-03,2025-04-09,2025-04-08,On Time
O01657,P102,1601,2025-09-11,2025-09-18,2025-09-17,On Time
O01658,P104,707,2025-12-22,2025-12-28,2025-12-28,On Time
O01659,P101,1981,2025-01-10,2025-01-24,2025-01-24,In Progress
O01660,P102,1102,2025-07-29,2025-08-13,2025-08-13,In Progress
O01661,P102,1178,2025-07-29,2025-08-10,2025-08-08,In Progress
O01662,P101,100,2025-10-21,2025-11-08,2025-11-07,On Time
O01663,P103,1006,2025-07-25,2025-08-14,2025-08-14,On Time
O01664,P104,567,2025-12-04,2025-12-18,2025-12-17,On Time
O01665,P102,991,2025-11-10,2025-11-15,2025-11-18,Delayed
O01666,P102,1906,2025-09-22,2025-10-09,2025-10-09,On Time
O01667,P103,849,2025-01-03,2025-01-21,2025-01-19,On Time
O01668,P104,251,2025-09-11,2025-09-28,2025-09-28,In Progress
O01669,P104,963,2025-05-09,2025-05-15,2025-05-15,In Progress
O01670,P104,120,2025-01-18,2025-01-31,2025-02-01,Delayed
O01671,P104,393,2025-02-15,2025-02-25,2025-02-23,In Progress
O01672,P101,654,2025-07-26,2025-08-01,2025-07-30,On Time
O01673,P101,700,2025-12-22,2026-01-01,2026-01-08,Delayed
O01674,P103,923,2025-02-14,2025-02-27,2025-02-26,In Progress
O01675,P101,1055,2025-06-26,2025-07-14,2025-07-13,On Time
O01676,P104,1897,2025-02-12,2025-02-20,2025-02-20,In Progress
O01677,P102,866,2025-01-15,2025-01-30,2025-01-30,On Time
O01678,P102,331,2025-03-25,2025-04-03,2025-04-09,Delayed
O01679,P103,1642,2025-12-16,2025-12-24,2025-12-24,In Progress
O01680,P101,1806,2025-05-27,2025-06-09,2025-06-09,In Progress
O01681,P101,1594,2025-03-22,2025-03-28,2025-03-28,On Time
O01682,P102,485,2025-11-28,2025-12-10,2025-12-08,In Progress
O01683,P103,1626,2025-06-12,2025-07-01,2025-06-29,In Progress
O01684,P103,1998,2025-05-14,2025-05-25,2025-05-24,On Time
O01685,P103,1574,2025-05-29,2025-06-05,2025-06-05,In Progress
O01686,P102,1293,2025-02-19,2025-02-26,2025-02-26,In Progress
O01687,P104,1623,2025-04-08,2025-04-25,2025-04-24,On Time
O01688,P101,475,2025-01-22,2025-02-04,2025-02-03,In Progress
O01689,P104,1609,2025-09-25,2025-10-09,2025-10-15,Delayed
O01690,P104,1375,2025-01-15,2025-01-30,2025-01-30,On Time
O01691,P101,944,2025-07-04,2025-07-17,2025-07-17,On Time
O01692,P103,911,2025-08-03,2025-08-18,2025-08-17,In Progress
O01693,P104,119,2025-05-03,2025-05-14,2025-05-19,Delayed
O01694,P102,1861,2025-06-19,2025-07-02,2025-07-02,On Time
O01695,P104,355,2025-08-18,2025-09-05,2025-09-04,In Progress
O01696,P103,479,2025-07-23,2025-08-05,2025-08-05,In Progress
O01697,P103,458,2025-12-10,2025-12-17,2025-12-22,Delayed
O01698,P101,986,2025-02-07,2025-02-26,2025-02-25,In Progress
O01699,P104,508,2025-07-26,2025-08-05,2025-08-03,In Progress
O01700,P101,1381,2025-02-23,2025-03-05,2025-03-05,In Progress
O01701,P104,1832,2025-07-18,2025-07-28,2025-07-27,In Progress
O01702,P103,1272,2025-04-16,2025-05-03,2025-05-02,In Progress
O01703,P104,980,2025-11-28,2025-12-07,2025-12-05,In Progress
O01704,P103,1576,2025-09-16,2025-10-03,2025-10-01,On Time
O01705,P102,566,2025-06-29,2025-07-07,2025-07-07,On Time
O01706,P104,238,2025-09-01,2025-09-11,2025-09-11,In Progress
O01707,P104,1487,2025-10-11,2025-10-25,2025-10-29,Delayed
O01708,P101,835,2025-07-06,2025-07-26,2025-07-25,On Time
O01709,P104,1691,2025-02-10,2025-02-16,2025-02-14,On Time
O01710,P104,322,2025-01-08,2025-01-14,2025-01-13,On Time
O01711,P104,631,2025-09-16,2025-09-21,2025-09-21,On Time
O01712,P101,977,2025-05-01,2025-05-20,2025-05-18,On Time
O01713,P101,184,2025-11-26,2025-12-05,2025-12-05,In Progress
O01714,P104,492,2025-10-26,2025-11-05,2025-11-05,In Progress
O01715,P102,1351,2025-02-18,2025-03-05,2025-03-04,In Progress
O01716,P102,267,2025-08-02,2025-08-15,2025-08-15,In Progress
O01717,P102,1913,2025-02-08,2025-02-16,2025-02-14,In Progress
O01718,P101,1292,2025-03-23,2025-04-11,2025-04-13,Delayed
O01719,P104,1127,2025-02-26,2025-03-13,2025-03-11,In Progress
O01720,P104,1511,2025-02-18,2025-03-01,2025-02-27,On Time
O01721,P102,1392,2025-10-18,2025-11-06,2025-11-04,In Progress
O01722,P101,389,2025-04-18,2025-05-02,2025-05-01,In Progress
O01723,P102,110,2025-07-10,2025-07-30,2025-07-28,In Progress
O01724,P101,421,2025-08-26,2025-09-08,2025-09-08,In Progress
O01725,P102,799,2025-04-27,2025-05-10,2025-05-10,On Time
O01726,P104,1453,2025-05-10,2025-05-18,2025-05-16,On Time
O01727,P102,1311,2025-02-13,2025-03-01,2025-02-28,On Time
O01728,P104,1343,2025-05-13,2025-05-21,2025-05-20,On Time
O01729,P101,687,2025-06-22,2025-07-01,2025-06-29,On Time
O01730,P104,1553,2025-02-08,2025-02-13,2025-02-11,In Progress
O01731,P104,908,2025-04-06,2025-04-21,2025-04-21,In Progress
O01732,P103,586,2025-09-29,2025-10-09,2025-10-07,In Progress
O01733,P101,576,2025-08-13,2025-09-02,2025-09-02,On Time
O01734,P101,940,2025-07-12,2025-07-20,2025-07-22,Delayed
O01735,P102,971,2025-05-10,2025-05-20,2025-05-20,In Progress
O01736,P101,1642,2025-01-24,2025-02-09,2025-02-07,In Progress
O01737,P103,318,2025-10-27,2025-11-10,2025-11-10,On Time
O01738,P101,112,2025-03-21,2025-03-26,2025-03-25,In Progress
O01739,P104,1145,2025-06-08,2025-06-16,2025-06-14,On Time
O01740,P104,1087,2025-08-20,2025-09-01,2025-09-06,Delayed
O01741,P104,542,2025-10-03,2025-10-10,2025-10-17,Delayed
O01742,P102,252,2025-08-13,2025-08-29,2025-08-27,On Time
O01743,P101,401,2025-08-06,2025-08-16,2025-08-16,In Progress
O01744,P103,1791,2025-01-11,2025-01-21,2025-01-21,On Time
O01745,P104,1779,2025-12-11,2025-12-21,2025-12-19,In Progress
O01746,P102,1345,2025-06-06,2025-06-21,2025-06-21,In Progress
O01747,P103,542,2025-04-19,2025-04-24,2025-04-30,Delayed
O01748,P102,1150,2025-02-03,2025-02-18,2025-02-18,On Time
O01749,P103,490,2025-01-16,2025-01-27,2025-01-26,On Time
O01750,P103,759,2025-06-04,2025-06-12,2025-06-10,In Progress
O01751,P101,1680,2025-05-14,2025-05-19,2025-05-18,In Progress
O01752,P103,1930,2025-11-23,2025-12-04,2025-12-04,On Time
O01753,P104,112,2025-08-31,2025-09-19,2025-09-19,On Time
O01754,P104,289,2025-07-26,2025-08-11,2025-08-10,On Time
O01755,P102,719,2025-07-14,2025-07-22,2025-07-22,In Progress
O01756,P101,1380,2025-05-07,2025-05-16,2025-05-15,In Progress
O01757,P102,1841,2025-06-27,2025-07-16,2025-07-23,Delayed
O01758,P101,980,2025-08-26,2025-09-02,2025-09-09,Delayed
O01759,P101,1770,2025-08-20,2025-09-02,2025-09-06,Delayed
O01760,P104,291,2025-02-16,2025-03-01,2025-02-27,On Time
O01761,P103,620,2025-12-04,2025-12-22,2025-12-22,On Time
O01762,P104,1734,2025-07-06,2025-07-26,2025-07-26,On Time
O01763,P103,1865,2025-11-25,2025-12-07,2025-12-05,On Time
O01764,P104,1131,2025-02-02,2025-02-10,2025-02-13,Delayed
O01765,P102,1466,2025-09-28,2025-10-14,2025-10-13,In Progress
O01766,P102,1714,2025-10-07,2025-10-17,2025-10-15,In Progress
O01767,P103,1586,2025-09-14,2025-09-30,2025-09-30,On Time
O01768,P102,219,2025-05-17,2025-05-31,2025-05-29,In Progress
O01769,P102,1836,2025-05-24,2025-06-10,2025-06-09,In Progress
O01770,P103,1433,2025-12-23,2026-01-10,2026-01-08,On Time
O01771,P104,227,2025-12-07,2025-12-19,2025-12-18,On Time
O01772,P103,1218,2025-08-19,2025-08-24,2025-08-24,In Progress
O01773,P104,1918,2025-08-16,2025-08-24,2025-08-24,In Progress
O01774,P101,1128,2025-07-14,2025-07-22,2025-07-22,In Progress
O01775,P101,1147,2025-04-20,2025-04-26,2025-04-24,In Progress
O01776,P103,174,2025-06-16,2025-07-04,2025-07-03,On Time
O01777,P101,1131,2025-08-19,2025-08-26,2025-08-26,On Time
O01778,P101,1772,2025-04-28,2025-05-10,2025-05-09,On Time
O01779,P102,1581,2025-06-13,2025-06-27,2025-06-27,On Time
O01780,P102,900,2025-05-03,2025-05-17,2025-05-16,On Time
O01781,P101,1783,2025-10-18,2025-10-24,2025-10-23,In Progress
O01782,P104,1874,2025-08-31,2025-09-14,2025-09-13,On Time
O01783,P103,1748,2025-09-12,2025-09-19,2025-09-26,Delayed
O01784,P101,1336,2025-12-21,2026-01-02,2026-01-02,On Time
O01785,P101,1728,2025-02-11,2025-02-19,2025-02-18,On Time
O01786,P104,180,2025-09-02,2025-09-17,2025-09-17,In Progress
O01787,P104,1551,2025-02-23,2025-03-12,2025-03-10,On Time
O01788,P102,480,2025-10-22,2025-11-09,2025-11-08,In Progress
O01789,P103,1274,2025-05-11,2025-05-16,2025-05-16,In Progress
O01790,P101,1939,2025-10-12,2025-10-20,2025-10-20,In Progress
O01791,P102,1720,2025-11-04,2025-11-16,2025-11-16,On Time
O01792,P101,1422,2025-06-09,2025-06-16,2025-06-16,In Progress
O01793,P104,1669,2025-10-05,2025-10-24,2025-10-27,Delayed
O01794,P104,1569,2025-02-16,2025-02-25,2025-02-24,In Progress
O01795,P104,796,2025-02-08,2025-02-23,2025-02-22,In Progress
O01796,P101,174,2025-05-14,2025-05-31,2025-05-30,In Progress
O01797,P103,545,2025-08-12,2025-08-18,2025-08-17,On Time
O01798,P104,102,2025-11-24,2025-12-08,2025-12-07,On Time
O01799,P102,265,2025-10-16,2025-10-21,2025-10-20,In Progress
O01800,P103,317,2025-12-23,2026-01-10,2026-01-13,Delayed
O01801,P101,653,2025-11-25,2025-12-05,2025-12-05,On Time
O01802,P103,1896,2025-06-25,2025-07-03,2025-07-02,On Time
O01803,P104,811,2025-08-24,2025-09-01,2025-09-01,On Time
O01804,P101,587,2025-08-18,2025-09-05,2025-09-03,On Time
O01805,P103,1039,2025-07-04,2025-07-11,2025-07-11,On Time
O01806,P103,190,2025-10-30,2025-11-08,2025-11-08,In Progress
O01807,P102,1747,2025-09-15,2025-09-21,2025-09-19,In Progress
O01808,P104,1455,2025-09-19,2025-10-04,2025-10-07,Delayed
O01809,P103,1183,2025-05-07,2025-05-22,2025-05-24,Delayed
O01810,P104,592,2025-07-14,2025-07-27,2025-07-27,In Progress
O01811,P104,1438,2025-08-25,2025-09-07,2025-09-05,In Progress
O01812,P103,252,2025-07-15,2025-07-28,2025-07-30,Delayed
O01813,P103,466,2025-05-30,2025-06-05,2025-06-05,In Progress
O01814,P102,371,2025-07-05,2025-07-11,2025-07-09,In Progress
O01815,P104,1497,2025-09-14,2025-09-22,2025-09-22,On Time
O01816,P104,1055,2025-06-01,2025-06-16,2025-06-14,On Time
O01817,P103,1600,2025-09-05,2025-09-18,2025-09-18,On Time
O01818,P104,973,2025-08-08,2025-08-17,2025-08-24,Delayed
O01819,P102,175,2025-04-13,2025-04-30,2025-04-29,In Progress
O01820,P102,642,2025-08-31,2025-09-15,2025-09-14,In Progress
O01821,P102,1288,2025-06-29,2025-07-11,2025-07-09,In Progress
O01822,P101,1394,2025-06-13,2025-06-25,2025-07-02,Delayed
O01823,P101,406,2025-08-11,2025-08-26,2025-08-24,In Progress
O01824,P102,1444,2025-01-12,2025-01-31,2025-01-30,In Progress
O01825,P102,378,2025-01-25,2025-02-10,2025-02-16,Delayed
O01826,P102,220,2025-01-15,2025-02-01,2025-01-30,In Progress
O01827,P104,259,2025-12-05,2025-12-12,2025-12-10,On Time
O01828,P101,1892,2025-07-12,2025-08-01,2025-07-31,On Time
O01829,P103,1980,2025-11-20,2025-12-09,2025-12-08,On Time
O01830,P103,1125,2025-08-28,2025-09-10,2025-09-08,On Time
O01831,P104,686,2025-07-16,2025-07-27,2025-08-02,Delayed
O01832,P103,1749,2025-11-09,2025-11-21,2025-11-20,On Time
O01833,P101,899,2025-05-07,2025-05-26,2025-05-25,On Time
O01834,P103,1802,2025-06-02,2025-06-18,2025-06-16,On Time
O01835,P102,339,2025-01-29,2025-02-04,2025-02-04,On Time
O01836,P104,859,2025-05-26,2025-05-31,2025-05-30,In Progress
O01837,P101,1255,2025-05-29,2025-06-17,2025-06-16,On Time
O01838,P101,1861,2025-02-21,2025-03-13,2025-03-11,On Time
O01839,P102,1798,2025-08-25,2025-09-13,2025-09-12,On Time
O01840,P103,1021,2025-09-04,2025-09-10,2025-09-08,In Progress
O01841,P101,1050,2025-01-13,2025-01-27,2025-01-26,On Time
O01842,P104,1603,2025-11-13,2025-11-29,2025-11-28,On Time
O01843,P103,677,2025-12-01,2025-12-09,2025-12-16,Delayed
O01844,P103,142,2025-04-25,2025-05-01,2025-04-29,On Time
O01845,P101,325,2025-05-14,2025-05-19,2025-05-19,In Progress
O01846,P104,1302,2025-12-29,2026-01-12,2026-01-12,In Progress
O01847,P104,1682,2025-01-14,2025-01-30,2025-01-28,In Progress
O01848,P102,1363,2025-06-03,2025-06-23,2025-06-22,On Time
O01849,P103,1688,2025-09-23,2025-10-12,2025-10-16,Delayed
O01850,P102,647,2025-05-25,2025-06-04,2025-06-03,On Time
O01851,P102,1832,2025-09-02,2025-09-09,2025-09-09,On Time
O01852,P104,1294,2025-07-24,2025-08-05,2025-08-03,On Time
O01853,P101,242,2025-02-23,2025-03-10,2025-03-09,On Time
O01854,P103,1941,2025-01-07,2025-01-15,2025-01-13,In Progress
O01855,P101,1587,2025-04-20,2025-04-26,2025-04-24,On Time
O01856,P104,1119,2025-11-19,2025-12-02,2025-12-01,On Time
O01857,P102,1547,2025-02-18,2025-03-01,2025-03-01,In Progress
O01858,P103,1182,2025-12-24,2026-01-10,2026-01-10,In Progress
O01859,P101,618,2025-02-03,2025-02-11,2025-02-10,On Time
O01860,P103,944,2025-12-25,2026-01-01,2025-12-31,On Time
O01861,P103,271,2025-12-05,2025-12-23,2025-12-21,On Time
O01862,P103,1165,2025-12-21,2025-12-26,2025-12-27,Delayed
O01863,P103,543,2025-10-15,2025-10-31,2025-10-31,On Time
O01864,P103,1435,2025-07-10,2025-07-29,2025-08-02,Delayed
O01865,P103,600,2025-05-02,2025-05-20,2025-05-20,On Time
O01866,P102,1186,2025-08-16,2025-08-28,2025-08-26,On Time
O01867,P101,1597,2025-04-04,2025-04-19,2025-04-17,On Time
O01868,P102,1746,2025-08-08,2025-08-25,2025-08-23,On Time
O01869,P104,1807,2025-05-27,2025-06-04,2025-06-04,On Time
O01870,P102,638,2025-05-11,2025-05-22,2025-05-28,Delayed
O01871,P104,1388,2025-09-17,2025-10-02,2025-09-30,In Progress
O01872,P103,1586,2025-12-10,2025-12-17,2025-12-17,On Time
O01873,P101,618,2025-09-05,2025-09-12,2025-09-19,Delayed
O01874,P102,1213,2025-06-30,2025-07-17,2025-07-15,On Time
O01875,P103,1799,2025-09-15,2025-09-23,2025-09-22,On Time
O01876,P104,251,2025-02-02,2025-02-11,2025-02-11,On Time
O01877,P103,1508,2025-03-26,2025-04-12,2025-04-11,In Progress
O01878,P104,655,2025-05-14,2025-05-21,2025-05-21,On Time
O01879,P101,1958,2025-01-31,2025-02-20,2025-02-19,In Progress
O01880,P101,691,2025-10-11,2025-10-25,2025-10-24,On Time
O01881,P103,264,2025-03-15,2025-03-29,2025-03-28,On Time
O01882,P104,1642,2025-01-29,2025-02-09,2025-02-07,In Progress
O01883,P101,499,2025-01-20,2025-02-02,2025-01-31,In Progress
O01884,P102,687,2025-02-28,2025-03-20,2025-03-19,On Time
O01885,P104,926,2025-11-11,2025-11-27,2025-11-27,In Progress
O01886,P102,1013,2025-04-11,2025-04-19,2025-04-18,In Progress
O01887,P104,826,2025-03-02,2025-03-10,2025-03-12,Delayed
O01888,P101,1859,2025-06-01,2025-06-15,2025-06-13,In Progress
O01889,P101,1090,2025-04-26,2025-05-06,2025-05-05,On Time
O01890,P102,1097,2025-03-30,2025-04-15,2025-04-14,On Time
O01891,P101,326,2025-11-29,2025-12-14,2025-12-13,On Time
O01892,P104,1781,2025-11-30,2025-12-12,2025-12-11,On Time
O01893,P104,1461,2025-07-27,2025-08-11,2025-08-13,Delayed
O01894,P102,689,2025-08-30,2025-09-13,2025-09-13,In Progress
O01895,P101,1497,2025-07-24,2025-08-02,2025-08-04,Delayed
O01896,P104,925,2025-05-06,2025-05-13,2025-05-12,In Progress
O01897,P103,837,2025-06-08,2025-06-24,2025-06-24,In Progress
O01898,P102,182,2025-07-24,2025-07-31,2025-07-31,On Time
O01899,P104,168,2025-11-03,2025-11-13,2025-11-12,On Time
O01900,P104,830,2025-03-19,2025-03-28,2025-03-27,On Time
O01901,P102,416,2025-05-10,2025-05-20,2025-05-26,Delayed
O01902,P104,1101,2025-04-27,2025-05-11,2025-05-10,On Time
O01903,P101,1408,2025-12-17,2026-01-01,2026-01-04,Delayed
O01904,P101,744,2025-03-27,2025-04-03,2025-04-03,On Time
O01905,P103,825,2025-04-17,2025-04-28,2025-04-29,Delayed
O01906,P102,1755,2025-10-18,2025-10-24,2025-10-24,On Time
O01907,P102,1336,2025-04-17,2025-05-06,2025-05-04,In Progress
O01908,P104,456,2025-06-06,2025-06-19,2025-06-19,On Time
O01909,P101,1095,2025-10-28,2025-11-06,2025-11-05,On Time
O01910,P101,245,2025-04-23,2025-05-09,2025-05-09,In Progress
O01911,P102,884,2025-03-04,2025-03-21,2025-03-21,In Progress
O01912,P101,1652,2025-02-08,2025-02-23,2025-02-23,In Progress
O01913,P102,1299,2025-09-26,2025-10-12,2025-10-10,In Progress
O01914,P101,151,2025-05-16,2025-05-24,2025-05-24,In Progress
O01915,P103,179,2025-05-06,2025-05-14,2025-05-12,On Time
O01916,P102,198,2025-03-08,2025-03-19,2025-03-19,On Time
O01917,P102,1544,2025-09-18,2025-10-08,2025-10-08,On Time
O01918,P103,1292,2025-07-19,2025-08-03,2025-08-03,In Progress
O01919,P104,1942,2025-03-19,2025-03-30,2025-03-30,On Time
O01920,P104,982,2025-09-17,2025-09-27,2025-09-25,In Progress
O01921,P104,1423,2025-05-26,2025-06-15,2025-06-13,In Progress
O01922,P103,610,2025-11-06,2025-11-25,2025-11-24,On Time
O01923,P104,1844,2025-07-23,2025-07-28,2025-08-02,Delayed
O01924,P103,1112,2025-05-05,2025-05-18,2025-05-18,On Time
O01925,P101,320,2025-05-18,2025-05-23,2025-05-23,On Time
O01926,P102,1728,2025-03-20,2025-04-06,2025-04-05,On Time
O01927,P102,856,2025-01-03,2025-01-16,2025-01-14,On Time
O01928,P104,345,2025-05-05,2025-05-19,2025-05-19,On Time
O01929,P104,1289,2025-12-27,2026-01-01,2025-12-31,On Time
O01930,P104,1223,2025-10-16,2025-10-21,2025-10-19,On Time
O01931,P104,454,2025-01-11,2025-01-16,2025-01-15,In Progress
O01932,P103,673,2025-10-23,2025-11-10,2025-11-11,Delayed
O01933,P102,831,2025-07-17,2025-07-24,2025-07-23,On Time
O01934,P101,792,2025-11-05,2025-11-19,2025-11-18,In Progress
O01935,P104,274,2025-12-14,2025-12-25,2025-12-25,On Time
O01936,P102,878,2025-04-14,2025-04-26,2025-04-26,In Progress
O01937,P104,1862,2025-01-15,2025-01-26,2025-01-26,On Time
O01938,P102,994,2025-01-31,2025-02-08,2025-02-07,On Time
O01939,P104,1571,2025-07-01,2025-07-11,2025-07-12,Delayed
O01940,P104,730,2025-01-20,2025-02-01,2025-02-01,In Progress
O01941,P104,1315,2025-06-13,2025-06-26,2025-06-24,In Progress
O01942,P101,429,2025-12-20,2026-01-06,2026-01-06,In Progress
O01943,P101,699,2025-06-05,2025-06-17,2025-06-15,On Time
O01944,P101,961,2025-03-19,2025-03-26,2025-03-25,In Progress
O01945,P104,1473,2025-05-29,2025-06-11,2025-06-10,In Progress
O01946,P104,1821,2025-03-18,2025-03-24,2025-03-25,Delayed
O01947,P103,667,2025-01-10,2025-01-16,2025-01-14,In Progress
O01948,P102,1203,2025-09-14,2025-09-29,2025-09-29,In Progress
O01949,P102,434,2025-12-11,2025-12-20,2025-12-27,Delayed
O01950,P103,913,2025-10-31,2025-11-19,2025-11-18,In Progress
O01951,P101,1059,2025-08-01,2025-08-06,2025-08-07,Delayed
O01952,P103,630,2025-12-13,2025-12-29,2025-12-27,In Progress
O01953,P101,1732,2025-07-04,2025-07-24,2025-07-23,In Progress
O01954,P101,319,2025-10-19,2025-11-03,2025-11-02,On Time
O01955,P104,1545,2025-09-23,2025-10-06,2025-10-06,On Time
O01956,P104,740,2025-12-21,2026-01-07,2026-01-06,In Progress
O01957,P103,760,2025-04-26,2025-05-11,2025-05-09,On Time
O01958,P102,1426,2025-04-14,2025-04-27,2025-04-26,In Progress
O01959,P102,126,2025-08-31,2025-09-18,2025-09-18,In Progress
O01960,P103,1370,2025-01-26,2025-02-01,2025-02-06,Delayed
O01961,P101,1967,2025-09-06,2025-09-25,2025-09-23,On Time
O01962,P101,862,2025-11-25,2025-12-14,2025-12-13,On Time
O01963,P104,1574,2025-08-15,2025-08-29,2025-08-30,Delayed
O01964,P103,1831,2025-09-25,2025-10-13,2025-10-12,On Time
O01965,P102,1603,2025-01-02,2025-01-09,2025-01-08,On Time
O01966,P102,140,2025-10-01,2025-10-13,2025-10-13,On Time
O01967,P102,1707,2025-09-08,2025-09-19,2025-09-18,On Time
O01968,P104,1941,2025-11-22,2025-12-04,2025-12-02,In Progress
O01969,P103,788,2025-12-14,2025-12-21,2025-12-20,On Time
O01970,P103,374,2025-10-25,2025-11-07,2025-11-07,On Time
O01971,P102,1083,2025-10-07,2025-10-22,2025-10-22,On Time
O01972,P103,1617,2025-12-20,2026-01-02,2026-01-08,Delayed
O01973,P101,1048,2025-07-20,2025-08-08,2025-08-06,On Time
O01974,P101,1583,2025-04-27,2025-05-08,2025-05-07,In Progress
O01975,P104,1036,2025-08-23,2025-08-31,2025-09-02,Delayed
O01976,P102,1405,2025-10-21,2025-10-30,2025-10-30,On Time
O01977,P101,843,2025-08-27,2025-09-12,2025-09-18,Delayed
O01978,P104,1066,2025-01-29,2025-02-07,2025-02-06,On Time
O01979,P101,1606,2025-03-30,2025-04-05,2025-04-05,On Time
O01980,P101,354,2025-07-24,2025-07-29,2025-07-28,On Time
O01981,P102,1379,2025-08-03,2025-08-18,2025-08-20,Delayed
O01982,P101,521,2025-07-05,2025-07-22,2025-07-22,In Progress
O01983,P103,745,2025-08-19,2025-08-27,2025-08-27,On Time
O01984,P101,1797,2025-04-10,2025-04-26,2025-04-24,On Time
O01985,P104,109,2025-05-14,2025-05-31,2025-05-30,On Time
O01986,P102,1086,2025-08-11,2025-08-22,2025-08-22,In Progress
O01987,P101,1812,2025-05-18,2025-05-23,2025-05-23,In Progress
O01988,P104,298,2025-03-03,2025-03-11,2025-03-14,Delayed
O01989,P104,735,2025-04-28,2025-05-13,2025-05-12,On Time
O01990,P103,1422,2025-11-05,2025-11-16,2025-11-15,In Progress
O01991,P102,856,2025-02-04,2025-02-15,2025-02-20,Delayed
O01992,P103,1110,2025-08-09,2025-08-15,2025-08-13,On Time
O01993,P104,240,2025-06-27,2025-07-11,2025-07-09,In Progress
O01994,P104,307,2025-08-30,2025-09-18,2025-09-18,On Time
O01995,P104,977,2025-06-20,2025-07-08,2025-07-08,On Time
O01996,P101,1735,2025-02-13,2025-03-03,2025-03-02,In Progress
O01997,P103,1247,2025-04-12,2025-04-30,2025-04-29,In Progress
O01998,P101,569,2025-07-05,2025-07-19,2025-07-17,In Progress
O01999,P103,192,2025-12-28,2026-01-10,2026-01-09,On Time
O02000,P103,438,2025-04-08,2025-04-26,2025-04-25,In Progress
O02001,P103,1473,2025-04-22,2025-05-02,2025-04-30,On Time
O02002,P103,1825,2025-08-11,2025-08-29,2025-08-29,On Time
O02003,P104,1305,2025-09-06,2025-09-18,2025-09-16,In Progress
O02004,P103,615,2025-12-08,2025-12-20,2025-12-20,In Progress
O02005,P101,1543,2025-03-22,2025-04-07,2025-04-07,In Progress
O02006,P101,545,2025-12-06,2025-12-12,2025-12-12,In Progress
O02007,P102,529,2025-05-17,2025-05-31,2025-05-30,On Time
O02008,P103,484,2025-02-17,2025-03-06,2025-03-05,In Progress
O02009,P104,1567,2025-07-21,2025-08-09,2025-08-08,In Progress
O02010,P104,315,2025-08-20,2025-08-28,2025-08-26,In Progress
O02011,P102,1681,2025-04-05,2025-04-10,2025-04-10,On Time
O02012,P102,1083,2025-07-30,2025-08-19,2025-08-19,On Time
O02013,P104,1837,2025-09-12,2025-09-21,2025-09-21,On Time
O02014,P101,1237,2025-08-25,2025-09-09,2025-09-08,On Time
O02015,P101,677,2025-10-19,2025-11-04,2025-11-03,In Progress
O02016,P103,1621,2025-08-15,2025-09-01,2025-08-31,On Time
O02017,P101,1351,2025-02-22,2025-03-12,2025-03-12,On Time
O02018,P102,1988,2025-01-31,2025-02-09,2025-02-08,On Time
O02019,P101,1169,2025-06-07,2025-06-24,2025-06-22,On Time
O02020,P102,437,2025-08-11,2025-08-19,2025-08-19,On Time
O02021,P104,927,2025-11-24,2025-11-30,2025-12-02,Delayed
O02022,P101,552,2025-08-10,2025-08-28,2025-08-28,In Progress
O02023,P102,1447,2025-11-15,2025-11-30,2025-12-04,Delayed
O02024,P103,1885,2025-07-20,2025-07-25,2025-07-26,Delayed
O02025,P103,466,2025-07-01,2025-07-09,2025-07-09,In Progress
O02026,P104,1154,2025-06-16,2025-06-28,2025-07-03,Delayed
O02027,P102,1829,2025-08-12,2025-08-30,2025-08-28,On Time
O02028,P104,848,2025-07-11,2025-07-16,2025-07-14,In Progress
O02029,P104,853,2025-09-04,2025-09-16,2025-09-15,In Progress
O02030,P101,443,2025-08-17,2025-08-24,2025-08-23,On Time
O02031,P103,1420,2025-02-05,2025-02-18,2025-02-16,On Time
O02032,P101,680,2025-10-20,2025-10-25,2025-10-25,On Time
O02033,P101,1883,2025-01-29,2025-02-11,2025-02-10,On Time
O02034,P101,217,2025-08-25,2025-09-12,2025-09-12,In Progress
O02035,P102,1708,2025-12-27,2026-01-16,2026-01-16,On Time
O02036,P104,531,2025-06-10,2025-06-28,2025-06-26,On Time
O02037,P102,1201,2025-09-06,2025-09-15,2025-09-17,Delayed
O02038,P101,418,2025-09-02,2025-09-19,2025-09-17,In Progress
O02039,P101,417,2025-01-30,2025-02-16,2025-02-14,In Progress
O02040,P102,1876,2025-05-08,2025-05-26,2025-05-26,In Progress
O02041,P102,1079,2025-10-04,2025-10-23,2025-10-25,Delayed
O02042,P104,1919,2025-09-15,2025-09-26,2025-09-24,On Time
O02043,P103,680,2025-05-16,2025-06-02,2025-05-31,On Time
O02044,P102,807,2025-06-10,2025-06-25,2025-06-24,In Progress
O02045,P102,1843,2025-12-20,2026-01-04,2026-01-04,On Time
O02046,P104,1238,2025-07-25,2025-08-09,2025-08-08,In Progress
O02047,P102,827,2025-05-12,2025-05-17,2025-05-16,On Time
O02048,P103,201,2025-10-15,2025-10-26,2025-10-25,In Progress
O02049,P103,1976,2025-07-08,2025-07-19,2025-07-17,On Time
O02050,P101,1621,2025-06-17,2025-07-03,2025-07-07,Delayed
O02051,P101,1097,2025-08-06,2025-08-15,2025-08-14,In Progress
O02052,P103,1430,2025-03-17,2025-03-23,2025-03-21,In Progress
O02053,P103,1756,2025-03-20,2025-04-04,2025-04-03,In Progress
O02054,P104,1796,2025-03-24,2025-04-10,2025-04-10,On Time
O02055,P102,556,2025-04-10,2025-04-15,2025-04-13,On Time
O02056,P103,1666,2025-01-09,2025-01-23,2025-01-28,Delayed
O02057,P103,1132,2025-12-24,2026-01-04,2026-01-02,In Progress
O02058,P102,1595,2025-06-24,2025-07-02,2025-07-03,Delayed
O02059,P102,1013,2025-12-02,2025-12-18,2025-12-16,On Time
O02060,P103,1205,2025-07-25,2025-08-06,2025-08-05,In Progress
O02061,P103,1750,2025-05-04,2025-05-11,2025-05-09,On Time
O02062,P103,1369,2025-07-01,2025-07-19,2025-07-17,On Time
O02063,P102,1235,2025-08-31,2025-09-19,2025-09-19,In Progress
O02064,P101,105,2025-05-03,2025-05-10,2025-05-09,On Time
O02065,P103,1859,2025-03-29,2025-04-12,2025-04-12,In Progress
O02066,P104,1350,2025-09-27,2025-10-10,2025-10-08,In Progress
O02067,P101,402,2025-01-22,2025-01-27,2025-01-27,On Time
O02068,P102,1684,2025-11-09,2025-11-26,2025-11-24,On Time
O02069,P101,419,2025-12-21,2026-01-04,2026-01-02,In Progress
O02070,P103,1395,2025-04-05,2025-04-15,2025-04-14,On Time
O02071,P104,1427,2025-06-04,2025-06-21,2025-06-20,On Time
O02072,P101,154,2025-02-14,2025-02-25,2025-02-24,In Progress
O02073,P103,837,2025-08-17,2025-09-05,2025-09-04,On Time
O02074,P102,1882,2025-06-10,2025-06-28,2025-06-26,In Progress
O02075,P102,935,2025-07-03,2025-07-15,2025-07-15,On Time
O02076,P104,1027,2025-04-10,2025-04-15,2025-04-14,In Progress
O02077,P104,1535,2025-10-05,2025-10-17,2025-10-17,On Time
O02078,P103,296,2025-05-24,2025-05-30,2025-05-28,On Time
O02079,P101,1718,2025-04-13,2025-04-27,2025-04-27,On Time
O02080,P103,1852,2025-06-20,2025-06-26,2025-06-26,In Progress
O02081,P102,1617,2025-03-06,2025-03-17,2025-03-16,On Time
O02082,P101,451,2025-04-25,2025-05-07,2025-05-05,On Time
O02083,P101,1773,2025-07-18,2025-08-05,2025-08-05,In Progress
O02084,P101,1582,2025-02-26,2025-03-08,2025-03-06,On Time
O02085,P102,1032,2025-10-09,2025-10-20,2025-10-23,Delayed
O02086,P103,859,2025-05-31,2025-06-14,2025-06-13,On Time
O02087,P102,504,2025-07-11,2025-07-24,2025-07-30,Delayed
O02088,P102,1844,2025-08-12,2025-08-31,2025-08-30,In Progress
O02089,P104,681,2025-03-02,2025-03-10,2025-03-10,In Progress
O02090,P103,1187,2025-05-29,2025-06-06,2025-06-05,In Progress
O02091,P101,242,2025-08-07,2025-08-19,2025-08-18,In Progress
O02092,P103,1030,2025-05-11,2025-05-17,2025-05-15,On Time
O02093,P102,223,2025-01-01,2025-01-08,2025-01-06,On Time
O02094,P103,561,2025-08-24,2025-09-01,2025-08-30,In Progress
O02095,P101,1651,2025-12-30,2026-01-14,2026-01-13,In Progress
O02096,P104,1596,2025-06-03,2025-06-17,2025-06-16,In Progress
O02097,P102,1411,2025-02-17,2025-03-09,2025-03-07,On Time
O02098,P104,1834,2025-06-12,2025-07-02,2025-07-04,Delayed
O02099,P102,1114,2025-05-31,2025-06-15,2025-06-15,In Progress
O02100,P101,974,2025-05-01,2025-05-06,2025-05-04,In Progress
O02101,P101,864,2025-10-05,2025-10-11,2025-10-17,Delayed
O02102,P101,503,2025-04-18,2025-04-29,2025-04-29,On Time
O02103,P101,1070,2025-07-03,2025-07-09,2025-07-09,On Time
O02104,P104,1972,2025-09-05,2025-09-18,2025-09-17,In Progress
O02105,P104,1582,2025-08-31,2025-09-12,2025-09-10,In Progress
O02106,P101,868,2025-01-05,2025-01-11,2025-01-11,On Time
O02107,P104,1741,2025-04-28,2025-05-05,2025-05-03,In Progress
O02108,P104,708,2025-02-28,2025-03-09,2025-03-07,On Time
O02109,P103,963,2025-03-06,2025-03-19,2025-03-19,In Progress
O02110,P101,795,2025-09-07,2025-09-17,2025-09-15,In Progress
O02111,P102,705,2025-05-27,2025-06-11,2025-06-10,On Time
O02112,P102,629,2025-11-28,2025-12-07,2025-12-05,On Time
O02113,P103,924,2025-11-23,2025-12-05,2025-12-05,On Time
O02114,P102,1318,2025-05-17,2025-05-23,2025-05-23,On Time
O02115,P101,1482,2025-10-23,2025-11-03,2025-11-01,In Progress
O02116,P101,1873,2025-11-18,2025-12-02,2025-12-02,On Time
O02117,P102,1992,2025-02-01,2025-02-18,2025-02-18,On Time
O02118,P103,1723,2025-12-04,2025-12-16,2025-12-16,On Time
O02119,P103,214,2025-07-02,2025-07-18,2025-07-16,In Progress
O02120,P101,1458,2025-05-15,2025-05-30,2025-05-28,In Progress
O02121,P102,1747,2025-01-27,2025-02-01,2025-02-08,Delayed
O02122,P101,771,2025-01-28,2025-02-16,2025-02-15,In Progress
O02123,P103,1664,2025-07-08,2025-07-14,2025-07-13,In Progress
O02124,P102,1333,2025-03-30,2025-04-04,2025-04-04,In Progress
O02125,P103,1997,2025-08-31,2025-09-16,2025-09-14,On Time
O02126,P102,1398,2025-11-08,2025-11-16,2025-11-14,On Time
O02127,P101,452,2025-03-08,2025-03-14,2025-03-16,Delayed
O02128,P104,905,2025-05-21,2025-05-26,2025-05-27,Delayed
O02129,P104,1553,2025-03-13,2025-03-22,2025-03-20,On Time
O02130,P101,771,2025-10-04,2025-10-11,2025-10-09,In Progress
O02131,P103,1713,2025-01-17,2025-02-05,2025-02-04,On Time
O02132,P102,141,2025-12-14,2025-12-20,2025-12-18,In Progress
O02133,P101,167,2025-03-01,2025-03-20,2025-03-18,On Time
O02134,P101,1948,2025-08-26,2025-09-05,2025-09-04,On Time
O02135,P101,940,2025-11-27,2025-12-13,2025-12-12,In Progress
O02136,P102,477,2025-01-19,2025-02-06,2025-02-04,In Progress
O02137,P103,1371,2025-04-07,2025-04-20,2025-04-23,Delayed
O02138,P102,1873,2025-06-21,2025-07-07,2025-07-06,In Progress
O02139,P102,1102,2025-10-15,2025-10-24,2025-10-30,Delayed
O02140,P102,1306,2025-03-08,2025-03-20,2025-03-20,In Progress
O02141,P103,741,2025-08-23,2025-09-03,2025-09-03,In Progress
O02142,P103,887,2025-04-23,2025-05-02,2025-04-30,In Progress
O02143,P104,932,2025-09-10,2025-09-27,2025-09-27,On Time
O02144,P101,790,2025-08-23,2025-09-04,2025-09-02,In Progress
O02145,P103,1637,2025-01-29,2025-02-09,2025-02-07,In Progress
O02146,P103,1669,2025-03-10,2025-03-17,2025-03-23,Delayed
O02147,P102,167,2025-01-09,2025-01-23,2025-01-23,On Time
O02148,P101,1990,2025-03-16,2025-03-23,2025-03-22,In Progress
O02149,P101,382,2025-01-19,2025-01-27,2025-01-25,On Time
O02150,P103,1178,2025-08-08,2025-08-26,2025-08-25,On Time
O02151,P104,877,2025-05-16,2025-05-25,2025-05-23,On Time
O02152,P103,1909,2025-11-23,2025-11-29,2025-11-28,On Time
O02153,P104,1333,2025-12-21,2026-01-03,2026-01-02,In Progress
O02154,P104,407,2025-11-02,2025-11-18,2025-11-18,On Time
O02155,P103,994,2025-08-29,2025-09-05,2025-09-08,Delayed
O02156,P102,1037,2025-11-20,2025-12-09,2025-12-09,On Time
O02157,P103,1218,2025-10-07,2025-10-18,2025-10-17,On Time
O02158,P101,463,2025-01-08,2025-01-25,2025-01-24,On Time
O02159,P101,1882,2025-07-14,2025-07-27,2025-07-29,Delayed
O02160,P101,1213,2025-10-18,2025-11-04,2025-11-02,In Progress
O02161,P104,1358,2025-10-22,2025-10-31,2025-10-31,In Progress
O02162,P101,843,2025-08-06,2025-08-11,2025-08-09,On Time
O02163,P102,1897,2025-02-21,2025-03-08,2025-03-07,In Progress
O02164,P103,1678,2025-02-27,2025-03-09,2025-03-16,Delayed
O02165,P101,273,2025-06-10,2025-06-21,2025-06-19,In Progress
O02166,P101,1744,2025-11-01,2025-11-20,2025-11-19,On Time
O02167,P104,455,2025-04-10,2025-04-25,2025-04-25,On Time
O02168,P104,1843,2025-02-27,2025-03-05,2025-03-09,Delayed
O02169,P101,1635,2025-04-13,2025-04-21,2025-04-20,In Progress
O02170,P102,1481,2025-06-26,2025-07-04,2025-07-05,Delayed
O02171,P101,1381,2025-01-23,2025-01-28,2025-01-27,On Time
O02172,P104,1671,2025-01-25,2025-02-11,2025-02-09,On Time
O02173,P104,382,2025-03-07,2025-03-17,2025-03-15,On Time
O02174,P102,258,2025-12-01,2025-12-13,2025-12-12,In Progress
O02175,P102,249,2025-03-28,2025-04-02,2025-04-01,On Time
O02176,P104,474,2025-02-03,2025-02-23,2025-02-22,In Progress
O02177,P102,551,2025-08-13,2025-08-30,2025-08-29,In Progress
O02178,P104,1699,2025-07-22,2025-08-03,2025-08-02,On Time
O02179,P102,162,2025-06-21,2025-07-04,2025-07-04,In Progress
O02180,P101,117,2025-09-27,2025-10-04,2025-10-02,On Time
O02181,P103,856,2025-08-01,2025-08-18,2025-08-17,In Progress
O02182,P102,1484,2025-06-11,2025-06-18,2025-06-18,In Progress
O02183,P102,1140,2025-01-31,2025-02-19,2025-02-18,In Progress
O02184,P103,1483,2025-03-10,2025-03-30,2025-03-28,In Progress
O02185,P104,1746,2025-07-21,2025-07-30,2025-07-29,In Progress
O02186,P102,1682,2025-03-10,2025-03-29,2025-03-28,On Time
O02187,P104,224,2025-01-04,2025-01-20,2025-01-18,On Time
O02188,P101,1297,2025-04-17,2025-05-01,2025-04-30,On Time
O02189,P104,1130,2025-08-03,2025-08-17,2025-08-17,On Time
O02190,P103,927,2025-02-27,2025-03-08,2025-03-14,Delayed
O02191,P103,1304,2025-03-17,2025-03-23,2025-03-23,On Time
O02192,P104,1200,2025-12-11,2025-12-28,2025-12-27,On Time
O02193,P101,1692,2025-11-09,2025-11-25,2025-11-23,On Time
O02194,P101,1927,2025-02-20,2025-02-25,2025-02-24,On Time
O02195,P101,1768,2025-05-15,2025-05-28,2025-05-26,In Progress
O02196,P102,697,2025-11-04,2025-11-24,2025-11-28,Delayed
O02197,P104,1539,2025-11-14,2025-11-19,2025-11-18,On Time
O02198,P102,345,2025-05-06,2025-05-22,2025-05-27,Delayed
O02199,P102,1734,2025-11-18,2025-11-30,2025-11-30,On Time
O02200,P102,708,2025-10-24,2025-11-03,2025-11-01,On Time
O02201,P104,924,2025-08-26,2025-09-07,2025-09-07,On Time
O02202,P101,1293,2025-01-07,2025-01-24,2025-01-27,Delayed
O02203,P103,1436,2025-10-04,2025-10-10,2025-10-09,On Time
O02204,P103,799,2025-07-13,2025-07-25,2025-07-25,In Progress
O02205,P101,1283,2025-07-20,2025-07-26,2025-07-24,In Progress
O02206,P101,1208,2025-03-24,2025-03-30,2025-03-28,On Time
O02207,P102,1389,2025-02-27,2025-03-07,2025-03-06,On Time
O02208,P104,131,2025-02-23,2025-03-06,2025-03-05,In Progress
O02209,P103,1353,2025-10-26,2025-11-09,2025-11-09,On Time
O02210,P103,1300,2025-08-21,2025-09-01,2025-09-01,In Progress
O02211,P102,307,2025-11-05,2025-11-17,2025-11-15,In Progress
O02212,P103,995,2025-10-17,2025-10-23,2025-10-22,On Time
O02213,P104,1473,2025-11-27,2025-12-17,2025-12-19,Delayed
O02214,P103,1082,2025-07-17,2025-07-26,2025-07-25,In Progress
O02215,P101,1737,2025-07-17,2025-08-02,2025-08-01,In Progress
O02216,P101,1507,2025-03-16,2025-03-25,2025-03-25,On Time
O02217,P101,490,2025-01-17,2025-01-24,2025-01-22,On Time
O02218,P104,1876,2025-01-25,2025-02-03,2025-02-02,On Time
O02219,P101,424,2025-07-07,2025-07-27,2025-07-30,Delayed
O02220,P101,1606,2025-12-20,2025-12-31,2025-12-29,On Time
O02221,P103,1420,2025-04-17,2025-05-01,2025-04-30,In Progress
O02222,P103,1546,2025-12-28,2026-01-02,2026-01-01,In Progress
O02223,P104,799,2025-02-09,2025-02-24,2025-02-23,On Time
O02224,P101,702,2025-06-07,2025-06-14,2025-06-12,On Time
O02225,P102,189,2025-08-12,2025-09-01,2025-08-30,On Time
O02226,P104,275,2025-07-31,2025-08-10,2025-08-14,Delayed
O02227,P102,1427,2025-02-24,2025-03-01,2025-03-02,Delayed
O02228,P104,800,2025-06-05,2025-06-17,2025-06-17,On Time
O02229,P104,314,2025-11-11,2025-11-17,2025-11-17,In Progress
O02230,P104,1554,2025-05-17,2025-06-02,2025-06-02,On Time
O02231,P102,273,2025-06-22,2025-06-29,2025-06-27,In Progress
O02232,P104,1215,2025-07-11,2025-07-16,2025-07-16,In Progress
O02233,P102,799,2025-12-07,2025-12-15,2025-12-20,Delayed
O02234,P102,1253,2025-05-08,2025-05-24,2025-05-22,On Time
O02235,P102,561,2025-12-02,2025-12-12,2025-12-13,Delayed
O02236,P102,1503,2025-05-22,2025-05-28,2025-05-27,On Time
O02237,P101,697,2025-03-10,2025-03-18,2025-03-17,In Progress
O02238,P102,1925,2025-09-02,2025-09-07,2025-09-12,Delayed
O02239,P103,503,2025-06-16,2025-07-01,2025-06-29,In Progress
O02240,P101,1240,2025-05-30,2025-06-11,2025-06-11,In Progress
O02241,P102,1738,2025-01-15,2025-02-03,2025-02-02,On Time
O02242,P104,902,2025-06-20,2025-07-02,2025-07-03,Delayed
O02243,P101,1543,2025-04-10,2025-04-24,2025-04-22,On Time
O02244,P104,1756,2025-02-25,2025-03-08,2025-03-07,In Progress
O02245,P103,837,2025-01-17,2025-01-27,2025-01-30,Delayed
O02246,P102,1356,2025-02-24,2025-03-03,2025-03-02,In Progress
O02247,P104,679,2025-10-12,2025-10-30,2025-10-28,In Progress
O02248,P102,689,2025-11-10,2025-11-18,2025-11-17,On Time
O02249,P103,1927,2025-06-22,2025-06-28,2025-06-27,In Progress
O02250,P101,402,2025-09-27,2025-10-09,2025-10-08,On Time
O02251,P101,195,2025-11-30,2025-12-15,2025-12-13,In Progress
O02252,P103,1007,2025-03-30,2025-04-17,2025-04-15,On Time
O02253,P103,1280,2025-04-01,2025-04-10,2025-04-09,On Time
O02254,P104,1281,2025-05-04,2025-05-19,2025-05-24,Delayed
O02255,P102,1965,2025-12-15,2025-12-30,2025-12-30,In Progress
O02256,P103,1236,2025-08-20,2025-09-07,2025-09-07,In Progress
O02257,P102,1754,2025-12-17,2025-12-30,2025-12-29,In Progress
O02258,P104,1146,2025-02-16,2025-02-23,2025-02-22,On Time
O02259,P102,1263,2025-05-02,2025-05-18,2025-05-23,Delayed
O02260,P104,1804,2025-12-12,2025-12-25,2025-12-24,In Progress
O02261,P104,1852,2025-03-05,2025-03-24,2025-03-24,In Progress
O02262,P103,1543,2025-03-23,2025-03-28,2025-03-27,In Progress
O02263,P103,106,2025-04-15,2025-04-25,2025-05-01,Delayed
O02264,P101,1630,2025-02-25,2025-03-17,2025-03-15,In Progress
O02265,P103,1169,2025-11-05,2025-11-22,2025-11-21,In Progress
O02266,P103,1113,2025-11-06,2025-11-15,2025-11-18,Delayed
O02267,P103,159,2025-10-03,2025-10-18,2025-10-16,In Progress
O02268,P102,363,2025-07-22,2025-08-04,2025-08-03,On Time
O02269,P103,228,2025-09-22,2025-10-07,2025-10-07,In Progress
O02270,P104,157,2025-03-02,2025-03-11,2025-03-10,In Progress
O02271,P101,622,2025-08-20,2025-09-05,2025-09-03,On Time
O02272,P102,240,2025-09-03,2025-09-09,2025-09-16,Delayed
O02273,P101,1355,2025-06-29,2025-07-09,2025-07-09,In Progress
O02274,P104,571,2025-05-05,2025-05-16,2025-05-23,Delayed
O02275,P104,613,2025-05-15,2025-05-23,2025-05-22,On Time
O02276,P104,1529,2025-08-24,2025-08-29,2025-08-29,On Time
O02277,P101,206,2025-02-08,2025-02-24,2025-02-24,In Progress
O02278,P103,132,2025-08-17,2025-08-28,2025-09-03,Delayed
O02279,P102,1986,2025-05-24,2025-06-02,2025-05-31,On Time
O02280,P104,1042,2025-05-06,2025-05-16,2025-05-14,In Progress
O02281,P104,1116,2025-01-06,2025-01-23,2025-01-21,On Time
O02282,P101,1836,2025-12-20,2025-12-30,2026-01-01,Delayed
O02283,P103,551,2025-04-15,2025-04-28,2025-05-02,Delayed
O02284,P101,1668,2025-01-14,2025-02-01,2025-01-30,On Time
O02285,P103,541,2025-03-05,2025-03-10,2025-03-09,In Progress
O02286,P104,159,2025-09-04,2025-09-10,2025-09-09,On Time
O02287,P102,797,2025-03-02,2025-03-07,2025-03-14,Delayed
O02288,P101,976,2025-10-26,2025-11-05,2025-11-03,On Time
O02289,P104,1941,2025-06-10,2025-06-28,2025-06-28,In Progress
O02290,P102,1210,2025-10-06,2025-10-22,2025-10-27,Delayed
O02291,P103,897,2025-04-26,2025-05-14,2025-05-14,In Progress
O02292,P103,846,2025-04-18,2025-05-01,2025-04-29,On Time
O02293,P102,1829,2025-12-02,2025-12-10,2025-12-09,On Time
O02294,P101,1153,2025-12-02,2025-12-15,2025-12-14,On Time
O02295,P102,316,2025-01-13,2025-01-25,2025-01-25,On Time
O02296,P101,693,2025-03-27,2025-04-15,2025-04-15,In Progress
O02297,P101,180,2025-12-10,2025-12-25,2025-12-24,In Progress
O02298,P104,1818,2025-04-06,2025-04-13,2025-04-12,In Progress
O02299,P103,1216,2025-09-02,2025-09-21,2025-09-20,On Time
O02300,P103,362,2025-09-03,2025-09-17,2025-09-16,In Progress
O02301,P103,1661,2025-01-26,2025-02-05,2025-02-03,In Progress
O02302,P103,1438,2025-02-14,2025-02-21,2025-02-21,On Time
O02303,P102,1779,2025-05-16,2025-05-28,2025-05-28,On Time
O02304,P101,1513,2025-05-19,2025-05-27,2025-06-01,Delayed
O02305,P103,1516,2025-08-27,2025-09-06,2025-09-05,On Time
O02306,P104,1173,2025-07-27,2025-08-11,2025-08-11,In Progress
O02307,P102,195,2025-08-21,2025-08-30,2025-09-02,Delayed
O02308,P102,353,2025-10-30,2025-11-17,2025-11-15,On Time
O02309,P101,620,2025-07-29,2025-08-07,2025-08-11,Delayed
O02310,P101,180,2025-07-19,2025-08-01,2025-07-30,On Time
O02311,P104,361,2025-05-08,2025-05-24,2025-05-23,In Progress
O02312,P101,1812,2025-03-09,2025-03-18,2025-03-16,In Progress
O02313,P103,1461,2025-02-19,2025-03-02,2025-02-28,In Progress
O02314,P103,592,2025-09-04,2025-09-10,2025-09-10,In Progress
O02315,P101,1576,2025-12-08,2025-12-18,2025-12-22,Delayed
O02316,P101,1923,2025-02-23,2025-03-06,2025-03-04,In Progress
O02317,P104,1043,2025-07-27,2025-08-11,2025-08-10,In Progress
O02318,P104,424,2025-03-24,2025-03-31,2025-03-31,In Progress
O02319,P101,1307,2025-08-10,2025-08-18,2025-08-16,In Progress
O02320,P104,1486,2025-02-22,2025-03-05,2025-03-04,On Time
O02321,P103,1723,2025-04-26,2025-05-11,2025-05-11,On Time
O02322,P101,674,2025-03-06,2025-03-18,2025-03-17,On Time
O02323,P104,1428,2025-03-11,2025-03-17,2025-03-17,On Time
O02324,P102,1242,2025-10-18,2025-10-29,2025-10-27,On Time
O02325,P104,1953,2025-07-21,2025-08-02,2025-08-04,Delayed
O02326,P101,637,2025-01-26,2025-02-02,2025-01-31,In Progress
O02327,P101,1216,2025-11-01,2025-11-12,2025-11-11,In Progress
O02328,P102,894,2025-09-05,2025-09-14,2025-09-13,In Progress
O02329,P102,1073,2025-05-30,2025-06-16,2025-06-23,Delayed
O02330,P101,573,2025-05-11,2025-05-21,2025-05-20,On Time
O02331,P101,375,2025-09-11,2025-09-20,2025-09-20,On Time
O02332,P103,900,2025-08-10,2025-08-27,2025-08-25,In Progress
O02333,P103,1757,2025-07-20,2025-07-28,2025-07-28,In Progress
O02334,P104,1623,2025-11-27,2025-12-03,2025-12-03,On Time
O02335,P102,1325,2025-01-05,2025-01-16,2025-01-16,On Time
O02336,P102,736,2025-10-29,2025-11-15,2025-11-14,In Progress
O02337,P103,293,2025-04-25,2025-05-08,2025-05-13,Delayed
O02338,P101,1298,2025-09-19,2025-10-03,2025-10-01,On Time
O02339,P102,357,2025-01-08,2025-01-16,2025-01-20,Delayed
O02340,P102,263,2025-12-04,2025-12-23,2025-12-30,Delayed
O02341,P104,562,2025-05-27,2025-06-16,2025-06-14,On Time
O02342,P104,833,2025-04-27,2025-05-07,2025-05-09,Delayed
O02343,P102,1636,2025-06-19,2025-07-01,2025-06-30,In Progress
O02344,P103,1785,2025-01-04,2025-01-14,2025-01-12,In Progress
O02345,P103,251,2025-12-15,2026-01-02,2026-01-05,Delayed
O02346,P104,938,2025-10-02,2025-10-09,2025-10-09,In Progress
O02347,P103,1757,2025-02-15,2025-03-02,2025-03-02,On Time
O02348,P101,1391,2025-12-12,2026-01-01,2025-12-30,On Time
O02349,P101,1244,2025-10-25,2025-11-09,2025-11-09,In Progress
O02350,P101,515,2025-12-06,2025-12-13,2025-12-11,In Progress
O02351,P103,1985,2025-11-01,2025-11-13,2025-11-11,In Progress
O02352,P101,799,2025-04-30,2025-05-13,2025-05-11,On Time
O02353,P102,1369,2025-11-28,2025-12-16,2025-12-16,In Progress
O02354,P103,1540,2025-08-12,2025-08-26,2025-08-25,On Time
O02355,P104,1977,2025-03-23,2025-03-31,2025-03-29,On Time
O02356,P102,394,2025-10-11,2025-10-31,2025-10-30,On Time
O02357,P101,1651,2025-06-07,2025-06-15,2025-06-13,On Time
O02358,P101,1745,2025-02-27,2025-03-07,2025-03-06,In Progress
O02359,P104,1193,2025-04-26,2025-05-04,2025-05-02,On Time
O02360,P102,1545,2025-12-02,2025-12-14,2025-12-14,On Time
O02361,P101,1300,2025-11-28,2025-12-15,2025-12-13,On Time
O02362,P103,1314,2025-03-01,2025-03-10,2025-03-09,On Time
O02363,P102,227,2025-11-21,2025-11-28,2025-11-26,On Time
O02364,P101,491,2025-10-26,2025-11-02,2025-11-02,In Progress
O02365,P101,1519,2025-02-22,2025-03-03,2025-03-01,On Time
O02366,P103,127,2025-08-26,2025-09-05,2025-09-04,On Time
O02367,P102,250,2025-12-21,2025-12-29,2025-12-27,In Progress
O02368,P102,595,2025-03-29,2025-04-14,2025-04-14,In Progress
O02369,P101,846,2025-04-23,2025-05-06,2025-05-04,In Progress
O02370,P103,168,2025-01-13,2025-01-23,2025-01-23,In Progress
O02371,P103,1787,2025-02-22,2025-03-02,2025-03-02,In Progress
O02372,P103,705,2025-01-22,2025-02-09,2025-02-09,On Time
O02373,P103,648,2025-03-05,2025-03-14,2025-03-12,In Progress
O02374,P104,1088,2025-10-12,2025-10-25,2025-10-23,On Time
O02375,P104,1692,2025-03-01,2025-03-07,2025-03-07,In Progress
O02376,P103,1007,2025-05-27,2025-06-12,2025-06-19,Delayed
O02377,P101,710,2025-05-18,2025-05-25,2025-05-23,On Time
O02378,P101,1309,2025-07-11,2025-07-31,2025-07-31,On Time
O02379,P101,893,2025-03-31,2025-04-18,2025-04-17,On Time
O02380,P104,1359,2025-02-23,2025-03-02,2025-03-06,Delayed
O02381,P103,1200,2025-02-09,2025-02-19,2025-02-17,On Time
O02382,P101,1293,2025-05-18,2025-05-30,2025-05-28,In Progress
O02383,P102,1284,2025-11-20,2025-12-10,2025-12-09,In Progress
O02384,P102,854,2025-05-12,2025-05-23,2025-05-27,Delayed
O02385,P102,952,2025-04-26,2025-05-02,2025-05-01,On Time
O02386,P101,932,2025-04-06,2025-04-19,2025-04-17,In Progress
O02387,P102,1687,2025-12-05,2025-12-21,2025-12-21,In Progress
O02388,P104,911,2025-03-15,2025-03-27,2025-03-25,On Time
O02389,P102,535,2025-05-28,2025-06-05,2025-06-04,On Time
O02390,P102,1333,2025-10-13,2025-10-26,2025-10-28,Delayed
O02391,P103,570,2025-03-15,2025-03-27,2025-03-27,On Time
O02392,P102,283,2025-08-05,2025-08-20,2025-08-19,In Progress
O02393,P101,1025,2025-07-16,2025-07-25,2025-07-23,On Time
O02394,P101,1692,2025-09-13,2025-09-30,2025-09-30,On Time
O02395,P101,468,2025-10-14,2025-11-02,2025-11-09,Delayed
O02396,P103,1586,2025-03-10,2025-03-16,2025-03-15,On Time
O02397,P104,1437,2025-09-08,2025-09-27,2025-09-27,On Time
O02398,P102,949,2025-11-24,2025-12-09,2025-12-11,Delayed
O02399,P102,568,2025-05-04,2025-05-11,2025-05-09,In Progress
O02400,P101,1787,2025-02-14,2025-03-06,2025-03-13,Delayed
O02401,P101,1595,2025-01-23,2025-02-10,2025-02-08,In Progress
O02402,P103,714,2025-06-24,2025-06-30,2025-06-28,In Progress
O02403,P101,564,2025-08-05,2025-08-19,2025-08-19,In Progress
O02404,P101,358,2025-06-25,2025-07-11,2025-07-11,In Progress
O02405,P104,1586,2025-01-29,2025-02-07,2025-02-08,Delayed
O02406,P102,1226,2025-10-29,2025-11-14,2025-11-12,In Progress
O02407,P101,1776,2025-01-19,2025-01-26,2025-01-24,On Time
O02408,P104,559,2025-04-15,2025-04-30,2025-04-28,On Time
O02409,P101,1716,2025-03-27,2025-04-16,2025-04-15,In Progress
O02410,P101,1938,2025-02-27,2025-03-16,2025-03-14,In Progress
O02411,P102,264,2025-12-18,2026-01-06,2026-01-05,In Progress
O02412,P102,1250,2025-07-18,2025-08-04,2025-08-06,Delayed
O02413,P104,903,2025-04-08,2025-04-22,2025-04-20,In Progress
O02414,P102,304,2025-02-14,2025-02-23,2025-02-23,On Time
O02415,P104,373,2025-09-16,2025-10-01,2025-10-01,On Time
O02416,P104,423,2025-12-06,2025-12-11,2025-12-13,Delayed
O02417,P103,1646,2025-10-10,2025-10-24,2025-10-29,Delayed
O02418,P101,1621,2025-05-11,2025-05-31,2025-05-29,On Time
O02419,P104,509,2025-07-11,2025-07-17,2025-07-15,On Time
O02420,P104,1515,2025-11-07,2025-11-24,2025-12-01,Delayed
O02421,P102,1518,2025-07-10,2025-07-30,2025-07-29,On Time
O02422,P102,1563,2025-03-24,2025-04-07,2025-04-08,Delayed
O02423,P104,1257,2025-09-28,2025-10-16,2025-10-14,On Time
O02424,P103,984,2025-11-03,2025-11-19,2025-11-17,On Time
O02425,P101,1551,2025-06-03,2025-06-08,2025-06-06,On Time
O02426,P102,992,2025-09-08,2025-09-27,2025-10-01,Delayed
O02427,P102,118,2025-05-27,2025-06-12,2025-06-12,On Time
O02428,P103,1519,2025-09-10,2025-09-16,2025-09-16,In Progress
O02429,P101,499,2025-07-14,2025-07-28,2025-07-27,In Progress
O02430,P102,1615,2025-06-17,2025-07-01,2025-06-30,In Progress
O02431,P101,662,2025-10-09,2025-10-22,2025-10-21,On Time
O02432,P102,771,2025-09-07,2025-09-18,2025-09-18,On Time
O02433,P104,615,2025-10-22,2025-10-29,2025-11-04,Delayed
O02434,P104,1673,2025-11-24,2025-12-08,2025-12-07,On Time
O02435,P101,223,2025-09-19,2025-09-28,2025-09-27,In Progress
O02436,P101,545,2025-08-23,2025-08-31,2025-08-30,In Progress
O02437,P102,329,2025-02-10,2025-02-17,2025-02-16,In Progress
O02438,P103,1859,2025-01-23,2025-02-11,2025-02-10,In Progress
O02439,P103,194,2025-11-21,2025-12-10,2025-12-10,On Time
O02440,P101,393,2025-04-26,2025-05-11,2025-05-10,On Time
O02441,P102,759,2025-07-15,2025-08-02,2025-08-08,Delayed
O02442,P102,387,2025-06-20,2025-07-03,2025-07-01,In Progress
O02443,P101,1001,2025-04-09,2025-04-27,2025-04-29,Delayed
O02444,P104,1473,2025-08-27,2025-09-06,2025-09-04,On Time
O02445,P103,999,2025-05-12,2025-05-19,2025-05-19,On Time
O02446,P103,1500,2025-08-08,2025-08-17,2025-08-15,On Time
O02447,P104,102,2025-11-20,2025-12-01,2025-12-01,In Progress
O02448,P104,389,2025-04-23,2025-04-30,2025-04-28,On Time
O02449,P101,470,2025-05-30,2025-06-18,2025-06-18,In Progress
O02450,P103,1668,2025-07-26,2025-08-12,2025-08-12,On Time
O02451,P104,1013,2025-01-11,2025-01-22,2025-01-22,On Time
O02452,P102,500,2025-07-21,2025-08-05,2025-08-07,Delayed
O02453,P102,180,2025-08-24,2025-09-06,2025-09-05,In Progress
O02454,P101,1525,2025-06-06,2025-06-16,2025-06-16,On Time
O02455,P104,1835,2025-11-10,2025-11-16,2025-11-16,In Progress
O02456,P102,651,2025-09-10,2025-09-22,2025-09-21,In Progress
O02457,P101,562,2025-01-06,2025-01-14,2025-01-14,In Progress
O02458,P102,1333,2025-12-09,2025-12-15,2025-12-16,Delayed
O02459,P102,175,2025-10-30,2025-11-05,2025-11-05,On Time
O02460,P101,908,2025-07-03,2025-07-18,2025-07-21,Delayed
O02461,P101,1658,2025-09-14,2025-10-03,2025-10-01,In Progress
O02462,P103,404,2025-07-13,2025-07-23,2025-07-23,On Time
O02463,P101,877,2025-08-11,2025-08-21,2025-08-19,On Time
O02464,P102,426,2025-02-18,2025-03-10,2025-03-10,On Time
O02465,P104,1600,2025-02-05,2025-02-17,2025-02-16,On Time
O02466,P103,778,2025-05-06,2025-05-19,2025-05-18,In Progress
O02467,P102,461,2025-01-30,2025-02-12,2025-02-19,Delayed
O02468,P104,1649,2025-09-23,2025-09-28,2025-09-28,In Progress
O02469,P104,1053,2025-11-09,2025-11-25,2025-11-30,Delayed
O02470,P102,313,2025-05-03,2025-05-14,2025-05-12,In Progress
O02471,P104,257,2025-10-02,2025-10-07,2025-10-06,On Time
O02472,P102,1198,2025-12-19,2025-12-28,2026-01-04,Delayed
O02473,P101,817,2025-11-05,2025-11-14,2025-11-13,On Time
O02474,P102,490,2025-08-08,2025-08-17,2025-08-15,In Progress
O02475,P104,227,2025-08-29,2025-09-06,2025-09-05,On Time
O02476,P101,979,2025-03-02,2025-03-07,2025-03-07,In Progress
O02477,P104,670,2025-12-19,2025-12-28,2025-12-30,Delayed
O02478,P101,372,2025-10-22,2025-11-03,2025-11-03,In Progress
O02479,P104,1449,2025-06-12,2025-06-29,2025-06-28,On Time
O02480,P102,1101,2025-10-21,2025-11-09,2025-11-07,In Progress
O02481,P102,262,2025-08-26,2025-09-14,2025-09-17,Delayed
O02482,P102,1850,2025-06-14,2025-07-01,2025-07-04,Delayed
O02483,P104,829,2025-09-24,2025-10-01,2025-09-29,On Time
O02484,P104,1754,2025-03-26,2025-04-11,2025-04-11,In Progress
O02485,P101,1189,2025-01-23,2025-02-01,2025-02-01,On Time
O02486,P101,1438,2025-10-31,2025-11-17,2025-11-16,On Time
O02487,P102,1093,2025-08-07,2025-08-23,2025-08-23,In Progress
O02488,P104,524,2025-08-17,2025-08-29,2025-08-28,On Time
O02489,P103,969,2025-04-02,2025-04-18,2025-04-18,In Progress
O02490,P101,418,2025-07-26,2025-08-08,2025-08-07,On Time
O02491,P103,1238,2025-12-15,2025-12-31,2025-12-30,On Time
O02492,P102,1732,2025-05-28,2025-06-02,2025-05-31,On Time
O02493,P104,1960,2025-06-20,2025-06-30,2025-06-28,In Progress
O02494,P103,910,2025-01-21,2025-02-06,2025-02-06,On Time
O02495,P102,1773,2025-05-07,2025-05-27,2025-06-02,Delayed
O02496,P104,1246,2025-11-13,2025-11-21,2025-11-23,Delayed
O02497,P103,510,2025-06-11,2025-07-01,2025-06-29,In Progress
O02498,P102,464,2025-03-03,2025-03-20,2025-03-25,Delayed
O02499,P102,854,2025-01-16,2025-01-22,2025-01-22,In Progress
O02500,P104,1357,2025-02-14,2025-02-27,2025-02-27,On Time
O02501,P102,218,2025-04-30,2025-05-18,2025-05-17,In Progress
O02502,P103,606,2025-12-21,2026-01-06,2026-01-05,In Progress
O02503,P102,848,2025-10-07,2025-10-20,2025-10-18,On Time
O02504,P104,862,2025-09-19,2025-10-02,2025-09-30,On Time
O02505,P103,1869,2025-02-27,2025-03-15,2025-03-15,In Progress
O02506,P103,710,2025-02-13,2025-02-25,2025-02-25,On Time
O02507,P103,1945,2025-11-28,2025-12-10,2025-12-08,In Progress
O02508,P104,1726,2025-08-04,2025-08-20,2025-08-20,In Progress
O02509,P102,835,2025-07-01,2025-07-19,2025-07-26,Delayed
O02510,P103,904,2025-10-20,2025-11-06,2025-11-04,In Progress
O02511,P101,1004,2025-09-18,2025-09-25,2025-09-28,Delayed
O02512,P101,663,2025-01-05,2025-01-19,2025-01-17,On Time
O02513,P101,690,2025-11-03,2025-11-20,2025-11-19,In Progress
O02514,P103,762,2025-05-02,2025-05-11,2025-05-10,In Progress
O02515,P102,1946,2025-05-09,2025-05-23,2025-05-21,In Progress
O02516,P104,217,2025-05-18,2025-06-02,2025-05-31,In Progress
O02517,P104,1816,2025-08-26,2025-09-02,2025-09-01,In Progress
O02518,P103,637,2025-11-26,2025-12-12,2025-12-10,On Time
O02519,P103,804,2025-11-01,2025-11-09,2025-11-08,On Time
O02520,P102,1072,2025-05-24,2025-06-05,2025-06-04,In Progress
O02521,P101,197,2025-12-10,2025-12-20,2025-12-18,On Time
O02522,P104,1916,2025-10-21,2025-10-28,2025-11-04,Delayed
O02523,P103,868,2025-09-19,2025-09-28,2025-09-27,In Progress
O02524,P103,1348,2025-04-05,2025-04-15,2025-04-14,On Time
O02525,P103,1950,2025-03-30,2025-04-10,2025-04-08,In Progress
O02526,P102,579,2025-01-04,2025-01-20,2025-01-27,Delayed
O02527,P102,1486,2025-09-11,2025-09-16,2025-09-16,In Progress
O02528,P103,183,2025-07-25,2025-08-11,2025-08-13,Delayed
O02529,P104,778,2025-03-01,2025-03-16,2025-03-14,On Time
O02530,P101,1328,2025-09-01,2025-09-08,2025-09-08,In Progress
O02531,P104,1287,2025-06-12,2025-06-21,2025-06-20,In Progress
O02532,P104,277,2025-07-08,2025-07-19,2025-07-24,Delayed
O02533,P104,1590,2025-01-28,2025-02-16,2025-02-14,In Progress
O02534,P103,471,2025-01-20,2025-02-01,2025-01-30,On Time
O02535,P103,996,2025-03-14,2025-03-20,2025-03-25,Delayed
O02536,P101,545,2025-03-10,2025-03-25,2025-03-24,On Time
O02537,P104,522,2025-06-06,2025-06-12,2025-06-12,In Progress
O02538,P104,1670,2025-01-06,2025-01-22,2025-01-21,On Time
O02539,P104,180,2025-07-31,2025-08-20,2025-08-21,Delayed
O02540,P101,1905,2025-12-26,2026-01-10,2026-01-11,Delayed
O02541,P102,1143,2025-09-08,2025-09-27,2025-09-27,On Time
O02542,P104,1492,2025-08-21,2025-08-30,2025-08-30,On Time
O02543,P103,1716,2025-10-11,2025-10-29,2025-10-27,On Time
O02544,P102,1566,2025-09-17,2025-09-30,2025-09-28,In Progress
O02545,P103,1765,2025-01-17,2025-02-01,2025-01-31,On Time
O02546,P101,1247,2025-12-19,2026-01-06,2026-01-05,On Time
O02547,P103,999,2025-02-07,2025-02-14,2025-02-20,Delayed
O02548,P102,1701,2025-12-06,2025-12-20,2025-12-23,Delayed
O02549,P104,1834,2025-05-28,2025-06-04,2025-06-03,On Time
O02550,P102,1982,2025-10-18,2025-10-29,2025-10-29,On Time
O02551,P103,1370,2025-09-15,2025-09-24,2025-09-23,On Time
O02552,P102,232,2025-09-25,2025-10-03,2025-10-08,Delayed
O02553,P104,1697,2025-03-01,2025-03-11,2025-03-11,On Time
O02554,P102,889,2025-10-18,2025-10-31,2025-10-29,In Progress
O02555,P101,322,2025-12-25,2025-12-30,2025-12-28,In Progress
O02556,P101,655,2025-06-17,2025-07-06,2025-07-05,On Time
O02557,P101,339,2025-02-25,2025-03-02,2025-03-01,On Time
O02558,P102,1280,2025-07-22,2025-08-01,2025-08-03,Delayed
O02559,P104,939,2025-07-29,2025-08-18,2025-08-16,On Time
O02560,P102,1225,2025-03-05,2025-03-25,2025-03-23,On Time
O02561,P102,1981,2025-11-29,2025-12-10,2025-12-10,On Time
O02562,P103,1944,2025-03-16,2025-03-26,2025-03-24,On Time
O02563,P103,1041,2025-02-07,2025-02-17,2025-02-16,On Time
O02564,P103,237,2025-09-05,2025-09-22,2025-09-21,In Progress
O02565,P103,1469,2025-01-23,2025-02-12,2025-02-12,In Progress
O02566,P102,1103,2025-08-24,2025-08-31,2025-09-01,Delayed
O02567,P103,1016,2025-03-02,2025-03-14,2025-03-12,On Time
O02568,P101,679,2025-01-10,2025-01-30,2025-01-30,On Time
O02569,P101,480,2025-12-16,2026-01-05,2026-01-05,In Progress
O02570,P102,110,2025-05-21,2025-06-10,2025-06-08,On Time
O02571,P102,437,2025-11-09,2025-11-16,2025-11-15,In Progress
O02572,P104,898,2025-01-08,2025-01-26,2025-02-02,Delayed
O02573,P101,175,2025-09-03,2025-09-12,2025-09-10,In Progress
O02574,P103,1634,2025-03-15,2025-03-21,2025-03-19,On Time
O02575,P101,1964,2025-11-21,2025-12-05,2025-12-05,On Time
O02576,P101,472,2025-10-09,2025-10-28,2025-10-28,On Time
O02577,P104,1238,2025-11-29,2025-12-18,2025-12-16,On Time
O02578,P102,301,2025-09-26,2025-10-07,2025-10-07,On Time
O02579,P102,595,2025-11-02,2025-11-09,2025-11-15,Delayed
O02580,P103,228,2025-09-04,2025-09-18,2025-09-20,Delayed
O02581,P103,579,2025-12-04,2025-12-24,2025-12-23,On Time
O02582,P101,1356,2025-02-08,2025-02-18,2025-02-17,On Time
O02583,P101,885,2025-05-07,2025-05-15,2025-05-15,On Time
O02584,P102,520,2025-01-13,2025-01-27,2025-01-25,In Progress
O02585,P101,1251,2025-12-25,2026-01-06,2026-01-05,In Progress
O02586,P103,1131,2025-08-08,2025-08-19,2025-08-19,In Progress
O02587,P103,1727,2025-10-02,2025-10-20,2025-10-18,On Time
O02588,P101,975,2025-10-17,2025-10-26,2025-10-26,On Time
O02589,P102,1499,2025-01-21,2025-02-01,2025-01-30,In Progress
O02590,P101,299,2025-12-18,2025-12-26,2025-12-30,Delayed
O02591,P104,1481,2025-07-21,2025-07-27,2025-07-27,In Progress
O02592,P101,288,2025-12-24,2026-01-08,2026-01-06,In Progress
O02593,P103,519,2025-08-03,2025-08-18,2025-08-18,On Time
O02594,P103,1779,2025-02-09,2025-02-24,2025-02-23,On Time
O02595,P101,1255,2025-05-12,2025-05-25,2025-05-29,Delayed
O02596,P102,437,2025-01-20,2025-02-08,2025-02-06,On Time
O02597,P102,1391,2025-03-30,2025-04-07,2025-04-10,Delayed
O02598,P101,1135,2025-10-21,2025-10-30,2025-10-29,In Progress
O02599,P104,402,2025-11-25,2025-12-06,2025-12-05,On Time
O02600,P104,1365,2025-08-31,2025-09-06,2025-09-05,In Progress
O02601,P101,1426,2025-01-28,2025-02-12,2025-02-11,In Progress
O02602,P101,1854,2025-04-27,2025-05-03,2025-05-01,On Time
O02603,P104,1548,2025-08-13,2025-09-02,2025-09-02,On Time
O02604,P101,1946,2025-11-14,2025-12-01,2025-12-01,In Progress
O02605,P101,957,2025-07-14,2025-08-02,2025-08-07,Delayed
O02606,P101,1394,2025-04-25,2025-05-12,2025-05-15,Delayed
O02607,P102,110,2025-11-10,2025-11-21,2025-11-21,On Time
O02608,P104,509,2025-08-30,2025-09-13,2025-09-12,On Time
O02609,P101,907,2025-07-19,2025-08-08,2025-08-06,In Progress
O02610,P104,1702,2025-02-28,2025-03-12,2025-03-10,On Time
O02611,P104,1603,2025-03-18,2025-03-26,2025-03-24,On Time
O02612,P104,1421,2025-10-04,2025-10-19,2025-10-18,On Time
O02613,P103,372,2025-12-09,2025-12-22,2025-12-22,In Progress
O02614,P103,1799,2025-02-07,2025-02-24,2025-03-03,Delayed
O02615,P104,1715,2025-05-05,2025-05-25,2025-05-25,In Progress
O02616,P101,1183,2025-09-05,2025-09-18,2025-09-18,In Progress
O02617,P101,1424,2025-05-01,2025-05-10,2025-05-09,In Progress
O02618,P102,1208,2025-04-18,2025-05-01,2025-05-01,In Progress
O02619,P102,1925,2025-08-16,2025-08-25,2025-08-24,In Progress
O02620,P102,1598,2025-09-09,2025-09-29,2025-10-05,Delayed
O02621,P102,1956,2025-03-30,2025-04-04,2025-04-04,On Time
O02622,P102,1580,2025-02-27,2025-03-04,2025-03-03,On Time
O02623,P102,1494,2025-07-16,2025-07-23,2025-07-23,In Progress
O02624,P102,1738,2025-03-02,2025-03-20,2025-03-20,In Progress
O02625,P102,209,2025-04-08,2025-04-20,2025-04-23,Delayed
O02626,P101,1739,2025-02-08,2025-02-24,2025-02-28,Delayed
O02627,P104,1770,2025-07-19,2025-07-31,2025-07-30,On Time
O02628,P101,101,2025-08-29,2025-09-17,2025-09-15,In Progress
O02629,P101,577,2025-04-27,2025-05-07,2025-05-05,In Progress
O02630,P101,1711,2025-02-10,2025-02-23,2025-02-23,In Progress
O02631,P101,457,2025-05-18,2025-06-04,2025-06-02,On Time
O02632,P102,953,2025-07-30,2025-08-19,2025-08-21,Delayed
O02633,P101,290,2025-12-21,2025-12-26,2025-12-24,In Progress
O02634,P102,1185,2025-05-14,2025-05-20,2025-05-18,On Time
O02635,P102,1409,2025-06-30,2025-07-15,2025-07-14,In Progress
O02636,P101,495,2025-07-28,2025-08-04,2025-08-02,On Time
O02637,P104,781,2025-02-28,2025-03-11,2025-03-10,On Time
O02638,P102,408,2025-04-15,2025-05-05,2025-05-03,On Time
O02639,P102,1418,2025-11-30,2025-12-11,2025-12-10,In Progress
O02640,P104,103,2025-01-10,2025-01-16,2025-01-16,On Time
O02641,P101,632,2025-10-01,2025-10-18,2025-10-16,In Progress
O02642,P102,1124,2025-09-12,2025-09-21,2025-09-19,On Time
O02643,P103,1877,2025-12-17,2026-01-03,2026-01-01,On Time
O02644,P103,381,2025-05-14,2025-05-24,2025-05-29,Delayed
O02645,P103,1285,2025-07-16,2025-08-01,2025-08-02,Delayed
O02646,P102,317,2025-01-01,2025-01-17,2025-01-16,In Progress
O02647,P103,1219,2025-08-23,2025-09-02,2025-08-31,In Progress
O02648,P101,1371,2025-05-23,2025-06-05,2025-06-06,Delayed
O02649,P104,496,2025-07-23,2025-08-05,2025-08-05,On Time
O02650,P102,490,2025-02-03,2025-02-22,2025-02-20,On Time
O02651,P103,908,2025-02-24,2025-03-14,2025-03-13,In Progress
O02652,P103,1850,2025-04-23,2025-05-05,2025-05-03,On Time
O02653,P104,1918,2025-01-14,2025-01-25,2025-01-23,On Time
O02654,P101,273,2025-01-08,2025-01-18,2025-01-16,On Time
O02655,P104,1737,2025-04-16,2025-05-01,2025-04-30,In Progress
O02656,P101,1556,2025-04-05,2025-04-19,2025-04-19,On Time
O02657,P103,125,2025-06-13,2025-06-28,2025-06-26,In Progress
O02658,P103,1107,2025-02-13,2025-02-20,2025-02-26,Delayed
O02659,P103,1284,2025-05-22,2025-06-03,2025-06-02,On Time
O02660,P102,1207,2025-09-11,2025-09-22,2025-09-27,Delayed
O02661,P101,588,2025-01-11,2025-01-23,2025-01-21,On Time
O02662,P102,1100,2025-10-13,2025-10-25,2025-10-25,On Time
O02663,P101,795,2025-04-17,2025-04-29,2025-05-01,Delayed
O02664,P102,144,2025-11-19,2025-11-25,2025-11-25,On Time
O02665,P101,514,2025-05-28,2025-06-13,2025-06-11,On Time
O02666,P101,711,2025-12-10,2025-12-27,2025-12-27,In Progress
O02667,P102,669,2025-08-17,2025-09-06,2025-09-11,Delayed
O02668,P104,1642,2025-04-04,2025-04-11,2025-04-11,On Time
O02669,P104,1258,2025-01-13,2025-01-23,2025-01-21,On Time
O02670,P103,1949,2025-12-06,2025-12-25,2025-12-23,On Time
O02671,P104,1545,2025-06-20,2025-07-05,2025-07-05,In Progress
O02672,P104,1135,2025-08-20,2025-08-28,2025-08-26,In Progress
O02673,P103,1062,2025-09-24,2025-09-30,2025-09-28,On Time
O02674,P102,264,2025-09-19,2025-10-06,2025-10-05,In Progress
O02675,P101,421,2025-05-26,2025-06-06,2025-06-06,On Time
O02676,P102,1383,2025-11-14,2025-11-21,2025-11-19,On Time
O02677,P104,799,2025-02-06,2025-02-12,2025-02-12,In Progress
O02678,P103,1107,2025-06-04,2025-06-12,2025-06-12,On Time
O02679,P101,1347,2025-05-19,2025-06-06,2025-06-06,On Time
O02680,P104,363,2025-06-04,2025-06-13,2025-06-12,On Time
O02681,P104,629,2025-12-14,2025-12-20,2025-12-19,On Time
O02682,P102,358,2025-04-26,2025-05-06,2025-05-06,On Time
O02683,P101,880,2025-05-08,2025-05-14,2025-05-12,In Progress
O02684,P104,1298,2025-03-24,2025-04-08,2025-04-06,In Progress
O02685,P101,534,2025-08-14,2025-08-24,2025-08-25,Delayed
O02686,P103,356,2025-02-24,2025-03-09,2025-03-07,In Progress
O02687,P103,1362,2025-08-23,2025-09-07,2025-09-06,On Time
O02688,P104,1416,2025-02-27,2025-03-17,2025-03-17,In Progress
O02689,P104,894,2025-07-10,2025-07-28,2025-07-28,In Progress
O02690,P102,122,2025-01-16,2025-02-04,2025-02-03,On Time
O02691,P103,1190,2025-04-19,2025-05-02,2025-04-30,In Progress
O02692,P103,142,2025-07-03,2025-07-21,2025-07-19,In Progress
O02693,P101,285,2025-06-02,2025-06-11,2025-06-09,In Progress
O02694,P102,633,2025-11-23,2025-12-05,2025-12-05,On Time
O02695,P101,568,2025-05-20,2025-06-05,2025-06-04,In Progress
O02696,P104,1558,2025-04-11,2025-04-21,2025-04-19,In Progress
O02697,P102,640,2025-01-08,2025-01-19,2025-01-18,On Time
O02698,P102,1081,2025-01-17,2025-01-24,2025-01-23,In Progress
O02699,P104,1013,2025-04-02,2025-04-17,2025-04-16,In Progress
O02700,P102,944,2025-10-12,2025-10-19,2025-10-18,On Time
O02701,P103,814,2025-04-04,2025-04-24,2025-05-01,Delayed
O02702,P104,700,2025-02-06,2025-02-17,2025-02-15,In Progress
O02703,P102,1154,2025-10-07,2025-10-16,2025-10-15,In Progress
O02704,P102,873,2025-02-06,2025-02-26,2025-02-26,In Progress
O02705,P101,1930,2025-01-30,2025-02-06,2025-02-04,On Time
O02706,P101,1181,2025-03-17,2025-03-27,2025-03-27,In Progress
O02707,P103,1188,2025-07-28,2025-08-13,2025-08-20,Delayed
O02708,P103,1705,2025-02-09,2025-02-27,2025-02-25,On Time
O02709,P103,1292,2025-12-05,2025-12-14,2025-12-13,On Time
O02710,P103,1959,2025-02-06,2025-02-26,2025-02-25,On Time
O02711,P104,652,2025-04-17,2025-04-22,2025-04-29,Delayed
O02712,P104,1405,2025-10-10,2025-10-20,2025-10-23,Delayed
O02713,P102,238,2025-12-06,2025-12-15,2025-12-17,Delayed
O02714,P104,391,2025-04-21,2025-04-26,2025-04-28,Delayed
O02715,P104,564,2025-09-18,2025-10-05,2025-10-05,On Time
O02716,P101,1346,2025-01-22,2025-02-03,2025-02-01,On Time
O02717,P101,682,2025-01-05,2025-01-15,2025-01-13,In Progress
O02718,P102,884,2025-02-03,2025-02-17,2025-02-16,On Time
O02719,P103,1373,2025-09-03,2025-09-12,2025-09-11,On Time
O02720,P102,214,2025-10-13,2025-10-26,2025-10-29,Delayed
O02721,P101,1012,2025-09-15,2025-10-05,2025-10-03,On Time
O02722,P103,868,2025-04-05,2025-04-10,2025-04-10,In Progress
O02723,P102,1885,2025-07-22,2025-08-02,2025-07-31,On Time
O02724,P102,1526,2025-02-04,2025-02-09,2025-02-09,On Time
O02725,P101,950,2025-10-18,2025-11-05,2025-11-05,On Time
O02726,P102,342,2025-12-09,2025-12-23,2025-12-21,On Time
O02727,P102,1465,2025-07-25,2025-08-06,2025-08-06,In Progress
O02728,P104,1689,2025-07-31,2025-08-13,2025-08-12,In Progress
O02729,P102,365,2025-10-19,2025-10-25,2025-10-25,On Time
O02730,P104,795,2025-06-23,2025-07-05,2025-07-03,On Time
O02731,P104,1658,2025-04-18,2025-05-05,2025-05-05,In Progress
O02732,P101,876,2025-10-02,2025-10-16,2025-10-15,On Time
O02733,P103,1507,2025-06-06,2025-06-17,2025-06-17,In Progress
O02734,P102,422,2025-12-08,2025-12-24,2025-12-23,On Time
O02735,P101,785,2025-08-01,2025-08-17,2025-08-18,Delayed
O02736,P103,991,2025-10-12,2025-10-22,2025-10-20,In Progress
O02737,P101,820,2025-11-03,2025-11-18,2025-11-17,On Time
O02738,P102,917,2025-12-02,2025-12-16,2025-12-14,In Progress
O02739,P104,1207,2025-07-31,2025-08-11,2025-08-10,On Time
O02740,P101,947,2025-06-14,2025-06-20,2025-06-20,In Progress
O02741,P104,1488,2025-07-08,2025-07-13,2025-07-11,On Time
O02742,P103,674,2025-05-05,2025-05-18,2025-05-16,On Time
O02743,P102,1713,2025-01-01,2025-01-13,2025-01-13,In Progress
O02744,P103,249,2025-12-21,2026-01-06,2026-01-05,On Time
O02745,P102,1465,2025-09-07,2025-09-20,2025-09-20,On Time
O02746,P102,1150,2025-09-20,2025-09-27,2025-09-25,On Time
O02747,P103,1380,2025-05-02,2025-05-14,2025-05-20,Delayed
O02748,P101,1434,2025-12-27,2026-01-07,2026-01-09,Delayed
O02749,P101,842,2025-10-22,2025-10-29,2025-10-27,In Progress
O02750,P102,1183,2025-12-22,2026-01-11,2026-01-10,On Time
O02751,P103,1236,2025-09-03,2025-09-11,2025-09-10,In Progress
O02752,P103,1092,2025-11-07,2025-11-20,2025-11-21,Delayed
O02753,P102,1387,2025-08-04,2025-08-10,2025-08-10,On Time
O02754,P103,1745,2025-11-08,2025-11-15,2025-11-20,Delayed
O02755,P102,1041,2025-12-19,2025-12-31,2026-01-01,Delayed
O02756,P103,878,2025-07-28,2025-08-15,2025-08-13,In Progress
O02757,P101,444,2025-08-15,2025-08-22,2025-08-22,On Time
O02758,P104,1971,2025-04-18,2025-04-27,2025-04-25,In Progress
O02759,P103,570,2025-02-12,2025-02-24,2025-02-22,In Progress
O02760,P101,1011,2025-11-19,2025-12-09,2025-12-09,In Progress
O02761,P103,681,2025-08-08,2025-08-16,2025-08-14,On Time
O02762,P103,243,2025-10-07,2025-10-21,2025-10-21,On Time
O02763,P102,152,2025-11-13,2025-11-27,2025-11-26,In Progress
O02764,P101,670,2025-08-12,2025-08-22,2025-08-20,In Progress
O02765,P101,1104,2025-11-01,2025-11-06,2025-11-05,On Time
O02766,P104,829,2025-01-30,2025-02-13,2025-02-12,In Progress
O02767,P101,1606,2025-02-27,2025-03-16,2025-03-14,In Progress
O02768,P104,1041,2025-05-08,2025-05-15,2025-05-14,In Progress
O02769,P101,1136,2025-10-10,2025-10-18,2025-10-17,On Time
O02770,P102,1131,2025-12-08,2025-12-19,2025-12-17,On Time
O02771,P103,1535,2025-03-27,2025-04-13,2025-04-11,In Progress
O02772,P102,1713,2025-03-24,2025-04-09,2025-04-08,On Time
O02773,P101,253,2025-08-13,2025-08-24,2025-08-24,On Time
O02774,P101,205,2025-04-25,2025-05-09,2025-05-07,On Time
O02775,P102,1696,2025-07-31,2025-08-07,2025-08-06,On Time
O02776,P104,792,2025-01-29,2025-02-08,2025-02-07,On Time
O02777,P101,1461,2025-10-15,2025-10-22,2025-10-22,On Time
O02778,P101,664,2025-05-20,2025-06-01,2025-05-31,In Progress
O02779,P104,956,2025-06-17,2025-06-24,2025-06-24,On Time
O02780,P102,1453,2025-09-18,2025-09-25,2025-09-30,Delayed
O02781,P104,1296,2025-02-07,2025-02-20,2025-02-18,On Time
O02782,P102,1109,2025-06-05,2025-06-20,2025-06-19,In Progress
O02783,P103,1224,2025-10-21,2025-11-03,2025-11-01,On Time
O02784,P101,138,2025-12-06,2025-12-16,2025-12-15,In Progress
O02785,P104,1856,2025-11-15,2025-11-22,2025-11-21,In Progress
O02786,P103,1340,2025-07-07,2025-07-22,2025-07-21,In Progress
O02787,P103,1297,2025-03-12,2025-03-17,2025-03-15,On Time
O02788,P101,615,2025-11-13,2025-11-29,2025-11-27,In Progress
O02789,P103,1669,2025-02-01,2025-02-17,2025-02-16,In Progress
O02790,P101,292,2025-11-12,2025-12-02,2025-12-02,In Progress
O02791,P102,1107,2025-04-27,2025-05-05,2025-05-05,On Time
O02792,P101,1696,2025-07-06,2025-07-15,2025-07-13,In Progress
O02793,P101,669,2025-03-28,2025-04-06,2025-04-04,In Progress
O02794,P101,1882,2025-03-08,2025-03-28,2025-03-28,On Time
O02795,P103,316,2025-09-18,2025-09-24,2025-09-23,On Time
O02796,P101,1435,2025-11-04,2025-11-14,2025-11-13,On Time
O02797,P104,1234,2025-09-10,2025-09-28,2025-09-26,On Time
O02798,P104,1195,2025-11-25,2025-12-07,2025-12-06,In Progress
O02799,P103,1186,2025-05-19,2025-06-06,2025-06-05,On Time
O02800,P101,1452,2025-07-27,2025-08-09,2025-08-09,In Progress
O02801,P102,780,2025-03-07,2025-03-14,2025-03-14,In Progress
O02802,P101,100,2025-12-20,2025-12-26,2026-01-02,Delayed
O02803,P104,1792,2025-07-01,2025-07-06,2025-07-04,On Time
O02804,P104,615,2025-10-08,2025-10-22,2025-10-23,Delayed
O02805,P101,806,2025-09-30,2025-10-19,2025-10-19,In Progress
O02806,P104,1794,2025-06-05,2025-06-17,2025-06-24,Delayed
O02807,P103,871,2025-10-17,2025-10-23,2025-10-22,On Time
O02808,P102,1170,2025-06-22,2025-07-06,2025-07-05,On Time
O02809,P101,594,2025-07-28,2025-08-09,2025-08-09,On Time
O02810,P102,422,2025-07-26,2025-08-13,2025-08-12,In Progress
O02811,P101,1072,2025-04-05,2025-04-19,2025-04-18,On Time
O02812,P103,929,2025-12-05,2025-12-10,2025-12-15,Delayed
O02813,P103,1657,2025-11-07,2025-11-14,2025-11-13,On Time
O02814,P102,1948,2025-02-19,2025-03-05,2025-03-05,On Time
O02815,P102,1523,2025-01-24,2025-02-10,2025-02-08,In Progress
O02816,P102,1013,2025-12-20,2026-01-01,2026-01-01,On Time
O02817,P104,1727,2025-06-26,2025-07-10,2025-07-08,On Time
O02818,P103,972,2025-02-27,2025-03-12,2025-03-12,On Time
O02819,P104,972,2025-10-30,2025-11-04,2025-11-03,In Progress
O02820,P103,929,2025-04-08,2025-04-28,2025-04-26,On Time
O02821,P104,1117,2025-05-25,2025-06-14,2025-06-13,On Time
O02822,P104,1719,2025-10-05,2025-10-21,2025-10-21,In Progress
O02823,P104,1950,2025-12-31,2026-01-08,2026-01-14,Delayed
O02824,P103,1220,2025-05-31,2025-06-17,2025-06-17,In Progress
O02825,P102,1867,2025-02-26,2025-03-15,2025-03-15,On Time
O02826,P103,1355,2025-03-23,2025-04-09,2025-04-09,In Progress
O02827,P101,632,2025-06-20,2025-07-04,2025-07-02,In Progress
O02828,P101,927,2025-10-03,2025-10-23,2025-10-23,On Time
O02829,P101,1774,2025-12-10,2025-12-23,2025-12-23,In Progress
O02830,P103,1194,2025-02-14,2025-03-06,2025-03-06,In Progress
O02831,P104,630,2025-08-16,2025-08-25,2025-08-23,In Progress
O02832,P102,1055,2025-08-15,2025-09-01,2025-09-01,In Progress
O02833,P102,1396,2025-09-18,2025-10-05,2025-10-03,On Time
O02834,P102,1897,2025-03-17,2025-03-27,2025-03-25,On Time
O02835,P104,624,2025-09-16,2025-09-24,2025-09-24,On Time
O02836,P101,389,2025-02-25,2025-03-09,2025-03-12,Delayed
O02837,P104,164,2025-06-22,2025-07-09,2025-07-07,In Progress
O02838,P104,966,2025-08-08,2025-08-22,2025-08-20,In Progress
O02839,P103,199,2025-11-02,2025-11-18,2025-11-18,On Time
O02840,P104,1759,2025-11-06,2025-11-21,2025-11-19,In Progress
O02841,P101,1184,2025-04-20,2025-04-28,2025-04-29,Delayed
O02842,P103,1968,2025-05-23,2025-06-02,2025-06-01,In Progress
O02843,P103,614,2025-01-19,2025-01-27,2025-01-26,On Time
O02844,P101,449,2025-04-18,2025-04-24,2025-04-23,In Progress
O02845,P103,249,2025-01-24,2025-02-12,2025-02-12,On Time
O02846,P102,1591,2025-08-11,2025-08-26,2025-08-24,In Progress
O02847,P104,201,2025-03-16,2025-03-27,2025-03-25,In Progress
O02848,P104,433,2025-12-09,2025-12-14,2025-12-13,On Time
O02849,P103,848,2025-12-19,2026-01-02,2026-01-02,In Progress
O02850,P101,607,2025-02-27,2025-03-14,2025-03-17,Delayed
O02851,P103,517,2025-05-18,2025-06-03,2025-06-02,In Progress
O02852,P104,1030,2025-04-01,2025-04-11,2025-04-09,On Time
O02853,P103,750,2025-02-12,2025-02-25,2025-02-26,Delayed
O02854,P104,1671,2025-03-25,2025-04-10,2025-04-08,On Time
O02855,P104,1729,2025-05-17,2025-05-29,2025-05-27,On Time
O02856,P104,345,2025-06-12,2025-06-29,2025-07-01,Delayed
O02857,P102,1595,2025-10-26,2025-11-04,2025-11-04,In Progress
O02858,P101,286,2025-11-22,2025-12-05,2025-12-11,Delayed
O02859,P103,1623,2025-01-12,2025-01-30,2025-01-28,In Progress
O02860,P102,342,2025-12-22,2025-12-30,2025-12-28,In Progress
O02861,P102,1975,2025-10-31,2025-11-13,2025-11-11,On Time
O02862,P102,1286,2025-07-28,2025-08-15,2025-08-13,On Time
O02863,P104,1153,2025-03-28,2025-04-15,2025-04-14,On Time
O02864,P102,1730,2025-07-29,2025-08-13,2025-08-13,On Time
O02865,P103,930,2025-09-22,2025-10-01,2025-10-01,In Progress
O02866,P104,409,2025-01-29,2025-02-18,2025-02-18,In Progress
O02867,P104,459,2025-06-08,2025-06-22,2025-06-23,Delayed
O02868,P101,136,2025-08-11,2025-08-18,2025-08-22,Delayed
O02869,P104,1990,2025-06-25,2025-07-10,2025-07-08,In Progress
O02870,P101,252,2025-07-16,2025-07-29,2025-07-31,Delayed
O02871,P101,763,2025-04-26,2025-05-09,2025-05-10,Delayed
O02872,P104,1976,2025-01-14,2025-01-21,2025-01-27,Delayed
O02873,P104,239,2025-04-05,2025-04-19,2025-04-18,In Progress
O02874,P101,372,2025-07-22,2025-08-06,2025-08-04,In Progress
O02875,P101,1973,2025-01-02,2025-01-13,2025-01-11,On Time
O02876,P103,1328,2025-12-29,2026-01-12,2026-01-10,On Time
O02877,P102,888,2025-04-12,2025-04-23,2025-04-22,On Time
O02878,P103,1545,2025-05-01,2025-05-19,2025-05-20,Delayed
O02879,P102,918,2025-03-25,2025-04-04,2025-04-03,On Time
O02880,P103,691,2025-04-21,2025-05-11,2025-05-09,In Progress
O02881,P101,1692,2025-07-20,2025-07-27,2025-07-30,Delayed
O02882,P103,1598,2025-02-28,2025-03-05,2025-03-05,In Progress
O02883,P104,326,2025-11-28,2025-12-13,2025-12-13,In Progress
O02884,P103,417,2025-08-11,2025-08-27,2025-08-27,On Time
O02885,P102,491,2025-12-11,2025-12-19,2025-12-21,Delayed
O02886,P104,379,2025-09-12,2025-09-23,2025-09-23,On Time
O02887,P102,343,2025-03-30,2025-04-13,2025-04-13,In Progress
O02888,P101,1410,2025-02-23,2025-02-28,2025-03-07,Delayed
O02889,P104,1087,2025-02-20,2025-03-12,2025-03-11,On Time
O02890,P103,1663,2025-11-24,2025-12-06,2025-12-04,In Progress
O02891,P101,1407,2025-03-09,2025-03-29,2025-03-27,In Progress
O02892,P104,975,2025-08-29,2025-09-14,2025-09-12,In Progress
O02893,P104,1102,2025-06-14,2025-06-26,2025-06-25,On Time
O02894,P103,501,2025-06-23,2025-06-28,2025-06-28,In Progress
O02895,P102,339,2025-06-01,2025-06-12,2025-06-11,In Progress
O02896,P101,1276,2025-07-16,2025-07-27,2025-07-27,On Time
O02897,P103,1268,2025-05-09,2025-05-20,2025-05-18,In Progress
O02898,P102,305,2025-04-16,2025-05-04,2025-05-04,On Time
O02899,P101,1270,2025-04-03,2025-04-22,2025-04-24,Delayed
O02900,P103,932,2025-03-02,2025-03-16,2025-03-16,In Progress
O02901,P101,907,2025-03-27,2025-04-01,2025-04-01,On Time
O02902,P104,1072,2025-05-01,2025-05-08,2025-05-06,On Time
O02903,P101,1127,2025-04-16,2025-04-23,2025-04-22,On Time
O02904,P101,1105,2025-08-07,2025-08-25,2025-08-23,In Progress
O02905,P101,441,2025-04-28,2025-05-07,2025-05-06,In Progress
O02906,P102,1435,2025-12-22,2025-12-31,2025-12-30,On Time
O02907,P101,1321,2025-07-21,2025-07-26,2025-07-24,In Progress
O02908,P102,1166,2025-06-11,2025-06-22,2025-06-20,On Time
O02909,P101,1425,2025-09-06,2025-09-18,2025-09-18,On Time
O02910,P104,1629,2025-02-11,2025-02-24,2025-02-22,In Progress
O02911,P104,1545,2025-08-05,2025-08-10,2025-08-10,In Progress
O02912,P101,1356,2025-06-22,2025-07-09,2025-07-08,On Time
O02913,P103,111,2025-08-29,2025-09-12,2025-09-18,Delayed
O02914,P104,548,2025-06-28,2025-07-11,2025-07-09,In Progress
O02915,P104,1931,2025-01-07,2025-01-27,2025-01-27,In Progress
O02916,P103,1140,2025-04-04,2025-04-11,2025-04-11,In Progress
O02917,P103,1598,2025-03-04,2025-03-13,2025-03-13,On Time
O02918,P104,1144,2025-03-01,2025-03-07,2025-03-06,On Time
O02919,P103,794,2025-02-11,2025-03-03,2025-03-03,On Time
O02920,P102,205,2025-12-15,2025-12-24,2025-12-22,On Time
O02921,P103,305,2025-07-27,2025-08-01,2025-07-30,In Progress
O02922,P104,1548,2025-12-29,2026-01-16,2026-01-20,Delayed
O02923,P104,1780,2025-01-19,2025-02-01,2025-01-30,On Time
O02924,P102,1119,2025-03-10,2025-03-24,2025-03-22,In Progress
O02925,P104,1125,2025-06-16,2025-06-23,2025-06-22,In Progress
O02926,P103,1543,2025-05-13,2025-05-29,2025-05-27,In Progress
O02927,P102,255,2025-06-19,2025-07-01,2025-07-01,In Progress
O02928,P101,1749,2025-03-12,2025-03-25,2025-03-23,In Progress
O02929,P103,1381,2025-10-23,2025-11-08,2025-11-07,On Time
O02930,P102,1504,2025-09-02,2025-09-09,2025-09-10,Delayed
O02931,P101,660,2025-02-16,2025-03-04,2025-03-11,Delayed
O02932,P101,1395,2025-07-14,2025-07-25,2025-07-23,On Time
O02933,P104,1147,2025-10-13,2025-10-31,2025-10-30,In Progress
O02934,P103,1431,2025-04-24,2025-05-10,2025-05-09,On Time
O02935,P103,1305,2025-11-03,2025-11-15,2025-11-15,On Time
O02936,P102,987,2025-08-02,2025-08-21,2025-08-20,On Time
O02937,P102,925,2025-11-12,2025-11-26,2025-11-28,Delayed
O02938,P102,936,2025-06-03,2025-06-20,2025-06-18,On Time
O02939,P102,1499,2025-08-17,2025-08-29,2025-08-27,On Time
O02940,P101,1976,2025-03-23,2025-03-28,2025-03-26,In Progress
O02941,P104,367,2025-02-02,2025-02-15,2025-02-14,On Time
O02942,P104,392,2025-02-23,2025-03-08,2025-03-14,Delayed
O02943,P102,686,2025-08-10,2025-08-21,2025-08-19,On Time
O02944,P103,1543,2025-03-19,2025-04-08,2025-04-14,Delayed
O02945,P104,1504,2025-03-21,2025-04-03,2025-04-01,On Time
O02946,P102,1327,2025-07-25,2025-08-10,2025-08-10,On Time
O02947,P101,1483,2025-12-11,2025-12-21,2025-12-20,In Progress
O02948,P101,1330,2025-06-04,2025-06-22,2025-06-22,On Time
O02949,P102,1658,2025-07-17,2025-07-27,2025-07-31,Delayed
O02950,P103,1264,2025-09-25,2025-10-11,2025-10-10,On Time
O02951,P101,939,2025-04-24,2025-05-05,2025-05-03,On Time
O02952,P103,794,2025-06-20,2025-06-30,2025-06-30,On Time
O02953,P104,1265,2025-04-20,2025-05-06,2025-05-04,In Progress
O02954,P103,1374,2025-03-07,2025-03-26,2025-03-30,Delayed
O02955,P103,197,2025-02-02,2025-02-17,2025-02-21,Delayed
O02956,P102,1090,2025-11-19,2025-12-01,2025-12-01,In Progress
O02957,P102,1080,2025-07-07,2025-07-20,2025-07-18,In Progress
O02958,P103,1472,2025-08-28,2025-09-14,2025-09-14,In Progress
O02959,P104,248,2025-10-12,2025-10-22,2025-10-21,In Progress
O02960,P103,814,2025-01-02,2025-01-18,2025-01-16,On Time
O02961,P101,1975,2025-10-24,2025-11-05,2025-11-05,On Time
O02962,P103,800,2025-08-18,2025-09-06,2025-09-05,In Progress
O02963,P103,268,2025-12-10,2025-12-20,2025-12-20,On Time
O02964,P103,1204,2025-05-19,2025-06-02,2025-05-31,On Time
O02965,P104,899,2025-06-06,2025-06-26,2025-06-24,On Time
O02966,P102,1289,2025-07-01,2025-07-15,2025-07-15,On Time
O02967,P102,1338,2025-03-09,2025-03-17,2025-03-16,On Time
O02968,P102,109,2025-05-22,2025-06-11,2025-06-15,Delayed
O02969,P103,319,2025-03-05,2025-03-24,2025-03-22,In Progress
O02970,P103,139,2025-02-03,2025-02-22,2025-02-23,Delayed
O02971,P104,809,2025-11-12,2025-11-29,2025-11-28,In Progress
O02972,P101,1960,2025-09-19,2025-10-03,2025-10-03,On Time
O02973,P104,974,2025-09-11,2025-09-21,2025-09-21,On Time
O02974,P104,1492,2025-06-24,2025-07-08,2025-07-06,In Progress
O02975,P103,1423,2025-11-17,2025-12-04,2025-12-02,On Time
O02976,P103,1359,2025-11-11,2025-11-28,2025-11-26,In Progress
O02977,P102,887,2025-08-21,2025-08-26,2025-08-24,In Progress
O02978,P102,1024,2025-03-22,2025-04-06,2025-04-05,On Time
O02979,P103,1053,2025-10-17,2025-10-29,2025-10-29,In Progress
O02980,P101,1775,2025-07-26,2025-08-13,2025-08-13,In Progress
O02981,P103,522,2025-09-22,2025-10-01,2025-10-01,In Progress
O02982,P101,291,2025-09-16,2025-10-04,2025-10-04,In Progress
O02983,P104,827,2025-05-21,2025-05-30,2025-05-29,On Time
O02984,P101,1890,2025-11-12,2025-11-30,2025-11-29,In Progress
O02985,P102,692,2025-10-28,2025-11-04,2025-11-03,On Time
O02986,P104,625,2025-06-05,2025-06-20,2025-06-20,In Progress
O02987,P103,1707,2025-03-23,2025-04-11,2025-04-11,On Time
O02988,P101,129,2025-02-18,2025-02-23,2025-02-23,On Time
O02989,P104,337,2025-02-28,2025-03-18,2025-03-18,On Time
O02990,P102,249,2025-06-28,2025-07-16,2025-07-15,On Time
O02991,P102,1248,2025-04-26,2025-05-05,2025-05-04,On Time
O02992,P104,607,2025-01-05,2025-01-17,2025-01-15,In Progress
O02993,P102,396,2025-03-19,2025-04-05,2025-04-05,In Progress
O02994,P103,1283,2025-07-14,2025-07-23,2025-07-29,Delayed
O02995,P104,389,2025-06-20,2025-06-27,2025-06-27,In Progress
O02996,P101,888,2025-08-04,2025-08-11,2025-08-09,On Time
O02997,P104,1464,2025-08-01,2025-08-09,2025-08-09,In Progress
O02998,P103,177,2025-12-16,2025-12-22,2025-12-25,Delayed
O02999,P104,408,2025-03-19,2025-03-28,2025-03-28,In Progress
O03000,P103,937,2025-12-31,2026-01-08,2026-01-07,In Progress
O03001,P102,1036,2025-05-17,2025-06-05,2025-06-04,On Time
O03002,P103,481,2025-10-18,2025-11-02,2025-11-02,In Progress
O03003,P103,1502,2025-08-09,2025-08-14,2025-08-13,In Progress
O03004,P101,526,2025-09-06,2025-09-13,2025-09-17,Delayed
O03005,P102,1435,2025-08-10,2025-08-27,2025-09-02,Delayed
O03006,P101,396,2025-07-08,2025-07-15,2025-07-14,In Progress
O03007,P103,781,2025-02-15,2025-02-25,2025-02-24,In Progress
O03008,P102,529,2025-01-11,2025-01-16,2025-01-21,Delayed
O03009,P104,792,2025-04-07,2025-04-26,2025-04-26,On Time
O03010,P103,1274,2025-07-08,2025-07-24,2025-07-23,On Time
O03011,P101,1348,2025-02-12,2025-03-03,2025-03-01,In Progress
O03012,P102,1924,2025-09-26,2025-10-06,2025-10-04,In Progress
O03013,P101,1092,2025-06-29,2025-07-15,2025-07-14,On Time
O03014,P103,1284,2025-10-02,2025-10-16,2025-10-16,On Time
O03015,P104,153,2025-09-27,2025-10-05,2025-10-10,Delayed
O03016,P101,1949,2025-12-07,2025-12-21,2025-12-20,On Time
O03017,P104,1419,2025-02-07,2025-02-26,2025-02-26,On Time
O03018,P101,1544,2025-08-22,2025-09-05,2025-09-03,On Time
O03019,P102,1489,2025-07-21,2025-08-09,2025-08-09,On Time
O03020,P104,1585,2025-10-28,2025-11-15,2025-11-21,Delayed
O03021,P104,1914,2025-08-09,2025-08-26,2025-08-26,In Progress
O03022,P104,390,2025-02-24,2025-03-15,2025-03-22,Delayed
O03023,P101,1094,2025-03-04,2025-03-23,2025-03-21,On Time
O03024,P103,274,2025-10-08,2025-10-28,2025-10-27,In Progress
O03025,P101,711,2025-03-22,2025-04-01,2025-03-30,On Time
O03026,P104,335,2025-08-30,2025-09-13,2025-09-11,In Progress
O03027,P103,1923,2025-02-14,2025-02-25,2025-02-25,In Progress
O03028,P102,1919,2025-02-09,2025-02-20,2025-02-19,On Time
O03029,P101,801,2025-02-19,2025-03-11,2025-03-11,In Progress
O03030,P103,1084,2025-08-04,2025-08-16,2025-08-16,In Progress
O03031,P103,955,2025-05-09,2025-05-15,2025-05-15,On Time
O03032,P104,1854,2025-01-21,2025-01-31,2025-01-29,On Time
O03033,P104,758,2025-07-22,2025-07-29,2025-07-31,Delayed
O03034,P102,1111,2025-04-07,2025-04-18,2025-04-19,Delayed
O03035,P102,610,2025-10-30,2025-11-18,2025-11-19,Delayed
O03036,P102,501,2025-09-21,2025-10-05,2025-10-05,In Progress
O03037,P104,336,2025-02-03,2025-02-08,2025-02-09,Delayed
O03038,P104,1537,2025-03-15,2025-03-24,2025-03-24,On Time
O03039,P103,1718,2025-12-19,2026-01-04,2026-01-08,Delayed
O03040,P104,326,2025-07-18,2025-08-04,2025-08-03,In Progress
O03041,P102,1038,2025-05-19,2025-06-03,2025-06-01,On Time
O03042,P102,1904,2025-03-10,2025-03-21,2025-03-20,On Time
O03043,P102,348,2025-12-19,2026-01-05,2026-01-04,On Time
O03044,P103,1585,2025-07-17,2025-07-25,2025-07-25,In Progress
O03045,P103,1487,2025-01-05,2025-01-15,2025-01-14,On Time
O03046,P104,778,2025-11-09,2025-11-27,2025-11-26,In Progress
O03047,P104,810,2025-06-14,2025-07-02,2025-07-02,On Time
O03048,P104,441,2025-04-14,2025-04-27,2025-04-26,In Progress
O03049,P102,1605,2025-04-09,2025-04-27,2025-04-25,In Progress
O03050,P101,1860,2025-08-17,2025-08-31,2025-08-31,On Time
O03051,P103,944,2025-09-09,2025-09-16,2025-09-15,On Time
O03052,P104,469,2025-11-11,2025-11-19,2025-11-18,In Progress
O03053,P102,1343,2025-02-01,2025-02-16,2025-02-16,In Progress
O03054,P101,1612,2025-11-25,2025-12-07,2025-12-07,On Time
O03055,P101,1648,2025-12-31,2026-01-12,2026-01-10,On Time
O03056,P101,1532,2025-02-18,2025-02-23,2025-03-02,Delayed
O03057,P103,1504,2025-04-12,2025-04-20,2025-04-18,In Progress
O03058,P102,1338,2025-06-28,2025-07-07,2025-07-14,Delayed
O03059,P101,1772,2025-02-28,2025-03-13,2025-03-13,On Time
O03060,P103,990,2025-03-17,2025-03-23,2025-03-23,In Progress
O03061,P103,362,2025-10-02,2025-10-10,2025-10-08,In Progress
O03062,P103,1636,2025-07-23,2025-08-03,2025-08-01,In Progress
O03063,P102,1229,2025-10-03,2025-10-08,2025-10-07,On Time
O03064,P103,747,2025-01-03,2025-01-21,2025-01-19,In Progress
O03065,P101,1004,2025-10-06,2025-10-11,2025-10-09,In Progress
O03066,P102,1016,2025-04-23,2025-05-03,2025-05-01,In Progress
O03067,P104,905,2025-10-22,2025-11-03,2025-11-01,On Time
O03068,P102,772,2025-02-03,2025-02-14,2025-02-17,Delayed
O03069,P101,1281,2025-08-22,2025-08-27,2025-08-27,In Progress
O03070,P102,1583,2025-02-03,2025-02-20,2025-02-18,On Time
O03071,P104,1331,2025-10-04,2025-10-10,2025-10-10,In Progress
O03072,P101,1631,2025-12-01,2025-12-06,2025-12-04,In Progress
O03073,P101,1368,2025-06-17,2025-07-07,2025-07-07,On Time
O03074,P104,444,2025-11-12,2025-11-23,2025-11-23,On Time
O03075,P101,1161,2025-01-13,2025-01-23,2025-01-21,In Progress
O03076,P102,1246,2025-04-27,2025-05-17,2025-05-15,In Progress
O03077,P103,425,2025-08-09,2025-08-28,2025-08-28,In Progress
O03078,P101,1952,2025-11-20,2025-12-09,2025-12-07,On Time
O03079,P103,120,2025-01-23,2025-02-11,2025-02-11,On Time
O03080,P101,199,2025-06-10,2025-06-22,2025-06-22,In Progress
O03081,P101,678,2025-12-03,2025-12-14,2025-12-13,In Progress
O03082,P104,426,2025-06-18,2025-06-29,2025-06-28,In Progress
O03083,P101,648,2025-06-25,2025-07-07,2025-07-06,On Time
O03084,P103,1887,2025-09-17,2025-09-22,2025-09-22,On Time
O03085,P102,837,2025-01-25,2025-02-09,2025-02-07,In Progress
O03086,P103,255,2025-10-30,2025-11-15,2025-11-15,On Time
O03087,P102,1727,2025-09-14,2025-10-01,2025-09-29,On Time
O03088,P101,558,2025-03-28,2025-04-13,2025-04-13,On Time
O03089,P101,1658,2025-06-24,2025-06-29,2025-06-29,On Time
O03090,P103,521,2025-07-23,2025-07-30,2025-07-29,On Time
O03091,P101,365,2025-12-04,2025-12-17,2025-12-17,On Time
O03092,P102,1092,2025-03-05,2025-03-19,2025-03-19,In Progress
O03093,P101,1461,2025-01-18,2025-02-01,2025-01-30,In Progress
O03094,P102,1931,2025-06-20,2025-06-28,2025-06-26,On Time
O03095,P101,1490,2025-01-10,2025-01-24,2025-01-23,In Progress
O03096,P103,1949,2025-11-18,2025-11-28,2025-11-27,In Progress
O03097,P103,1343,2025-06-15,2025-06-28,2025-07-05,Delayed
O03098,P101,477,2025-04-17,2025-05-02,2025-05-01,In Progress
O03099,P102,391,2025-08-15,2025-08-24,2025-08-22,On Time
O03100,P103,329,2025-10-10,2025-10-21,2025-10-20,In Progress
O03101,P101,986,2025-02-16,2025-03-07,2025-03-07,In Progress
O03102,P104,1336,2025-03-14,2025-03-31,2025-03-29,In Progress
O03103,P102,1234,2025-09-13,2025-09-23,2025-09-21,On Time
O03104,P104,1138,2025-09-06,2025-09-18,2025-09-17,On Time
O03105,P103,985,2025-12-29,2026-01-10,2026-01-09,In Progress
O03106,P104,727,2025-11-09,2025-11-26,2025-11-30,Delayed
O03107,P101,414,2025-10-17,2025-11-03,2025-11-02,On Time
O03108,P102,1502,2025-05-18,2025-06-05,2025-06-11,Delayed
O03109,P104,494,2025-11-01,2025-11-09,2025-11-07,In Progress
O03110,P101,1946,2025-11-05,2025-11-12,2025-11-11,In Progress
O03111,P104,1345,2025-12-28,2026-01-02,2026-01-04,Delayed
O03112,P101,1676,2025-11-18,2025-12-06,2025-12-11,Delayed
O03113,P104,722,2025-02-23,2025-03-01,2025-02-28,In Progress
O03114,P103,1874,2025-02-12,2025-03-02,2025-03-02,On Time
O03115,P102,678,2025-11-01,2025-11-07,2025-11-05,On Time
O03116,P101,1950,2025-09-26,2025-10-01,2025-10-04,Delayed
O03117,P102,549,2025-09-26,2025-10-07,2025-10-07,On Time
O03118,P102,1114,2025-08-24,2025-09-07,2025-09-05,On Time
O03119,P102,1081,2025-12-16,2025-12-21,2025-12-20,On Time
O03120,P103,758,2025-08-23,2025-09-08,2025-09-06,On Time
O03121,P104,862,2025-07-30,2025-08-04,2025-08-04,On Time
O03122,P101,1856,2025-04-15,2025-05-01,2025-04-29,In Progress
O03123,P102,717,2025-04-10,2025-04-23,2025-04-28,Delayed
O03124,P103,1040,2025-07-31,2025-08-11,2025-08-09,On Time
O03125,P103,1460,2025-07-06,2025-07-13,2025-07-11,In Progress
O03126,P103,1708,2025-12-04,2025-12-23,2025-12-23,In Progress
O03127,P103,449,2025-02-21,2025-03-07,2025-03-07,On Time
O03128,P102,985,2025-10-13,2025-10-30,2025-10-29,On Time
O03129,P101,1411,2025-07-30,2025-08-17,2025-08-24,Delayed
O03130,P102,201,2025-02-01,2025-02-18,2025-02-18,On Time
O03131,P103,383,2025-09-26,2025-10-05,2025-10-06,Delayed
O03132,P102,1781,2025-07-15,2025-07-22,2025-07-22,In Progress
O03133,P104,113,2025-07-01,2025-07-20,2025-07-18,In Progress
O03134,P102,1757,2025-03-16,2025-03-21,2025-03-21,In Progress
O03135,P102,641,2025-02-10,2025-02-25,2025-02-24,In Progress
O03136,P104,1906,2025-01-19,2025-01-28,2025-01-27,In Progress
O03137,P102,622,2025-04-03,2025-04-13,2025-04-17,Delayed
O03138,P103,1263,2025-12-30,2026-01-07,2026-01-07,On Time
O03139,P103,1137,2025-07-26,2025-08-13,2025-08-11,On Time
O03140,P103,1544,2025-02-25,2025-03-11,2025-03-11,In Progress
O03141,P101,1765,2025-07-14,2025-07-28,2025-07-28,On Time
O03142,P102,698,2025-08-13,2025-08-27,2025-08-27,On Time
O03143,P101,120,2025-01-05,2025-01-17,2025-01-15,On Time
O03144,P101,1777,2025-05-29,2025-06-04,2025-06-02,In Progress
O03145,P104,643,2025-03-10,2025-03-25,2025-03-23,In Progress
O03146,P103,289,2025-12-23,2026-01-07,2026-01-06,On Time
O03147,P101,1125,2025-07-09,2025-07-25,2025-07-23,On Time
O03148,P103,1251,2025-05-07,2025-05-21,2025-05-19,In Progress
O03149,P103,1074,2025-11-06,2025-11-11,2025-11-10,On Time
O03150,P103,1286,2025-10-20,2025-11-05,2025-11-05,In Progress
O03151,P104,1642,2025-01-06,2025-01-20,2025-01-21,Delayed
O03152,P103,779,2025-05-23,2025-05-29,2025-05-28,On Time
O03153,P102,1306,2025-03-18,2025-04-03,2025-04-03,In Progress
O03154,P101,1447,2025-05-03,2025-05-08,2025-05-08,On Time
O03155,P104,1671,2025-06-20,2025-06-30,2025-06-28,In Progress
O03156,P103,1675,2025-06-20,2025-06-29,2025-06-29,On Time
O03157,P104,475,2025-03-22,2025-04-03,2025-04-02,On Time
O03158,P104,983,2025-06-13,2025-06-21,2025-06-19,On Time
O03159,P103,748,2025-09-16,2025-09-30,2025-09-29,On Time
O03160,P104,810,2025-09-03,2025-09-19,2025-09-18,On Time
O03161,P101,386,2025-01-23,2025-01-28,2025-01-30,Delayed
O03162,P103,149,2025-10-12,2025-10-31,2025-10-29,On Time
O03163,P104,1222,2025-05-22,2025-06-02,2025-06-01,In Progress
O03164,P101,286,2025-01-17,2025-01-29,2025-01-28,In Progress
O03165,P104,1803,2025-04-23,2025-05-08,2025-05-06,In Progress
O03166,P101,1900,2025-09-23,2025-10-03,2025-10-06,Delayed
O03167,P101,832,2025-07-28,2025-08-17,2025-08-15,On Time
O03168,P104,915,2025-08-16,2025-08-28,2025-08-27,On Time
O03169,P101,1121,2025-11-05,2025-11-25,2025-12-01,Delayed
O03170,P101,1177,2025-09-18,2025-09-30,2025-09-29,On Time
O03171,P101,634,2025-10-19,2025-11-08,2025-11-08,In Progress
O03172,P104,315,2025-01-05,2025-01-22,2025-01-21,In Progress
O03173,P102,504,2025-05-09,2025-05-19,2025-05-20,Delayed
O03174,P102,278,2025-02-17,2025-02-23,2025-02-27,Delayed
O03175,P103,918,2025-09-14,2025-09-21,2025-09-21,In Progress
O03176,P103,128,2025-06-11,2025-06-21,2025-06-19,On Time
O03177,P104,1675,2025-07-10,2025-07-16,2025-07-19,Delayed
O03178,P101,1738,2025-02-24,2025-03-03,2025-03-02,On Time
O03179,P104,362,2025-11-20,2025-12-09,2025-12-07,On Time
O03180,P103,1702,2025-12-30,2026-01-07,2026-01-06,On Time
O03181,P102,629,2025-12-18,2025-12-29,2025-12-28,On Time
O03182,P101,1156,2025-12-30,2026-01-11,2026-01-11,On Time
O03183,P104,812,2025-08-16,2025-08-28,2025-08-28,In Progress
O03184,P101,184,2025-01-29,2025-02-17,2025-02-16,In Progress
O03185,P104,770,2025-04-28,2025-05-06,2025-05-08,Delayed
O03186,P103,1951,2025-11-18,2025-12-03,2025-12-03,On Time
O03187,P104,1524,2025-03-29,2025-04-16,2025-04-15,On Time
O03188,P104,1791,2025-03-12,2025-03-17,2025-03-16,In Progress
O03189,P101,1135,2025-11-16,2025-11-30,2025-11-29,On Time
O03190,P104,425,2025-04-10,2025-04-28,2025-04-29,Delayed
O03191,P104,1909,2025-02-18,2025-03-01,2025-02-28,In Progress
O03192,P102,1599,2025-06-15,2025-06-25,2025-06-25,On Time
O03193,P104,216,2025-12-22,2025-12-28,2025-12-27,In Progress
O03194,P102,1692,2025-09-12,2025-09-26,2025-09-26,On Time
O03195,P103,1031,2025-09-02,2025-09-19,2025-09-17,In Progress
O03196,P103,524,2025-12-27,2026-01-10,2026-01-08,On Time
O03197,P102,1697,2025-02-04,2025-02-22,2025-02-21,On Time
O03198,P102,1117,2025-10-14,2025-10-24,2025-10-23,On Time
O03199,P101,1525,2025-01-05,2025-01-11,2025-01-10,In Progress
O03200,P103,1591,2025-05-02,2025-05-20,2025-05-18,In Progress
O03201,P102,318,2025-06-10,2025-06-26,2025-07-01,Delayed
O03202,P101,332,2025-01-08,2025-01-25,2025-01-23,On Time
O03203,P101,1787,2025-12-14,2025-12-29,2025-12-29,On Time
O03204,P104,458,2025-09-18,2025-09-30,2025-09-30,In Progress
O03205,P103,138,2025-08-22,2025-09-11,2025-09-09,On Time
O03206,P104,1453,2025-06-30,2025-07-16,2025-07-14,In Progress
O03207,P103,1230,2025-10-16,2025-10-26,2025-10-26,On Time
O03208,P104,1980,2025-01-10,2025-01-23,2025-01-23,In Progress
O03209,P101,1889,2025-06-17,2025-07-07,2025-07-12,Delayed
O03210,P104,538,2025-09-24,2025-10-13,2025-10-15,Delayed
O03211,P103,1583,2025-09-17,2025-09-25,2025-09-25,On Time
O03212,P104,382,2025-06-26,2025-07-03,2025-07-08,Delayed
O03213,P101,1567,2025-06-08,2025-06-24,2025-06-24,In Progress
O03214,P104,208,2025-11-25,2025-11-30,2025-11-30,On Time
O03215,P103,823,2025-07-25,2025-08-07,2025-08-06,In Progress
O03216,P103,146,2025-07-22,2025-08-05,2025-08-11,Delayed
O03217,P102,1286,2025-08-26,2025-09-05,2025-09-04,On Time
O03218,P104,951,2025-06-25,2025-07-09,2025-07-07,On Time
O03219,P103,747,2025-08-19,2025-08-25,2025-08-24,On Time
O03220,P104,1702,2025-08-25,2025-09-05,2025-09-03,In Progress
O03221,P101,107,2025-03-31,2025-04-06,2025-04-06,On Time
O03222,P101,759,2025-05-23,2025-05-30,2025-05-29,In Progress
O03223,P104,115,2025-05-16,2025-05-26,2025-05-27,Delayed
O03224,P103,653,2025-05-13,2025-05-21,2025-05-19,In Progress
O03225,P103,1068,2025-08-26,2025-09-08,2025-09-07,In Progress
O03226,P102,1144,2025-10-19,2025-10-26,2025-10-25,In Progress
O03227,P104,1088,2025-03-10,2025-03-20,2025-03-18,In Progress
O03228,P102,1323,2025-08-19,2025-09-04,2025-09-03,In Progress
O03229,P103,375,2025-09-11,2025-09-26,2025-10-01,Delayed
O03230,P103,1388,2025-07-13,2025-07-23,2025-07-26,Delayed
O03231,P104,231,2025-01-17,2025-01-23,2025-01-23,On Time
O03232,P102,1950,2025-04-04,2025-04-24,2025-04-26,Delayed
O03233,P101,563,2025-12-29,2026-01-18,2026-01-16,On Time
O03234,P103,1452,2025-10-11,2025-10-21,2025-10-19,In Progress
O03235,P104,1082,2025-10-22,2025-11-05,2025-11-04,On Time
O03236,P101,948,2025-11-03,2025-11-21,2025-11-19,In Progress
O03237,P103,902,2025-01-05,2025-01-25,2025-01-23,On Time
O03238,P104,1373,2025-08-26,2025-09-02,2025-09-01,On Time
O03239,P103,1924,2025-01-23,2025-02-01,2025-01-30,On Time
O03240,P104,1528,2025-04-06,2025-04-18,2025-04-16,In Progress
O03241,P104,1861,2025-12-09,2025-12-27,2026-01-01,Delayed
O03242,P102,445,2025-01-15,2025-02-02,2025-01-31,In Progress
O03243,P102,1425,2025-03-23,2025-03-31,2025-03-29,On Time
O03244,P101,1424,2025-07-25,2025-08-12,2025-08-12,In Progress
O03245,P103,1977,2025-12-13,2025-12-30,2026-01-05,Delayed
O03246,P102,718,2025-11-12,2025-11-23,2025-11-25,Delayed
O03247,P104,1145,2025-12-27,2026-01-06,2026-01-04,On Time
O03248,P102,117,2025-05-10,2025-05-30,2025-06-04,Delayed
O03249,P103,1814,2025-04-04,2025-04-21,2025-04-21,On Time
O03250,P102,189,2025-05-13,2025-05-25,2025-05-25,On Time
O03251,P103,353,2025-07-16,2025-07-25,2025-07-31,Delayed
O03252,P101,581,2025-04-04,2025-04-15,2025-04-22,Delayed
O03253,P101,964,2025-09-14,2025-10-01,2025-09-29,On Time
O03254,P103,1845,2025-10-27,2025-11-04,2025-11-04,In Progress
O03255,P103,420,2025-01-25,2025-02-03,2025-02-08,Delayed
O03256,P103,433,2025-09-06,2025-09-13,2025-09-19,Delayed
O03257,P104,914,2025-03-31,2025-04-12,2025-04-12,On Time
O03258,P104,382,2025-12-24,2026-01-08,2026-01-08,In Progress
O03259,P103,911,2025-09-29,2025-10-18,2025-10-17,In Progress
O03260,P101,1064,2025-03-23,2025-04-11,2025-04-09,On Time
O03261,P104,629,2025-01-23,2025-02-10,2025-02-09,In Progress
O03262,P102,1461,2025-01-13,2025-01-21,2025-01-28,Delayed
O03263,P102,1872,2025-10-07,2025-10-16,2025-10-20,Delayed
O03264,P101,1271,2025-02-14,2025-02-22,2025-02-20,On Time
O03265,P101,1861,2025-04-22,2025-05-06,2025-05-12,Delayed
O03266,P102,104,2025-03-02,2025-03-17,2025-03-16,On Time
O03267,P103,1621,2025-11-18,2025-11-29,2025-11-29,On Time
O03268,P101,1946,2025-12-09,2025-12-19,2025-12-22,Delayed
O03269,P104,867,2025-04-27,2025-05-13,2025-05-12,On Time
O03270,P104,310,2025-12-07,2025-12-20,2025-12-20,In Progress
O03271,P104,915,2025-11-21,2025-11-29,2025-11-29,In Progress
O03272,P102,1782,2025-09-14,2025-09-24,2025-09-24,In Progress
O03273,P103,1622,2025-01-10,2025-01-22,2025-01-22,On Time
O03274,P101,1353,2025-05-26,2025-06-11,2025-06-14,Delayed
O03275,P104,1030,2025-08-01,2025-08-20,2025-08-18,In Progress
O03276,P101,841,2025-07-27,2025-08-05,2025-08-05,In Progress
O03277,P102,626,2025-01-15,2025-01-22,2025-01-21,On Time
O03278,P102,373,2025-02-03,2025-02-10,2025-02-09,On Time
O03279,P102,1908,2025-08-02,2025-08-10,2025-08-09,In Progress
O03280,P102,1370,2025-04-26,2025-05-13,2025-05-11,In Progress
O03281,P103,1689,2025-01-10,2025-01-19,2025-01-19,In Progress
O03282,P101,1457,2025-10-09,2025-10-27,2025-10-25,On Time
O03283,P104,230,2025-04-06,2025-04-22,2025-04-25,Delayed
O03284,P102,720,2025-03-17,2025-04-05,2025-04-04,On Time
O03285,P103,309,2025-01-01,2025-01-11,2025-01-18,Delayed
O03286,P101,374,2025-09-19,2025-09-27,2025-10-02,Delayed
O03287,P101,1305,2025-07-05,2025-07-14,2025-07-15,Delayed
O03288,P101,637,2025-10-17,2025-11-04,2025-11-03,In Progress
O03289,P104,348,2025-09-28,2025-10-09,2025-10-08,In Progress
O03290,P102,1077,2025-09-03,2025-09-22,2025-09-21,On Time
O03291,P101,506,2025-12-29,2026-01-04,2026-01-03,In Progress
O03292,P104,1177,2025-07-31,2025-08-11,2025-08-11,In Progress
O03293,P103,1308,2025-07-26,2025-08-04,2025-08-03,In Progress
O03294,P102,1607,2025-08-30,2025-09-18,2025-09-17,On Time
O03295,P101,951,2025-10-31,2025-11-20,2025-11-26,Delayed
O03296,P103,1192,2025-09-14,2025-10-03,2025-10-02,In Progress
O03297,P104,398,2025-10-31,2025-11-08,2025-11-08,On Time
O03298,P103,271,2025-02-19,2025-02-24,2025-02-24,On Time
O03299,P101,219,2025-04-30,2025-05-18,2025-05-16,On Time
O03300,P103,1569,2025-12-27,2026-01-15,2026-01-13,On Time
O03301,P103,1270,2025-01-20,2025-01-29,2025-01-27,On Time
O03302,P103,1104,2025-01-07,2025-01-27,2025-01-30,Delayed
O03303,P104,1242,2025-11-22,2025-12-08,2025-12-06,On Time
O03304,P102,678,2025-06-29,2025-07-05,2025-07-05,In Progress
O03305,P104,1531,2025-09-13,2025-09-22,2025-09-22,On Time
O03306,P104,1922,2025-10-30,2025-11-12,2025-11-12,In Progress
O03307,P103,848,2025-06-18,2025-07-04,2025-07-04,In Progress
O03308,P101,238,2025-05-25,2025-06-06,2025-06-05,In Progress
O03309,P103,459,2025-11-25,2025-12-14,2025-12-15,Delayed
O03310,P102,1863,2025-07-29,2025-08-11,2025-08-10,In Progress
O03311,P104,1698,2025-07-12,2025-07-23,2025-07-21,In Progress
O03312,P102,1559,2025-05-22,2025-06-11,2025-06-09,On Time
O03313,P102,424,2025-08-25,2025-09-12,2025-09-12,On Time
O03314,P102,624,2025-05-28,2025-06-08,2025-06-07,On Time
O03315,P103,953,2025-06-26,2025-07-05,2025-07-03,In Progress
O03316,P103,1609,2025-08-04,2025-08-16,2025-08-14,In Progress
O03317,P101,293,2025-04-12,2025-04-20,2025-04-25,Delayed
O03318,P102,1376,2025-06-23,2025-06-30,2025-06-29,In Progress
O03319,P101,249,2025-09-16,2025-09-30,2025-09-30,In Progress
O03320,P101,1911,2025-09-22,2025-10-08,2025-10-07,On Time
O03321,P104,1042,2025-05-20,2025-05-31,2025-05-30,In Progress
O03322,P101,1679,2025-10-13,2025-10-24,2025-10-23,On Time
O03323,P103,1522,2025-02-03,2025-02-20,2025-02-24,Delayed
O03324,P104,1879,2025-04-05,2025-04-14,2025-04-12,On Time
O03325,P101,1133,2025-11-23,2025-12-10,2025-12-09,On Time
O03326,P102,661,2025-12-17,2025-12-24,2025-12-30,Delayed
O03327,P101,936,2025-01-13,2025-01-27,2025-01-27,On Time
O03328,P101,1445,2025-09-16,2025-10-04,2025-10-08,Delayed
O03329,P104,348,2025-10-05,2025-10-25,2025-10-26,Delayed
O03330,P101,1751,2025-10-10,2025-10-17,2025-10-16,On Time
O03331,P104,1239,2025-01-18,2025-01-23,2025-01-22,On Time
O03332,P102,286,2025-07-04,2025-07-10,2025-07-10,On Time
O03333,P103,308,2025-09-29,2025-10-17,2025-10-20,Delayed
O03334,P101,1930,2025-03-02,2025-03-14,2025-03-20,Delayed
O03335,P103,1715,2025-06-15,2025-07-05,2025-07-05,On Time
O03336,P104,1667,2025-11-04,2025-11-10,2025-11-09,On Time
O03337,P104,463,2025-02-18,2025-03-03,2025-03-01,On Time
O03338,P102,155,2025-04-20,2025-05-10,2025-05-15,Delayed
O03339,P103,1771,2025-01-31,2025-02-05,2025-02-03,In Progress
O03340,P101,1345,2025-12-15,2025-12-20,2025-12-23,Delayed
O03341,P103,219,2025-06-14,2025-06-22,2025-06-21,In Progress
O03342,P102,1576,2025-08-28,2025-09-07,2025-09-13,Delayed
O03343,P103,961,2025-01-05,2025-01-14,2025-01-13,In Progress
O03344,P101,1903,2025-07-19,2025-08-02,2025-07-31,On Time
O03345,P102,862,2025-08-18,2025-09-02,2025-09-02,In Progress
O03346,P101,484,2025-11-30,2025-12-10,2025-12-09,On Time
O03347,P104,1770,2025-11-10,2025-11-30,2025-12-07,Delayed
O03348,P103,290,2025-11-07,2025-11-22,2025-11-25,Delayed
O03349,P102,1406,2025-01-17,2025-02-04,2025-02-03,On Time
O03350,P102,643,2025-10-31,2025-11-17,2025-11-17,In Progress
O03351,P104,541,2025-02-03,2025-02-19,2025-02-17,In Progress
O03352,P104,765,2025-01-30,2025-02-09,2025-02-09,On Time
O03353,P102,971,2025-09-14,2025-09-22,2025-09-22,In Progress
O03354,P101,264,2025-09-22,2025-10-05,2025-10-04,In Progress
O03355,P102,1712,2025-08-13,2025-08-28,2025-08-29,Delayed
O03356,P102,893,2025-08-04,2025-08-10,2025-08-08,On Time
O03357,P101,1894,2025-03-29,2025-04-09,2025-04-10,Delayed
O03358,P104,461,2025-08-05,2025-08-21,2025-08-28,Delayed
O03359,P101,285,2025-11-22,2025-12-11,2025-12-10,On Time
O03360,P102,660,2025-02-13,2025-02-22,2025-02-21,In Progress
O03361,P102,973,2025-06-25,2025-07-02,2025-07-04,Delayed
O03362,P104,1422,2025-05-06,2025-05-11,2025-05-11,On Time
O03363,P101,1060,2025-04-01,2025-04-10,2025-04-09,On Time
O03364,P103,520,2025-07-26,2025-08-13,2025-08-12,On Time
O03365,P103,694,2025-08-07,2025-08-25,2025-08-23,In Progress
O03366,P104,728,2025-03-08,2025-03-18,2025-03-17,On Time
O03367,P101,860,2025-03-27,2025-04-05,2025-04-04,In Progress
O03368,P104,1202,2025-02-21,2025-02-28,2025-02-26,In Progress
O03369,P104,502,2025-12-08,2025-12-14,2025-12-16,Delayed
O03370,P103,664,2025-11-23,2025-11-29,2025-11-27,In Progress
O03371,P102,929,2025-04-09,2025-04-25,2025-04-25,In Progress
O03372,P104,720,2025-10-10,2025-10-30,2025-10-29,On Time
O03373,P102,753,2025-08-27,2025-09-16,2025-09-15,On Time
O03374,P104,1334,2025-05-19,2025-05-28,2025-05-26,In Progress
O03375,P102,892,2025-05-14,2025-05-28,2025-05-26,On Time
O03376,P101,268,2025-01-15,2025-01-30,2025-02-04,Delayed
O03377,P101,1867,2025-02-22,2025-03-09,2025-03-09,In Progress
O03378,P102,344,2025-06-09,2025-06-16,2025-06-15,In Progress
O03379,P102,1747,2025-04-13,2025-04-27,2025-04-29,Delayed
O03380,P104,963,2025-05-21,2025-05-31,2025-05-31,On Time
O03381,P103,111,2025-02-04,2025-02-22,2025-02-25,Delayed
O03382,P104,462,2025-05-14,2025-05-21,2025-05-21,In Progress
O03383,P102,770,2025-09-25,2025-10-10,2025-10-10,In Progress
O03384,P102,1519,2025-10-19,2025-10-31,2025-10-29,In Progress
O03385,P102,124,2025-11-26,2025-12-02,2025-11-30,On Time
O03386,P102,884,2025-03-04,2025-03-17,2025-03-18,Delayed
O03387,P103,1329,2025-04-24,2025-04-30,2025-04-30,In Progress
O03388,P103,1663,2025-11-13,2025-11-30,2025-11-28,On Time
O03389,P103,740,2025-05-28,2025-06-13,2025-06-13,In Progress
O03390,P102,199,2025-06-30,2025-07-07,2025-07-06,On Time
O03391,P103,669,2025-07-01,2025-07-19,2025-07-18,In Progress
O03392,P104,1335,2025-04-19,2025-05-02,2025-05-02,In Progress
O03393,P102,1622,2025-05-07,2025-05-17,2025-05-16,On Time
O03394,P101,537,2025-12-24,2025-12-29,2025-12-28,In Progress
O03395,P104,792,2025-12-19,2026-01-07,2026-01-10,Delayed
O03396,P104,1036,2025-09-18,2025-10-05,2025-10-05,In Progress
O03397,P104,257,2025-02-19,2025-03-07,2025-03-14,Delayed
O03398,P104,430,2025-12-31,2026-01-09,2026-01-09,On Time
O03399,P103,1882,2025-06-16,2025-06-27,2025-06-25,On Time
O03400,P101,1060,2025-12-12,2025-12-28,2025-12-29,Delayed
O03401,P104,621,2025-12-27,2026-01-13,2026-01-13,On Time
O03402,P102,584,2025-07-14,2025-07-24,2025-07-23,In Progress
O03403,P104,1345,2025-06-12,2025-06-29,2025-06-28,In Progress
O03404,P104,229,2025-03-11,2025-03-27,2025-03-29,Delayed
O03405,P101,1506,2025-03-16,2025-03-30,2025-04-05,Delayed
O03406,P101,1045,2025-08-05,2025-08-15,2025-08-15,On Time
O03407,P101,1272,2025-11-01,2025-11-17,2025-11-17,On Time
O03408,P101,1630,2025-05-19,2025-06-05,2025-06-05,On Time
O03409,P104,632,2025-10-25,2025-10-30,2025-10-31,Delayed
O03410,P103,1984,2025-02-19,2025-03-10,2025-03-08,In Progress
O03411,P103,913,2025-08-31,2025-09-05,2025-09-06,Delayed
O03412,P102,319,2025-10-04,2025-10-16,2025-10-14,On Time
O03413,P102,378,2025-05-06,2025-05-21,2025-05-19,In Progress
O03414,P101,1357,2025-10-05,2025-10-12,2025-10-16,Delayed
O03415,P104,1138,2025-06-23,2025-06-28,2025-06-27,On Time
O03416,P103,1790,2025-11-06,2025-11-26,2025-11-26,In Progress
O03417,P102,990,2025-12-27,2026-01-09,2026-01-07,On Time
O03418,P104,179,2025-03-09,2025-03-16,2025-03-14,In Progress
O03419,P103,358,2025-04-27,2025-05-13,2025-05-12,On Time
O03420,P103,1010,2025-08-18,2025-09-01,2025-09-01,In Progress
O03421,P103,1428,2025-12-20,2025-12-25,2025-12-25,On Time
O03422,P103,748,2025-12-30,2026-01-07,2026-01-06,In Progress
O03423,P104,1961,2025-08-03,2025-08-08,2025-08-08,On Time
O03424,P103,1403,2025-03-18,2025-03-25,2025-03-24,In Progress
O03425,P103,1602,2025-11-04,2025-11-18,2025-11-20,Delayed
O03426,P101,1748,2025-07-14,2025-07-21,2025-07-21,In Progress
O03427,P101,1315,2025-10-23,2025-10-31,2025-10-30,In Progress
O03428,P103,1111,2025-03-17,2025-04-01,2025-04-01,On Time
O03429,P104,1162,2025-03-01,2025-03-18,2025-03-18,In Progress
O03430,P102,1788,2025-02-20,2025-03-07,2025-03-05,On Time
O03431,P103,739,2025-03-12,2025-03-30,2025-04-03,Delayed
O03432,P103,1227,2025-11-08,2025-11-14,2025-11-21,Delayed
O03433,P101,870,2025-01-22,2025-02-10,2025-02-09,In Progress
O03434,P104,723,2025-11-12,2025-11-28,2025-11-27,On Time
O03435,P104,1835,2025-11-20,2025-12-09,2025-12-09,In Progress
O03436,P104,119,2025-10-23,2025-10-28,2025-10-30,Delayed
O03437,P103,1572,2025-03-27,2025-04-03,2025-04-02,On Time
O03438,P102,1599,2025-03-13,2025-03-18,2025-03-17,In Progress
O03439,P103,866,2025-09-21,2025-09-30,2025-10-02,Delayed
O03440,P104,1444,2025-01-18,2025-01-28,2025-01-27,On Time
O03441,P101,1160,2025-08-21,2025-09-04,2025-09-03,On Time
O03442,P104,909,2025-09-26,2025-10-11,2025-10-09,On Time
O03443,P104,1345,2025-10-21,2025-10-30,2025-10-29,On Time
O03444,P104,590,2025-07-30,2025-08-13,2025-08-11,On Time
O03445,P101,538,2025-03-30,2025-04-09,2025-04-08,In Progress
O03446,P101,1315,2025-11-15,2025-12-05,2025-12-04,In Progress
O03447,P101,1632,2025-07-21,2025-08-01,2025-08-01,In Progress
O03448,P101,339,2025-08-17,2025-08-29,2025-08-27,On Time
O03449,P102,556,2025-04-26,2025-05-06,2025-05-04,On Time
O03450,P104,1134,2025-10-10,2025-10-21,2025-10-26,Delayed
O03451,P102,635,2025-12-08,2025-12-20,2025-12-20,In Progress
O03452,P101,689,2025-09-22,2025-10-03,2025-10-02,In Progress
O03453,P103,1233,2025-09-30,2025-10-18,2025-10-16,In Progress
O03454,P102,1530,2025-11-06,2025-11-16,2025-11-16,In Progress
O03455,P104,1881,2025-03-03,2025-03-14,2025-03-12,In Progress
O03456,P101,1505,2025-06-08,2025-06-22,2025-06-22,In Progress
O03457,P102,1891,2025-03-17,2025-03-28,2025-03-28,In Progress
O03458,P104,616,2025-02-01,2025-02-06,2025-02-04,On Time
O03459,P102,439,2025-07-14,2025-07-20,2025-07-19,In Progress
O03460,P103,1447,2025-02-13,2025-03-03,2025-03-02,In Progress
O03461,P102,1678,2025-02-08,2025-02-21,2025-02-19,On Time
O03462,P103,456,2025-09-13,2025-09-19,2025-09-18,On Time
O03463,P101,1699,2025-01-13,2025-01-24,2025-01-23,On Time
O03464,P101,1237,2025-12-18,2025-12-26,2025-12-25,On Time
O03465,P101,1330,2025-06-26,2025-07-07,2025-07-07,On Time
O03466,P102,723,2025-03-25,2025-04-13,2025-04-15,Delayed
O03467,P103,855,2025-03-20,2025-03-29,2025-03-27,On Time
O03468,P102,807,2025-08-18,2025-08-25,2025-08-25,On Time
O03469,P102,1801,2025-04-08,2025-04-14,2025-04-13,In Progress
O03470,P104,1450,2025-04-30,2025-05-06,2025-05-04,In Progress
O03471,P101,101,2025-10-28,2025-11-06,2025-11-06,On Time
O03472,P103,987,2025-10-26,2025-11-13,2025-11-12,On Time
O03473,P102,1527,2025-06-10,2025-06-20,2025-06-18,In Progress
O03474,P104,1743,2025-04-18,2025-05-01,2025-05-03,Delayed
O03475,P101,400,2025-04-21,2025-05-11,2025-05-11,On Time
O03476,P103,1466,2025-02-15,2025-03-07,2025-03-05,In Progress
O03477,P104,1051,2025-08-15,2025-09-03,2025-09-02,In Progress
O03478,P101,1394,2025-06-09,2025-06-21,2025-06-21,In Progress
O03479,P104,598,2025-04-08,2025-04-17,2025-04-17,In Progress
O03480,P101,1400,2025-03-31,2025-04-17,2025-04-17,In Progress
O03481,P101,220,2025-09-05,2025-09-15,2025-09-15,On Time
O03482,P104,1800,2025-09-14,2025-09-22,2025-09-20,In Progress
O03483,P103,1458,2025-12-08,2025-12-22,2025-12-21,In Progress
O03484,P103,1002,2025-12-04,2025-12-13,2025-12-11,On Time
O03485,P104,342,2025-06-06,2025-06-23,2025-06-23,In Progress
O03486,P102,813,2025-06-28,2025-07-06,2025-07-05,In Progress
O03487,P102,1709,2025-06-04,2025-06-17,2025-06-17,On Time
O03488,P102,126,2025-01-06,2025-01-14,2025-01-14,In Progress
O03489,P102,705,2025-01-19,2025-01-25,2025-01-24,On Time
O03490,P103,1890,2025-12-04,2025-12-23,2025-12-23,In Progress
O03491,P104,1374,2025-01-12,2025-01-25,2025-01-24,In Progress
O03492,P102,924,2025-05-12,2025-05-25,2025-05-25,On Time
O03493,P101,443,2025-10-29,2025-11-09,2025-11-14,Delayed
O03494,P101,1930,2025-04-09,2025-04-20,2025-04-20,In Progress
O03495,P104,1142,2025-05-23,2025-06-04,2025-06-02,On Time
O03496,P104,1782,2025-05-11,2025-05-30,2025-05-29,In Progress
O03497,P102,467,2025-08-11,2025-08-30,2025-09-01,Delayed
O03498,P101,837,2025-09-27,2025-10-10,2025-10-17,Delayed
O03499,P104,240,2025-02-08,2025-02-20,2025-02-19,On Time
O03500,P101,389,2025-07-11,2025-07-21,2025-07-19,In Progress
