Date,Material_ID,Stock_Qty,Daily_Consumption,Reorder_Level,Lead_Time_Days
2025-01-01,RM01,1219,126,1184,16
2025-01-01,RM02,1083,68,1062,9
2025-01-01,RM03,1245,96,1349,10
2025-01-01,RM04,3897,98,906,19
2025-01-01,RM05,2631,197,1062,8
2025-01-01,RM06,1721,156,1489,25
2025-01-01,RM07,3113,80,1344,8
2025-01-01,RM08,256,51,985,40
2025-01-01,RM09,2241,132,1446,7
2025-01-01,RM10,1863,189,813,8
2025-01-01,RM11,3865,89,1117,7
2025-01-01,RM12,1764,78,1362,6
2025-01-02,RM01,2937,133,1408,12
2025-01-02,RM02,4387,53,1435,12
2025-01-02,RM03,4765,154,1127,6
2025-01-02,RM04,4357,173,993,9
2025-01-02,RM05,4757,76,1226,6
2025-01-02,RM06,3271,128,1170,22
2025-01-02,RM07,3928,96,1499,11
2025-01-02,RM08,495,142,1031,35
2025-01-02,RM09,4039,152,1135,5
2025-01-02,RM10,3957,75,1128,21
2025-01-02,RM11,2636,52,1415,25
2025-01-02,RM12,4764,90,898,16
2025-01-03,RM01,4188,96,1448,20
2025-01-03,RM02,4077,88,1392,9
2025-01-03,RM03,2021,122,1222,12
2025-01-03,RM04,4437,188,1108,8
2025-01-03,RM05,2729,69,1473,18
2025-01-03,RM06,4105,85,1263,11
2025-01-03,RM07,2938,56,1474,12
2025-01-03,RM08,943,164,1469,47
2025-01-03,RM09,2565,51,813,25
2025-01-03,RM10,1315,182,1107,25
2025-01-03,RM11,4302,159,1194,25
2025-01-03,RM12,3495,138,1385,11
2025-01-04,RM01,3578,163,889,5
2025-01-04,RM02,1694,63,1363,13
2025-01-04,RM03,2558,147,1167,20
2025-01-04,RM04,1766,138,1190,5
2025-01-04,RM05,1926,126,1264,10
2025-01-04,RM06,1523,65,992,22
2025-01-04,RM07,4724,68,1443,21
2025-01-04,RM08,1061,166,905,42
2025-01-04,RM09,992,131,1458,14
2025-01-04,RM10,4784,147,861,10
2025-01-04,RM11,3794,56,1265,6
2025-01-04,RM12,3083,167,1391,6
2025-01-05,RM01,4219,87,964,15
2025-01-05,RM02,1106,179,809,19
2025-01-05,RM03,3881,176,1254,18
2025-01-05,RM04,2992,67,1323,21
2025-01-05,RM05,2138,67,1208,5
2025-01-05,RM06,2161,178,1078,18
2025-01-05,RM07,1527,111,1016,18
2025-01-05,RM08,760,110,1124,38
2025-01-05,RM09,3290,161,1172,24
2025-01-05,RM10,4246,169,948,10
2025-01-05,RM11,4534,78,1472,22
2025-01-05,RM12,4630,79,1111,13
2025-01-06,RM01,4300,97,1490,17
2025-01-06,RM02,2443,59,961,21
2025-01-06,RM03,3719,64,1408,20
2025-01-06,RM04,2870,67,1370,18
2025-01-06,RM05,3988,173,889,19
2025-01-06,RM06,3834,68,1331,13
2025-01-06,RM07,1513,157,853,13
2025-01-06,RM08,792,88,1400,37
2025-01-06,RM09,2320,101,948,18
2025-01-06,RM10,1705,57,1477,21
2025-01-06,RM11,1870,164,1415,24
2025-01-06,RM12,4683,68,1017,5
2025-01-07,RM01,2935,88,843,20
2025-01-07,RM02,4055,112,1351,20
2025-01-07,RM03,3956,173,1153,17
2025-01-07,RM04,1053,160,1183,24
2025-01-07,RM05,2218,149,1268,19
2025-01-07,RM06,706,94,1292,12
2025-01-07,RM07,2971,71,1104,24
2025-01-07,RM08,442,131,800,49
2025-01-07,RM09,3308,53,1363,12
2025-01-07,RM10,2072,146,837,11
2025-01-07,RM11,1342,159,1301,14
2025-01-07,RM12,1416,69,884,16
2025-01-08,RM01,4922,182,1369,22
2025-01-08,RM02,2007,63,1046,20
2025-01-08,RM03,1804,125,1317,10
2025-01-08,RM04,1027,146,839,12
2025-01-08,RM05,3004,164,1074,11
2025-01-08,RM06,3320,164,1460,16
2025-01-08,RM07,3736,113,1383,18
2025-01-08,RM08,748,196,933,37
2025-01-08,RM09,4569,179,1080,15
2025-01-08,RM10,4767,175,1251,10
2025-01-08,RM11,3521,127,1262,23
2025-01-08,RM12,2023,168,1486,10
2025-01-09,RM01,927,88,1061,7
2025-01-09,RM02,3575,140,1426,19
2025-01-09,RM03,3077,148,1010,20
2025-01-09,RM04,2515,80,873,20
2025-01-09,RM05,2145,80,1274,15
2025-01-09,RM06,751,166,913,22
2025-01-09,RM07,3910,63,1340,15
2025-01-09,RM08,250,162,1204,41
2025-01-09,RM09,1059,133,966,11
2025-01-09,RM10,2858,191,905,9
2025-01-09,RM11,4006,120,1137,23
2025-01-09,RM12,2468,116,1122,22
2025-01-10,RM01,3312,91,1450,14
2025-01-10,RM02,4304,121,1078,9
2025-01-10,RM03,4087,101,1434,16
2025-01-10,RM04,4167,199,936,25
2025-01-10,RM05,776,122,1330,7
2025-01-10,RM06,1713,92,1003,24
2025-01-10,RM07,4458,96,1175,24
2025-01-10,RM08,620,52,1188,45
2025-01-10,RM09,3919,80,887,5
2025-01-10,RM10,3793,136,1338,16
2025-01-10,RM11,3766,74,883,16
2025-01-10,RM12,3336,110,1131,5
2025-01-11,RM01,3483,191,905,16
2025-01-11,RM02,4955,63,1225,6
2025-01-11,RM03,3775,57,1164,25
2025-01-11,RM04,3968,172,1474,20
2025-01-11,RM05,2021,76,992,25
2025-01-11,RM06,4074,60,1350,5
2025-01-11,RM07,2739,188,835,11
2025-01-11,RM08,1199,109,1305,42
2025-01-11,RM09,4838,112,1232,9
2025-01-11,RM10,1434,177,1478,5
2025-01-11,RM11,4819,93,866,19
2025-01-11,RM12,1315,100,1485,17
2025-01-12,RM01,554,78,1242,24
2025-01-12,RM02,3207,157,1356,7
2025-01-12,RM03,843,119,1293,5
2025-01-12,RM04,2008,133,1003,8
2025-01-12,RM05,3207,58,820,20
2025-01-12,RM06,2201,180,1260,15
2025-01-12,RM07,1158,65,990,20
2025-01-12,RM08,876,133,1476,46
2025-01-12,RM09,3488,77,1356,5
2025-01-12,RM10,4195,198,812,21
2025-01-12,RM11,966,133,991,25
2025-01-12,RM12,2658,107,934,9
2025-01-13,RM01,3410,117,1006,16
2025-01-13,RM02,2112,93,1015,13
2025-01-13,RM03,1926,71,977,25
2025-01-13,RM04,2976,51,944,11
2025-01-13,RM05,3211,101,1052,21
2025-01-13,RM06,635,152,1444,11
2025-01-13,RM07,1098,84,943,12
2025-01-13,RM08,951,115,1464,35
2025-01-13,RM09,4461,117,1105,25
2025-01-13,RM10,4567,108,812,25
2025-01-13,RM11,4706,80,831,8
2025-01-13,RM12,4144,192,813,25
2025-01-14,RM01,4497,147,1292,18
2025-01-14,RM02,4822,136,1011,14
2025-01-14,RM03,2122,98,1048,14
2025-01-14,RM04,3372,181,1104,19
2025-01-14,RM05,2294,60,871,19
2025-01-14,RM06,1102,61,1003,21
2025-01-14,RM07,2120,71,1009,17
2025-01-14,RM08,692,56,1231,45
2025-01-14,RM09,679,65,1025,15
2025-01-14,RM10,2493,74,915,16
2025-01-14,RM11,3736,172,1369,12
2025-01-14,RM12,2856,165,1440,16
2025-01-15,RM01,2424,93,1159,18
2025-01-15,RM02,2475,112,1073,5
2025-01-15,RM03,1529,50,972,18
2025-01-15,RM04,4108,97,931,12
2025-01-15,RM05,3788,83,1261,24
2025-01-15,RM06,1605,182,1275,25
2025-01-15,RM07,713,97,1418,9
2025-01-15,RM08,216,134,883,50
2025-01-15,RM09,1071,97,1382,5
2025-01-15,RM10,2442,117,811,24
2025-01-15,RM11,3882,157,1279,16
2025-01-15,RM12,3435,147,1081,25
2025-01-16,RM01,3407,184,1475,24
2025-01-16,RM02,1249,66,1015,19
2025-01-16,RM03,808,91,1407,12
2025-01-16,RM04,1688,124,1105,22
2025-01-16,RM05,1923,77,1017,10
2025-01-16,RM06,4963,102,1022,14
2025-01-16,RM07,1546,112,1035,7
2025-01-16,RM08,862,124,969,36
2025-01-16,RM09,3210,50,994,17
2025-01-16,RM10,736,100,1498,9
2025-01-16,RM11,514,136,1315,23
2025-01-16,RM12,4517,96,827,25
2025-01-17,RM01,1890,165,1164,5
2025-01-17,RM02,1754,55,976,6
2025-01-17,RM03,3167,150,1408,16
2025-01-17,RM04,2235,180,1242,7
2025-01-17,RM05,557,91,1028,18
2025-01-17,RM06,1459,111,1339,13
2025-01-17,RM07,4431,127,1036,14
2025-01-17,RM08,207,108,1160,46
2025-01-17,RM09,3938,174,1223,9
2025-01-17,RM10,2435,58,1400,5
2025-01-17,RM11,4515,108,1449,17
2025-01-17,RM12,2027,85,1268,15
2025-01-18,RM01,2500,162,1195,24
2025-01-18,RM02,4479,190,1361,13
2025-01-18,RM03,1226,198,896,12
2025-01-18,RM04,2746,52,1036,9
2025-01-18,RM05,4587,150,1430,16
2025-01-18,RM06,3040,129,1054,7
2025-01-18,RM07,1072,57,904,14
2025-01-18,RM08,740,193,1116,50
2025-01-18,RM09,1825,144,1046,24
2025-01-18,RM10,2155,76,1326,19
2025-01-18,RM11,2593,187,1088,10
2025-01-18,RM12,597,186,1318,22
2025-01-19,RM01,3505,106,1313,18
2025-01-19,RM02,566,189,1143,10
2025-01-19,RM03,1717,88,852,7
2025-01-19,RM04,900,73,1213,14
2025-01-19,RM05,2686,142,895,22
2025-01-19,RM06,3513,195,1215,16
2025-01-19,RM07,2643,172,832,22
2025-01-19,RM08,1153,182,1274,38
2025-01-19,RM09,622,143,841,12
2025-01-19,RM10,4989,190,1329,22
2025-01-19,RM11,2789,109,1483,10
2025-01-19,RM12,3471,117,808,24
2025-01-20,RM01,1607,155,1389,7
2025-01-20,RM02,4929,158,1365,6
2025-01-20,RM03,1068,137,1442,12
2025-01-20,RM04,3691,148,949,11
2025-01-20,RM05,1670,123,1243,13
2025-01-20,RM06,2004,135,1172,18
2025-01-20,RM07,3871,143,1481,8
2025-01-20,RM08,331,136,1475,42
2025-01-20,RM09,3320,172,935,7
2025-01-20,RM10,4279,190,1103,13
2025-01-20,RM11,4230,97,1278,24
2025-01-20,RM12,851,198,1413,16
2025-01-21,RM01,2674,146,900,13
2025-01-21,RM02,4184,130,1031,12
2025-01-21,RM03,3788,157,1312,6
2025-01-21,RM04,2850,177,1497,14
2025-01-21,RM05,522,175,1114,18
2025-01-21,RM06,538,66,1500,24
2025-01-21,RM07,1785,57,957,17
2025-01-21,RM08,1138,55,1258,36
2025-01-21,RM09,1032,56,1239,8
2025-01-21,RM10,2927,63,948,21
2025-01-21,RM11,2092,141,1489,9
2025-01-21,RM12,4664,194,1436,17
2025-01-22,RM01,4677,65,1355,5
2025-01-22,RM02,4886,122,1337,8
2025-01-22,RM03,2963,129,1196,22
2025-01-22,RM04,3194,68,869,13
2025-01-22,RM05,1976,94,947,13
2025-01-22,RM06,3868,158,1435,6
2025-01-22,RM07,1174,192,985,12
2025-01-22,RM08,928,130,947,40
2025-01-22,RM09,1134,155,1240,22
2025-01-22,RM10,4132,86,1016,21
2025-01-22,RM11,3830,132,1240,20
2025-01-22,RM12,4220,144,1398,18
2025-01-23,RM01,2881,151,1029,22
2025-01-23,RM02,4185,170,1456,22
2025-01-23,RM03,4836,135,1403,16
2025-01-23,RM04,4142,70,1334,8
2025-01-23,RM05,4443,122,1331,9
2025-01-23,RM06,1431,163,818,21
2025-01-23,RM07,4050,105,1289,11
2025-01-23,RM08,467,89,1221,49
2025-01-23,RM09,4127,92,1194,11
2025-01-23,RM10,4750,109,1226,8
2025-01-23,RM11,1037,106,1208,15
2025-01-23,RM12,3027,173,1201,6
2025-01-24,RM01,1592,95,1488,6
2025-01-24,RM02,4912,57,1293,9
2025-01-24,RM03,3018,200,1129,25
2025-01-24,RM04,3847,121,891,10
2025-01-24,RM05,2514,121,1151,9
2025-01-24,RM06,1389,111,1493,9
2025-01-24,RM07,1097,71,1076,14
2025-01-24,RM08,1031,183,951,46
2025-01-24,RM09,3307,137,920,13
2025-01-24,RM10,2556,128,1023,12
2025-01-24,RM11,4938,138,862,9
2025-01-24,RM12,963,147,1488,21
2025-01-25,RM01,1539,139,870,6
2025-01-25,RM02,991,114,876,11
2025-01-25,RM03,3447,127,1435,23
2025-01-25,RM04,1621,98,1089,22
2025-01-25,RM05,2821,182,1052,9
2025-01-25,RM06,3388,163,862,9
2025-01-25,RM07,3934,164,1293,5
2025-01-25,RM08,814,151,1098,50
2025-01-25,RM09,1669,151,1427,12
2025-01-25,RM10,1375,61,1040,20
2025-01-25,RM11,1578,94,986,14
2025-01-25,RM12,2357,67,1270,14
2025-01-26,RM01,4244,88,881,23
2025-01-26,RM02,1362,65,836,19
2025-01-26,RM03,3491,123,1121,10
2025-01-26,RM04,3722,56,896,5
2025-01-26,RM05,1804,80,1292,20
2025-01-26,RM06,1892,194,1488,6
2025-01-26,RM07,4907,54,960,14
2025-01-26,RM08,858,100,893,43
2025-01-26,RM09,3378,79,894,10
2025-01-26,RM10,4512,170,1335,8
2025-01-26,RM11,3912,138,1468,10
2025-01-26,RM12,3794,144,1217,7
2025-01-27,RM01,2472,192,1355,18
2025-01-27,RM02,3765,148,1450,13
2025-01-27,RM03,3269,54,1091,25
2025-01-27,RM04,3154,197,1196,17
2025-01-27,RM05,543,90,1330,18
2025-01-27,RM06,3369,148,1446,12
2025-01-27,RM07,4496,93,1372,14
2025-01-27,RM08,1181,69,875,50
2025-01-27,RM09,2152,109,1159,18
2025-01-27,RM10,2866,80,1038,11
2025-01-27,RM11,2495,73,944,8
2025-01-27,RM12,4506,161,1092,6
2025-01-28,RM01,3121,172,1341,14
2025-01-28,RM02,2177,195,820,23
2025-01-28,RM03,2786,171,1421,23
2025-01-28,RM04,1232,111,840,5
2025-01-28,RM05,2218,171,1401,12
2025-01-28,RM06,1447,68,1325,17
2025-01-28,RM07,3243,91,1430,5
2025-01-28,RM08,649,159,1063,36
2025-01-28,RM09,2814,103,830,5
2025-01-28,RM10,3123,162,1235,20
2025-01-28,RM11,1211,53,1192,14
2025-01-28,RM12,1757,55,844,17
2025-01-29,RM01,3319,89,1371,14
2025-01-29,RM02,3893,138,1300,11
2025-01-29,RM03,2800,192,1315,6
2025-01-29,RM04,3263,163,1114,8
2025-01-29,RM05,2675,124,876,14
2025-01-29,RM06,2494,189,932,21
2025-01-29,RM07,3088,96,1051,22
2025-01-29,RM08,348,108,1270,47
2025-01-29,RM09,2184,187,860,12
2025-01-29,RM10,3640,176,1290,8
2025-01-29,RM11,4698,61,1089,23
2025-01-29,RM12,2210,72,854,22
2025-01-30,RM01,584,105,910,17
2025-01-30,RM02,521,140,828,15
2025-01-30,RM03,4281,81,1061,17
2025-01-30,RM04,538,181,1239,13
2025-01-30,RM05,4645,78,1475,19
2025-01-30,RM06,4052,65,1292,24
2025-01-30,RM07,2477,192,949,12
2025-01-30,RM08,814,63,847,40
2025-01-30,RM09,1381,121,1417,8
2025-01-30,RM10,4805,85,919,24
2025-01-30,RM11,3628,139,823,22
2025-01-30,RM12,4691,121,1273,24
2025-01-31,RM01,2080,183,1456,24
2025-01-31,RM02,2300,115,1200,17
2025-01-31,RM03,591,157,1449,25
2025-01-31,RM04,1425,159,836,5
2025-01-31,RM05,2309,183,958,12
2025-01-31,RM06,1709,191,1446,11
2025-01-31,RM07,1858,111,1182,10
2025-01-31,RM08,524,177,939,45
2025-01-31,RM09,4309,135,1426,6
2025-01-31,RM10,1581,131,828,25
2025-01-31,RM11,1029,187,1254,22
2025-01-31,RM12,1742,154,1431,6
2025-02-01,RM01,3788,162,1308,16
2025-02-01,RM02,3827,169,1359,20
2025-02-01,RM03,4632,81,994,20
2025-02-01,RM04,581,115,1314,21
2025-02-01,RM05,2227,177,934,24
2025-02-01,RM06,512,150,1235,6
2025-02-01,RM07,2242,135,1237,9
2025-02-01,RM08,753,140,1249,47
2025-02-01,RM09,3040,200,1048,21
2025-02-01,RM10,3782,54,1241,19
2025-02-01,RM11,1037,176,1166,23
2025-02-01,RM12,567,105,1336,5
2025-02-02,RM01,1129,64,1063,14
2025-02-02,RM02,2179,188,802,22
2025-02-02,RM03,1223,102,871,16
2025-02-02,RM04,3393,52,1169,5
2025-02-02,RM05,4865,144,1486,11
2025-02-02,RM06,2058,188,1128,14
2025-02-02,RM07,2902,134,1136,10
2025-02-02,RM08,482,163,1333,37
2025-02-02,RM09,2970,165,1199,11
2025-02-02,RM10,730,183,1002,8
2025-02-02,RM11,2031,172,1495,16
2025-02-02,RM12,4690,148,1410,8
2025-02-03,RM01,3408,143,953,12
2025-02-03,RM02,2638,98,1237,18
2025-02-03,RM03,923,97,1135,13
2025-02-03,RM04,674,51,870,13
2025-02-03,RM05,2480,130,1373,23
2025-02-03,RM06,4674,180,1097,7
2025-02-03,RM07,2432,121,1114,10
2025-02-03,RM08,928,109,1119,44
2025-02-03,RM09,1999,140,1445,15
2025-02-03,RM10,1118,89,1370,10
2025-02-03,RM11,3800,135,945,23
2025-02-03,RM12,2319,178,964,25
2025-02-04,RM01,1344,161,957,6
2025-02-04,RM02,4912,191,1154,17
2025-02-04,RM03,1610,60,840,8
2025-02-04,RM04,4244,136,1410,12
2025-02-04,RM05,765,101,987,7
2025-02-04,RM06,3385,55,1461,19
2025-02-04,RM07,2992,71,1065,14
2025-02-04,RM08,352,103,818,43
2025-02-04,RM09,2001,133,1316,15
2025-02-04,RM10,4777,143,1133,22
2025-02-04,RM11,4135,106,1420,11
2025-02-04,RM12,4500,93,1455,13
2025-02-05,RM01,3765,189,1167,5
2025-02-05,RM02,3407,84,1479,6
2025-02-05,RM03,3721,145,1400,10
2025-02-05,RM04,1396,110,1124,13
2025-02-05,RM05,2283,142,1409,23
2025-02-05,RM06,3109,81,1276,18
2025-02-05,RM07,1824,170,863,5
2025-02-05,RM08,919,192,1315,50
2025-02-05,RM09,2166,99,1198,20
2025-02-05,RM10,2303,74,1153,6
2025-02-05,RM11,2000,173,1005,20
2025-02-05,RM12,4334,188,895,14
2025-02-06,RM01,1506,127,1081,22
2025-02-06,RM02,4975,186,1393,20
2025-02-06,RM03,638,88,1388,16
2025-02-06,RM04,1325,122,1096,22
2025-02-06,RM05,911,55,862,23
2025-02-06,RM06,1875,132,1328,15
2025-02-06,RM07,4243,89,1131,21
2025-02-06,RM08,1199,104,822,38
2025-02-06,RM09,1968,57,1037,10
2025-02-06,RM10,4208,138,1108,12
2025-02-06,RM11,845,109,1005,16
2025-02-06,RM12,2570,74,1227,5
2025-02-07,RM01,2776,189,1169,19
2025-02-07,RM02,998,58,1439,18
2025-02-07,RM03,2374,177,870,11
2025-02-07,RM04,4892,140,1317,17
2025-02-07,RM05,3117,55,933,7
2025-02-07,RM06,1070,152,1130,14
2025-02-07,RM07,2631,76,1377,22
2025-02-07,RM08,1189,55,1200,40
2025-02-07,RM09,1049,93,1500,16
2025-02-07,RM10,3092,70,1414,5
2025-02-07,RM11,1147,173,1416,19
2025-02-07,RM12,4679,194,1121,19
2025-02-08,RM01,671,169,1455,14
2025-02-08,RM02,759,152,987,5
2025-02-08,RM03,1650,61,877,15
2025-02-08,RM04,4199,135,1425,20
2025-02-08,RM05,1136,122,1359,19
2025-02-08,RM06,805,95,1003,24
2025-02-08,RM07,2310,54,1115,18
2025-02-08,RM08,218,54,1229,49
2025-02-08,RM09,4048,141,1304,6
2025-02-08,RM10,3614,82,1283,15
2025-02-08,RM11,2185,192,1052,23
2025-02-08,RM12,1078,90,1133,8
2025-02-09,RM01,4624,85,887,10
2025-02-09,RM02,4722,187,1259,24
2025-02-09,RM03,569,160,959,8
2025-02-09,RM04,2884,118,1152,13
2025-02-09,RM05,1077,155,884,17
2025-02-09,RM06,2262,53,1049,20
2025-02-09,RM07,2643,188,1485,5
2025-02-09,RM08,686,107,924,45
2025-02-09,RM09,3102,85,1440,6
2025-02-09,RM10,4230,124,1047,25
2025-02-09,RM11,2497,79,1376,24
2025-02-09,RM12,1329,140,1084,17
2025-02-10,RM01,3080,121,1352,23
2025-02-10,RM02,694,84,856,18
2025-02-10,RM03,3090,176,1428,9
2025-02-10,RM04,3239,151,860,21
2025-02-10,RM05,4179,140,862,10
2025-02-10,RM06,2056,106,822,11
2025-02-10,RM07,1715,156,1360,6
2025-02-10,RM08,213,104,1322,45
2025-02-10,RM09,2814,91,1369,15
2025-02-10,RM10,1413,114,1386,11
2025-02-10,RM11,4337,131,1257,21
2025-02-10,RM12,3111,107,948,9
2025-02-11,RM01,3590,71,833,17
2025-02-11,RM02,2218,89,915,22
2025-02-11,RM03,1474,155,977,21
2025-02-11,RM04,561,61,1488,15
2025-02-11,RM05,1550,131,867,16
2025-02-11,RM06,2484,194,1444,6
2025-02-11,RM07,3712,126,984,10
2025-02-11,RM08,858,175,816,50
2025-02-11,RM09,4390,105,1098,5
2025-02-11,RM10,3267,94,873,17
2025-02-11,RM11,3416,134,939,16
2025-02-11,RM12,4473,89,912,13
2025-02-12,RM01,3771,76,1398,23
2025-02-12,RM02,3422,140,1380,20
2025-02-12,RM03,2994,195,815,8
2025-02-12,RM04,2555,117,1388,15
2025-02-12,RM05,902,132,1108,18
2025-02-12,RM06,4570,87,1423,21
2025-02-12,RM07,1702,64,1471,14
2025-02-12,RM08,596,153,875,48
2025-02-12,RM09,1384,163,858,21
2025-02-12,RM10,609,118,1427,19
2025-02-12,RM11,603,156,893,5
2025-02-12,RM12,823,58,994,9
2025-02-13,RM01,1441,144,1242,16
2025-02-13,RM02,4306,131,990,19
2025-02-13,RM03,1443,100,1176,18
2025-02-13,RM04,1788,115,1086,25
2025-02-13,RM05,2967,57,1261,16
2025-02-13,RM06,4059,128,1267,15
2025-02-13,RM07,4824,197,899,21
2025-02-13,RM08,838,187,1398,42
2025-02-13,RM09,4319,142,1497,20
2025-02-13,RM10,1462,84,1126,14
2025-02-13,RM11,4597,177,1102,5
2025-02-13,RM12,1688,79,965,10
2025-02-14,RM01,510,170,1018,11
2025-02-14,RM02,3887,52,908,5
2025-02-14,RM03,2973,97,1047,15
2025-02-14,RM04,1948,83,1438,12
2025-02-14,RM05,1394,84,1452,14
2025-02-14,RM06,777,75,1299,13
2025-02-14,RM07,2238,133,1024,23
2025-02-14,RM08,396,173,872,35
2025-02-14,RM09,4682,155,1241,14
2025-02-14,RM10,595,56,1049,24
2025-02-14,RM11,3206,118,1411,8
2025-02-14,RM12,916,103,1023,25
2025-02-15,RM01,2405,113,1382,8
2025-02-15,RM02,2098,59,1164,17
2025-02-15,RM03,4376,63,1495,9
2025-02-15,RM04,4191,72,872,11
2025-02-15,RM05,3459,175,1222,18
2025-02-15,RM06,1934,178,1237,12
2025-02-15,RM07,3440,83,1214,22
2025-02-15,RM08,1006,146,879,38
2025-02-15,RM09,4627,98,835,6
2025-02-15,RM10,2262,162,1394,21
2025-02-15,RM11,2748,151,1016,10
2025-02-15,RM12,2815,140,1101,5
2025-02-16,RM01,4539,145,874,16
2025-02-16,RM02,3225,183,1030,17
2025-02-16,RM03,1782,198,873,10
2025-02-16,RM04,4984,91,1319,7
2025-02-16,RM05,556,67,1377,24
2025-02-16,RM06,1192,170,829,19
2025-02-16,RM07,1156,184,991,23
2025-02-16,RM08,861,166,1404,38
2025-02-16,RM09,3252,177,1331,17
2025-02-16,RM10,3199,193,1248,25
2025-02-16,RM11,3750,81,958,18
2025-02-16,RM12,1157,175,1089,19
2025-02-17,RM01,2615,77,1153,14
2025-02-17,RM02,3593,165,1092,16
2025-02-17,RM03,2255,135,1414,20
2025-02-17,RM04,4824,125,1345,10
2025-02-17,RM05,1111,87,1351,11
2025-02-17,RM06,1453,53,897,21
2025-02-17,RM07,1982,143,1160,24
2025-02-17,RM08,883,131,1258,43
2025-02-17,RM09,2050,92,1199,15
2025-02-17,RM10,2659,164,910,6
2025-02-17,RM11,2995,196,885,25
2025-02-17,RM12,2119,60,1071,8
2025-02-18,RM01,4033,86,1310,16
2025-02-18,RM02,3048,117,1164,6
2025-02-18,RM03,4037,132,1086,13
2025-02-18,RM04,2228,95,1388,7
2025-02-18,RM05,960,185,980,12
2025-02-18,RM06,3959,75,956,15
2025-02-18,RM07,2591,97,1386,19
2025-02-18,RM08,989,99,1260,42
2025-02-18,RM09,766,58,1413,25
2025-02-18,RM10,3357,67,1023,8
2025-02-18,RM11,1180,87,959,10
2025-02-18,RM12,4105,75,1159,18
2025-02-19,RM01,2584,138,886,9
2025-02-19,RM02,1213,171,1103,22
2025-02-19,RM03,1984,111,922,10
2025-02-19,RM04,3189,105,889,21
2025-02-19,RM05,2277,173,1159,10
2025-02-19,RM06,4521,101,1098,5
2025-02-19,RM07,735,163,920,24
2025-02-19,RM08,474,128,1034,46
2025-02-19,RM09,3792,162,1468,9
2025-02-19,RM10,2684,77,1374,21
2025-02-19,RM11,4305,79,1290,11
2025-02-19,RM12,3074,172,1242,9
2025-02-20,RM01,2880,180,1059,10
2025-02-20,RM02,3696,131,927,22
2025-02-20,RM03,1753,66,1299,17
2025-02-20,RM04,3384,152,1414,22
2025-02-20,RM05,1717,122,964,19
2025-02-20,RM06,909,63,1029,25
2025-02-20,RM07,1479,81,842,17
2025-02-20,RM08,283,77,903,38
2025-02-20,RM09,4513,126,820,6
2025-02-20,RM10,2873,189,1471,20
2025-02-20,RM11,4345,171,1106,12
2025-02-20,RM12,4681,145,938,6
2025-02-21,RM01,1466,50,931,19
2025-02-21,RM02,880,111,1378,20
2025-02-21,RM03,4457,70,1226,6
2025-02-21,RM04,2363,158,932,8
2025-02-21,RM05,3084,66,853,21
2025-02-21,RM06,4198,78,1395,20
2025-02-21,RM07,3740,161,1301,20
2025-02-21,RM08,902,148,852,47
2025-02-21,RM09,3818,190,1146,13
2025-02-21,RM10,5000,188,1468,21
2025-02-21,RM11,2850,129,1072,25
2025-02-21,RM12,1615,137,859,14
2025-02-22,RM01,2732,179,1323,24
2025-02-22,RM02,3809,140,1027,14
2025-02-22,RM03,4612,193,1099,18
2025-02-22,RM04,3090,94,1226,8
2025-02-22,RM05,3202,176,1225,10
2025-02-22,RM06,3953,110,911,19
2025-02-22,RM07,3310,94,1123,16
2025-02-22,RM08,911,188,1017,49
2025-02-22,RM09,1995,70,954,7
2025-02-22,RM10,3611,77,1366,22
2025-02-22,RM11,3878,144,824,21
2025-02-22,RM12,3701,126,1133,11
2025-02-23,RM01,4819,156,1404,15
2025-02-23,RM02,4527,66,801,20
2025-02-23,RM03,2866,146,1316,16
2025-02-23,RM04,2003,110,1109,18
2025-02-23,RM05,1946,96,1010,14
2025-02-23,RM06,3445,97,1343,24
2025-02-23,RM07,4759,171,811,25
2025-02-23,RM08,338,71,1014,46
2025-02-23,RM09,3730,171,980,10
2025-02-23,RM10,3182,153,920,22
2025-02-23,RM11,4651,75,866,10
2025-02-23,RM12,2605,190,1079,5
2025-02-24,RM01,4608,116,958,19
2025-02-24,RM02,3882,138,1447,8
2025-02-24,RM03,3052,79,974,19
2025-02-24,RM04,1061,82,1283,17
2025-02-24,RM05,3565,99,1046,19
2025-02-24,RM06,2007,56,1230,6
2025-02-24,RM07,1279,107,1245,8
2025-02-24,RM08,828,122,1352,50
2025-02-24,RM09,580,99,1036,10
2025-02-24,RM10,3438,111,1126,10
2025-02-24,RM11,4731,114,1497,25
2025-02-24,RM12,3561,160,1041,24
2025-02-25,RM01,2257,182,1115,25
2025-02-25,RM02,3705,165,1095,6
2025-02-25,RM03,1079,183,926,17
2025-02-25,RM04,3095,132,1246,15
2025-02-25,RM05,1334,159,852,11
2025-02-25,RM06,3046,132,919,20
2025-02-25,RM07,555,97,1075,14
2025-02-25,RM08,1184,150,1183,43
2025-02-25,RM09,4742,198,1014,23
2025-02-25,RM10,2139,136,1288,12
2025-02-25,RM11,1257,160,1360,19
2025-02-25,RM12,3450,179,1077,11
2025-02-26,RM01,2714,183,1076,5
2025-02-26,RM02,4204,87,1280,19
2025-02-26,RM03,4209,180,824,9
2025-02-26,RM04,1637,167,875,20
2025-02-26,RM05,2932,56,1500,5
2025-02-26,RM06,2834,115,853,17
2025-02-26,RM07,4823,188,902,20
2025-02-26,RM08,642,180,1337,38
2025-02-26,RM09,3261,137,952,19
2025-02-26,RM10,2716,91,917,16
2025-02-26,RM11,3699,92,1464,14
2025-02-26,RM12,783,78,1329,7
2025-02-27,RM01,912,93,1470,21
2025-02-27,RM02,3170,193,1464,13
2025-02-27,RM03,3110,71,883,9
2025-02-27,RM04,1623,143,1390,8
2025-02-27,RM05,3049,112,992,18
2025-02-27,RM06,2525,77,1284,22
2025-02-27,RM07,4884,87,1248,13
2025-02-27,RM08,1129,75,1278,36
2025-02-27,RM09,4327,146,1436,5
2025-02-27,RM10,924,108,1001,15
2025-02-27,RM11,4329,81,1413,6
2025-02-27,RM12,2435,108,1417,17
2025-02-28,RM01,4782,136,864,18
2025-02-28,RM02,2627,105,1217,25
2025-02-28,RM03,2554,97,1382,18
2025-02-28,RM04,3621,64,1153,23
2025-02-28,RM05,3056,96,876,15
2025-02-28,RM06,829,92,1205,23
2025-02-28,RM07,4384,97,1126,8
2025-02-28,RM08,211,176,1224,44
2025-02-28,RM09,977,113,827,21
2025-02-28,RM10,4086,134,1085,12
2025-02-28,RM11,3943,53,1299,6
2025-02-28,RM12,4269,65,1449,13
2025-03-01,RM01,4360,182,1158,18
2025-03-01,RM02,3629,116,1408,13
2025-03-01,RM03,1745,136,1390,15
2025-03-01,RM04,2390,114,1345,12
2025-03-01,RM05,4627,195,1126,17
2025-03-01,RM06,3025,189,861,18
2025-03-01,RM07,541,95,815,9
2025-03-01,RM08,481,142,1006,47
2025-03-01,RM09,1064,145,1431,20
2025-03-01,RM10,3269,157,936,23
2025-03-01,RM11,4379,82,1021,13
2025-03-01,RM12,2398,81,956,14
2025-03-02,RM01,4970,123,1043,12
2025-03-02,RM02,4355,111,1272,5
2025-03-02,RM03,3290,150,1427,10
2025-03-02,RM04,3914,145,1289,21
2025-03-02,RM05,3418,66,1191,12
2025-03-02,RM06,1349,117,1188,11
2025-03-02,RM07,2389,82,1295,12
2025-03-02,RM08,1157,146,1022,37
2025-03-02,RM09,4611,184,906,13
2025-03-02,RM10,1486,88,952,19
2025-03-02,RM11,3270,94,1132,8
2025-03-02,RM12,4439,182,921,14
2025-03-03,RM01,3361,95,1115,11
2025-03-03,RM02,4046,63,1452,25
2025-03-03,RM03,3588,181,910,12
2025-03-03,RM04,4795,184,1138,5
2025-03-03,RM05,3374,94,835,13
2025-03-03,RM06,3707,113,1424,5
2025-03-03,RM07,3734,64,1297,6
2025-03-03,RM08,962,197,1019,43
2025-03-03,RM09,3274,152,900,5
2025-03-03,RM10,4490,96,1009,19
2025-03-03,RM11,4685,58,1266,9
2025-03-03,RM12,3378,78,1045,7
2025-03-04,RM01,2957,160,1147,22
2025-03-04,RM02,4192,157,1370,23
2025-03-04,RM03,1421,112,990,5
2025-03-04,RM04,996,91,1065,9
2025-03-04,RM05,524,174,1027,8
2025-03-04,RM06,1812,71,1126,22
2025-03-04,RM07,3139,103,866,14
2025-03-04,RM08,849,175,1056,48
2025-03-04,RM09,577,123,806,5
2025-03-04,RM10,2963,164,1361,12
2025-03-04,RM11,1327,67,919,14
2025-03-04,RM12,3567,169,1029,21
2025-03-05,RM01,3935,155,1037,6
2025-03-05,RM02,2665,145,881,6
2025-03-05,RM03,2154,61,1157,6
2025-03-05,RM04,4291,109,1378,10
2025-03-05,RM05,3560,97,1263,11
2025-03-05,RM06,1434,93,1032,21
2025-03-05,RM07,2306,154,1297,8
2025-03-05,RM08,340,190,867,48
2025-03-05,RM09,4332,128,1369,15
2025-03-05,RM10,1265,125,932,14
2025-03-05,RM11,2516,138,959,12
2025-03-05,RM12,1307,153,850,15
2025-03-06,RM01,1652,93,1108,11
2025-03-06,RM02,4561,151,1339,14
2025-03-06,RM03,4432,83,1305,23
2025-03-06,RM04,1201,139,1162,22
2025-03-06,RM05,1084,169,855,12
2025-03-06,RM06,2209,198,1262,16
2025-03-06,RM07,4244,54,1372,22
2025-03-06,RM08,849,75,1268,44
2025-03-06,RM09,4694,170,1432,18
2025-03-06,RM10,2333,105,1245,24
2025-03-06,RM11,2303,127,1409,23
2025-03-06,RM12,3197,97,830,20
2025-03-07,RM01,1574,102,1124,6
2025-03-07,RM02,1838,65,1109,8
2025-03-07,RM03,4926,80,1065,8
2025-03-07,RM04,3919,72,1048,21
2025-03-07,RM05,4873,108,1049,23
2025-03-07,RM06,1101,184,1240,11
2025-03-07,RM07,2129,197,938,14
2025-03-07,RM08,911,121,1421,39
2025-03-07,RM09,2112,78,845,20
2025-03-07,RM10,2783,168,1207,8
2025-03-07,RM11,2027,135,907,22
2025-03-07,RM12,552,51,872,12
2025-03-08,RM01,3873,60,1073,13
2025-03-08,RM02,708,169,1473,12
2025-03-08,RM03,3778,79,913,9
2025-03-08,RM04,4827,55,1247,22
2025-03-08,RM05,803,112,1315,13
2025-03-08,RM06,1154,127,1462,8
2025-03-08,RM07,4698,67,1423,9
2025-03-08,RM08,200,87,1059,47
2025-03-08,RM09,2853,185,1123,7
2025-03-08,RM10,671,156,1229,7
2025-03-08,RM11,2889,137,818,7
2025-03-08,RM12,3514,134,1195,20
2025-03-09,RM01,4816,68,1462,7
2025-03-09,RM02,2373,106,878,13
2025-03-09,RM03,3270,97,1415,12
2025-03-09,RM04,2320,116,1398,8
2025-03-09,RM05,2403,84,1329,24
2025-03-09,RM06,1767,103,1175,10
2025-03-09,RM07,3788,120,1289,12
2025-03-09,RM08,370,163,906,43
2025-03-09,RM09,2412,74,1230,23
2025-03-09,RM10,3103,163,1490,10
2025-03-09,RM11,4122,51,1357,11
2025-03-09,RM12,4394,114,810,9
2025-03-10,RM01,2414,123,1337,17
2025-03-10,RM02,830,92,1480,5
2025-03-10,RM03,3408,52,1241,14
2025-03-10,RM04,2704,147,1485,25
2025-03-10,RM05,4213,143,866,18
2025-03-10,RM06,4530,173,1311,9
2025-03-10,RM07,3067,90,1391,12
2025-03-10,RM08,408,133,1140,47
2025-03-10,RM09,4066,116,911,14
2025-03-10,RM10,2633,100,804,23
2025-03-10,RM11,755,144,1431,7
2025-03-10,RM12,509,193,986,11
2025-03-11,RM01,2580,110,848,5
2025-03-11,RM02,1844,179,1029,9
2025-03-11,RM03,3034,148,1078,11
2025-03-11,RM04,2962,148,1234,16
2025-03-11,RM05,2141,61,1187,5
2025-03-11,RM06,3993,130,1362,23
2025-03-11,RM07,934,119,819,14
2025-03-11,RM08,1058,129,1217,44
2025-03-11,RM09,3521,134,1274,7
2025-03-11,RM10,1270,197,955,20
2025-03-11,RM11,2399,53,940,6
2025-03-11,RM12,4806,101,1084,21
2025-03-12,RM01,1537,118,1103,22
2025-03-12,RM02,3217,60,1286,15
2025-03-12,RM03,3040,93,1432,25
2025-03-12,RM04,4719,189,820,9
2025-03-12,RM05,2107,198,1500,20
2025-03-12,RM06,2743,57,853,13
2025-03-12,RM07,583,50,1136,7
2025-03-12,RM08,1124,171,1411,50
2025-03-12,RM09,912,160,1063,12
2025-03-12,RM10,3585,127,937,14
2025-03-12,RM11,1752,153,1396,8
2025-03-12,RM12,3831,93,1312,21
2025-03-13,RM01,4042,174,1397,23
2025-03-13,RM02,4217,109,1100,23
2025-03-13,RM03,4596,160,992,15
2025-03-13,RM04,3456,82,931,20
2025-03-13,RM05,2135,130,929,7
2025-03-13,RM06,3798,142,1268,6
2025-03-13,RM07,2840,67,1120,22
2025-03-13,RM08,742,56,836,38
2025-03-13,RM09,1133,128,1115,16
2025-03-13,RM10,4263,66,983,16
2025-03-13,RM11,2639,175,1040,16
2025-03-13,RM12,4405,188,1074,23
2025-03-14,RM01,4686,64,950,6
2025-03-14,RM02,533,93,1330,12
2025-03-14,RM03,4548,63,1252,25
2025-03-14,RM04,4779,148,869,23
2025-03-14,RM05,4421,110,953,21
2025-03-14,RM06,1590,64,1412,16
2025-03-14,RM07,1353,142,1263,16
2025-03-14,RM08,382,97,1048,39
2025-03-14,RM09,1605,59,892,17
2025-03-14,RM10,4214,123,947,16
2025-03-14,RM11,3722,185,1333,24
2025-03-14,RM12,2188,65,1428,10
2025-03-15,RM01,1155,119,952,9
2025-03-15,RM02,2206,191,992,14
2025-03-15,RM03,808,70,1329,18
2025-03-15,RM04,2717,153,1295,15
2025-03-15,RM05,1676,180,1158,19
2025-03-15,RM06,4428,55,937,11
2025-03-15,RM07,2220,124,1370,23
2025-03-15,RM08,914,70,1075,49
2025-03-15,RM09,3727,109,1010,20
2025-03-15,RM10,897,89,925,24
2025-03-15,RM11,2488,60,915,19
2025-03-15,RM12,4776,90,1297,11
2025-03-16,RM01,2648,99,919,5
2025-03-16,RM02,4079,123,1454,23
2025-03-16,RM03,4414,111,1066,13
2025-03-16,RM04,1203,185,912,22
2025-03-16,RM05,3452,164,1467,25
2025-03-16,RM06,4012,71,1182,16
2025-03-16,RM07,998,74,1323,9
2025-03-16,RM08,1146,193,942,45
2025-03-16,RM09,1204,127,919,23
2025-03-16,RM10,3489,171,1218,7
2025-03-16,RM11,2515,154,890,21
2025-03-16,RM12,722,139,1108,22
2025-03-17,RM01,564,107,863,25
2025-03-17,RM02,2095,141,1027,9
2025-03-17,RM03,3531,134,1404,15
2025-03-17,RM04,3454,164,985,11
2025-03-17,RM05,590,155,816,15
2025-03-17,RM06,525,156,1100,25
2025-03-17,RM07,1646,94,945,5
2025-03-17,RM08,703,156,1274,42
2025-03-17,RM09,887,72,843,19
2025-03-17,RM10,3687,75,887,5
2025-03-17,RM11,2405,51,1029,25
2025-03-17,RM12,1612,104,1482,10
2025-03-18,RM01,1806,140,1112,12
2025-03-18,RM02,2333,176,1065,11
2025-03-18,RM03,3110,160,1143,11
2025-03-18,RM04,3769,85,1199,6
2025-03-18,RM05,4395,75,976,14
2025-03-18,RM06,1161,106,1320,17
2025-03-18,RM07,1854,130,1397,13
2025-03-18,RM08,371,174,946,42
2025-03-18,RM09,2780,117,1023,22
2025-03-18,RM10,4003,200,1189,6
2025-03-18,RM11,944,199,994,19
2025-03-18,RM12,1149,139,897,5
2025-03-19,RM01,3393,57,1270,25
2025-03-19,RM02,1071,65,1343,25
2025-03-19,RM03,1134,144,1004,18
2025-03-19,RM04,3296,186,1170,23
2025-03-19,RM05,1016,101,1440,16
2025-03-19,RM06,1768,93,1371,6
2025-03-19,RM07,2371,145,1043,25
2025-03-19,RM08,866,134,809,43
2025-03-19,RM09,1155,93,1499,15
2025-03-19,RM10,4861,63,1226,5
2025-03-19,RM11,2654,154,925,21
2025-03-19,RM12,3069,166,1403,19
2025-03-20,RM01,2234,118,1212,10
2025-03-20,RM02,3778,93,1335,13
2025-03-20,RM03,4050,185,1432,11
2025-03-20,RM04,3872,52,905,21
2025-03-20,RM05,2013,146,1383,18
2025-03-20,RM06,2078,58,1127,6
2025-03-20,RM07,3050,153,1086,19
2025-03-20,RM08,832,128,945,43
2025-03-20,RM09,1960,73,1326,22
2025-03-20,RM10,2070,136,1172,9
2025-03-20,RM11,1174,146,1204,10
2025-03-20,RM12,1037,187,986,20
2025-03-21,RM01,4095,167,989,10
2025-03-21,RM02,1421,161,1430,12
2025-03-21,RM03,681,150,1238,22
2025-03-21,RM04,658,83,1400,10
2025-03-21,RM05,3795,68,1220,12
2025-03-21,RM06,3413,79,984,6
2025-03-21,RM07,2753,125,1480,6
2025-03-21,RM08,519,172,1227,38
2025-03-21,RM09,533,174,916,24
2025-03-21,RM10,2142,172,1291,20
2025-03-21,RM11,2274,146,1104,21
2025-03-21,RM12,680,169,831,13
2025-03-22,RM01,2725,61,1476,9
2025-03-22,RM02,4953,153,1104,18
2025-03-22,RM03,4543,157,993,21
2025-03-22,RM04,3480,118,1055,23
2025-03-22,RM05,612,88,932,7
2025-03-22,RM06,3675,127,920,24
2025-03-22,RM07,3157,132,1057,12
2025-03-22,RM08,716,53,1461,50
2025-03-22,RM09,3340,190,966,6
2025-03-22,RM10,1700,154,942,7
2025-03-22,RM11,3570,106,977,24
2025-03-22,RM12,1981,52,1333,13
2025-03-23,RM01,2914,54,1464,25
2025-03-23,RM02,4579,196,1003,14
2025-03-23,RM03,4848,117,881,12
2025-03-23,RM04,3834,112,949,9
2025-03-23,RM05,3124,84,1322,25
2025-03-23,RM06,4593,128,826,13
2025-03-23,RM07,1648,78,1001,23
2025-03-23,RM08,355,158,820,50
2025-03-23,RM09,2195,96,926,23
2025-03-23,RM10,1347,133,1312,18
2025-03-23,RM11,809,116,1018,17
2025-03-23,RM12,4693,134,864,16
2025-03-24,RM01,1637,198,1319,24
2025-03-24,RM02,3975,110,915,17
2025-03-24,RM03,4733,132,1320,5
2025-03-24,RM04,2504,165,1200,5
2025-03-24,RM05,737,146,1004,14
2025-03-24,RM06,3088,177,1285,5
2025-03-24,RM07,2405,190,1349,8
2025-03-24,RM08,441,167,1170,49
2025-03-24,RM09,2465,139,1409,11
2025-03-24,RM10,2611,61,1383,25
2025-03-24,RM11,3081,112,997,25
2025-03-24,RM12,1889,118,1495,25
2025-03-25,RM01,2529,133,819,11
2025-03-25,RM02,3721,184,1097,23
2025-03-25,RM03,2990,105,1329,12
2025-03-25,RM04,664,132,1072,10
2025-03-25,RM05,4587,95,1284,7
2025-03-25,RM06,4953,150,1186,5
2025-03-25,RM07,2557,191,1173,14
2025-03-25,RM08,1010,181,1411,47
2025-03-25,RM09,1898,178,1165,17
2025-03-25,RM10,3088,87,1291,8
2025-03-25,RM11,932,76,1340,8
2025-03-25,RM12,2169,64,1204,18
2025-03-26,RM01,2354,53,1470,20
2025-03-26,RM02,3125,128,1165,15
2025-03-26,RM03,3854,76,1142,15
2025-03-26,RM04,2735,72,1084,25
2025-03-26,RM05,1941,187,1228,12
2025-03-26,RM06,1122,130,821,14
2025-03-26,RM07,2997,107,1453,8
2025-03-26,RM08,1019,181,865,46
2025-03-26,RM09,2689,71,1451,6
2025-03-26,RM10,575,81,1390,8
2025-03-26,RM11,703,58,1479,16
2025-03-26,RM12,2979,93,1484,14
2025-03-27,RM01,4946,157,1112,8
2025-03-27,RM02,3098,58,1464,21
2025-03-27,RM03,4823,58,1448,8
2025-03-27,RM04,3751,134,1165,12
2025-03-27,RM05,1327,175,946,23
2025-03-27,RM06,3767,124,1079,11
2025-03-27,RM07,3426,156,1180,15
2025-03-27,RM08,705,192,939,48
2025-03-27,RM09,3090,114,1165,22
2025-03-27,RM10,4586,88,849,9
2025-03-27,RM11,3535,80,887,6
2025-03-27,RM12,3641,55,943,5
2025-03-28,RM01,4005,127,1490,21
2025-03-28,RM02,4074,167,1306,20
2025-03-28,RM03,4047,199,981,8
2025-03-28,RM04,890,198,1277,9
2025-03-28,RM05,3791,162,1257,12
2025-03-28,RM06,3296,142,1479,16
2025-03-28,RM07,4127,126,1037,24
2025-03-28,RM08,393,147,1255,47
2025-03-28,RM09,1254,152,968,7
2025-03-28,RM10,3434,135,983,11
2025-03-28,RM11,1607,108,1372,24
2025-03-28,RM12,3758,197,1465,10
2025-03-29,RM01,1166,171,1452,22
2025-03-29,RM02,2146,169,1148,25
2025-03-29,RM03,2545,166,1449,25
2025-03-29,RM04,1574,140,901,20
2025-03-29,RM05,2274,133,1332,7
2025-03-29,RM06,3607,55,1283,9
2025-03-29,RM07,1093,184,1385,11
2025-03-29,RM08,882,191,1144,49
2025-03-29,RM09,2953,63,1254,25
2025-03-29,RM10,2631,113,1429,16
2025-03-29,RM11,2238,71,905,13
2025-03-29,RM12,2013,154,1106,11
2025-03-30,RM01,3830,189,1131,10
2025-03-30,RM02,901,196,1208,17
2025-03-30,RM03,4237,51,1206,9
2025-03-30,RM04,2676,128,805,19
2025-03-30,RM05,3289,54,1029,16
2025-03-30,RM06,4397,53,927,15
2025-03-30,RM07,3853,132,1173,5
2025-03-30,RM08,484,180,1256,50
2025-03-30,RM09,1016,109,1291,9
2025-03-30,RM10,1944,170,1042,22
2025-03-30,RM11,3462,152,1331,20
2025-03-30,RM12,3430,114,955,18
2025-03-31,RM01,3885,104,1433,16
2025-03-31,RM02,1003,130,1090,24
2025-03-31,RM03,4362,177,1249,7
2025-03-31,RM04,2579,158,1338,8
2025-03-31,RM05,3960,122,1084,20
2025-03-31,RM06,4804,150,921,23
2025-03-31,RM07,3254,160,814,8
2025-03-31,RM08,212,122,1008,43
2025-03-31,RM09,3479,108,1151,22
2025-03-31,RM10,1368,62,1226,5
2025-03-31,RM11,4359,164,1442,6
2025-03-31,RM12,4036,113,1071,5
2025-04-01,RM01,3500,54,832,12
2025-04-01,RM02,4252,98,1087,25
2025-04-01,RM03,1218,89,1291,16
2025-04-01,RM04,2763,71,944,9
2025-04-01,RM05,4902,112,1005,8
2025-04-01,RM06,984,125,1046,24
2025-04-01,RM07,4806,80,1361,6
2025-04-01,RM08,703,98,1264,46
2025-04-01,RM09,2935,94,1227,8
2025-04-01,RM10,645,91,1233,5
2025-04-01,RM11,4099,137,1500,13
2025-04-01,RM12,4702,68,1334,17
2025-04-02,RM01,2610,57,1192,9
2025-04-02,RM02,1732,187,1347,14
2025-04-02,RM03,4243,83,1483,21
2025-04-02,RM04,753,193,946,10
2025-04-02,RM05,3356,159,1156,11
2025-04-02,RM06,3104,89,822,9
2025-04-02,RM07,3069,187,1093,11
2025-04-02,RM08,439,94,1161,35
2025-04-02,RM09,1338,169,918,16
2025-04-02,RM10,3707,136,1104,7
2025-04-02,RM11,3859,88,994,19
2025-04-02,RM12,623,127,908,14
2025-04-03,RM01,4976,59,1254,16
2025-04-03,RM02,1073,103,1314,7
2025-04-03,RM03,2136,138,868,25
2025-04-03,RM04,2631,113,1169,18
2025-04-03,RM05,2880,152,1176,19
2025-04-03,RM06,4889,187,1367,13
2025-04-03,RM07,3144,167,1218,14
2025-04-03,RM08,635,122,1322,42
2025-04-03,RM09,3696,104,1266,20
2025-04-03,RM10,639,77,1411,10
2025-04-03,RM11,4411,80,1289,17
2025-04-03,RM12,2627,85,1231,11
2025-04-04,RM01,2985,173,963,7
2025-04-04,RM02,2017,142,922,16
2025-04-04,RM03,2898,191,1320,16
2025-04-04,RM04,3188,81,1355,5
2025-04-04,RM05,1986,199,1383,23
2025-04-04,RM06,626,73,810,24
2025-04-04,RM07,1393,93,1187,6
2025-04-04,RM08,896,53,1483,36
2025-04-04,RM09,1336,199,830,24
2025-04-04,RM10,4171,195,1078,12
2025-04-04,RM11,2524,50,1017,14
2025-04-04,RM12,798,50,1263,18
2025-04-05,RM01,4390,186,1272,7
2025-04-05,RM02,1941,174,848,24
2025-04-05,RM03,2052,130,856,13
2025-04-05,RM04,3551,178,973,22
2025-04-05,RM05,855,114,1058,10
2025-04-05,RM06,3775,122,1443,23
2025-04-05,RM07,2199,170,1097,24
2025-04-05,RM08,532,175,1407,50
2025-04-05,RM09,4682,52,1116,12
2025-04-05,RM10,1573,120,1128,8
2025-04-05,RM11,2178,91,1001,21
2025-04-05,RM12,2465,73,1021,10
2025-04-06,RM01,798,105,1362,7
2025-04-06,RM02,3645,181,966,25
2025-04-06,RM03,1619,169,977,17
2025-04-06,RM04,2522,157,902,15
2025-04-06,RM05,1023,123,996,24
2025-04-06,RM06,3863,122,1302,8
2025-04-06,RM07,3183,85,1400,17
2025-04-06,RM08,756,113,1165,39
2025-04-06,RM09,3278,68,1344,11
2025-04-06,RM10,2606,128,1199,14
2025-04-06,RM11,846,181,1338,14
2025-04-06,RM12,2145,150,1004,15
2025-04-07,RM01,2832,75,1240,20
2025-04-07,RM02,4817,77,1283,6
2025-04-07,RM03,4249,64,1358,7
2025-04-07,RM04,4038,150,1175,24
2025-04-07,RM05,2632,151,1170,6
2025-04-07,RM06,719,87,1002,6
2025-04-07,RM07,3530,127,885,17
2025-04-07,RM08,682,78,1058,49
2025-04-07,RM09,1673,55,1125,7
2025-04-07,RM10,3018,134,887,12
2025-04-07,RM11,2066,75,1319,19
2025-04-07,RM12,2415,175,1395,13
2025-04-08,RM01,1723,76,860,9
2025-04-08,RM02,4979,162,1256,6
2025-04-08,RM03,4938,179,1131,16
2025-04-08,RM04,1201,94,1326,24
2025-04-08,RM05,1720,168,1244,8
2025-04-08,RM06,4014,108,1344,6
2025-04-08,RM07,2431,175,1337,13
2025-04-08,RM08,619,158,885,43
2025-04-08,RM09,3745,134,1467,8
2025-04-08,RM10,927,186,1221,7
2025-04-08,RM11,676,53,1042,15
2025-04-08,RM12,3178,53,1471,6
2025-04-09,RM01,4586,153,870,22
2025-04-09,RM02,1290,55,1275,13
2025-04-09,RM03,4029,55,1036,19
2025-04-09,RM04,2967,55,834,19
2025-04-09,RM05,4644,151,995,9
2025-04-09,RM06,4459,154,1089,14
2025-04-09,RM07,3573,84,1478,9
2025-04-09,RM08,857,116,1268,49
2025-04-09,RM09,4066,73,1377,10
2025-04-09,RM10,4986,112,1356,23
2025-04-09,RM11,2274,196,1035,15
2025-04-09,RM12,610,150,1319,7
2025-04-10,RM01,2586,163,862,23
2025-04-10,RM02,4116,200,931,7
2025-04-10,RM03,3461,133,922,20
2025-04-10,RM04,1346,69,1058,19
2025-04-10,RM05,2921,99,1092,5
2025-04-10,RM06,1957,166,1126,22
2025-04-10,RM07,3814,101,915,19
2025-04-10,RM08,327,148,1194,49
2025-04-10,RM09,519,162,1426,10
2025-04-10,RM10,1251,156,877,9
2025-04-10,RM11,3316,59,1434,13
2025-04-10,RM12,4704,152,1416,16
2025-04-11,RM01,1179,108,1404,5
2025-04-11,RM02,2153,193,924,14
2025-04-11,RM03,973,112,995,6
2025-04-11,RM04,3056,137,1015,25
2025-04-11,RM05,2047,171,1117,8
2025-04-11,RM06,1562,73,1243,9
2025-04-11,RM07,3465,178,898,23
2025-04-11,RM08,953,194,892,50
2025-04-11,RM09,2125,163,1481,17
2025-04-11,RM10,4778,137,1053,25
2025-04-11,RM11,4125,87,1353,24
2025-04-11,RM12,987,111,1432,17
2025-04-12,RM01,3630,84,1067,22
2025-04-12,RM02,4776,176,1451,7
2025-04-12,RM03,2024,176,906,24
2025-04-12,RM04,2283,73,1496,7
2025-04-12,RM05,3182,93,1135,21
2025-04-12,RM06,908,124,1017,22
2025-04-12,RM07,2782,73,920,10
2025-04-12,RM08,909,187,1337,40
2025-04-12,RM09,1879,74,1065,23
2025-04-12,RM10,3365,169,844,14
2025-04-12,RM11,3122,113,1014,14
2025-04-12,RM12,1955,89,1128,7
2025-04-13,RM01,3436,125,996,25
2025-04-13,RM02,1652,124,1020,13
2025-04-13,RM03,2003,65,1277,10
2025-04-13,RM04,4714,78,825,25
2025-04-13,RM05,3206,190,1397,5
2025-04-13,RM06,2711,188,884,6
2025-04-13,RM07,3820,168,964,25
2025-04-13,RM08,611,145,902,42
2025-04-13,RM09,858,105,1325,19
2025-04-13,RM10,3563,131,1023,7
2025-04-13,RM11,2864,104,1170,25
2025-04-13,RM12,3975,123,873,20
2025-04-14,RM01,3325,51,1430,14
2025-04-14,RM02,2971,74,1255,18
2025-04-14,RM03,2768,131,1219,16
2025-04-14,RM04,2100,192,839,20
2025-04-14,RM05,1486,174,899,21
2025-04-14,RM06,3171,108,808,7
2025-04-14,RM07,543,98,1103,17
2025-04-14,RM08,628,94,1460,38
2025-04-14,RM09,1846,88,1500,17
2025-04-14,RM10,2366,78,1356,17
2025-04-14,RM11,1411,162,1407,16
2025-04-14,RM12,4323,154,1094,19
2025-04-15,RM01,1579,169,1343,11
2025-04-15,RM02,4610,59,1263,15
2025-04-15,RM03,740,128,1271,25
2025-04-15,RM04,3564,90,1001,16
2025-04-15,RM05,577,103,1120,12
2025-04-15,RM06,663,95,1033,8
2025-04-15,RM07,1869,51,851,23
2025-04-15,RM08,922,118,1429,40
2025-04-15,RM09,2431,77,1445,13
2025-04-15,RM10,3405,88,942,21
2025-04-15,RM11,1185,71,1179,10
2025-04-15,RM12,1122,61,1364,8
2025-04-16,RM01,4927,188,1379,5
2025-04-16,RM02,3314,149,1216,6
2025-04-16,RM03,3552,107,1150,24
2025-04-16,RM04,3741,119,859,8
2025-04-16,RM05,699,75,1108,22
2025-04-16,RM06,3369,191,1201,9
2025-04-16,RM07,592,187,1406,17
2025-04-16,RM08,695,117,1303,44
2025-04-16,RM09,634,114,1414,20
2025-04-16,RM10,3220,85,1103,10
2025-04-16,RM11,2662,189,1393,24
2025-04-16,RM12,4127,108,1382,17
2025-04-17,RM01,1490,57,848,17
2025-04-17,RM02,4176,195,1095,17
2025-04-17,RM03,1175,133,1495,18
2025-04-17,RM04,4305,68,1156,5
2025-04-17,RM05,1532,139,853,24
2025-04-17,RM06,3920,136,1104,12
2025-04-17,RM07,1402,160,1254,25
2025-04-17,RM08,540,56,1083,42
2025-04-17,RM09,2993,149,1276,15
2025-04-17,RM10,3324,198,1325,25
2025-04-17,RM11,1017,153,1049,22
2025-04-17,RM12,1613,126,1014,25
2025-04-18,RM01,2128,52,1349,15
2025-04-18,RM02,3388,79,930,7
2025-04-18,RM03,4306,181,1466,13
2025-04-18,RM04,1319,86,1230,17
2025-04-18,RM05,4842,94,825,16
2025-04-18,RM06,3283,155,807,18
2025-04-18,RM07,3232,194,1384,23
2025-04-18,RM08,1099,197,1273,37
2025-04-18,RM09,2730,145,1203,17
2025-04-18,RM10,2192,185,951,25
2025-04-18,RM11,3547,61,961,18
2025-04-18,RM12,4808,150,893,19
2025-04-19,RM01,4096,187,895,18
2025-04-19,RM02,2312,194,919,21
2025-04-19,RM03,676,60,1357,9
2025-04-19,RM04,4591,58,979,14
2025-04-19,RM05,4863,199,1038,23
2025-04-19,RM06,3937,54,843,15
2025-04-19,RM07,2540,55,1344,7
2025-04-19,RM08,769,131,1336,40
2025-04-19,RM09,2720,97,819,9
2025-04-19,RM10,4697,146,1164,25
2025-04-19,RM11,1533,166,1310,6
2025-04-19,RM12,2899,149,849,21
2025-04-20,RM01,1972,154,1037,16
2025-04-20,RM02,4391,73,891,21
2025-04-20,RM03,3678,63,1500,23
2025-04-20,RM04,4086,163,1048,9
2025-04-20,RM05,1908,178,1179,25
2025-04-20,RM06,3552,168,1403,20
2025-04-20,RM07,4396,192,1060,13
2025-04-20,RM08,569,96,1336,40
2025-04-20,RM09,3915,185,928,7
2025-04-20,RM10,4097,154,806,9
2025-04-20,RM11,3591,172,1244,15
2025-04-20,RM12,4671,161,1281,10
2025-04-21,RM01,1702,95,1114,21
2025-04-21,RM02,1356,168,1313,24
2025-04-21,RM03,3797,61,1069,21
2025-04-21,RM04,1880,187,1301,21
2025-04-21,RM05,4687,91,1135,24
2025-04-21,RM06,4800,162,958,17
2025-04-21,RM07,2928,141,1095,8
2025-04-21,RM08,572,67,1286,50
2025-04-21,RM09,4072,153,1383,10
2025-04-21,RM10,3616,94,1347,19
2025-04-21,RM11,1622,174,1238,16
2025-04-21,RM12,3351,136,867,15
2025-04-22,RM01,2656,142,1421,18
2025-04-22,RM02,4641,66,1075,12
2025-04-22,RM03,2138,138,1034,6
2025-04-22,RM04,1796,188,1390,8
2025-04-22,RM05,2441,142,1054,8
2025-04-22,RM06,882,180,1189,15
2025-04-22,RM07,3519,189,1013,13
2025-04-22,RM08,775,158,1311,36
2025-04-22,RM09,1391,76,1304,24
2025-04-22,RM10,2831,143,884,10
2025-04-22,RM11,4705,169,1136,18
2025-04-22,RM12,3869,171,903,17
2025-04-23,RM01,4203,143,928,25
2025-04-23,RM02,2959,166,1159,6
2025-04-23,RM03,4735,77,1052,17
2025-04-23,RM04,2384,170,1066,13
2025-04-23,RM05,3482,62,1104,6
2025-04-23,RM06,3005,188,1166,7
2025-04-23,RM07,958,159,837,5
2025-04-23,RM08,1188,182,1114,50
2025-04-23,RM09,2453,109,1083,17
2025-04-23,RM10,4810,71,1130,17
2025-04-23,RM11,4009,189,1322,15
2025-04-23,RM12,4379,99,1099,24
2025-04-24,RM01,753,115,1367,25
2025-04-24,RM02,3723,113,1355,24
2025-04-24,RM03,2667,101,1286,7
2025-04-24,RM04,634,183,1281,19
2025-04-24,RM05,735,98,852,12
2025-04-24,RM06,1216,66,914,13
2025-04-24,RM07,4648,149,1446,9
2025-04-24,RM08,909,149,1340,36
2025-04-24,RM09,1869,171,1434,7
2025-04-24,RM10,4113,119,1459,18
2025-04-24,RM11,3771,55,1151,20
2025-04-24,RM12,4574,93,800,14
2025-04-25,RM01,3319,65,1345,6
2025-04-25,RM02,807,59,864,5
2025-04-25,RM03,4828,88,1228,25
2025-04-25,RM04,532,97,863,17
2025-04-25,RM05,1465,52,1192,8
2025-04-25,RM06,4891,172,804,22
2025-04-25,RM07,828,63,1115,23
2025-04-25,RM08,353,155,1028,48
2025-04-25,RM09,2799,152,1116,16
2025-04-25,RM10,3275,117,834,6
2025-04-25,RM11,4421,125,950,23
2025-04-25,RM12,3376,86,928,24
2025-04-26,RM01,625,66,1033,10
2025-04-26,RM02,3176,56,1283,9
2025-04-26,RM03,3886,113,1151,13
2025-04-26,RM04,2271,143,1230,9
2025-04-26,RM05,1501,180,1007,25
2025-04-26,RM06,4348,81,1150,6
2025-04-26,RM07,4219,128,1118,20
2025-04-26,RM08,631,88,919,48
2025-04-26,RM09,2845,194,1326,15
2025-04-26,RM10,3005,182,1441,25
2025-04-26,RM11,2705,70,1236,20
2025-04-26,RM12,2330,75,1305,18
2025-04-27,RM01,3137,191,974,17
2025-04-27,RM02,3772,66,1064,22
2025-04-27,RM03,1458,134,1474,16
2025-04-27,RM04,741,125,1143,7
2025-04-27,RM05,4229,53,1088,5
2025-04-27,RM06,633,174,994,8
2025-04-27,RM07,2361,135,1399,19
2025-04-27,RM08,852,184,1440,40
2025-04-27,RM09,3947,108,922,7
2025-04-27,RM10,4773,103,1425,21
2025-04-27,RM11,3278,164,836,15
2025-04-27,RM12,1240,57,899,18
2025-04-28,RM01,3999,144,1387,7
2025-04-28,RM02,2934,138,1055,10
2025-04-28,RM03,3161,142,1042,9
2025-04-28,RM04,4184,126,959,5
2025-04-28,RM05,735,141,1438,17
2025-04-28,RM06,3154,121,1081,25
2025-04-28,RM07,529,53,1399,22
2025-04-28,RM08,820,182,943,39
2025-04-28,RM09,1444,135,1113,25
2025-04-28,RM10,3990,52,1316,11
2025-04-28,RM11,2427,172,1289,24
2025-04-28,RM12,1620,79,1354,15
2025-04-29,RM01,4602,99,1374,12
2025-04-29,RM02,3248,127,1400,12
2025-04-29,RM03,1143,95,1197,6
2025-04-29,RM04,2341,189,1227,24
2025-04-29,RM05,2857,106,1176,23
2025-04-29,RM06,2913,174,812,13
2025-04-29,RM07,4165,131,1097,15
2025-04-29,RM08,746,89,1046,40
2025-04-29,RM09,2724,194,923,5
2025-04-29,RM10,4152,178,1379,6
2025-04-29,RM11,3126,128,1017,20
2025-04-29,RM12,4810,159,1309,9
2025-04-30,RM01,4832,193,962,9
2025-04-30,RM02,4111,198,1331,16
2025-04-30,RM03,4205,184,845,17
2025-04-30,RM04,4315,191,870,23
2025-04-30,RM05,871,81,1036,16
2025-04-30,RM06,1392,161,1396,14
2025-04-30,RM07,1793,106,1008,23
2025-04-30,RM08,960,117,1166,41
2025-04-30,RM09,4631,93,1029,20
2025-04-30,RM10,3650,146,953,12
2025-04-30,RM11,4801,178,1094,15
2025-04-30,RM12,4963,77,1455,7
2025-05-01,RM01,2613,174,1169,16
2025-05-01,RM02,4826,107,1344,19
2025-05-01,RM03,3847,184,830,22
2025-05-01,RM04,3506,167,1108,6
2025-05-01,RM05,3064,81,1141,8
2025-05-01,RM06,1958,168,876,14
2025-05-01,RM07,4818,71,819,19
2025-05-01,RM08,976,50,853,41
2025-05-01,RM09,2510,84,1474,15
2025-05-01,RM10,4389,75,1274,15
2025-05-01,RM11,1915,150,1027,21
2025-05-01,RM12,1555,128,1363,13
2025-05-02,RM01,4533,111,1234,21
2025-05-02,RM02,806,87,1422,6
2025-05-02,RM03,4638,144,1460,14
2025-05-02,RM04,3439,97,1316,22
2025-05-02,RM05,1079,153,1444,14
2025-05-02,RM06,1324,92,1280,19
2025-05-02,RM07,754,192,1383,7
2025-05-02,RM08,726,82,916,50
2025-05-02,RM09,4468,188,1051,9
2025-05-02,RM10,3799,161,1421,5
2025-05-02,RM11,3612,187,1317,18
2025-05-02,RM12,2739,189,1304,13
2025-05-03,RM01,2857,112,889,24
2025-05-03,RM02,4201,100,937,11
2025-05-03,RM03,1564,154,979,5
2025-05-03,RM04,2783,57,1274,22
2025-05-03,RM05,1813,122,1022,19
2025-05-03,RM06,3251,143,1193,21
2025-05-03,RM07,2232,178,1300,9
2025-05-03,RM08,1113,85,853,44
2025-05-03,RM09,3209,91,1093,5
2025-05-03,RM10,953,51,1161,23
2025-05-03,RM11,836,103,1091,22
2025-05-03,RM12,3349,100,1262,6
2025-05-04,RM01,2409,53,1422,16
2025-05-04,RM02,1971,148,1381,25
2025-05-04,RM03,1913,91,1236,15
2025-05-04,RM04,1056,145,885,20
2025-05-04,RM05,3502,72,1335,13
2025-05-04,RM06,4957,84,982,25
2025-05-04,RM07,4655,58,856,19
2025-05-04,RM08,1083,159,1466,41
2025-05-04,RM09,1220,198,1381,11
2025-05-04,RM10,1894,89,1021,11
2025-05-04,RM11,4635,121,1493,19
2025-05-04,RM12,2872,74,964,15
2025-05-05,RM01,1699,157,1466,19
2025-05-05,RM02,521,186,1229,19
2025-05-05,RM03,4016,164,1213,5
2025-05-05,RM04,2880,82,803,14
2025-05-05,RM05,4218,176,1300,6
2025-05-05,RM06,1343,144,1490,12
2025-05-05,RM07,1777,113,890,12
2025-05-05,RM08,835,79,890,45
2025-05-05,RM09,4662,50,1155,18
2025-05-05,RM10,2702,101,877,9
2025-05-05,RM11,1328,92,1186,25
2025-05-05,RM12,1648,165,1077,16
2025-05-06,RM01,4701,121,1204,24
2025-05-06,RM02,3790,128,1195,20
2025-05-06,RM03,3166,56,1171,15
2025-05-06,RM04,4197,66,1382,15
2025-05-06,RM05,2685,115,930,12
2025-05-06,RM06,3254,178,944,13
2025-05-06,RM07,3112,187,1173,5
2025-05-06,RM08,569,196,1071,44
2025-05-06,RM09,4189,52,1103,16
2025-05-06,RM10,3965,105,1062,16
2025-05-06,RM11,1900,126,1469,15
2025-05-06,RM12,1751,178,1375,9
2025-05-07,RM01,690,108,956,25
2025-05-07,RM02,3950,93,1383,5
2025-05-07,RM03,4431,124,1374,25
2025-05-07,RM04,699,166,1408,15
2025-05-07,RM05,3974,191,1260,25
2025-05-07,RM06,2119,138,966,11
2025-05-07,RM07,793,183,1363,8
2025-05-07,RM08,1085,71,853,37
2025-05-07,RM09,4160,101,839,18
2025-05-07,RM10,1839,158,1234,21
2025-05-07,RM11,3316,143,1474,12
2025-05-07,RM12,1127,198,1362,22
2025-05-08,RM01,3401,77,1473,19
2025-05-08,RM02,4129,70,1071,10
2025-05-08,RM03,4763,192,1348,17
2025-05-08,RM04,1848,110,1369,25
2025-05-08,RM05,3427,80,1485,16
2025-05-08,RM06,3324,57,1485,8
2025-05-08,RM07,2507,153,1233,13
2025-05-08,RM08,250,116,1355,35
2025-05-08,RM09,532,73,976,21
2025-05-08,RM10,4468,176,1084,9
2025-05-08,RM11,4027,60,882,5
2025-05-08,RM12,1498,143,1245,7
2025-05-09,RM01,3903,80,866,12
2025-05-09,RM02,715,118,1357,21
2025-05-09,RM03,3533,166,1421,15
2025-05-09,RM04,2075,107,1330,24
2025-05-09,RM05,1330,114,819,9
2025-05-09,RM06,1352,175,1215,14
2025-05-09,RM07,3663,151,1082,23
2025-05-09,RM08,641,134,1429,37
2025-05-09,RM09,1370,79,1106,5
2025-05-09,RM10,3121,196,1253,10
2025-05-09,RM11,1338,101,808,19
2025-05-09,RM12,2741,75,871,11
2025-05-10,RM01,2055,163,1131,21
2025-05-10,RM02,558,98,874,23
2025-05-10,RM03,522,76,1293,18
2025-05-10,RM04,2348,138,1480,15
2025-05-10,RM05,4508,172,1288,8
2025-05-10,RM06,4118,79,1239,10
2025-05-10,RM07,3630,65,880,14
2025-05-10,RM08,528,100,1061,45
2025-05-10,RM09,3445,166,1426,13
2025-05-10,RM10,4375,186,1492,9
2025-05-10,RM11,754,99,1306,21
2025-05-10,RM12,1768,197,1156,15
2025-05-11,RM01,4014,150,1347,8
2025-05-11,RM02,2146,130,817,20
2025-05-11,RM03,1367,191,927,14
2025-05-11,RM04,876,177,828,10
2025-05-11,RM05,2457,120,1215,17
2025-05-11,RM06,3387,151,869,20
2025-05-11,RM07,853,85,1310,16
2025-05-11,RM08,899,138,1117,50
2025-05-11,RM09,2108,128,1283,15
2025-05-11,RM10,4450,64,921,22
2025-05-11,RM11,3114,160,1472,10
2025-05-11,RM12,589,125,1346,20
2025-05-12,RM01,3652,105,1144,23
2025-05-12,RM02,4712,98,1384,21
2025-05-12,RM03,4471,118,1258,22
2025-05-12,RM04,1418,152,1130,17
2025-05-12,RM05,1162,127,1065,14
2025-05-12,RM06,3388,107,983,5
2025-05-12,RM07,2105,88,1069,8
2025-05-12,RM08,1111,115,962,38
2025-05-12,RM09,4502,82,1496,13
2025-05-12,RM10,3189,194,905,21
2025-05-12,RM11,3448,147,1128,24
2025-05-12,RM12,2955,188,954,15
2025-05-13,RM01,4451,167,988,11
2025-05-13,RM02,691,79,1246,13
2025-05-13,RM03,4658,101,1423,23
2025-05-13,RM04,2685,118,922,10
2025-05-13,RM05,4791,54,1096,15
2025-05-13,RM06,4801,65,811,23
2025-05-13,RM07,3674,151,1304,5
2025-05-13,RM08,924,152,929,50
2025-05-13,RM09,2695,180,930,5
2025-05-13,RM10,2261,63,831,11
2025-05-13,RM11,1996,105,1036,20
2025-05-13,RM12,4764,89,1371,15
2025-05-14,RM01,1959,176,825,15
2025-05-14,RM02,1665,177,961,17
2025-05-14,RM03,1048,92,1161,22
2025-05-14,RM04,4509,142,1263,7
2025-05-14,RM05,4523,81,1291,12
2025-05-14,RM06,3193,153,1032,12
2025-05-14,RM07,4143,147,1471,22
2025-05-14,RM08,602,184,1087,38
2025-05-14,RM09,2464,154,1348,24
2025-05-14,RM10,1858,199,1327,10
2025-05-14,RM11,2041,155,1397,11
2025-05-14,RM12,1105,136,1251,23
2025-05-15,RM01,1384,190,1012,20
2025-05-15,RM02,584,99,828,6
2025-05-15,RM03,3515,129,1057,17
2025-05-15,RM04,1167,191,1408,15
2025-05-15,RM05,3811,198,1296,22
2025-05-15,RM06,3008,88,1472,21
2025-05-15,RM07,4974,131,1459,19
2025-05-15,RM08,1137,74,1359,41
2025-05-15,RM09,2498,54,932,24
2025-05-15,RM10,1210,175,1045,15
2025-05-15,RM11,1765,186,1014,5
2025-05-15,RM12,3862,146,989,8
2025-05-16,RM01,1663,170,1403,21
2025-05-16,RM02,2867,109,889,20
2025-05-16,RM03,1025,179,931,5
2025-05-16,RM04,980,183,914,14
2025-05-16,RM05,3829,66,993,8
2025-05-16,RM06,2546,94,1370,18
2025-05-16,RM07,4999,172,1457,16
2025-05-16,RM08,581,170,910,48
2025-05-16,RM09,3905,90,1459,16
2025-05-16,RM10,4045,111,809,25
2025-05-16,RM11,1856,157,1429,18
2025-05-16,RM12,4804,102,941,6
2025-05-17,RM01,4130,194,1378,11
2025-05-17,RM02,3828,148,982,18
2025-05-17,RM03,668,67,1008,23
2025-05-17,RM04,4240,67,962,14
2025-05-17,RM05,4965,200,1499,11
2025-05-17,RM06,1085,138,1483,19
2025-05-17,RM07,3596,104,1147,20
2025-05-17,RM08,379,52,1080,39
2025-05-17,RM09,4545,55,897,12
2025-05-17,RM10,1569,197,1488,13
2025-05-17,RM11,726,121,1322,19
2025-05-17,RM12,4846,121,901,10
2025-05-18,RM01,4983,105,1161,11
2025-05-18,RM02,3934,87,831,19
2025-05-18,RM03,4382,200,818,7
2025-05-18,RM04,1395,173,1028,13
2025-05-18,RM05,2766,169,977,9
2025-05-18,RM06,1918,182,1384,6
2025-05-18,RM07,3519,52,1429,22
2025-05-18,RM08,569,168,1090,37
2025-05-18,RM09,4923,179,1219,23
2025-05-18,RM10,1585,54,1217,9
2025-05-18,RM11,4894,173,1050,18
2025-05-18,RM12,3859,111,1441,13
2025-05-19,RM01,4876,118,865,24
2025-05-19,RM02,3550,113,1166,10
2025-05-19,RM03,4765,65,938,10
2025-05-19,RM04,842,150,1210,7
2025-05-19,RM05,3517,142,871,8
2025-05-19,RM06,4293,175,1251,13
2025-05-19,RM07,1806,122,1014,12
2025-05-19,RM08,840,122,1248,48
2025-05-19,RM09,4806,160,1143,14
2025-05-19,RM10,563,111,1166,11
2025-05-19,RM11,656,148,1317,13
2025-05-19,RM12,884,132,937,8
2025-05-20,RM01,4171,139,838,17
2025-05-20,RM02,3719,113,837,6
2025-05-20,RM03,4223,178,1151,16
2025-05-20,RM04,3846,101,1437,24
2025-05-20,RM05,3894,83,977,12
2025-05-20,RM06,1505,116,1449,24
2025-05-20,RM07,3255,146,1041,20
2025-05-20,RM08,1090,198,1309,42
2025-05-20,RM09,1068,112,1223,10
2025-05-20,RM10,2305,161,920,6
2025-05-20,RM11,2331,169,1460,19
2025-05-20,RM12,1005,80,1428,17
2025-05-21,RM01,4636,186,848,20
2025-05-21,RM02,1159,169,1491,22
2025-05-21,RM03,1041,148,1470,18
2025-05-21,RM04,2143,72,856,13
2025-05-21,RM05,3201,147,1299,15
2025-05-21,RM06,1848,82,1261,13
2025-05-21,RM07,2742,58,1455,9
2025-05-21,RM08,1123,95,1448,44
2025-05-21,RM09,4287,167,1485,8
2025-05-21,RM10,1019,162,1151,11
2025-05-21,RM11,3775,192,1228,14
2025-05-21,RM12,4115,117,1026,8
2025-05-22,RM01,3882,186,1388,13
2025-05-22,RM02,2393,71,1272,17
2025-05-22,RM03,3078,52,1312,24
2025-05-22,RM04,4702,172,813,25
2025-05-22,RM05,987,144,910,9
2025-05-22,RM06,4824,93,1371,22
2025-05-22,RM07,1408,61,971,17
2025-05-22,RM08,441,124,870,43
2025-05-22,RM09,1437,93,978,5
2025-05-22,RM10,773,107,1376,7
2025-05-22,RM11,1602,155,825,7
2025-05-22,RM12,1643,185,1426,9
2025-05-23,RM01,2048,50,1411,19
2025-05-23,RM02,4489,157,1050,10
2025-05-23,RM03,2473,194,1000,9
2025-05-23,RM04,2317,53,956,6
2025-05-23,RM05,2169,188,1130,10
2025-05-23,RM06,1835,86,1074,8
2025-05-23,RM07,568,149,941,6
2025-05-23,RM08,296,127,1340,50
2025-05-23,RM09,3818,55,1210,6
2025-05-23,RM10,2702,181,1315,23
2025-05-23,RM11,1791,166,1244,13
2025-05-23,RM12,706,93,1406,25
2025-05-24,RM01,627,168,1210,10
2025-05-24,RM02,677,130,847,13
2025-05-24,RM03,2027,93,1243,5
2025-05-24,RM04,1584,191,969,19
2025-05-24,RM05,4522,134,1018,10
2025-05-24,RM06,4807,175,1096,11
2025-05-24,RM07,3091,163,1072,12
2025-05-24,RM08,964,148,1355,40
2025-05-24,RM09,2684,59,1349,24
2025-05-24,RM10,3319,124,1003,18
2025-05-24,RM11,1668,52,1221,25
2025-05-24,RM12,3217,108,920,24
2025-05-25,RM01,1693,182,1044,13
2025-05-25,RM02,4856,165,1423,10
2025-05-25,RM03,905,130,1111,17
2025-05-25,RM04,3261,110,1069,19
2025-05-25,RM05,3193,80,1022,13
2025-05-25,RM06,1611,161,1190,12
2025-05-25,RM07,1089,96,1176,18
2025-05-25,RM08,232,168,1022,37
2025-05-25,RM09,2075,117,1429,25
2025-05-25,RM10,2950,87,815,15
2025-05-25,RM11,2562,87,1086,16
2025-05-25,RM12,1692,65,1162,25
2025-05-26,RM01,1862,175,1006,18
2025-05-26,RM02,4746,180,1425,25
2025-05-26,RM03,601,165,1187,25
2025-05-26,RM04,1431,80,1447,12
2025-05-26,RM05,4991,148,1033,20
2025-05-26,RM06,3270,60,824,14
2025-05-26,RM07,1902,52,962,9
2025-05-26,RM08,772,199,1168,48
2025-05-26,RM09,1340,172,801,10
2025-05-26,RM10,3071,57,963,20
2025-05-26,RM11,4456,55,1496,11
2025-05-26,RM12,2404,96,860,21
2025-05-27,RM01,944,59,1023,5
2025-05-27,RM02,597,78,862,7
2025-05-27,RM03,901,195,977,6
2025-05-27,RM04,1878,50,1002,8
2025-05-27,RM05,4955,173,1323,21
2025-05-27,RM06,1360,79,1097,15
2025-05-27,RM07,1360,178,1394,19
2025-05-27,RM08,575,64,880,44
2025-05-27,RM09,3727,122,942,10
2025-05-27,RM10,3408,144,1027,16
2025-05-27,RM11,4679,62,1384,20
2025-05-27,RM12,4417,72,1124,23
2025-05-28,RM01,2978,94,852,10
2025-05-28,RM02,3445,101,941,22
2025-05-28,RM03,4761,170,864,12
2025-05-28,RM04,3570,173,1137,21
2025-05-28,RM05,3056,153,1019,13
2025-05-28,RM06,1987,88,1098,13
2025-05-28,RM07,3710,64,1119,17
2025-05-28,RM08,813,180,1073,43
2025-05-28,RM09,1759,56,1429,10
2025-05-28,RM10,688,77,1098,5
2025-05-28,RM11,2333,60,869,8
2025-05-28,RM12,4054,65,1417,25
2025-05-29,RM01,4116,160,1270,5
2025-05-29,RM02,868,112,811,13
2025-05-29,RM03,1815,77,1430,13
2025-05-29,RM04,2264,58,1315,16
2025-05-29,RM05,609,118,979,16
2025-05-29,RM06,2178,139,1311,12
2025-05-29,RM07,2822,141,923,7
2025-05-29,RM08,1159,95,1355,43
2025-05-29,RM09,4711,142,885,8
2025-05-29,RM10,2788,111,1380,19
2025-05-29,RM11,576,107,1275,15
2025-05-29,RM12,1365,135,1306,16
2025-05-30,RM01,1724,173,1196,22
2025-05-30,RM02,2975,75,1334,25
2025-05-30,RM03,1338,82,1368,18
2025-05-30,RM04,2033,79,1003,17
2025-05-30,RM05,3726,116,1039,9
2025-05-30,RM06,2891,197,886,8
2025-05-30,RM07,4294,100,1387,25
2025-05-30,RM08,434,142,1112,39
2025-05-30,RM09,2681,135,1127,5
2025-05-30,RM10,2695,148,1042,25
2025-05-30,RM11,1647,191,986,7
2025-05-30,RM12,4133,52,1200,5
2025-05-31,RM01,1638,191,1231,18
2025-05-31,RM02,1276,192,1106,6
2025-05-31,RM03,2934,157,838,20
2025-05-31,RM04,4500,180,1397,20
2025-05-31,RM05,4817,148,1500,23
2025-05-31,RM06,1788,155,1310,21
2025-05-31,RM07,2887,109,1002,11
2025-05-31,RM08,1039,131,1369,39
2025-05-31,RM09,4692,128,1384,6
2025-05-31,RM10,3763,141,970,10
2025-05-31,RM11,3404,192,830,15
2025-05-31,RM12,2526,133,1026,8
2025-06-01,RM01,3245,66,999,11
2025-06-01,RM02,1104,141,932,11
2025-06-01,RM03,1046,179,1141,14
2025-06-01,RM04,4462,69,1260,15
2025-06-01,RM05,2691,66,1421,12
2025-06-01,RM06,2018,155,931,25
2025-06-01,RM07,1143,164,1052,23
2025-06-01,RM08,572,96,1237,49
2025-06-01,RM09,3510,97,1131,14
2025-06-01,RM10,4712,150,803,18
2025-06-01,RM11,1461,117,1210,23
2025-06-01,RM12,1342,158,800,8
2025-06-02,RM01,4910,54,1296,8
2025-06-02,RM02,2939,90,1163,15
2025-06-02,RM03,2992,189,1213,25
2025-06-02,RM04,1464,134,842,25
2025-06-02,RM05,4845,133,913,16
2025-06-02,RM06,1256,187,818,6
2025-06-02,RM07,2094,152,918,5
2025-06-02,RM08,689,65,1126,37
2025-06-02,RM09,4292,169,862,22
2025-06-02,RM10,2530,168,907,25
2025-06-02,RM11,2185,72,1399,8
2025-06-02,RM12,3030,84,1266,25
2025-06-03,RM01,1131,65,1002,6
2025-06-03,RM02,3930,160,809,17
2025-06-03,RM03,4056,88,1368,11
2025-06-03,RM04,4368,184,1370,24
2025-06-03,RM05,1034,199,1079,16
2025-06-03,RM06,3257,65,1203,18
2025-06-03,RM07,3278,195,910,15
2025-06-03,RM08,971,96,1285,43
2025-06-03,RM09,3069,57,904,6
2025-06-03,RM10,3583,76,1144,25
2025-06-03,RM11,2115,150,1062,25
2025-06-03,RM12,2784,66,1190,12
2025-06-04,RM01,1844,53,826,12
2025-06-04,RM02,2532,57,1115,5
2025-06-04,RM03,3374,93,844,25
2025-06-04,RM04,4815,101,1120,10
2025-06-04,RM05,527,146,1325,24
2025-06-04,RM06,4880,190,1035,21
2025-06-04,RM07,1046,124,1406,7
2025-06-04,RM08,905,176,1217,48
2025-06-04,RM09,4938,117,1080,13
2025-06-04,RM10,1039,78,1409,9
2025-06-04,RM11,1047,63,1191,20
2025-06-04,RM12,1710,78,1311,9
2025-06-05,RM01,4944,128,929,23
2025-06-05,RM02,3880,100,954,5
2025-06-05,RM03,618,104,1478,5
2025-06-05,RM04,676,79,1142,10
2025-06-05,RM05,3035,140,1423,9
2025-06-05,RM06,3050,179,1053,9
2025-06-05,RM07,1332,86,917,8
2025-06-05,RM08,804,53,887,50
2025-06-05,RM09,2027,121,955,13
2025-06-05,RM10,2117,51,945,17
2025-06-05,RM11,3113,175,1040,18
2025-06-05,RM12,1968,81,1262,10
2025-06-06,RM01,1347,113,991,10
2025-06-06,RM02,930,132,1138,24
2025-06-06,RM03,3008,99,1086,5
2025-06-06,RM04,2378,180,1455,17
2025-06-06,RM05,4925,196,908,18
2025-06-06,RM06,2790,64,1020,22
2025-06-06,RM07,726,154,1181,17
2025-06-06,RM08,403,56,1449,35
2025-06-06,RM09,816,180,1490,12
2025-06-06,RM10,4440,134,1225,15
2025-06-06,RM11,4180,70,1039,17
2025-06-06,RM12,2678,192,933,10
2025-06-07,RM01,2392,120,1076,11
2025-06-07,RM02,2427,114,1286,5
2025-06-07,RM03,1238,94,1296,14
2025-06-07,RM04,1590,138,882,5
2025-06-07,RM05,2081,141,1091,24
2025-06-07,RM06,1301,195,913,14
2025-06-07,RM07,3983,72,881,8
2025-06-07,RM08,461,131,1221,39
2025-06-07,RM09,1236,151,977,24
2025-06-07,RM10,2477,153,1345,9
2025-06-07,RM11,3926,144,891,9
2025-06-07,RM12,2078,172,946,19
2025-06-08,RM01,4382,51,1163,17
2025-06-08,RM02,3461,52,1325,16
2025-06-08,RM03,2808,102,910,21
2025-06-08,RM04,622,118,1117,11
2025-06-08,RM05,3857,118,1020,24
2025-06-08,RM06,970,122,1409,19
2025-06-08,RM07,4612,94,848,25
2025-06-08,RM08,615,87,1279,37
2025-06-08,RM09,4699,182,1433,21
2025-06-08,RM10,502,95,950,7
2025-06-08,RM11,3821,194,1161,24
2025-06-08,RM12,1223,63,1229,24
2025-06-09,RM01,1891,127,1109,24
2025-06-09,RM02,1667,144,977,5
2025-06-09,RM03,680,59,1232,11
2025-06-09,RM04,3263,76,948,20
2025-06-09,RM05,4584,103,1023,16
2025-06-09,RM06,2864,55,1466,21
2025-06-09,RM07,657,100,1247,7
2025-06-09,RM08,1037,176,1064,44
2025-06-09,RM09,1560,120,980,8
2025-06-09,RM10,3256,187,985,13
2025-06-09,RM11,4216,193,1401,8
2025-06-09,RM12,749,131,1269,14
2025-06-10,RM01,3728,95,973,23
2025-06-10,RM02,3989,141,1375,10
2025-06-10,RM03,2933,54,1292,20
2025-06-10,RM04,1778,170,1237,8
2025-06-10,RM05,3478,64,1160,24
2025-06-10,RM06,2350,117,1074,6
2025-06-10,RM07,2320,169,1107,7
2025-06-10,RM08,453,62,1291,46
2025-06-10,RM09,512,163,1093,6
2025-06-10,RM10,1005,112,1045,19
2025-06-10,RM11,4494,133,917,11
2025-06-10,RM12,701,51,1394,23
2025-06-11,RM01,2139,72,1333,11
2025-06-11,RM02,3919,111,1483,21
2025-06-11,RM03,4789,197,867,15
2025-06-11,RM04,2590,112,1202,17
2025-06-11,RM05,3583,109,1397,17
2025-06-11,RM06,1048,197,851,22
2025-06-11,RM07,845,80,1312,23
2025-06-11,RM08,439,74,1331,40
2025-06-11,RM09,3409,119,1458,8
2025-06-11,RM10,1024,175,1009,24
2025-06-11,RM11,2774,150,832,21
2025-06-11,RM12,4201,166,1298,7
2025-06-12,RM01,3062,143,818,14
2025-06-12,RM02,4469,142,1205,25
2025-06-12,RM03,4622,190,827,18
2025-06-12,RM04,2914,177,1386,20
2025-06-12,RM05,936,72,1445,6
2025-06-12,RM06,2056,186,1171,22
2025-06-12,RM07,4141,167,873,22
2025-06-12,RM08,837,66,920,40
2025-06-12,RM09,4496,133,1394,6
2025-06-12,RM10,2905,146,1403,17
2025-06-12,RM11,3694,116,1487,8
2025-06-12,RM12,4384,166,1485,23
2025-06-13,RM01,2128,198,941,21
2025-06-13,RM02,3706,118,1337,24
2025-06-13,RM03,1256,113,1182,12
2025-06-13,RM04,1554,140,1085,23
2025-06-13,RM05,972,57,1157,25
2025-06-13,RM06,2879,109,828,15
2025-06-13,RM07,3032,77,1092,9
2025-06-13,RM08,905,154,1157,48
2025-06-13,RM09,1437,200,1438,22
2025-06-13,RM10,2584,100,1207,5
2025-06-13,RM11,2639,85,1392,6
2025-06-13,RM12,4931,160,1318,7
2025-06-14,RM01,4493,105,1017,22
2025-06-14,RM02,2028,90,925,17
2025-06-14,RM03,648,107,1486,5
2025-06-14,RM04,4921,180,1429,15
2025-06-14,RM05,2682,83,1379,20
2025-06-14,RM06,1481,144,902,15
2025-06-14,RM07,3130,76,1402,10
2025-06-14,RM08,617,104,828,39
2025-06-14,RM09,4888,168,944,7
2025-06-14,RM10,3761,173,1240,5
2025-06-14,RM11,1226,120,931,9
2025-06-14,RM12,911,116,877,14
2025-06-15,RM01,3225,188,939,17
2025-06-15,RM02,990,89,1295,20
2025-06-15,RM03,2906,121,1444,23
2025-06-15,RM04,955,182,1432,8
2025-06-15,RM05,4771,94,1194,23
2025-06-15,RM06,3974,197,1033,10
2025-06-15,RM07,3623,114,857,19
2025-06-15,RM08,625,154,839,46
2025-06-15,RM09,755,95,1396,10
2025-06-15,RM10,3301,56,1028,20
2025-06-15,RM11,2945,99,1154,23
2025-06-15,RM12,3571,119,920,11
2025-06-16,RM01,4391,65,1291,17
2025-06-16,RM02,4775,150,1286,20
2025-06-16,RM03,2490,191,1424,18
2025-06-16,RM04,1514,141,991,24
2025-06-16,RM05,862,185,1115,23
2025-06-16,RM06,3582,122,1303,12
2025-06-16,RM07,4144,115,907,19
2025-06-16,RM08,973,100,1440,48
2025-06-16,RM09,2285,126,925,14
2025-06-16,RM10,796,95,1366,7
2025-06-16,RM11,731,198,867,10
2025-06-16,RM12,2987,197,1064,11
2025-06-17,RM01,1692,163,1064,6
2025-06-17,RM02,4604,67,1143,6
2025-06-17,RM03,3446,167,969,24
2025-06-17,RM04,964,148,1121,16
2025-06-17,RM05,1618,166,880,10
2025-06-17,RM06,1632,190,818,18
2025-06-17,RM07,4301,59,1469,16
2025-06-17,RM08,596,51,1325,49
2025-06-17,RM09,2433,183,1340,11
2025-06-17,RM10,4819,159,1376,5
2025-06-17,RM11,4266,100,1342,12
2025-06-17,RM12,1553,173,1320,21
2025-06-18,RM01,1154,88,1001,19
2025-06-18,RM02,3269,192,1350,10
2025-06-18,RM03,1368,74,994,16
2025-06-18,RM04,4046,93,1317,24
2025-06-18,RM05,4586,56,824,8
2025-06-18,RM06,1970,198,1282,11
2025-06-18,RM07,4204,118,1026,5
2025-06-18,RM08,498,144,864,46
2025-06-18,RM09,3838,185,1325,11
2025-06-18,RM10,4634,95,1316,12
2025-06-18,RM11,4122,60,1179,8
2025-06-18,RM12,4297,117,1428,15
2025-06-19,RM01,4970,79,877,7
2025-06-19,RM02,4879,193,892,5
2025-06-19,RM03,3854,52,1358,18
2025-06-19,RM04,1387,89,1320,8
2025-06-19,RM05,1412,173,900,14
2025-06-19,RM06,2680,191,1493,12
2025-06-19,RM07,2927,77,892,6
2025-06-19,RM08,490,101,1001,35
2025-06-19,RM09,3286,158,1397,24
2025-06-19,RM10,949,167,840,6
2025-06-19,RM11,3189,102,817,15
2025-06-19,RM12,4009,175,1257,9
2025-06-20,RM01,1178,157,1399,22
2025-06-20,RM02,4735,187,1003,18
2025-06-20,RM03,987,163,1306,8
2025-06-20,RM04,3958,153,854,10
2025-06-20,RM05,2578,87,1291,24
2025-06-20,RM06,3017,112,1281,16
2025-06-20,RM07,3542,152,1432,25
2025-06-20,RM08,369,64,1212,47
2025-06-20,RM09,1683,54,1114,22
2025-06-20,RM10,1471,145,1369,19
2025-06-20,RM11,4893,60,1042,11
2025-06-20,RM12,2339,63,827,15
2025-06-21,RM01,2261,148,1202,19
2025-06-21,RM02,820,96,1331,6
2025-06-21,RM03,3067,65,1013,15
2025-06-21,RM04,2795,70,806,19
2025-06-21,RM05,3938,176,998,21
2025-06-21,RM06,1109,113,1241,19
2025-06-21,RM07,4169,113,880,9
2025-06-21,RM08,929,124,1161,35
2025-06-21,RM09,4306,76,1055,16
2025-06-21,RM10,750,92,810,8
2025-06-21,RM11,4588,55,1356,12
2025-06-21,RM12,1137,101,1095,17
2025-06-22,RM01,4602,71,821,8
2025-06-22,RM02,3277,84,1273,5
2025-06-22,RM03,1869,162,1267,15
2025-06-22,RM04,1912,71,1419,18
2025-06-22,RM05,3106,129,1048,22
2025-06-22,RM06,3670,91,1308,8
2025-06-22,RM07,2057,193,1166,16
2025-06-22,RM08,497,126,1338,41
2025-06-22,RM09,1752,184,807,9
2025-06-22,RM10,4674,164,1189,15
2025-06-22,RM11,1880,148,974,11
2025-06-22,RM12,2442,71,1219,23
2025-06-23,RM01,1363,136,802,12
2025-06-23,RM02,1669,186,1478,14
2025-06-23,RM03,3313,95,1144,15
2025-06-23,RM04,3702,164,1442,21
2025-06-23,RM05,922,187,841,21
2025-06-23,RM06,3710,139,1291,11
2025-06-23,RM07,1664,178,1442,23
2025-06-23,RM08,244,128,895,46
2025-06-23,RM09,2460,94,1359,19
2025-06-23,RM10,1957,74,981,24
2025-06-23,RM11,4092,152,1090,7
2025-06-23,RM12,2399,152,1435,8
2025-06-24,RM01,3237,190,860,25
2025-06-24,RM02,994,183,1071,18
2025-06-24,RM03,1110,159,834,7
2025-06-24,RM04,1848,63,864,25
2025-06-24,RM05,1883,77,940,9
2025-06-24,RM06,3410,128,1302,22
2025-06-24,RM07,1751,184,1271,12
2025-06-24,RM08,1084,179,1384,44
2025-06-24,RM09,2361,154,1384,25
2025-06-24,RM10,4644,82,970,5
2025-06-24,RM11,3252,194,907,6
2025-06-24,RM12,2276,169,1475,16
2025-06-25,RM01,1248,170,1073,11
2025-06-25,RM02,1987,127,880,8
2025-06-25,RM03,3094,55,1381,20
2025-06-25,RM04,3568,81,862,9
2025-06-25,RM05,2677,51,1151,17
2025-06-25,RM06,4893,194,967,23
2025-06-25,RM07,3812,78,824,8
2025-06-25,RM08,946,155,1485,50
2025-06-25,RM09,1393,196,1072,14
2025-06-25,RM10,2135,53,1155,14
2025-06-25,RM11,1010,109,1225,7
2025-06-25,RM12,4599,128,1493,8
2025-06-26,RM01,3537,130,1063,19
2025-06-26,RM02,3468,106,1123,10
2025-06-26,RM03,3532,169,928,21
2025-06-26,RM04,3086,50,1158,16
2025-06-26,RM05,3488,121,870,9
2025-06-26,RM06,1312,182,1298,5
2025-06-26,RM07,1216,128,810,15
2025-06-26,RM08,832,124,1219,41
2025-06-26,RM09,3765,165,963,10
2025-06-26,RM10,3503,191,1029,14
2025-06-26,RM11,3391,144,1419,13
2025-06-26,RM12,3094,97,1241,19
2025-06-27,RM01,2196,182,1183,14
2025-06-27,RM02,3250,62,958,5
2025-06-27,RM03,2545,168,962,5
2025-06-27,RM04,3601,187,961,19
2025-06-27,RM05,4938,146,881,17
2025-06-27,RM06,4654,181,1135,9
2025-06-27,RM07,702,60,1228,13
2025-06-27,RM08,782,106,1089,44
2025-06-27,RM09,1443,88,1039,5
2025-06-27,RM10,640,100,852,8
2025-06-27,RM11,1403,112,942,7
2025-06-27,RM12,3686,113,1412,12
2025-06-28,RM01,4910,154,1327,22
2025-06-28,RM02,2945,154,1236,23
2025-06-28,RM03,3913,153,1294,21
2025-06-28,RM04,2145,181,927,13
2025-06-28,RM05,3412,196,888,12
2025-06-28,RM06,1998,70,1414,10
2025-06-28,RM07,617,99,1473,13
2025-06-28,RM08,1132,157,1384,45
2025-06-28,RM09,952,110,1222,13
2025-06-28,RM10,2983,115,1477,13
2025-06-28,RM11,3619,116,1109,24
2025-06-28,RM12,1627,66,877,25
2025-06-29,RM01,614,163,814,18
2025-06-29,RM02,866,103,1448,16
2025-06-29,RM03,807,93,1219,12
2025-06-29,RM04,1234,74,1447,15
2025-06-29,RM05,4277,58,1063,8
2025-06-29,RM06,661,120,1238,14
2025-06-29,RM07,2643,108,1344,17
2025-06-29,RM08,729,59,867,44
2025-06-29,RM09,3021,174,1385,13
2025-06-29,RM10,874,136,1449,25
2025-06-29,RM11,4544,106,1133,25
2025-06-29,RM12,4649,135,1075,6
2025-06-30,RM01,1397,112,907,18
2025-06-30,RM02,4688,90,1254,24
2025-06-30,RM03,3426,50,1223,6
2025-06-30,RM04,1799,135,994,8
2025-06-30,RM05,703,133,824,5
2025-06-30,RM06,3912,123,1315,20
2025-06-30,RM07,1513,187,1381,19
2025-06-30,RM08,892,58,1046,42
2025-06-30,RM09,2425,141,1456,20
2025-06-30,RM10,4685,105,801,8
2025-06-30,RM11,1318,72,1270,9
2025-06-30,RM12,688,199,1091,24
2025-07-01,RM01,2821,132,1273,23
2025-07-01,RM02,1073,66,1011,22
2025-07-01,RM03,2586,65,988,8
2025-07-01,RM04,722,80,1197,18
2025-07-01,RM05,1306,135,1017,22
2025-07-01,RM06,3905,64,1224,7
2025-07-01,RM07,4590,169,1205,5
2025-07-01,RM08,206,133,1341,40
2025-07-01,RM09,1506,171,907,9
2025-07-01,RM10,4351,112,961,20
2025-07-01,RM11,3759,133,1458,22
2025-07-01,RM12,4549,68,861,22
2025-07-02,RM01,3320,178,1407,9
2025-07-02,RM02,2878,154,1477,7
2025-07-02,RM03,3973,68,1312,12
2025-07-02,RM04,3412,82,1478,16
2025-07-02,RM05,3099,167,1187,18
2025-07-02,RM06,4469,162,1424,22
2025-07-02,RM07,522,126,925,15
2025-07-02,RM08,881,73,888,47
2025-07-02,RM09,3431,123,821,11
2025-07-02,RM10,3094,127,942,9
2025-07-02,RM11,3977,155,1477,24
2025-07-02,RM12,4031,164,1221,23
2025-07-03,RM01,4729,196,810,18
2025-07-03,RM02,916,192,978,19
2025-07-03,RM03,4622,152,812,8
2025-07-03,RM04,2642,112,1307,8
2025-07-03,RM05,3973,60,1097,13
2025-07-03,RM06,4441,103,1364,6
2025-07-03,RM07,2424,74,802,14
2025-07-03,RM08,1096,68,1178,38
2025-07-03,RM09,3419,173,855,20
2025-07-03,RM10,1069,106,812,22
2025-07-03,RM11,4368,128,1427,21
2025-07-03,RM12,665,96,1056,21
2025-07-04,RM01,3337,53,1500,17
2025-07-04,RM02,2872,88,825,12
2025-07-04,RM03,1477,61,954,11
2025-07-04,RM04,1551,195,1454,11
2025-07-04,RM05,2545,138,1077,25
2025-07-04,RM06,921,145,1261,12
2025-07-04,RM07,1170,100,1373,12
2025-07-04,RM08,697,169,1365,40
2025-07-04,RM09,1101,78,1410,9
2025-07-04,RM10,3694,130,1455,25
2025-07-04,RM11,4434,144,887,12
2025-07-04,RM12,3138,195,1189,14
2025-07-05,RM01,894,160,863,17
2025-07-05,RM02,4167,154,1072,18
2025-07-05,RM03,4472,87,1078,7
2025-07-05,RM04,2214,153,1457,14
2025-07-05,RM05,2307,184,1134,13
2025-07-05,RM06,2925,166,1149,23
2025-07-05,RM07,1378,175,1410,15
2025-07-05,RM08,225,180,1037,45
2025-07-05,RM09,1712,199,1282,18
2025-07-05,RM10,2451,63,1244,17
2025-07-05,RM11,2399,68,1249,6
2025-07-05,RM12,4758,89,892,25
2025-07-06,RM01,835,136,1438,24
2025-07-06,RM02,1954,191,1049,20
2025-07-06,RM03,2411,186,1140,10
2025-07-06,RM04,3574,108,1068,22
2025-07-06,RM05,3107,69,1237,8
2025-07-06,RM06,1132,148,1154,6
2025-07-06,RM07,1250,74,1021,15
2025-07-06,RM08,1155,92,1225,40
2025-07-06,RM09,1758,100,1188,24
2025-07-06,RM10,3279,190,1034,21
2025-07-06,RM11,2748,148,848,24
2025-07-06,RM12,3215,58,1109,9
2025-07-07,RM01,4979,86,1124,22
2025-07-07,RM02,1691,169,1497,17
2025-07-07,RM03,1125,179,1313,11
2025-07-07,RM04,3564,140,1315,7
2025-07-07,RM05,3786,122,838,23
2025-07-07,RM06,2946,169,879,21
2025-07-07,RM07,4829,85,1409,21
2025-07-07,RM08,678,177,1201,35
2025-07-07,RM09,3935,142,1060,8
2025-07-07,RM10,3428,52,1473,21
2025-07-07,RM11,4000,183,1251,8
2025-07-07,RM12,931,70,1020,5
2025-07-08,RM01,3886,67,950,15
2025-07-08,RM02,2012,66,1231,5
2025-07-08,RM03,2156,164,1203,16
2025-07-08,RM04,1361,153,1117,12
2025-07-08,RM05,4151,134,1407,10
2025-07-08,RM06,4987,147,1356,16
2025-07-08,RM07,2712,75,975,10
2025-07-08,RM08,1122,103,1129,45
2025-07-08,RM09,2559,116,1050,8
2025-07-08,RM10,802,197,1056,8
2025-07-08,RM11,1963,168,1038,17
2025-07-08,RM12,3772,88,1133,11
2025-07-09,RM01,1373,110,893,16
2025-07-09,RM02,859,107,823,13
2025-07-09,RM03,4941,124,1128,5
2025-07-09,RM04,2314,58,837,7
2025-07-09,RM05,1898,61,1102,15
2025-07-09,RM06,4175,125,1292,16
2025-07-09,RM07,4073,72,1276,24
2025-07-09,RM08,553,67,1457,45
2025-07-09,RM09,4657,155,1394,13
2025-07-09,RM10,1345,88,1320,20
2025-07-09,RM11,2967,71,947,20
2025-07-09,RM12,4203,88,1300,8
2025-07-10,RM01,1901,71,1419,14
2025-07-10,RM02,4922,187,1005,20
2025-07-10,RM03,2460,104,856,12
2025-07-10,RM04,3968,138,1472,16
2025-07-10,RM05,4189,67,1047,17
2025-07-10,RM06,3414,83,942,15
2025-07-10,RM07,537,83,1254,9
2025-07-10,RM08,874,166,1482,50
2025-07-10,RM09,725,72,976,6
2025-07-10,RM10,4873,191,1152,6
2025-07-10,RM11,3304,165,986,7
2025-07-10,RM12,2718,190,1410,22
2025-07-11,RM01,2524,79,894,12
2025-07-11,RM02,4683,160,1363,23
2025-07-11,RM03,2514,127,834,16
2025-07-11,RM04,3517,132,1457,9
2025-07-11,RM05,3749,55,1195,13
2025-07-11,RM06,697,137,1205,25
2025-07-11,RM07,3017,85,1421,11
2025-07-11,RM08,723,52,1389,45
2025-07-11,RM09,1066,177,1500,15
2025-07-11,RM10,1962,133,803,20
2025-07-11,RM11,4028,155,974,12
2025-07-11,RM12,1749,187,980,24
2025-07-12,RM01,1824,53,1153,15
2025-07-12,RM02,2501,150,1127,21
2025-07-12,RM03,2061,83,1000,7
2025-07-12,RM04,3089,118,1331,22
2025-07-12,RM05,2675,65,1385,9
2025-07-12,RM06,2669,184,1079,7
2025-07-12,RM07,2920,160,960,13
2025-07-12,RM08,1077,128,1145,40
2025-07-12,RM09,4592,199,1279,25
2025-07-12,RM10,2029,99,889,19
2025-07-12,RM11,2484,91,890,24
2025-07-12,RM12,1381,180,834,25
2025-07-13,RM01,4677,90,1480,25
2025-07-13,RM02,2318,59,1268,22
2025-07-13,RM03,2752,185,1151,11
2025-07-13,RM04,4255,61,1038,10
2025-07-13,RM05,1613,160,1142,7
2025-07-13,RM06,1502,143,1237,15
2025-07-13,RM07,4230,98,1249,12
2025-07-13,RM08,249,85,1249,49
2025-07-13,RM09,4332,174,1227,22
2025-07-13,RM10,3201,175,1040,25
2025-07-13,RM11,1743,157,827,14
2025-07-13,RM12,3514,59,1157,20
2025-07-14,RM01,642,73,897,9
2025-07-14,RM02,1620,52,1178,15
2025-07-14,RM03,4686,151,1333,11
2025-07-14,RM04,1881,66,1269,15
2025-07-14,RM05,894,87,1086,25
2025-07-14,RM06,3393,144,1464,25
2025-07-14,RM07,1708,166,1061,17
2025-07-14,RM08,896,123,1111,42
2025-07-14,RM09,2053,83,965,10
2025-07-14,RM10,2072,93,876,19
2025-07-14,RM11,2109,97,1488,5
2025-07-14,RM12,4551,97,928,11
2025-07-15,RM01,750,127,1360,14
2025-07-15,RM02,2863,56,812,5
2025-07-15,RM03,2739,105,1107,16
2025-07-15,RM04,2866,150,989,13
2025-07-15,RM05,1886,84,1312,20
2025-07-15,RM06,1084,89,1295,20
2025-07-15,RM07,1943,112,1002,13
2025-07-15,RM08,658,55,1071,40
2025-07-15,RM09,4861,123,1045,13
2025-07-15,RM10,4505,87,1453,17
2025-07-15,RM11,1732,144,1384,15
2025-07-15,RM12,3017,123,1372,22
2025-07-16,RM01,1833,139,1391,20
2025-07-16,RM02,3671,144,1409,16
2025-07-16,RM03,4533,197,1056,18
2025-07-16,RM04,1371,56,803,12
2025-07-16,RM05,4648,73,854,19
2025-07-16,RM06,3956,106,1143,9
2025-07-16,RM07,1397,194,1018,17
2025-07-16,RM08,388,120,1195,43
2025-07-16,RM09,2854,132,1208,23
2025-07-16,RM10,3640,152,1224,15
2025-07-16,RM11,592,57,1305,10
2025-07-16,RM12,3993,86,1086,25
2025-07-17,RM01,3060,110,861,7
2025-07-17,RM02,3843,86,1271,8
2025-07-17,RM03,2349,183,1141,14
2025-07-17,RM04,4438,129,1439,24
2025-07-17,RM05,2945,192,1095,7
2025-07-17,RM06,2943,161,1128,10
2025-07-17,RM07,2771,131,1028,23
2025-07-17,RM08,576,139,1078,50
2025-07-17,RM09,2923,134,1324,7
2025-07-17,RM10,4281,119,1410,14
2025-07-17,RM11,1501,53,977,15
2025-07-17,RM12,1652,134,868,10
2025-07-18,RM01,4961,193,1411,16
2025-07-18,RM02,4092,181,887,17
2025-07-18,RM03,1112,130,1160,17
2025-07-18,RM04,544,78,1117,21
2025-07-18,RM05,1004,162,1232,21
2025-07-18,RM06,1462,169,1085,16
2025-07-18,RM07,744,127,1316,6
2025-07-18,RM08,244,89,1185,35
2025-07-18,RM09,4578,86,964,21
2025-07-18,RM10,2588,53,1416,23
2025-07-18,RM11,2445,83,1311,14
2025-07-18,RM12,2703,165,1316,24
2025-07-19,RM01,2921,132,974,19
2025-07-19,RM02,1845,66,1179,21
2025-07-19,RM03,3264,130,1215,7
2025-07-19,RM04,2021,126,1428,25
2025-07-19,RM05,2417,85,1406,20
2025-07-19,RM06,3085,58,1079,9
2025-07-19,RM07,2192,74,1214,6
2025-07-19,RM08,342,108,1306,48
2025-07-19,RM09,3532,172,987,24
2025-07-19,RM10,4649,149,1442,14
2025-07-19,RM11,4754,180,1149,16
2025-07-19,RM12,4247,57,1179,18
2025-07-20,RM01,642,170,1172,15
2025-07-20,RM02,4362,100,1434,16
2025-07-20,RM03,1836,71,1345,23
2025-07-20,RM04,4828,77,1436,25
2025-07-20,RM05,2580,138,1087,6
2025-07-20,RM06,4602,155,1166,13
2025-07-20,RM07,1913,70,1347,23
2025-07-20,RM08,734,143,1359,36
2025-07-20,RM09,2116,163,1194,6
2025-07-20,RM10,4962,50,1125,9
2025-07-20,RM11,2556,152,824,9
2025-07-20,RM12,1658,120,928,13
2025-07-21,RM01,1488,173,1033,7
2025-07-21,RM02,4621,148,957,14
2025-07-21,RM03,4191,113,1221,13
2025-07-21,RM04,3027,143,834,22
2025-07-21,RM05,4127,67,1045,5
2025-07-21,RM06,2977,94,1033,9
2025-07-21,RM07,3156,56,1083,15
2025-07-21,RM08,580,78,853,50
2025-07-21,RM09,4034,58,1321,9
2025-07-21,RM10,769,50,916,9
2025-07-21,RM11,1341,115,890,6
2025-07-21,RM12,1680,180,1318,16
2025-07-22,RM01,3866,124,1411,6
2025-07-22,RM02,3716,84,1458,5
2025-07-22,RM03,1823,61,1436,15
2025-07-22,RM04,1869,81,907,5
2025-07-22,RM05,4939,133,1144,21
2025-07-22,RM06,1839,71,1301,17
2025-07-22,RM07,1644,84,1301,21
2025-07-22,RM08,933,80,932,47
2025-07-22,RM09,3561,82,1250,23
2025-07-22,RM10,4527,51,1057,17
2025-07-22,RM11,872,165,912,10
2025-07-22,RM12,4865,53,919,11
2025-07-23,RM01,590,181,1485,6
2025-07-23,RM02,2724,139,950,23
2025-07-23,RM03,3303,59,808,13
2025-07-23,RM04,2230,78,1479,16
2025-07-23,RM05,4675,104,1083,25
2025-07-23,RM06,3090,148,1090,20
2025-07-23,RM07,2949,179,1477,19
2025-07-23,RM08,358,198,1447,47
2025-07-23,RM09,1078,153,1467,7
2025-07-23,RM10,1150,116,1198,18
2025-07-23,RM11,3629,105,988,17
2025-07-23,RM12,4067,107,1482,18
2025-07-24,RM01,1159,188,938,21
2025-07-24,RM02,4105,167,1191,21
2025-07-24,RM03,4948,124,1179,9
2025-07-24,RM04,4757,127,1318,25
2025-07-24,RM05,3110,150,1240,7
2025-07-24,RM06,1992,107,1151,18
2025-07-24,RM07,4102,125,1322,15
2025-07-24,RM08,377,57,1154,44
2025-07-24,RM09,2676,155,1348,8
2025-07-24,RM10,2114,80,1071,11
2025-07-24,RM11,1956,128,1278,8
2025-07-24,RM12,1959,110,1330,25
2025-07-25,RM01,764,90,1261,11
2025-07-25,RM02,905,135,1106,15
2025-07-25,RM03,2783,93,1296,5
2025-07-25,RM04,2923,94,1056,7
2025-07-25,RM05,2333,51,1139,9
2025-07-25,RM06,4830,90,830,23
2025-07-25,RM07,4403,53,1460,24
2025-07-25,RM08,353,161,898,47
2025-07-25,RM09,2504,169,1225,17
2025-07-25,RM10,2086,183,1170,14
2025-07-25,RM11,1584,133,1500,22
2025-07-25,RM12,1699,130,1325,24
2025-07-26,RM01,558,74,953,11
2025-07-26,RM02,710,108,972,8
2025-07-26,RM03,4453,151,1324,24
2025-07-26,RM04,3271,195,1214,16
2025-07-26,RM05,3139,90,879,25
2025-07-26,RM06,1219,175,1364,20
2025-07-26,RM07,638,92,1312,5
2025-07-26,RM08,527,55,1051,41
2025-07-26,RM09,946,129,925,17
2025-07-26,RM10,3584,55,968,20
2025-07-26,RM11,1176,194,990,14
2025-07-26,RM12,948,181,992,19
2025-07-27,RM01,2759,75,820,5
2025-07-27,RM02,4283,84,1159,19
2025-07-27,RM03,608,81,846,9
2025-07-27,RM04,4977,199,1022,15
2025-07-27,RM05,962,160,801,25
2025-07-27,RM06,4687,100,1320,13
2025-07-27,RM07,1710,73,1049,24
2025-07-27,RM08,1002,73,1500,43
2025-07-27,RM09,1463,173,946,21
2025-07-27,RM10,4331,94,1420,13
2025-07-27,RM11,2087,71,1276,12
2025-07-27,RM12,3320,67,994,18
2025-07-28,RM01,4037,79,916,11
2025-07-28,RM02,3474,147,1463,23
2025-07-28,RM03,3361,142,1111,25
2025-07-28,RM04,1117,190,861,19
2025-07-28,RM05,4976,137,1150,22
2025-07-28,RM06,4545,110,1068,17
2025-07-28,RM07,1514,97,1182,18
2025-07-28,RM08,1122,118,829,48
2025-07-28,RM09,1914,165,1037,11
2025-07-28,RM10,2280,118,1176,6
2025-07-28,RM11,4288,74,1488,13
2025-07-28,RM12,1531,192,1238,24
2025-07-29,RM01,668,171,1291,12
2025-07-29,RM02,730,116,959,15
2025-07-29,RM03,3112,71,1287,12
2025-07-29,RM04,692,176,1274,9
2025-07-29,RM05,4473,75,1444,10
2025-07-29,RM06,4250,193,1470,21
2025-07-29,RM07,4530,188,1264,9
2025-07-29,RM08,985,137,809,47
2025-07-29,RM09,889,102,880,25
2025-07-29,RM10,1901,145,1090,11
2025-07-29,RM11,4703,161,1231,12
2025-07-29,RM12,1782,108,1432,15
2025-07-30,RM01,3580,78,1363,20
2025-07-30,RM02,2223,105,1402,9
2025-07-30,RM03,3188,51,951,11
2025-07-30,RM04,1078,136,1383,15
2025-07-30,RM05,3355,89,1018,10
2025-07-30,RM06,2417,136,1411,8
2025-07-30,RM07,1150,141,895,6
2025-07-30,RM08,243,195,1293,50
2025-07-30,RM09,1524,180,903,10
2025-07-30,RM10,906,198,914,22
2025-07-30,RM11,4635,52,1329,19
2025-07-30,RM12,3231,60,850,6
2025-07-31,RM01,2307,190,1445,21
2025-07-31,RM02,1321,106,931,8
2025-07-31,RM03,757,152,822,12
2025-07-31,RM04,3738,98,1032,5
2025-07-31,RM05,4540,194,1210,13
2025-07-31,RM06,1086,152,1395,10
2025-07-31,RM07,514,83,1314,19
2025-07-31,RM08,818,123,1099,42
2025-07-31,RM09,4019,146,1421,24
2025-07-31,RM10,518,198,915,25
2025-07-31,RM11,892,105,881,10
2025-07-31,RM12,2475,198,1452,19
2025-08-01,RM01,4634,119,1074,6
2025-08-01,RM02,3803,51,1305,5
2025-08-01,RM03,1164,114,1400,24
2025-08-01,RM04,1897,134,1434,11
2025-08-01,RM05,1804,95,1297,6
2025-08-01,RM06,2223,129,1391,6
2025-08-01,RM07,4514,58,1136,21
2025-08-01,RM08,309,121,1024,44
2025-08-01,RM09,529,76,868,8
2025-08-01,RM10,4017,57,1153,20
2025-08-01,RM11,1361,68,858,9
2025-08-01,RM12,4384,112,1129,15
2025-08-02,RM01,2118,125,1498,16
2025-08-02,RM02,1873,159,1179,12
2025-08-02,RM03,2223,139,1181,20
2025-08-02,RM04,4861,74,928,13
2025-08-02,RM05,1968,129,987,17
2025-08-02,RM06,3001,70,1075,23
2025-08-02,RM07,4727,152,917,15
2025-08-02,RM08,501,132,1470,47
2025-08-02,RM09,4866,115,1250,15
2025-08-02,RM10,2326,191,1381,24
2025-08-02,RM11,2483,53,885,25
2025-08-02,RM12,3989,95,1280,8
2025-08-03,RM01,1664,96,1187,14
2025-08-03,RM02,1561,70,867,21
2025-08-03,RM03,3125,164,923,5
2025-08-03,RM04,3940,195,929,22
2025-08-03,RM05,2193,80,1298,9
2025-08-03,RM06,1415,121,1187,7
2025-08-03,RM07,4304,103,833,15
2025-08-03,RM08,997,64,1138,50
2025-08-03,RM09,3409,59,905,19
2025-08-03,RM10,2755,55,949,12
2025-08-03,RM11,4127,165,1469,17
2025-08-03,RM12,1523,82,1080,21
2025-08-04,RM01,2748,121,944,5
2025-08-04,RM02,4860,82,1059,12
2025-08-04,RM03,1885,60,1419,5
2025-08-04,RM04,3209,70,839,13
2025-08-04,RM05,4661,82,1412,14
2025-08-04,RM06,4334,154,1285,24
2025-08-04,RM07,3709,85,1220,14
2025-08-04,RM08,928,81,1007,41
2025-08-04,RM09,1792,156,985,16
2025-08-04,RM10,1196,169,1081,10
2025-08-04,RM11,1178,53,1140,14
2025-08-04,RM12,3520,161,1484,8
2025-08-05,RM01,1554,169,1278,24
2025-08-05,RM02,1742,67,1214,24
2025-08-05,RM03,1513,200,1025,18
2025-08-05,RM04,2784,156,889,23
2025-08-05,RM05,4274,151,1058,14
2025-08-05,RM06,4985,178,991,19
2025-08-05,RM07,961,200,1138,20
2025-08-05,RM08,710,170,819,45
2025-08-05,RM09,2677,148,1081,25
2025-08-05,RM10,4861,168,882,11
2025-08-05,RM11,3105,65,997,11
2025-08-05,RM12,4487,98,1495,18
2025-08-06,RM01,1419,121,1317,20
2025-08-06,RM02,1357,167,1058,18
2025-08-06,RM03,2349,87,924,8
2025-08-06,RM04,4934,167,955,10
2025-08-06,RM05,3360,157,1265,23
2025-08-06,RM06,2324,177,1124,14
2025-08-06,RM07,2062,76,1290,25
2025-08-06,RM08,1196,114,1272,48
2025-08-06,RM09,3272,55,1421,17
2025-08-06,RM10,1386,169,1176,15
2025-08-06,RM11,2765,145,1265,8
2025-08-06,RM12,4013,116,955,8
2025-08-07,RM01,2003,120,940,12
2025-08-07,RM02,4982,65,1435,10
2025-08-07,RM03,4085,178,1232,21
2025-08-07,RM04,1524,113,1490,9
2025-08-07,RM05,3168,120,983,12
2025-08-07,RM06,1727,107,1459,8
2025-08-07,RM07,1777,157,1348,22
2025-08-07,RM08,875,105,968,50
2025-08-07,RM09,3185,193,1450,23
2025-08-07,RM10,3678,197,1048,6
2025-08-07,RM11,2806,141,1359,20
2025-08-07,RM12,3557,179,1420,24
2025-08-08,RM01,2504,116,1044,14
2025-08-08,RM02,1746,61,901,21
2025-08-08,RM03,2598,122,1174,5
2025-08-08,RM04,1103,166,1406,19
2025-08-08,RM05,688,175,876,8
2025-08-08,RM06,3343,178,1399,14
2025-08-08,RM07,2645,131,855,23
2025-08-08,RM08,900,82,1044,47
2025-08-08,RM09,4032,163,1226,5
2025-08-08,RM10,1829,108,1255,18
2025-08-08,RM11,2822,147,1314,5
2025-08-08,RM12,3164,161,1056,23
2025-08-09,RM01,3888,85,868,16
2025-08-09,RM02,3191,87,1095,20
2025-08-09,RM03,4905,134,1190,24
2025-08-09,RM04,3722,121,1232,15
2025-08-09,RM05,2805,180,1378,11
2025-08-09,RM06,4342,105,804,24
2025-08-09,RM07,4115,50,1087,5
2025-08-09,RM08,627,142,1497,36
2025-08-09,RM09,1842,155,904,9
2025-08-09,RM10,1619,174,914,14
2025-08-09,RM11,2101,134,964,5
2025-08-09,RM12,531,118,826,17
2025-08-10,RM01,1022,70,1261,24
2025-08-10,RM02,613,160,1376,17
2025-08-10,RM03,2373,125,1322,15
2025-08-10,RM04,1374,55,965,25
2025-08-10,RM05,1215,117,829,8
2025-08-10,RM06,1205,130,1346,15
2025-08-10,RM07,1346,175,998,17
2025-08-10,RM08,437,50,1099,49
2025-08-10,RM09,4738,131,1217,11
2025-08-10,RM10,2443,171,1281,10
2025-08-10,RM11,886,153,871,11
2025-08-10,RM12,2306,179,1317,9
2025-08-11,RM01,4538,85,1124,15
2025-08-11,RM02,4336,189,1282,18
2025-08-11,RM03,3348,153,1072,10
2025-08-11,RM04,2546,177,1406,19
2025-08-11,RM05,4528,85,1144,15
2025-08-11,RM06,2990,75,1271,9
2025-08-11,RM07,1240,80,1225,24
2025-08-11,RM08,928,195,1370,45
2025-08-11,RM09,1901,105,1117,17
2025-08-11,RM10,2907,130,1428,25
2025-08-11,RM11,847,104,1275,15
2025-08-11,RM12,3490,119,1376,25
2025-08-12,RM01,949,136,922,13
2025-08-12,RM02,1041,78,810,13
2025-08-12,RM03,1144,191,1430,5
2025-08-12,RM04,4876,92,1184,19
2025-08-12,RM05,641,128,1260,16
2025-08-12,RM06,1295,176,997,11
2025-08-12,RM07,1538,147,1235,17
2025-08-12,RM08,721,185,1005,37
2025-08-12,RM09,4369,98,1393,5
2025-08-12,RM10,2694,106,911,20
2025-08-12,RM11,2018,134,1086,25
2025-08-12,RM12,4559,176,1159,6
2025-08-13,RM01,1282,194,1442,14
2025-08-13,RM02,4550,176,1117,18
2025-08-13,RM03,991,89,1345,6
2025-08-13,RM04,3821,114,897,20
2025-08-13,RM05,3901,166,1044,5
2025-08-13,RM06,1239,183,1168,23
2025-08-13,RM07,870,171,1344,13
2025-08-13,RM08,571,157,907,47
2025-08-13,RM09,2016,92,1104,22
2025-08-13,RM10,902,88,1368,21
2025-08-13,RM11,4202,163,1453,9
2025-08-13,RM12,2875,146,1118,6
2025-08-14,RM01,4587,186,1338,6
2025-08-14,RM02,4149,115,1097,6
2025-08-14,RM03,1168,154,1480,25
2025-08-14,RM04,691,98,817,20
2025-08-14,RM05,1733,142,1457,20
2025-08-14,RM06,4865,200,1062,20
2025-08-14,RM07,2066,52,1166,9
2025-08-14,RM08,1185,118,1486,36
2025-08-14,RM09,2283,136,1411,17
2025-08-14,RM10,4008,175,1145,5
2025-08-14,RM11,2784,117,1499,16
2025-08-14,RM12,2030,104,1017,10
2025-08-15,RM01,4082,156,1406,5
2025-08-15,RM02,2551,126,1254,11
2025-08-15,RM03,1596,159,1393,23
2025-08-15,RM04,2292,76,1137,10
2025-08-15,RM05,1563,198,1169,23
2025-08-15,RM06,3747,165,1441,7
2025-08-15,RM07,788,184,1167,21
2025-08-15,RM08,953,193,1323,38
2025-08-15,RM09,1634,118,1418,18
2025-08-15,RM10,617,114,886,23
2025-08-15,RM11,2003,128,1295,16
2025-08-15,RM12,1637,158,1008,14
2025-08-16,RM01,2253,100,1109,6
2025-08-16,RM02,3281,123,804,22
2025-08-16,RM03,2754,60,1318,11
2025-08-16,RM04,2931,161,1220,12
2025-08-16,RM05,3942,176,1488,14
2025-08-16,RM06,819,129,1284,15
2025-08-16,RM07,1297,196,1208,23
2025-08-16,RM08,968,161,1410,36
2025-08-16,RM09,3454,63,1282,20
2025-08-16,RM10,1513,54,1314,12
2025-08-16,RM11,739,180,1290,9
2025-08-16,RM12,4850,90,1305,15
2025-08-17,RM01,1592,129,831,13
2025-08-17,RM02,3911,136,996,23
2025-08-17,RM03,3539,177,882,7
2025-08-17,RM04,4310,80,1367,8
2025-08-17,RM05,4672,86,879,9
2025-08-17,RM06,2530,163,948,8
2025-08-17,RM07,2396,67,1009,17
2025-08-17,RM08,992,55,846,36
2025-08-17,RM09,1359,135,1422,24
2025-08-17,RM10,2949,183,1453,5
2025-08-17,RM11,4381,140,831,13
2025-08-17,RM12,2284,115,1222,11
2025-08-18,RM01,4135,144,1269,5
2025-08-18,RM02,4176,150,1486,11
2025-08-18,RM03,2684,122,861,8
2025-08-18,RM04,1934,149,1418,10
2025-08-18,RM05,3353,94,804,18
2025-08-18,RM06,2725,122,1456,21
2025-08-18,RM07,3714,192,857,7
2025-08-18,RM08,722,105,1376,39
2025-08-18,RM09,4610,124,997,22
2025-08-18,RM10,4393,82,906,20
2025-08-18,RM11,1102,102,1447,21
2025-08-18,RM12,1073,137,887,22
2025-08-19,RM01,4444,111,834,15
2025-08-19,RM02,4422,54,1064,10
2025-08-19,RM03,4598,187,900,17
2025-08-19,RM04,4988,63,1087,9
2025-08-19,RM05,1080,85,1138,9
2025-08-19,RM06,831,200,1369,18
2025-08-19,RM07,2445,66,1061,10
2025-08-19,RM08,876,192,1456,48
2025-08-19,RM09,3956,71,1116,11
2025-08-19,RM10,3854,174,806,22
2025-08-19,RM11,2761,74,1172,7
2025-08-19,RM12,1490,157,1397,18
2025-08-20,RM01,3269,100,1424,15
2025-08-20,RM02,1612,187,901,7
2025-08-20,RM03,1384,123,1202,9
2025-08-20,RM04,2552,192,848,21
2025-08-20,RM05,4187,187,1414,22
2025-08-20,RM06,909,63,1275,20
2025-08-20,RM07,4534,55,1391,12
2025-08-20,RM08,370,96,1339,40
2025-08-20,RM09,1691,51,941,8
2025-08-20,RM10,1462,88,1000,16
2025-08-20,RM11,2705,128,925,21
2025-08-20,RM12,4249,194,1041,8
2025-08-21,RM01,1525,134,1258,10
2025-08-21,RM02,1241,165,1414,19
2025-08-21,RM03,1260,140,843,21
2025-08-21,RM04,3775,77,1408,14
2025-08-21,RM05,4226,107,933,20
2025-08-21,RM06,697,151,812,11
2025-08-21,RM07,4428,124,1392,8
2025-08-21,RM08,238,165,1342,41
2025-08-21,RM09,2664,145,1285,13
2025-08-21,RM10,3831,161,1493,19
2025-08-21,RM11,2259,122,923,8
2025-08-21,RM12,2208,94,1432,8
2025-08-22,RM01,2217,95,1032,10
2025-08-22,RM02,2955,186,836,20
2025-08-22,RM03,836,140,830,6
2025-08-22,RM04,4005,79,1169,19
2025-08-22,RM05,3576,103,1193,17
2025-08-22,RM06,4862,160,1329,15
2025-08-22,RM07,4810,66,836,6
2025-08-22,RM08,469,62,1083,40
2025-08-22,RM09,3452,142,1304,5
2025-08-22,RM10,2228,154,1448,9
2025-08-22,RM11,3747,65,1167,11
2025-08-22,RM12,3905,141,1407,9
2025-08-23,RM01,4126,83,1008,9
2025-08-23,RM02,4408,198,896,5
2025-08-23,RM03,2707,90,1479,14
2025-08-23,RM04,4896,114,1144,21
2025-08-23,RM05,4934,73,1500,11
2025-08-23,RM06,4011,123,1413,5
2025-08-23,RM07,3677,77,992,6
2025-08-23,RM08,1108,168,975,50
2025-08-23,RM09,3700,87,1317,9
2025-08-23,RM10,4241,63,1102,16
2025-08-23,RM11,3432,87,1342,12
2025-08-23,RM12,1651,188,1179,14
2025-08-24,RM01,4692,85,1134,6
2025-08-24,RM02,4262,199,1367,17
2025-08-24,RM03,3569,199,996,21
2025-08-24,RM04,4404,138,904,9
2025-08-24,RM05,738,157,1247,22
2025-08-24,RM06,2935,168,973,7
2025-08-24,RM07,4975,132,1178,22
2025-08-24,RM08,1173,133,1035,46
2025-08-24,RM09,2796,101,1083,16
2025-08-24,RM10,3336,103,1337,10
2025-08-24,RM11,3494,78,1100,10
2025-08-24,RM12,3864,69,881,8
2025-08-25,RM01,975,138,1409,16
2025-08-25,RM02,4287,121,989,23
2025-08-25,RM03,1900,120,906,12
2025-08-25,RM04,2514,128,965,9
2025-08-25,RM05,3890,180,1429,10
2025-08-25,RM06,4911,104,1184,24
2025-08-25,RM07,3101,139,1222,8
2025-08-25,RM08,565,51,1031,48
2025-08-25,RM09,3361,147,925,17
2025-08-25,RM10,4537,197,1437,11
2025-08-25,RM11,3582,66,1290,13
2025-08-25,RM12,3737,136,1278,25
2025-08-26,RM01,532,164,1408,20
2025-08-26,RM02,2675,74,976,23
2025-08-26,RM03,520,98,933,6
2025-08-26,RM04,3513,147,1185,21
2025-08-26,RM05,2092,57,980,20
2025-08-26,RM06,1150,194,1330,18
2025-08-26,RM07,4403,194,866,5
2025-08-26,RM08,627,78,1285,49
2025-08-26,RM09,2279,84,1020,22
2025-08-26,RM10,2180,175,898,20
2025-08-26,RM11,2250,90,1448,5
2025-08-26,RM12,4451,140,890,7
2025-08-27,RM01,2272,87,1242,11
2025-08-27,RM02,827,189,1300,7
2025-08-27,RM03,2060,112,1309,18
2025-08-27,RM04,3572,173,1105,10
2025-08-27,RM05,1816,188,1209,6
2025-08-27,RM06,893,95,904,6
2025-08-27,RM07,1407,126,879,9
2025-08-27,RM08,491,166,1433,43
2025-08-27,RM09,3846,187,960,21
2025-08-27,RM10,2596,111,935,22
2025-08-27,RM11,2112,70,1258,25
2025-08-27,RM12,2633,127,1499,22
2025-08-28,RM01,4634,117,915,20
2025-08-28,RM02,3570,53,1013,9
2025-08-28,RM03,1289,168,1182,14
2025-08-28,RM04,3030,183,825,21
2025-08-28,RM05,3607,170,1111,7
2025-08-28,RM06,4508,181,1044,12
2025-08-28,RM07,3733,122,1299,18
2025-08-28,RM08,1027,122,1087,41
2025-08-28,RM09,4838,147,1101,16
2025-08-28,RM10,4297,140,1175,9
2025-08-28,RM11,2517,130,1500,18
2025-08-28,RM12,3517,150,805,15
2025-08-29,RM01,3291,95,994,23
2025-08-29,RM02,2151,198,941,21
2025-08-29,RM03,3121,157,1398,8
2025-08-29,RM04,1503,56,1226,12
2025-08-29,RM05,4943,76,1447,12
2025-08-29,RM06,1994,85,1337,24
2025-08-29,RM07,3306,111,1061,6
2025-08-29,RM08,1116,59,1311,45
2025-08-29,RM09,870,169,888,17
2025-08-29,RM10,3419,131,961,7
2025-08-29,RM11,3491,148,986,22
2025-08-29,RM12,1427,59,815,20
2025-08-30,RM01,4642,179,869,20
2025-08-30,RM02,2090,199,881,10
2025-08-30,RM03,1269,78,1347,8
2025-08-30,RM04,1963,167,1420,25
2025-08-30,RM05,4959,65,1176,14
2025-08-30,RM06,4607,175,1039,9
2025-08-30,RM07,2791,183,1193,16
2025-08-30,RM08,761,64,1360,40
2025-08-30,RM09,3417,96,1074,21
2025-08-30,RM10,3101,53,992,15
2025-08-30,RM11,1273,110,845,18
2025-08-30,RM12,4465,103,1154,12
2025-08-31,RM01,4920,166,1440,15
2025-08-31,RM02,3335,83,980,7
2025-08-31,RM03,3359,176,1229,11
2025-08-31,RM04,4726,183,946,14
2025-08-31,RM05,1690,73,863,13
2025-08-31,RM06,2736,54,1475,9
2025-08-31,RM07,4161,60,889,7
2025-08-31,RM08,426,198,901,42
2025-08-31,RM09,4784,171,1156,6
2025-08-31,RM10,4576,121,1094,17
2025-08-31,RM11,2172,87,1390,10
2025-08-31,RM12,2105,58,1481,11
2025-09-01,RM01,4592,91,995,14
2025-09-01,RM02,1720,112,891,22
2025-09-01,RM03,821,196,1374,14
2025-09-01,RM04,4934,157,1378,6
2025-09-01,RM05,2944,59,1217,13
2025-09-01,RM06,2151,85,879,19
2025-09-01,RM07,2230,160,920,18
2025-09-01,RM08,377,96,1077,40
2025-09-01,RM09,4049,183,965,12
2025-09-01,RM10,3504,162,897,17
2025-09-01,RM11,3921,70,1264,24
2025-09-01,RM12,3105,124,891,16
2025-09-02,RM01,2485,58,1326,11
2025-09-02,RM02,1386,67,870,16
2025-09-02,RM03,2366,59,882,5
2025-09-02,RM04,829,191,1444,15
2025-09-02,RM05,1420,114,1061,8
2025-09-02,RM06,2304,85,1057,14
2025-09-02,RM07,2724,136,1196,7
2025-09-02,RM08,1115,128,1193,46
2025-09-02,RM09,3586,194,816,11
2025-09-02,RM10,4113,180,1271,11
2025-09-02,RM11,3255,130,1492,18
2025-09-02,RM12,3931,194,874,8
2025-09-03,RM01,1263,125,1463,10
2025-09-03,RM02,540,60,873,14
2025-09-03,RM03,1679,85,1113,20
2025-09-03,RM04,1419,176,1161,24
2025-09-03,RM05,743,180,1369,9
2025-09-03,RM06,4248,112,1366,11
2025-09-03,RM07,1036,117,1157,19
2025-09-03,RM08,749,155,984,46
2025-09-03,RM09,4336,162,1285,16
2025-09-03,RM10,4194,191,1001,19
2025-09-03,RM11,1876,184,1195,7
2025-09-03,RM12,4209,102,1254,11
2025-09-04,RM01,1715,130,1242,17
2025-09-04,RM02,4813,165,973,11
2025-09-04,RM03,945,123,1122,6
2025-09-04,RM04,1032,144,1165,17
2025-09-04,RM05,1024,67,1280,15
2025-09-04,RM06,4937,162,1037,9
2025-09-04,RM07,2292,63,991,15
2025-09-04,RM08,367,174,937,38
2025-09-04,RM09,1216,183,1412,24
2025-09-04,RM10,4778,106,1253,9
2025-09-04,RM11,1621,115,935,9
2025-09-04,RM12,4684,100,1100,9
2025-09-05,RM01,2604,64,1249,9
2025-09-05,RM02,1488,87,1044,10
2025-09-05,RM03,751,136,1019,10
2025-09-05,RM04,597,170,956,5
2025-09-05,RM05,2342,122,1359,9
2025-09-05,RM06,2742,115,1084,13
2025-09-05,RM07,993,75,1002,15
2025-09-05,RM08,847,64,1166,49
2025-09-05,RM09,3266,185,812,13
2025-09-05,RM10,872,169,984,16
2025-09-05,RM11,3195,197,1464,9
2025-09-05,RM12,2578,108,853,14
2025-09-06,RM01,4751,100,1001,10
2025-09-06,RM02,1649,139,1011,7
2025-09-06,RM03,1872,96,1021,21
2025-09-06,RM04,2494,62,886,9
2025-09-06,RM05,4639,77,1184,18
2025-09-06,RM06,1907,123,1159,17
2025-09-06,RM07,3666,200,1326,6
2025-09-06,RM08,733,82,1466,49
2025-09-06,RM09,1225,107,1471,7
2025-09-06,RM10,2979,65,1114,20
2025-09-06,RM11,945,92,1299,10
2025-09-06,RM12,2644,100,809,24
2025-09-07,RM01,933,181,1480,12
2025-09-07,RM02,1841,144,1176,24
2025-09-07,RM03,2354,107,881,17
2025-09-07,RM04,3345,110,1266,19
2025-09-07,RM05,854,192,1348,12
2025-09-07,RM06,3275,163,931,19
2025-09-07,RM07,3909,102,1019,5
2025-09-07,RM08,1080,158,998,35
2025-09-07,RM09,3324,194,1442,23
2025-09-07,RM10,724,162,1454,17
2025-09-07,RM11,617,106,903,9
2025-09-07,RM12,4247,61,1339,15
2025-09-08,RM01,1310,132,1050,5
2025-09-08,RM02,3207,76,1244,9
2025-09-08,RM03,1954,197,1217,9
2025-09-08,RM04,3427,90,906,9
2025-09-08,RM05,1399,185,1228,23
2025-09-08,RM06,3059,171,885,13
2025-09-08,RM07,2084,121,886,12
2025-09-08,RM08,363,146,1354,38
2025-09-08,RM09,3790,146,985,6
2025-09-08,RM10,3163,156,873,11
2025-09-08,RM11,2189,74,1331,21
2025-09-08,RM12,2714,165,1338,21
2025-09-09,RM01,3611,170,1275,20
2025-09-09,RM02,1103,57,1395,7
2025-09-09,RM03,866,112,1003,23
2025-09-09,RM04,1824,165,1442,5
2025-09-09,RM05,3759,143,1293,10
2025-09-09,RM06,2244,148,1418,7
2025-09-09,RM07,3536,88,1367,18
2025-09-09,RM08,876,153,1427,37
2025-09-09,RM09,1067,189,1470,16
2025-09-09,RM10,1735,73,817,5
2025-09-09,RM11,591,159,1242,12
2025-09-09,RM12,4330,187,841,15
2025-09-10,RM01,4942,172,1035,10
2025-09-10,RM02,2300,166,1409,20
2025-09-10,RM03,4189,102,872,25
2025-09-10,RM04,3339,98,1215,21
2025-09-10,RM05,3157,122,1457,20
2025-09-10,RM06,4735,181,1214,15
2025-09-10,RM07,4768,188,1282,15
2025-09-10,RM08,389,171,1102,46
2025-09-10,RM09,3040,106,1350,12
2025-09-10,RM10,4332,98,1057,9
2025-09-10,RM11,1342,87,1407,13
2025-09-10,RM12,2267,77,881,23
2025-09-11,RM01,3951,157,990,21
2025-09-11,RM02,1424,110,1301,8
2025-09-11,RM03,3483,159,1088,24
2025-09-11,RM04,4600,165,979,22
2025-09-11,RM05,776,177,1421,17
2025-09-11,RM06,4313,101,1375,10
2025-09-11,RM07,2805,181,883,9
2025-09-11,RM08,606,123,1394,46
2025-09-11,RM09,659,69,829,6
2025-09-11,RM10,2346,53,902,21
2025-09-11,RM11,1970,194,938,8
2025-09-11,RM12,2606,124,1213,25
2025-09-12,RM01,2211,65,973,11
2025-09-12,RM02,4152,196,1394,12
2025-09-12,RM03,3292,197,1443,23
2025-09-12,RM04,1759,128,847,20
2025-09-12,RM05,2146,90,874,12
2025-09-12,RM06,2409,184,1013,9
2025-09-12,RM07,845,186,1067,18
2025-09-12,RM08,968,73,1134,45
2025-09-12,RM09,3654,196,1024,11
2025-09-12,RM10,3498,110,801,8
2025-09-12,RM11,2411,128,1383,24
2025-09-12,RM12,1636,67,994,6
2025-09-13,RM01,2041,62,1009,25
2025-09-13,RM02,3038,93,1355,9
2025-09-13,RM03,3241,191,1477,8
2025-09-13,RM04,1838,107,928,14
2025-09-13,RM05,3529,136,815,17
2025-09-13,RM06,2836,125,1219,22
2025-09-13,RM07,2907,142,1231,16
2025-09-13,RM08,1123,152,1159,41
2025-09-13,RM09,2791,112,927,15
2025-09-13,RM10,3298,128,1051,20
2025-09-13,RM11,2962,172,1179,19
2025-09-13,RM12,3932,112,958,14
2025-09-14,RM01,4388,100,957,11
2025-09-14,RM02,3606,121,1046,6
2025-09-14,RM03,1914,158,920,6
2025-09-14,RM04,1241,80,1265,9
2025-09-14,RM05,574,104,1285,13
2025-09-14,RM06,3948,56,1371,16
2025-09-14,RM07,2809,98,1273,11
2025-09-14,RM08,309,128,1402,49
2025-09-14,RM09,858,162,1363,24
2025-09-14,RM10,1832,155,1422,20
2025-09-14,RM11,4956,173,914,8
2025-09-14,RM12,3926,87,855,14
2025-09-15,RM01,4478,107,1279,13
2025-09-15,RM02,3085,167,1286,7
2025-09-15,RM03,4520,128,935,21
2025-09-15,RM04,3495,61,1372,8
2025-09-15,RM05,1226,136,1466,18
2025-09-15,RM06,4622,173,1372,22
2025-09-15,RM07,4143,67,1384,7
2025-09-15,RM08,466,166,1149,50
2025-09-15,RM09,2275,148,951,7
2025-09-15,RM10,4328,172,843,24
2025-09-15,RM11,4030,195,1430,17
2025-09-15,RM12,3528,71,1145,16
2025-09-16,RM01,2840,113,954,6
2025-09-16,RM02,1720,88,1098,18
2025-09-16,RM03,4217,111,1216,15
2025-09-16,RM04,3863,193,1494,17
2025-09-16,RM05,564,192,1436,10
2025-09-16,RM06,3012,75,1094,18
2025-09-16,RM07,3502,119,1180,15
2025-09-16,RM08,1026,137,1125,50
2025-09-16,RM09,3514,105,1386,21
2025-09-16,RM10,4821,73,1157,9
2025-09-16,RM11,4106,142,1453,5
2025-09-16,RM12,3949,147,941,14
2025-09-17,RM01,3407,162,988,17
2025-09-17,RM02,2257,179,1135,5
2025-09-17,RM03,3133,125,1025,13
2025-09-17,RM04,3871,121,1397,14
2025-09-17,RM05,2351,128,1295,20
2025-09-17,RM06,600,179,1285,22
2025-09-17,RM07,4019,190,1008,22
2025-09-17,RM08,1060,159,1394,38
2025-09-17,RM09,4476,143,1248,8
2025-09-17,RM10,3750,193,1404,9
2025-09-17,RM11,2976,57,1207,22
2025-09-17,RM12,2545,136,890,11
2025-09-18,RM01,4802,86,1214,18
2025-09-18,RM02,2619,175,1373,19
2025-09-18,RM03,4998,197,1010,6
2025-09-18,RM04,4067,147,1227,19
2025-09-18,RM05,1352,166,978,19
2025-09-18,RM06,997,56,970,25
2025-09-18,RM07,2359,110,1418,8
2025-09-18,RM08,250,73,1085,35
2025-09-18,RM09,3091,69,1243,6
2025-09-18,RM10,1609,126,1115,14
2025-09-18,RM11,500,58,1033,5
2025-09-18,RM12,4332,83,1110,9
2025-09-19,RM01,4254,127,953,10
2025-09-19,RM02,2986,63,1160,12
2025-09-19,RM03,3777,156,1474,23
2025-09-19,RM04,661,187,863,15
2025-09-19,RM05,1667,64,829,11
2025-09-19,RM06,3764,195,1416,19
2025-09-19,RM07,1915,123,1202,21
2025-09-19,RM08,1123,136,1149,45
2025-09-19,RM09,3634,94,948,13
2025-09-19,RM10,3704,186,917,5
2025-09-19,RM11,4164,168,803,16
2025-09-19,RM12,1459,196,804,7
2025-09-20,RM01,4639,121,1268,6
2025-09-20,RM02,2949,61,1163,23
2025-09-20,RM03,1214,183,1089,16
2025-09-20,RM04,4735,179,933,21
2025-09-20,RM05,3555,67,989,21
2025-09-20,RM06,969,97,1278,25
2025-09-20,RM07,1841,179,925,15
2025-09-20,RM08,308,181,1379,48
2025-09-20,RM09,3285,153,1158,6
2025-09-20,RM10,4127,77,1035,11
2025-09-20,RM11,1922,136,890,22
2025-09-20,RM12,3194,85,1377,16
2025-09-21,RM01,4312,83,1332,13
2025-09-21,RM02,3705,171,1279,18
2025-09-21,RM03,1456,61,977,25
2025-09-21,RM04,2088,146,1373,11
2025-09-21,RM05,1720,164,1343,22
2025-09-21,RM06,1007,195,1270,22
2025-09-21,RM07,704,199,1116,20
2025-09-21,RM08,1128,137,936,36
2025-09-21,RM09,1231,168,1160,20
2025-09-21,RM10,776,148,1035,22
2025-09-21,RM11,1679,167,1207,20
2025-09-21,RM12,2563,81,911,11
2025-09-22,RM01,1857,61,1426,14
2025-09-22,RM02,4946,51,1468,17
2025-09-22,RM03,2556,152,1225,12
2025-09-22,RM04,4843,194,1131,24
2025-09-22,RM05,4543,122,919,5
2025-09-22,RM06,1363,144,1032,21
2025-09-22,RM07,3174,114,928,18
2025-09-22,RM08,1055,115,981,47
2025-09-22,RM09,1501,161,1048,24
2025-09-22,RM10,3007,70,809,17
2025-09-22,RM11,4964,131,1379,19
2025-09-22,RM12,4768,56,1256,17
2025-09-23,RM01,4899,110,1355,18
2025-09-23,RM02,1197,122,836,10
2025-09-23,RM03,3124,199,956,20
2025-09-23,RM04,3658,85,1485,22
2025-09-23,RM05,2705,110,1283,21
2025-09-23,RM06,3236,151,853,7
2025-09-23,RM07,3731,123,847,7
2025-09-23,RM08,283,165,1027,46
2025-09-23,RM09,808,171,1099,5
2025-09-23,RM10,3873,83,1085,16
2025-09-23,RM11,4762,126,1354,12
2025-09-23,RM12,2073,70,1116,7
2025-09-24,RM01,3536,152,1117,5
2025-09-24,RM02,3082,104,1106,12
2025-09-24,RM03,3185,200,955,18
2025-09-24,RM04,2761,76,1030,5
2025-09-24,RM05,4735,193,1243,15
2025-09-24,RM06,2652,185,1093,18
2025-09-24,RM07,4767,179,1167,5
2025-09-24,RM08,756,127,1326,40
2025-09-24,RM09,4438,98,945,14
2025-09-24,RM10,2335,92,1467,18
2025-09-24,RM11,4654,92,1120,25
2025-09-24,RM12,3211,134,886,25
2025-09-25,RM01,1289,58,1185,13
2025-09-25,RM02,4777,63,814,13
2025-09-25,RM03,538,171,1411,17
2025-09-25,RM04,2832,74,1386,19
2025-09-25,RM05,1077,58,1479,9
2025-09-25,RM06,1384,77,1245,7
2025-09-25,RM07,1699,97,848,21
2025-09-25,RM08,956,121,918,47
2025-09-25,RM09,542,109,1395,25
2025-09-25,RM10,4231,172,838,5
2025-09-25,RM11,2949,86,977,24
2025-09-25,RM12,1272,134,1222,5
2025-09-26,RM01,1044,75,1410,10
2025-09-26,RM02,4436,92,1171,16
2025-09-26,RM03,2553,65,1251,20
2025-09-26,RM04,4873,103,1172,22
2025-09-26,RM05,2872,166,930,13
2025-09-26,RM06,3551,83,923,8
2025-09-26,RM07,1587,190,1216,5
2025-09-26,RM08,205,172,839,35
2025-09-26,RM09,1354,127,1016,24
2025-09-26,RM10,531,188,1110,16
2025-09-26,RM11,4146,152,1018,7
2025-09-26,RM12,2772,80,1126,13
2025-09-27,RM01,1376,149,899,12
2025-09-27,RM02,1766,58,1007,14
2025-09-27,RM03,3984,81,991,5
2025-09-27,RM04,4348,184,985,25
2025-09-27,RM05,4252,76,1302,5
2025-09-27,RM06,3989,92,1500,6
2025-09-27,RM07,2553,83,1212,5
2025-09-27,RM08,987,190,1356,48
2025-09-27,RM09,4264,145,1149,23
2025-09-27,RM10,1798,200,896,23
2025-09-27,RM11,770,152,939,6
2025-09-27,RM12,1048,160,1292,18
2025-09-28,RM01,841,99,945,22
2025-09-28,RM02,2387,167,1366,22
2025-09-28,RM03,1587,51,1360,16
2025-09-28,RM04,2083,58,848,14
2025-09-28,RM05,1195,61,1117,20
2025-09-28,RM06,4172,123,843,17
2025-09-28,RM07,599,193,895,12
2025-09-28,RM08,584,99,944,35
2025-09-28,RM09,3855,97,1059,7
2025-09-28,RM10,2636,107,1260,11
2025-09-28,RM11,3025,138,1229,23
2025-09-28,RM12,4647,195,1242,21
2025-09-29,RM01,4645,173,1031,10
2025-09-29,RM02,2582,61,1254,20
2025-09-29,RM03,1641,160,986,14
2025-09-29,RM04,3215,199,1303,24
2025-09-29,RM05,4739,159,1339,23
2025-09-29,RM06,3941,65,1144,9
2025-09-29,RM07,3236,146,1295,5
2025-09-29,RM08,334,149,808,42
2025-09-29,RM09,4780,136,975,12
2025-09-29,RM10,2057,70,1408,11
2025-09-29,RM11,4731,85,1467,18
2025-09-29,RM12,4433,57,941,20
2025-09-30,RM01,4556,190,1399,13
2025-09-30,RM02,1923,97,1048,22
2025-09-30,RM03,1355,70,1491,11
2025-09-30,RM04,4258,74,940,23
2025-09-30,RM05,2469,161,1445,6
2025-09-30,RM06,3368,99,1002,16
2025-09-30,RM07,3391,164,1106,8
2025-09-30,RM08,1050,188,1116,47
2025-09-30,RM09,4020,76,1417,20
2025-09-30,RM10,2834,76,1111,19
2025-09-30,RM11,2357,145,893,24
2025-09-30,RM12,3918,175,972,8
2025-10-01,RM01,2682,130,1050,5
2025-10-01,RM02,2562,165,949,19
2025-10-01,RM03,2084,107,1032,7
2025-10-01,RM04,2151,75,1090,17
2025-10-01,RM05,2270,131,1239,14
2025-10-01,RM06,2967,148,1306,22
2025-10-01,RM07,1127,73,1148,25
2025-10-01,RM08,581,107,814,50
2025-10-01,RM09,2173,115,866,11
2025-10-01,RM10,3619,127,1195,5
2025-10-01,RM11,1868,62,1445,23
2025-10-01,RM12,4446,137,838,6
2025-10-02,RM01,1125,85,1288,13
2025-10-02,RM02,3089,93,1214,16
2025-10-02,RM03,2420,116,855,16
2025-10-02,RM04,3222,57,884,20
2025-10-02,RM05,2534,113,974,18
2025-10-02,RM06,2616,107,1352,24
2025-10-02,RM07,2735,168,888,15
2025-10-02,RM08,634,195,1416,48
2025-10-02,RM09,1152,200,1362,14
2025-10-02,RM10,1582,64,1067,15
2025-10-02,RM11,3832,152,908,7
2025-10-02,RM12,4419,105,987,7
2025-10-03,RM01,4531,120,1303,8
2025-10-03,RM02,1384,189,1127,7
2025-10-03,RM03,3688,53,1229,12
2025-10-03,RM04,908,161,1459,18
2025-10-03,RM05,1191,74,985,11
2025-10-03,RM06,1437,198,1369,9
2025-10-03,RM07,4741,115,1227,19
2025-10-03,RM08,442,76,1188,45
2025-10-03,RM09,1151,98,1089,9
2025-10-03,RM10,4000,69,1388,8
2025-10-03,RM11,1616,102,1010,17
2025-10-03,RM12,2073,198,839,6
2025-10-04,RM01,4045,138,1332,25
2025-10-04,RM02,1659,193,1034,9
2025-10-04,RM03,535,197,1075,5
2025-10-04,RM04,3662,127,1343,12
2025-10-04,RM05,1168,156,1396,22
2025-10-04,RM06,3440,198,1464,15
2025-10-04,RM07,3956,161,1494,7
2025-10-04,RM08,946,190,1367,36
2025-10-04,RM09,1536,93,827,7
2025-10-04,RM10,2149,53,1367,25
2025-10-04,RM11,1928,105,1239,19
2025-10-04,RM12,2140,147,1146,25
2025-10-05,RM01,3886,145,1212,20
2025-10-05,RM02,3637,115,984,16
2025-10-05,RM03,758,133,1367,23
2025-10-05,RM04,1759,165,1467,10
2025-10-05,RM05,3102,127,1094,5
2025-10-05,RM06,3954,147,1260,15
2025-10-05,RM07,775,156,947,8
2025-10-05,RM08,1110,68,1215,44
2025-10-05,RM09,3429,126,1405,21
2025-10-05,RM10,1015,124,915,13
2025-10-05,RM11,3621,147,818,21
2025-10-05,RM12,3338,140,1251,10
2025-10-06,RM01,2304,120,1419,25
2025-10-06,RM02,4679,53,1020,15
2025-10-06,RM03,834,102,1316,21
2025-10-06,RM04,1658,118,1394,13
2025-10-06,RM05,984,66,1125,5
2025-10-06,RM06,2598,91,883,10
2025-10-06,RM07,2972,90,1015,11
2025-10-06,RM08,481,123,1159,49
2025-10-06,RM09,2037,51,926,13
2025-10-06,RM10,952,124,1382,19
2025-10-06,RM11,887,145,1304,9
2025-10-06,RM12,2058,198,1268,16
2025-10-07,RM01,1835,65,1109,22
2025-10-07,RM02,3730,163,1101,18
2025-10-07,RM03,3909,113,937,14
2025-10-07,RM04,3422,146,1118,8
2025-10-07,RM05,4688,115,988,20
2025-10-07,RM06,4545,57,875,25
2025-10-07,RM07,4696,169,960,24
2025-10-07,RM08,1033,182,1266,45
2025-10-07,RM09,4723,152,1245,6
2025-10-07,RM10,3852,131,950,16
2025-10-07,RM11,2675,193,1169,21
2025-10-07,RM12,2329,113,1090,6
2025-10-08,RM01,4002,159,1260,22
2025-10-08,RM02,2192,114,854,5
2025-10-08,RM03,562,144,1016,6
2025-10-08,RM04,3573,161,1281,16
2025-10-08,RM05,2132,97,1418,20
2025-10-08,RM06,1995,179,1303,18
2025-10-08,RM07,3655,85,1327,7
2025-10-08,RM08,478,129,930,38
2025-10-08,RM09,3513,109,1230,12
2025-10-08,RM10,651,191,1243,10
2025-10-08,RM11,689,180,1309,22
2025-10-08,RM12,4431,176,1344,15
2025-10-09,RM01,4498,145,1407,11
2025-10-09,RM02,2715,155,1047,14
2025-10-09,RM03,2714,178,1484,10
2025-10-09,RM04,3532,139,1282,12
2025-10-09,RM05,3029,89,849,18
2025-10-09,RM06,3988,137,957,18
2025-10-09,RM07,4515,134,1411,12
2025-10-09,RM08,564,185,1378,39
2025-10-09,RM09,4674,63,881,6
2025-10-09,RM10,4586,198,1199,17
2025-10-09,RM11,3724,177,927,18
2025-10-09,RM12,3127,101,819,18
2025-10-10,RM01,4092,196,941,16
2025-10-10,RM02,3297,167,1279,19
2025-10-10,RM03,3637,193,849,17
2025-10-10,RM04,777,93,1259,5
2025-10-10,RM05,2202,111,1276,8
2025-10-10,RM06,1629,134,872,18
2025-10-10,RM07,1602,130,1374,15
2025-10-10,RM08,833,145,933,39
2025-10-10,RM09,2517,62,985,13
2025-10-10,RM10,1192,65,1210,8
2025-10-10,RM11,2844,159,1439,11
2025-10-10,RM12,4098,197,1091,19
2025-10-11,RM01,2604,169,1093,19
2025-10-11,RM02,1830,139,839,6
2025-10-11,RM03,2253,193,978,8
2025-10-11,RM04,4452,146,1392,12
2025-10-11,RM05,1931,75,1239,8
2025-10-11,RM06,4426,71,830,19
2025-10-11,RM07,4795,150,1389,17
2025-10-11,RM08,816,191,856,42
2025-10-11,RM09,1545,100,1403,22
2025-10-11,RM10,1649,189,905,19
2025-10-11,RM11,4354,198,1163,21
2025-10-11,RM12,1937,181,1243,20
2025-10-12,RM01,501,100,831,25
2025-10-12,RM02,706,138,898,14
2025-10-12,RM03,1903,163,1430,23
2025-10-12,RM04,1335,167,895,18
2025-10-12,RM05,3681,113,1292,7
2025-10-12,RM06,815,178,1494,8
2025-10-12,RM07,1496,55,1254,8
2025-10-12,RM08,556,176,1326,40
2025-10-12,RM09,2600,80,946,16
2025-10-12,RM10,4129,50,1179,7
2025-10-12,RM11,2291,187,1008,21
2025-10-12,RM12,3027,189,1256,24
2025-10-13,RM01,4304,119,911,22
2025-10-13,RM02,3342,171,1406,17
2025-10-13,RM03,4133,55,1318,21
2025-10-13,RM04,4056,126,1276,22
2025-10-13,RM05,3836,136,1390,9
2025-10-13,RM06,3790,92,1054,19
2025-10-13,RM07,2114,148,1465,14
2025-10-13,RM08,723,175,1288,38
2025-10-13,RM09,1192,90,861,6
2025-10-13,RM10,2188,186,1244,20
2025-10-13,RM11,2616,81,1355,8
2025-10-13,RM12,2917,119,1282,19
2025-10-14,RM01,1138,194,1385,19
2025-10-14,RM02,2135,185,1212,21
2025-10-14,RM03,4723,186,1298,13
2025-10-14,RM04,4911,113,1370,18
2025-10-14,RM05,1820,149,1410,13
2025-10-14,RM06,4978,73,1444,19
2025-10-14,RM07,3867,139,1158,22
2025-10-14,RM08,287,174,1448,40
2025-10-14,RM09,4342,70,1137,11
2025-10-14,RM10,1547,72,1166,22
2025-10-14,RM11,506,99,1215,13
2025-10-14,RM12,1273,76,1133,9
2025-10-15,RM01,1465,104,1418,17
2025-10-15,RM02,2849,71,1495,15
2025-10-15,RM03,1821,136,1330,22
2025-10-15,RM04,1108,51,1313,11
2025-10-15,RM05,4733,177,1436,7
2025-10-15,RM06,1325,133,1421,8
2025-10-15,RM07,4683,86,1069,19
2025-10-15,RM08,496,63,1443,42
2025-10-15,RM09,3854,125,866,20
2025-10-15,RM10,3737,79,929,20
2025-10-15,RM11,2430,184,1361,23
2025-10-15,RM12,1338,177,1426,11
2025-10-16,RM01,3699,186,1293,21
2025-10-16,RM02,4693,176,981,24
2025-10-16,RM03,2748,176,928,11
2025-10-16,RM04,3037,104,1244,25
2025-10-16,RM05,4323,82,1007,15
2025-10-16,RM06,3507,111,1278,18
2025-10-16,RM07,1323,180,1497,5
2025-10-16,RM08,407,156,876,45
2025-10-16,RM09,2086,52,1345,25
2025-10-16,RM10,3235,124,1309,9
2025-10-16,RM11,1131,145,1034,23
2025-10-16,RM12,3371,61,1266,11
2025-10-17,RM01,4184,80,1326,9
2025-10-17,RM02,4322,146,1478,8
2025-10-17,RM03,2106,130,1461,14
2025-10-17,RM04,4487,117,1325,21
2025-10-17,RM05,2388,195,1282,23
2025-10-17,RM06,2875,105,1172,8
2025-10-17,RM07,2406,83,993,8
2025-10-17,RM08,848,194,1302,40
2025-10-17,RM09,4692,163,850,12
2025-10-17,RM10,1084,121,1301,9
2025-10-17,RM11,1478,73,848,6
2025-10-17,RM12,2339,111,1463,21
2025-10-18,RM01,2262,71,882,12
2025-10-18,RM02,1785,164,1421,23
2025-10-18,RM03,4333,114,1061,25
2025-10-18,RM04,3281,174,1451,10
2025-10-18,RM05,4007,155,1191,24
2025-10-18,RM06,2002,127,953,25
2025-10-18,RM07,4664,101,1300,10
2025-10-18,RM08,424,180,1355,49
2025-10-18,RM09,2541,107,837,7
2025-10-18,RM10,4013,173,905,18
2025-10-18,RM11,1662,102,1299,25
2025-10-18,RM12,4856,191,1377,18
2025-10-19,RM01,2552,101,1375,12
2025-10-19,RM02,2069,117,1482,18
2025-10-19,RM03,3417,189,954,14
2025-10-19,RM04,4135,142,1064,12
2025-10-19,RM05,5000,75,1224,25
2025-10-19,RM06,3757,121,1376,8
2025-10-19,RM07,4749,74,827,20
2025-10-19,RM08,945,179,1454,48
2025-10-19,RM09,1714,82,1118,24
2025-10-19,RM10,3350,65,1401,24
2025-10-19,RM11,2695,88,910,20
2025-10-19,RM12,3307,146,1042,16
2025-10-20,RM01,1653,87,1182,15
2025-10-20,RM02,4674,181,1174,21
2025-10-20,RM03,4680,66,945,9
2025-10-20,RM04,2865,86,1017,6
2025-10-20,RM05,4605,114,822,8
2025-10-20,RM06,2548,62,1410,24
2025-10-20,RM07,4884,110,888,19
2025-10-20,RM08,310,135,1224,39
2025-10-20,RM09,529,148,1046,23
2025-10-20,RM10,2582,110,1225,21
2025-10-20,RM11,3289,124,1181,23
2025-10-20,RM12,3358,50,882,20
2025-10-21,RM01,4281,170,1321,10
2025-10-21,RM02,3393,196,1341,11
2025-10-21,RM03,4312,136,1309,13
2025-10-21,RM04,2239,118,923,18
2025-10-21,RM05,2557,85,1347,24
2025-10-21,RM06,3805,51,918,14
2025-10-21,RM07,1160,70,1473,5
2025-10-21,RM08,227,97,1491,36
2025-10-21,RM09,1178,163,1381,5
2025-10-21,RM10,3915,112,1185,25
2025-10-21,RM11,3715,50,936,24
2025-10-21,RM12,533,74,813,15
2025-10-22,RM01,2105,185,967,10
2025-10-22,RM02,1352,140,936,10
2025-10-22,RM03,3349,96,826,16
2025-10-22,RM04,1561,178,875,23
2025-10-22,RM05,2273,84,1366,15
2025-10-22,RM06,2543,182,1343,12
2025-10-22,RM07,1616,136,1126,22
2025-10-22,RM08,1033,172,1431,48
2025-10-22,RM09,3673,63,963,11
2025-10-22,RM10,2387,197,1331,16
2025-10-22,RM11,4784,50,858,17
2025-10-22,RM12,948,54,1086,5
2025-10-23,RM01,3724,101,1167,21
2025-10-23,RM02,1679,74,1459,14
2025-10-23,RM03,3279,166,1229,6
2025-10-23,RM04,3441,104,1006,10
2025-10-23,RM05,3092,61,914,20
2025-10-23,RM06,1336,131,848,18
2025-10-23,RM07,1623,183,855,24
2025-10-23,RM08,1156,139,936,38
2025-10-23,RM09,4171,74,1471,6
2025-10-23,RM10,1746,120,801,20
2025-10-23,RM11,1436,158,1455,9
2025-10-23,RM12,4328,118,937,18
2025-10-24,RM01,2679,131,1107,24
2025-10-24,RM02,4528,176,886,18
2025-10-24,RM03,1737,126,1264,9
2025-10-24,RM04,4929,92,921,9
2025-10-24,RM05,2427,138,1358,9
2025-10-24,RM06,4777,177,1214,5
2025-10-24,RM07,1287,200,932,9
2025-10-24,RM08,639,107,1461,46
2025-10-24,RM09,3648,76,950,17
2025-10-24,RM10,1186,85,1021,8
2025-10-24,RM11,4285,89,1314,24
2025-10-24,RM12,1237,183,848,13
2025-10-25,RM01,1771,181,1001,10
2025-10-25,RM02,3252,168,1070,21
2025-10-25,RM03,4224,118,925,14
2025-10-25,RM04,1542,54,1086,14
2025-10-25,RM05,2518,116,991,22
2025-10-25,RM06,4822,110,1045,21
2025-10-25,RM07,3359,70,1160,7
2025-10-25,RM08,995,171,808,40
2025-10-25,RM09,1785,142,969,13
2025-10-25,RM10,4776,194,979,16
2025-10-25,RM11,2301,122,1230,14
2025-10-25,RM12,2372,93,893,11
2025-10-26,RM01,1113,114,1292,7
2025-10-26,RM02,770,68,1306,7
2025-10-26,RM03,1712,195,1191,12
2025-10-26,RM04,2324,71,1405,25
2025-10-26,RM05,636,60,1269,8
2025-10-26,RM06,4059,110,1303,9
2025-10-26,RM07,4642,138,1236,16
2025-10-26,RM08,375,61,877,41
2025-10-26,RM09,4068,128,1030,20
2025-10-26,RM10,775,76,930,9
2025-10-26,RM11,734,153,1040,18
2025-10-26,RM12,1894,165,1039,18
2025-10-27,RM01,3547,123,1325,21
2025-10-27,RM02,2503,183,1184,9
2025-10-27,RM03,2934,119,927,18
2025-10-27,RM04,1526,157,1054,17
2025-10-27,RM05,728,155,1317,15
2025-10-27,RM06,2300,184,955,10
2025-10-27,RM07,2417,66,1291,12
2025-10-27,RM08,1085,160,1102,42
2025-10-27,RM09,2444,131,1066,11
2025-10-27,RM10,3733,72,1284,22
2025-10-27,RM11,3311,137,1286,25
2025-10-27,RM12,3117,177,1465,22
2025-10-28,RM01,4982,147,1186,6
2025-10-28,RM02,4648,146,1187,25
2025-10-28,RM03,936,149,1467,24
2025-10-28,RM04,3399,173,1179,5
2025-10-28,RM05,3685,103,1348,18
2025-10-28,RM06,3711,107,999,10
2025-10-28,RM07,4876,118,877,22
2025-10-28,RM08,678,187,805,46
2025-10-28,RM09,2741,144,1225,24
2025-10-28,RM10,3927,105,1123,6
2025-10-28,RM11,3993,99,1495,10
2025-10-28,RM12,704,136,1130,9
2025-10-29,RM01,3545,191,888,20
2025-10-29,RM02,4452,123,1213,23
2025-10-29,RM03,2082,138,919,9
2025-10-29,RM04,2787,166,1116,18
2025-10-29,RM05,4226,88,1008,6
2025-10-29,RM06,4320,152,1491,16
2025-10-29,RM07,1381,60,1056,24
2025-10-29,RM08,467,82,1111,47
2025-10-29,RM09,1240,177,1078,18
2025-10-29,RM10,4284,185,1419,13
2025-10-29,RM11,3428,108,1378,22
2025-10-29,RM12,3654,117,1319,6
2025-10-30,RM01,2155,181,940,8
2025-10-30,RM02,1041,189,924,8
2025-10-30,RM03,2943,145,832,21
2025-10-30,RM04,3968,193,1248,8
2025-10-30,RM05,3991,114,1474,12
2025-10-30,RM06,2800,154,838,5
2025-10-30,RM07,4801,95,1117,22
2025-10-30,RM08,1013,86,968,39
2025-10-30,RM09,4563,102,821,22
2025-10-30,RM10,1182,196,979,19
2025-10-30,RM11,1986,101,1492,24
2025-10-30,RM12,4926,65,1324,24
2025-10-31,RM01,3382,107,965,16
2025-10-31,RM02,4426,169,1285,20
2025-10-31,RM03,769,145,1477,16
2025-10-31,RM04,911,169,893,11
2025-10-31,RM05,4885,147,946,7
2025-10-31,RM06,3020,159,1217,20
2025-10-31,RM07,3089,51,1146,23
2025-10-31,RM08,977,141,1249,50
2025-10-31,RM09,2560,133,878,14
2025-10-31,RM10,949,141,1383,8
2025-10-31,RM11,2559,142,1156,15
2025-10-31,RM12,2559,156,939,15
2025-11-01,RM01,2252,67,1266,10
2025-11-01,RM02,1303,53,906,13
2025-11-01,RM03,4755,148,1063,25
2025-11-01,RM04,2055,170,876,16
2025-11-01,RM05,3828,177,815,7
2025-11-01,RM06,1684,170,983,24
2025-11-01,RM07,4594,64,936,9
2025-11-01,RM08,1114,123,1244,45
2025-11-01,RM09,4346,160,889,10
2025-11-01,RM10,2665,118,1115,9
2025-11-01,RM11,4761,115,902,11
2025-11-01,RM12,4204,176,964,16
2025-11-02,RM01,2269,192,1428,6
2025-11-02,RM02,3724,85,1456,7
2025-11-02,RM03,3874,122,1081,23
2025-11-02,RM04,3638,142,894,16
2025-11-02,RM05,4308,170,937,11
2025-11-02,RM06,2541,84,1490,14
2025-11-02,RM07,2406,87,1007,21
2025-11-02,RM08,358,154,1149,45
2025-11-02,RM09,2569,147,1002,18
2025-11-02,RM10,4448,178,957,18
2025-11-02,RM11,4820,120,1461,20
2025-11-02,RM12,1756,130,1426,25
2025-11-03,RM01,2793,172,1051,11
2025-11-03,RM02,3530,79,1344,23
2025-11-03,RM03,1021,179,801,16
2025-11-03,RM04,4610,200,1493,13
2025-11-03,RM05,2754,159,1443,20
2025-11-03,RM06,3639,91,1294,25
2025-11-03,RM07,2345,169,933,22
2025-11-03,RM08,755,98,1127,48
2025-11-03,RM09,1710,78,1218,10
2025-11-03,RM10,2360,176,1168,12
2025-11-03,RM11,2040,71,1072,17
2025-11-03,RM12,2167,150,1415,10
2025-11-04,RM01,3538,170,1232,11
2025-11-04,RM02,4695,89,1098,22
2025-11-04,RM03,945,72,1417,24
2025-11-04,RM04,2676,79,973,25
2025-11-04,RM05,1834,132,1093,23
2025-11-04,RM06,4215,112,1062,5
2025-11-04,RM07,2074,200,989,7
2025-11-04,RM08,831,191,1386,40
2025-11-04,RM09,4631,72,1265,10
2025-11-04,RM10,2557,117,1166,14
2025-11-04,RM11,4663,173,1020,17
2025-11-04,RM12,1524,77,943,8
2025-11-05,RM01,1398,150,868,23
2025-11-05,RM02,4764,97,831,19
2025-11-05,RM03,989,53,940,7
2025-11-05,RM04,2014,78,1351,19
2025-11-05,RM05,1621,53,1394,9
2025-11-05,RM06,2995,147,1303,13
2025-11-05,RM07,3319,174,1175,5
2025-11-05,RM08,613,84,1490,37
2025-11-05,RM09,1527,176,911,13
2025-11-05,RM10,2795,69,1210,7
2025-11-05,RM11,4554,159,1113,11
2025-11-05,RM12,3291,151,1311,6
2025-11-06,RM01,4043,128,1215,7
2025-11-06,RM02,1400,166,1273,8
2025-11-06,RM03,3616,146,1397,23
2025-11-06,RM04,2226,70,915,24
2025-11-06,RM05,742,192,1452,24
2025-11-06,RM06,4956,166,995,11
2025-11-06,RM07,3262,167,1022,9
2025-11-06,RM08,507,98,846,38
2025-11-06,RM09,2713,50,1067,16
2025-11-06,RM10,4227,120,940,13
2025-11-06,RM11,2668,184,1033,11
2025-11-06,RM12,4122,199,802,12
2025-11-07,RM01,614,81,1475,20
2025-11-07,RM02,2216,131,1495,18
2025-11-07,RM03,1437,64,1242,25
2025-11-07,RM04,1358,102,1140,21
2025-11-07,RM05,3336,161,1393,13
2025-11-07,RM06,2630,169,915,13
2025-11-07,RM07,524,90,1047,20
2025-11-07,RM08,543,80,852,45
2025-11-07,RM09,4217,134,1060,10
2025-11-07,RM10,3544,51,970,19
2025-11-07,RM11,4541,97,1476,22
2025-11-07,RM12,1688,128,1266,8
2025-11-08,RM01,3616,90,1330,9
2025-11-08,RM02,4764,200,991,23
2025-11-08,RM03,2800,192,815,10
2025-11-08,RM04,2120,61,1324,8
2025-11-08,RM05,2860,80,1254,18
2025-11-08,RM06,3354,95,1227,23
2025-11-08,RM07,3074,200,1022,23
2025-11-08,RM08,841,180,1347,49
2025-11-08,RM09,4776,193,1356,15
2025-11-08,RM10,1625,80,1330,22
2025-11-08,RM11,3725,166,953,17
2025-11-08,RM12,4096,182,1133,8
2025-11-09,RM01,703,71,1118,21
2025-11-09,RM02,3970,138,1352,12
2025-11-09,RM03,953,53,1172,22
2025-11-09,RM04,4412,69,1245,23
2025-11-09,RM05,2187,96,1456,12
2025-11-09,RM06,4977,184,894,10
2025-11-09,RM07,1107,149,975,21
2025-11-09,RM08,744,74,895,35
2025-11-09,RM09,4642,99,1340,6
2025-11-09,RM10,3720,61,1008,15
2025-11-09,RM11,794,147,1214,17
2025-11-09,RM12,3254,137,1308,25
2025-11-10,RM01,3282,191,1065,8
2025-11-10,RM02,1585,184,1452,11
2025-11-10,RM03,1196,55,814,14
2025-11-10,RM04,3798,155,1047,17
2025-11-10,RM05,1630,143,1356,9
2025-11-10,RM06,1397,51,931,18
2025-11-10,RM07,1731,172,1304,11
2025-11-10,RM08,1191,142,1061,36
2025-11-10,RM09,3394,89,934,10
2025-11-10,RM10,2573,196,1364,25
2025-11-10,RM11,3679,129,963,19
2025-11-10,RM12,1658,142,1317,5
2025-11-11,RM01,3323,93,1303,23
2025-11-11,RM02,4347,80,1037,16
2025-11-11,RM03,549,111,1490,25
2025-11-11,RM04,4472,88,1378,12
2025-11-11,RM05,4369,194,890,10
2025-11-11,RM06,2948,96,1483,6
2025-11-11,RM07,1724,179,832,18
2025-11-11,RM08,495,113,1129,47
2025-11-11,RM09,3202,151,1465,5
2025-11-11,RM10,4015,131,1090,18
2025-11-11,RM11,881,200,918,20
2025-11-11,RM12,2481,56,1142,19
2025-11-12,RM01,4349,78,923,25
2025-11-12,RM02,2393,163,1466,10
2025-11-12,RM03,1866,131,1234,12
2025-11-12,RM04,3871,133,1271,10
2025-11-12,RM05,2238,67,1188,10
2025-11-12,RM06,4826,122,1157,14
2025-11-12,RM07,3714,133,959,15
2025-11-12,RM08,400,93,802,41
2025-11-12,RM09,3493,102,1279,20
2025-11-12,RM10,1366,121,841,23
2025-11-12,RM11,1922,175,914,6
2025-11-12,RM12,1961,170,1308,20
2025-11-13,RM01,1444,72,859,24
2025-11-13,RM02,1304,114,1466,18
2025-11-13,RM03,3696,185,945,6
2025-11-13,RM04,4904,78,1491,9
2025-11-13,RM05,1878,85,1200,19
2025-11-13,RM06,3390,135,1172,19
2025-11-13,RM07,1916,113,1455,24
2025-11-13,RM08,641,110,1011,50
2025-11-13,RM09,827,94,1381,10
2025-11-13,RM10,2054,191,1096,5
2025-11-13,RM11,4930,73,1499,15
2025-11-13,RM12,1230,153,829,7
2025-11-14,RM01,4726,146,1461,21
2025-11-14,RM02,1556,161,1097,8
2025-11-14,RM03,2764,54,945,10
2025-11-14,RM04,4146,68,1322,21
2025-11-14,RM05,2308,133,979,10
2025-11-14,RM06,3057,187,1155,14
2025-11-14,RM07,2166,177,983,8
2025-11-14,RM08,335,139,1460,37
2025-11-14,RM09,3225,174,1470,18
2025-11-14,RM10,1219,84,810,23
2025-11-14,RM11,1120,116,1312,10
2025-11-14,RM12,3014,79,1253,14
2025-11-15,RM01,1023,140,1093,25
2025-11-15,RM02,2974,200,1186,11
2025-11-15,RM03,1040,56,1300,22
2025-11-15,RM04,4967,67,1121,11
2025-11-15,RM05,1769,114,1377,12
2025-11-15,RM06,2103,175,942,25
2025-11-15,RM07,3876,144,901,23
2025-11-15,RM08,391,135,1335,35
2025-11-15,RM09,3155,175,1068,11
2025-11-15,RM10,4851,181,850,16
2025-11-15,RM11,2649,95,1443,21
2025-11-15,RM12,4279,123,950,17
2025-11-16,RM01,2101,154,1392,11
2025-11-16,RM02,2182,51,1415,23
2025-11-16,RM03,1427,169,983,14
2025-11-16,RM04,697,193,844,5
2025-11-16,RM05,1143,143,1266,9
2025-11-16,RM06,2366,186,973,20
2025-11-16,RM07,1476,134,1215,6
2025-11-16,RM08,416,157,1193,36
2025-11-16,RM09,3218,141,1221,9
2025-11-16,RM10,4357,137,1181,5
2025-11-16,RM11,2163,99,1121,14
2025-11-16,RM12,2498,152,1147,16
2025-11-17,RM01,992,158,1295,9
2025-11-17,RM02,1168,112,1081,15
2025-11-17,RM03,3074,173,1077,15
2025-11-17,RM04,556,115,1391,14
2025-11-17,RM05,1804,71,868,20
2025-11-17,RM06,866,100,1293,21
2025-11-17,RM07,1010,165,1388,21
2025-11-17,RM08,267,143,1238,48
2025-11-17,RM09,4254,190,1172,11
2025-11-17,RM10,4024,183,1360,14
2025-11-17,RM11,963,80,1483,5
2025-11-17,RM12,1647,111,1426,15
2025-11-18,RM01,786,105,991,15
2025-11-18,RM02,1401,148,1000,16
2025-11-18,RM03,3906,124,800,5
2025-11-18,RM04,1561,139,887,14
2025-11-18,RM05,4449,126,1383,7
2025-11-18,RM06,2751,83,1314,15
2025-11-18,RM07,2433,134,1034,7
2025-11-18,RM08,808,52,907,48
2025-11-18,RM09,764,94,1362,16
2025-11-18,RM10,1526,162,1481,10
2025-11-18,RM11,3145,120,1379,11
2025-11-18,RM12,3162,173,1164,21
2025-11-19,RM01,3903,129,1478,19
2025-11-19,RM02,3027,105,1212,25
2025-11-19,RM03,2204,96,1129,10
2025-11-19,RM04,678,86,1096,12
2025-11-19,RM05,3748,172,1324,19
2025-11-19,RM06,1517,107,928,20
2025-11-19,RM07,1530,144,1288,17
2025-11-19,RM08,502,181,1295,37
2025-11-19,RM09,2205,176,1266,14
2025-11-19,RM10,4316,128,955,21
2025-11-19,RM11,3614,198,1272,15
2025-11-19,RM12,4755,108,1188,14
2025-11-20,RM01,1943,67,1289,6
2025-11-20,RM02,1301,69,1062,8
2025-11-20,RM03,2026,64,1372,12
2025-11-20,RM04,1068,108,1463,22
2025-11-20,RM05,4189,147,861,9
2025-11-20,RM06,2415,152,1001,14
2025-11-20,RM07,1514,181,1428,19
2025-11-20,RM08,453,175,1048,47
2025-11-20,RM09,3976,161,1393,12
2025-11-20,RM10,4001,81,1251,24
2025-11-20,RM11,4184,54,904,6
2025-11-20,RM12,4246,135,1007,13
2025-11-21,RM01,4906,112,935,21
2025-11-21,RM02,1742,171,1116,7
2025-11-21,RM03,501,180,949,9
2025-11-21,RM04,2498,153,1074,7
2025-11-21,RM05,2531,106,1160,5
2025-11-21,RM06,984,190,873,7
2025-11-21,RM07,4704,54,962,7
2025-11-21,RM08,251,65,986,46
2025-11-21,RM09,3124,192,871,12
2025-11-21,RM10,1852,128,1092,5
2025-11-21,RM11,3914,195,1248,25
2025-11-21,RM12,3404,134,1432,25
2025-11-22,RM01,2516,151,1144,17
2025-11-22,RM02,2630,132,971,16
2025-11-22,RM03,1052,52,1360,21
2025-11-22,RM04,3075,136,1102,23
2025-11-22,RM05,2674,161,1041,21
2025-11-22,RM06,2940,173,864,22
2025-11-22,RM07,4699,96,1407,12
2025-11-22,RM08,602,186,909,35
2025-11-22,RM09,890,199,1313,24
2025-11-22,RM10,3049,95,1288,15
2025-11-22,RM11,3895,188,1349,7
2025-11-22,RM12,579,117,958,10
2025-11-23,RM01,4453,104,1080,13
2025-11-23,RM02,1142,117,929,21
2025-11-23,RM03,2693,133,819,11
2025-11-23,RM04,2614,78,1098,21
2025-11-23,RM05,4957,109,1413,16
2025-11-23,RM06,3751,100,884,21
2025-11-23,RM07,4997,93,1086,16
2025-11-23,RM08,676,174,934,42
2025-11-23,RM09,3116,163,1001,19
2025-11-23,RM10,645,109,1364,18
2025-11-23,RM11,3560,147,869,16
2025-11-23,RM12,832,64,1196,22
2025-11-24,RM01,2420,128,964,25
2025-11-24,RM02,3306,171,1419,22
2025-11-24,RM03,4341,91,1185,19
2025-11-24,RM04,1970,175,1225,15
2025-11-24,RM05,1772,195,1311,9
2025-11-24,RM06,4609,121,1325,10
2025-11-24,RM07,1246,85,1107,22
2025-11-24,RM08,432,93,1087,49
2025-11-24,RM09,1761,64,1423,6
2025-11-24,RM10,1844,155,1447,24
2025-11-24,RM11,3325,187,806,9
2025-11-24,RM12,4593,173,1479,6
2025-11-25,RM01,4253,183,1336,7
2025-11-25,RM02,1253,185,1122,15
2025-11-25,RM03,4950,87,1270,10
2025-11-25,RM04,2187,151,946,16
2025-11-25,RM05,3244,73,1231,16
2025-11-25,RM06,3215,99,1068,14
2025-11-25,RM07,3831,64,1427,19
2025-11-25,RM08,718,196,897,41
2025-11-25,RM09,1251,180,894,9
2025-11-25,RM10,1350,78,1373,5
2025-11-25,RM11,762,109,1489,7
2025-11-25,RM12,4695,60,1170,25
2025-11-26,RM01,1665,156,998,5
2025-11-26,RM02,3285,85,1475,20
2025-11-26,RM03,2730,125,1075,12
2025-11-26,RM04,757,187,1376,13
2025-11-26,RM05,745,72,1260,10
2025-11-26,RM06,4147,65,1268,10
2025-11-26,RM07,2813,173,933,14
2025-11-26,RM08,645,113,1386,43
2025-11-26,RM09,1038,170,984,8
2025-11-26,RM10,1862,109,1256,22
2025-11-26,RM11,3171,198,1347,8
2025-11-26,RM12,1603,180,1261,25
2025-11-27,RM01,564,185,1135,13
2025-11-27,RM02,3343,100,1339,24
2025-11-27,RM03,4579,172,954,22
2025-11-27,RM04,3572,160,1394,8
2025-11-27,RM05,4466,152,1341,7
2025-11-27,RM06,4152,138,1071,20
2025-11-27,RM07,1470,182,1101,7
2025-11-27,RM08,371,116,1386,49
2025-11-27,RM09,2563,164,1425,24
2025-11-27,RM10,1261,79,1294,17
2025-11-27,RM11,1155,95,1248,5
2025-11-27,RM12,4020,112,815,25
2025-11-28,RM01,912,141,1299,8
2025-11-28,RM02,2348,125,1167,5
2025-11-28,RM03,1712,71,1403,11
2025-11-28,RM04,1319,115,1478,11
2025-11-28,RM05,2220,130,1295,20
2025-11-28,RM06,2875,175,1184,18
2025-11-28,RM07,3609,126,949,15
2025-11-28,RM08,747,146,1201,47
2025-11-28,RM09,2835,65,1249,16
2025-11-28,RM10,796,100,916,20
2025-11-28,RM11,4706,128,1074,7
2025-11-28,RM12,1834,56,962,7
2025-11-29,RM01,503,59,1445,23
2025-11-29,RM02,1238,171,1094,17
2025-11-29,RM03,3009,147,891,11
2025-11-29,RM04,2345,100,1334,15
2025-11-29,RM05,3141,82,1102,21
2025-11-29,RM06,605,183,1149,18
2025-11-29,RM07,2207,72,1498,21
2025-11-29,RM08,1144,114,1210,39
2025-11-29,RM09,2006,162,841,13
2025-11-29,RM10,2020,173,1259,7
2025-11-29,RM11,974,134,1007,9
2025-11-29,RM12,4965,159,1394,12
2025-11-30,RM01,4577,75,817,19
2025-11-30,RM02,1979,52,1374,9
2025-11-30,RM03,3731,143,1319,23
2025-11-30,RM04,1825,143,864,25
2025-11-30,RM05,4364,76,1072,14
2025-11-30,RM06,3528,196,973,16
2025-11-30,RM07,3425,126,1226,11
2025-11-30,RM08,754,74,1405,38
2025-11-30,RM09,3074,106,1221,9
2025-11-30,RM10,1387,175,1249,12
2025-11-30,RM11,3090,126,987,12
2025-11-30,RM12,2608,71,951,16
2025-12-01,RM01,3424,147,1346,12
2025-12-01,RM02,3319,158,1074,22
2025-12-01,RM03,2123,79,921,11
2025-12-01,RM04,2693,105,1390,16
2025-12-01,RM05,1663,176,1289,6
2025-12-01,RM06,1007,100,1414,21
2025-12-01,RM07,3484,120,806,25
2025-12-01,RM08,530,146,829,38
2025-12-01,RM09,4660,73,1451,14
2025-12-01,RM10,2563,114,1371,16
2025-12-01,RM11,2051,100,1352,6
2025-12-01,RM12,4071,158,1132,6
2025-12-02,RM01,3564,86,1348,7
2025-12-02,RM02,1460,67,1340,9
2025-12-02,RM03,2727,174,1197,6
2025-12-02,RM04,3821,113,1383,20
2025-12-02,RM05,758,196,813,14
2025-12-02,RM06,4167,95,1112,22
2025-12-02,RM07,2297,152,927,11
2025-12-02,RM08,953,101,863,48
2025-12-02,RM09,1931,191,1043,16
2025-12-02,RM10,3678,190,953,17
2025-12-02,RM11,2830,148,1014,6
2025-12-02,RM12,4742,109,1092,25
2025-12-03,RM01,4057,66,910,18
2025-12-03,RM02,4508,142,1032,14
2025-12-03,RM03,4803,153,1272,19
2025-12-03,RM04,4784,165,1445,24
2025-12-03,RM05,3862,122,1012,14
2025-12-03,RM06,2390,92,1120,7
2025-12-03,RM07,2759,145,1189,20
2025-12-03,RM08,223,166,1432,35
2025-12-03,RM09,2338,151,973,20
2025-12-03,RM10,1982,81,1114,14
2025-12-03,RM11,1093,187,907,24
2025-12-03,RM12,946,130,817,9
2025-12-04,RM01,4541,132,992,22
2025-12-04,RM02,4098,111,1133,11
2025-12-04,RM03,539,53,1242,10
2025-12-04,RM04,4404,101,1486,9
2025-12-04,RM05,4987,166,1341,9
2025-12-04,RM06,1360,156,1411,13
2025-12-04,RM07,3676,146,1280,20
2025-12-04,RM08,781,191,1206,42
2025-12-04,RM09,3017,189,1284,22
2025-12-04,RM10,4765,179,1496,25
2025-12-04,RM11,4446,179,866,11
2025-12-04,RM12,1777,118,1184,23
2025-12-05,RM01,3512,156,1476,20
2025-12-05,RM02,781,84,1079,25
2025-12-05,RM03,1278,128,1218,9
2025-12-05,RM04,679,143,1415,10
2025-12-05,RM05,3623,72,1244,22
2025-12-05,RM06,3987,52,882,14
2025-12-05,RM07,4489,190,1400,13
2025-12-05,RM08,916,79,1024,36
2025-12-05,RM09,695,193,1295,10
2025-12-05,RM10,4669,100,964,12
2025-12-05,RM11,1002,162,888,18
2025-12-05,RM12,3019,172,1441,18
2025-12-06,RM01,1004,73,935,11
2025-12-06,RM02,4686,71,1054,18
2025-12-06,RM03,1661,121,1306,8
2025-12-06,RM04,3301,138,985,10
2025-12-06,RM05,4696,107,1350,14
2025-12-06,RM06,3997,97,946,11
2025-12-06,RM07,1868,173,859,7
2025-12-06,RM08,652,167,1366,45
2025-12-06,RM09,564,173,1377,13
2025-12-06,RM10,2721,90,1186,7
2025-12-06,RM11,2687,192,1334,9
2025-12-06,RM12,4094,165,852,23
2025-12-07,RM01,3509,86,1230,12
2025-12-07,RM02,4710,156,1275,17
2025-12-07,RM03,997,156,1328,8
2025-12-07,RM04,3664,189,902,8
2025-12-07,RM05,2689,147,941,19
2025-12-07,RM06,1609,72,1066,10
2025-12-07,RM07,4216,76,1389,7
2025-12-07,RM08,618,139,992,47
2025-12-07,RM09,2146,150,1250,5
2025-12-07,RM10,4206,132,1091,12
2025-12-07,RM11,2603,135,1163,20
2025-12-07,RM12,3966,85,1135,21
2025-12-08,RM01,2626,169,1486,10
2025-12-08,RM02,4468,193,1142,8
2025-12-08,RM03,3066,160,1345,7
2025-12-08,RM04,4324,60,816,20
2025-12-08,RM05,1021,119,1358,22
2025-12-08,RM06,2799,160,1100,16
2025-12-08,RM07,4728,107,1178,6
2025-12-08,RM08,955,79,875,48
2025-12-08,RM09,3332,122,856,18
2025-12-08,RM10,3095,176,1016,22
2025-12-08,RM11,3045,91,984,10
2025-12-08,RM12,3443,187,1200,11
2025-12-09,RM01,1441,81,1255,21
2025-12-09,RM02,2518,114,1032,8
2025-12-09,RM03,922,58,977,24
2025-12-09,RM04,911,180,878,17
2025-12-09,RM05,2272,80,932,18
2025-12-09,RM06,2550,167,901,21
2025-12-09,RM07,2506,104,1374,20
2025-12-09,RM08,907,114,1441,39
2025-12-09,RM09,875,85,1105,6
2025-12-09,RM10,2480,115,806,9
2025-12-09,RM11,3309,118,1389,6
2025-12-09,RM12,1207,113,1345,8
2025-12-10,RM01,888,68,1457,22
2025-12-10,RM02,1149,171,1385,12
2025-12-10,RM03,4322,88,1087,25
2025-12-10,RM04,1062,115,987,19
2025-12-10,RM05,1561,131,1058,18
2025-12-10,RM06,4881,78,854,15
2025-12-10,RM07,1374,82,864,5
2025-12-10,RM08,884,118,841,41
2025-12-10,RM09,4189,66,1070,21
2025-12-10,RM10,1968,151,1053,18
2025-12-10,RM11,1908,130,1380,20
2025-12-10,RM12,2036,181,1285,13
2025-12-11,RM01,3124,111,1133,16
2025-12-11,RM02,3310,176,1352,24
2025-12-11,RM03,4165,198,1398,25
2025-12-11,RM04,4069,90,1040,12
2025-12-11,RM05,4773,159,1107,18
2025-12-11,RM06,1908,166,1478,23
2025-12-11,RM07,2637,89,958,25
2025-12-11,RM08,291,139,1012,49
2025-12-11,RM09,3976,169,1170,20
2025-12-11,RM10,2298,85,922,18
2025-12-11,RM11,563,174,1033,9
2025-12-11,RM12,3247,66,861,22
2025-12-12,RM01,4111,65,953,23
2025-12-12,RM02,2903,144,1218,20
2025-12-12,RM03,4409,51,1280,25
2025-12-12,RM04,4462,97,869,6
2025-12-12,RM05,2652,116,1169,20
2025-12-12,RM06,3087,70,1464,6
2025-12-12,RM07,2733,85,1010,22
2025-12-12,RM08,982,81,1346,42
2025-12-12,RM09,2707,162,1132,15
2025-12-12,RM10,2814,72,1258,11
2025-12-12,RM11,958,176,1369,18
2025-12-12,RM12,2114,174,1235,17
2025-12-13,RM01,638,196,1239,17
2025-12-13,RM02,4759,197,1431,19
2025-12-13,RM03,1531,147,1047,21
2025-12-13,RM04,918,93,1129,22
2025-12-13,RM05,2314,59,819,25
2025-12-13,RM06,3375,106,864,13
2025-12-13,RM07,3595,163,807,25
2025-12-13,RM08,470,92,968,39
2025-12-13,RM09,2569,161,1245,6
2025-12-13,RM10,3942,153,1058,5
2025-12-13,RM11,867,117,1192,17
2025-12-13,RM12,1813,184,1367,19
2025-12-14,RM01,3983,101,1328,18
2025-12-14,RM02,589,102,1000,5
2025-12-14,RM03,1351,170,1176,11
2025-12-14,RM04,4851,179,848,19
2025-12-14,RM05,4277,149,1255,19
2025-12-14,RM06,4107,188,1046,16
2025-12-14,RM07,1401,73,947,11
2025-12-14,RM08,570,89,1391,45
2025-12-14,RM09,4003,184,1483,13
2025-12-14,RM10,2280,190,1317,23
2025-12-14,RM11,3843,79,1009,8
2025-12-14,RM12,3428,119,1035,15
2025-12-15,RM01,2848,133,1074,6
2025-12-15,RM02,1144,97,1132,17
2025-12-15,RM03,3445,64,1324,22
2025-12-15,RM04,1087,179,1210,20
2025-12-15,RM05,4476,88,1360,20
2025-12-15,RM06,4870,107,1242,19
2025-12-15,RM07,726,76,878,16
2025-12-15,RM08,562,141,1375,41
2025-12-15,RM09,2428,133,936,24
2025-12-15,RM10,3148,65,853,21
2025-12-15,RM11,714,160,998,23
2025-12-15,RM12,1199,60,832,21
2025-12-16,RM01,4854,153,1048,25
2025-12-16,RM02,2117,153,1199,7
2025-12-16,RM03,3340,107,1263,24
2025-12-16,RM04,2286,62,893,15
2025-12-16,RM05,767,182,842,11
2025-12-16,RM06,591,74,1411,17
2025-12-16,RM07,3245,171,1004,21
2025-12-16,RM08,816,126,1475,40
2025-12-16,RM09,2774,192,1432,8
2025-12-16,RM10,1783,121,1345,12
2025-12-16,RM11,1908,94,1103,9
2025-12-16,RM12,4281,139,1470,7
2025-12-17,RM01,3170,131,895,8
2025-12-17,RM02,3264,90,1325,25
2025-12-17,RM03,3452,192,1393,14
2025-12-17,RM04,3406,183,1250,24
2025-12-17,RM05,1265,154,1448,7
2025-12-17,RM06,753,80,1024,9
2025-12-17,RM07,4778,188,1205,18
2025-12-17,RM08,1104,189,1039,38
2025-12-17,RM09,3008,177,1128,24
2025-12-17,RM10,1691,75,947,20
2025-12-17,RM11,564,90,1093,13
2025-12-17,RM12,638,94,1309,21
2025-12-18,RM01,2832,76,1425,17
2025-12-18,RM02,4833,158,1118,8
2025-12-18,RM03,2936,102,1454,12
2025-12-18,RM04,4380,56,1421,11
2025-12-18,RM05,910,58,1209,6
2025-12-18,RM06,1925,71,1031,24
2025-12-18,RM07,884,75,813,13
2025-12-18,RM08,599,105,915,42
2025-12-18,RM09,2799,150,1308,19
2025-12-18,RM10,2159,62,1427,5
2025-12-18,RM11,1349,124,1191,17
2025-12-18,RM12,1110,69,1120,24
2025-12-19,RM01,3412,59,1331,11
2025-12-19,RM02,3929,114,1200,19
2025-12-19,RM03,2492,197,1098,7
2025-12-19,RM04,3312,101,1238,9
2025-12-19,RM05,1550,52,995,8
2025-12-19,RM06,3856,149,1142,7
2025-12-19,RM07,2700,180,1103,12
2025-12-19,RM08,1181,161,1030,39
2025-12-19,RM09,1830,157,986,25
2025-12-19,RM10,2389,156,1009,20
2025-12-19,RM11,2706,194,1198,15
2025-12-19,RM12,1838,102,1179,18
2025-12-20,RM01,2196,82,1480,15
2025-12-20,RM02,1873,167,1068,19
2025-12-20,RM03,4813,174,1235,6
2025-12-20,RM04,3741,61,1379,18
2025-12-20,RM05,3836,128,1163,15
2025-12-20,RM06,1859,131,1073,25
2025-12-20,RM07,2827,136,870,23
2025-12-20,RM08,504,126,1402,40
2025-12-20,RM09,2470,172,1045,10
2025-12-20,RM10,2604,189,1285,22
2025-12-20,RM11,3934,51,857,7
2025-12-20,RM12,3088,114,1350,24
2025-12-21,RM01,1662,60,1228,20
2025-12-21,RM02,817,167,1468,22
2025-12-21,RM03,1415,72,1429,11
2025-12-21,RM04,4280,180,1153,9
2025-12-21,RM05,4697,88,800,6
2025-12-21,RM06,4756,62,1475,10
2025-12-21,RM07,3797,149,823,14
2025-12-21,RM08,1121,154,1329,41
2025-12-21,RM09,3454,186,1220,20
2025-12-21,RM10,809,138,1335,7
2025-12-21,RM11,565,112,1435,13
2025-12-21,RM12,2262,186,1363,24
2025-12-22,RM01,1182,180,1240,25
2025-12-22,RM02,3920,135,805,20
2025-12-22,RM03,2940,157,1076,14
2025-12-22,RM04,2215,176,1309,6
2025-12-22,RM05,1991,169,1478,6
2025-12-22,RM06,4697,97,1358,6
2025-12-22,RM07,1786,107,1380,19
2025-12-22,RM08,792,107,1290,45
2025-12-22,RM09,4251,164,1199,14
2025-12-22,RM10,2197,123,1147,5
2025-12-22,RM11,1088,142,1348,6
2025-12-22,RM12,2276,190,1117,20
2025-12-23,RM01,4700,60,862,18
2025-12-23,RM02,3571,85,1168,14
2025-12-23,RM03,1083,181,1245,21
2025-12-23,RM04,4749,62,1498,24
2025-12-23,RM05,3367,54,1303,16
2025-12-23,RM06,4356,188,1068,21
2025-12-23,RM07,2361,196,1178,23
2025-12-23,RM08,1103,186,881,38
2025-12-23,RM09,2870,185,1474,24
2025-12-23,RM10,2253,61,973,15
2025-12-23,RM11,3976,89,1342,16
2025-12-23,RM12,4421,59,1128,23
2025-12-24,RM01,4173,51,1485,12
2025-12-24,RM02,4167,174,1372,19
2025-12-24,RM03,1400,186,1363,6
2025-12-24,RM04,1373,60,1180,12
2025-12-24,RM05,4094,119,902,15
2025-12-24,RM06,662,101,900,5
2025-12-24,RM07,3882,149,959,23
2025-12-24,RM08,787,100,1344,40
2025-12-24,RM09,1482,142,886,17
2025-12-24,RM10,2622,114,1017,9
2025-12-24,RM11,1707,120,963,24
2025-12-24,RM12,1751,128,809,21
2025-12-25,RM01,3986,134,1010,14
2025-12-25,RM02,2415,128,1168,22
2025-12-25,RM03,1828,165,1421,14
2025-12-25,RM04,2645,168,1007,8
2025-12-25,RM05,3231,77,1349,19
2025-12-25,RM06,4953,182,1179,10
2025-12-25,RM07,2184,85,1006,12
2025-12-25,RM08,556,90,900,38
2025-12-25,RM09,3200,185,1251,13
2025-12-25,RM10,4935,174,843,24
2025-12-25,RM11,4796,129,1194,19
2025-12-25,RM12,4497,65,1434,13
2025-12-26,RM01,576,77,1074,17
2025-12-26,RM02,2273,147,1492,15
2025-12-26,RM03,2528,56,1350,7
2025-12-26,RM04,1754,96,1454,12
2025-12-26,RM05,1080,81,1141,8
2025-12-26,RM06,625,97,1102,21
2025-12-26,RM07,4682,72,1450,18
2025-12-26,RM08,280,105,1167,48
2025-12-26,RM09,3244,173,1315,16
2025-12-26,RM10,4797,72,1088,13
2025-12-26,RM11,3343,123,1290,19
2025-12-26,RM12,2481,138,1374,16
2025-12-27,RM01,4243,131,1310,21
2025-12-27,RM02,3660,69,1195,20
2025-12-27,RM03,2346,118,1311,14
2025-12-27,RM04,4262,191,1257,23
2025-12-27,RM05,2425,71,884,11
2025-12-27,RM06,4105,164,1177,16
2025-12-27,RM07,2541,125,1133,6
2025-12-27,RM08,1050,177,1077,36
2025-12-27,RM09,4575,104,877,8
2025-12-27,RM10,2577,198,1221,11
2025-12-27,RM11,1736,71,1381,18
2025-12-27,RM12,1546,93,1496,21
2025-12-28,RM01,4314,109,838,25
2025-12-28,RM02,4120,61,1067,16
2025-12-28,RM03,4115,169,861,15
2025-12-28,RM04,4092,81,1068,14
2025-12-28,RM05,1518,128,1132,20
2025-12-28,RM06,753,75,1141,8
2025-12-28,RM07,3424,113,873,24
2025-12-28,RM08,1124,163,1127,37
2025-12-28,RM09,1209,118,1058,17
2025-12-28,RM10,4162,133,1360,22
2025-12-28,RM11,2984,100,1427,13
2025-12-28,RM12,4286,90,885,17
2025-12-29,RM01,677,195,1299,21
2025-12-29,RM02,2643,140,1117,22
2025-12-29,RM03,1870,178,1105,6
2025-12-29,RM04,1476,196,1469,12
2025-12-29,RM05,3235,53,1087,8
2025-12-29,RM06,4519,81,1323,19
2025-12-29,RM07,4044,108,804,20
2025-12-29,RM08,962,94,1187,47
2025-12-29,RM09,1967,96,1073,12
2025-12-29,RM10,1208,72,1047,16
2025-12-29,RM11,2821,71,1273,6
2025-12-29,RM12,2745,168,904,24
2025-12-30,RM01,2174,160,1065,25
2025-12-30,RM02,1133,132,1075,9
2025-12-30,RM03,1467,200,1149,21
2025-12-30,RM04,648,78,1495,21
2025-12-30,RM05,3766,191,1291,13
2025-12-30,RM06,4378,171,1452,11
2025-12-30,RM07,3619,76,1261,15
2025-12-30,RM08,860,85,1171,46
2025-12-30,RM09,1679,125,1263,19
2025-12-30,RM10,587,147,1136,13
2025-12-30,RM11,4198,167,1030,7
2025-12-30,RM12,4113,67,1168,19
2025-12-31,RM01,4215,163,982,22
2025-12-31,RM02,2400,150,804,5
2025-12-31,RM03,4915,192,883,23
2025-12-31,RM04,1952,98,1317,5
2025-12-31,RM05,1884,158,1012,23
2025-12-31,RM06,3567,109,974,15
2025-12-31,RM07,3228,174,1360,21
2025-12-31,RM08,215,84,868,39
2025-12-31,RM09,1652,117,1061,25
2025-12-31,RM10,3878,76,1234,14
2025-12-31,RM11,1408,147,1434,17
2025-12-31,RM12,2693,195,1119,15
