Production_Date,Shift,Line,Machine_ID,Product_ID,Planned_Qty,Actual_Qty,Runtime_Hours,Setup_Time_Min
2025-01-01,Day,Line1,M101,P101,865,843,7.6,15
2025-01-01,Night,Line1,M101,P102,969,906,7.4,42
2025-01-01,Day,Line1,M102,P101,1137,1083,6.59,22
2025-01-01,Night,Line1,M102,P104,962,897,7.8,38
2025-01-01,Day,Line1,M103,P103,853,859,6.53,20
2025-01-01,Night,Line1,M103,P104,1024,986,7.95,27
2025-01-01,Day,Line1,M104,P102,960,908,6.77,31
2025-01-01,Night,Line1,M104,P101,897,857,6.78,34
2025-01-01,Day,Line2,M201,P101,1033,999,7.15,32
2025-01-01,Night,Line2,M201,P103,872,769,6.94,39
2025-01-01,Day,Line2,M202,P101,1043,969,6.94,15
2025-01-01,Night,Line2,M202,P103,1171,1111,7.05,33
2025-01-01,Day,Line2,M203,P102,885,888,6.8,12
2025-01-01,Night,Line2,M203,P102,998,931,7.27,15
2025-01-01,Day,Line2,M204,P102,901,850,7.41,34
2025-01-01,Night,Line2,M204,P103,1082,1020,6.76,33
2025-01-01,Day,Line3,M301,P102,1039,926,7.53,32
2025-01-01,Night,Line3,M301,P102,1193,1051,7.16,27
2025-01-01,Day,Line3,M302,P101,1161,1056,6.55,20
2025-01-01,Night,Line3,M302,P102,933,800,7.86,39
2025-01-01,Day,Line3,M303,P104,988,923,6.97,45
2025-01-01,Night,Line3,M303,P102,1200,1024,7.28,30
2025-01-01,Day,Line3,M304,P101,967,841,7.95,12
2025-01-01,Night,Line3,M304,P103,1055,945,7.66,27
2025-01-01,Day,Line4,M401,P101,958,940,6.63,30
2025-01-01,Night,Line4,M401,P102,1185,1119,6.79,41
2025-01-01,Day,Line4,M402,P104,1179,1127,7.08,39
2025-01-01,Night,Line4,M402,P102,985,917,6.91,18
2025-01-01,Day,Line4,M403,P102,1137,1075,6.92,44
2025-01-01,Night,Line4,M403,P103,1149,1116,7.31,37
2025-01-01,Day,Line4,M404,P104,1035,1003,6.61,24
2025-01-01,Night,Line4,M404,P102,1110,1030,7.98,41
2025-01-02,Day,Line1,M101,P101,874,821,6.51,17
2025-01-02,Night,Line1,M101,P102,1171,1122,7.72,20
2025-01-02,Day,Line1,M102,P104,1155,1144,7.66,14
2025-01-02,Night,Line1,M102,P104,1045,1011,6.61,39
2025-01-02,Day,Line1,M103,P103,1133,1059,7.79,10
2025-01-02,Night,Line1,M103,P101,1199,1115,7.43,44
2025-01-02,Day,Line1,M104,P103,1178,1113,6.97,31
2025-01-02,Night,Line1,M104,P101,1000,934,6.99,37
2025-01-02,Day,Line2,M201,P102,1082,1065,7.83,10
2025-01-02,Night,Line2,M201,P103,1106,1084,7.21,21
2025-01-02,Day,Line2,M202,P101,1170,1135,7.64,29
2025-01-02,Night,Line2,M202,P102,928,854,7.34,33
2025-01-02,Day,Line2,M203,P102,1126,1079,7.28,43
2025-01-02,Night,Line2,M203,P101,1156,1140,7.14,30
2025-01-02,Day,Line2,M204,P104,859,826,6.97,17
2025-01-02,Night,Line2,M204,P103,1007,937,7.26,25
2025-01-02,Day,Line3,M301,P101,973,879,7.12,15
2025-01-02,Night,Line3,M301,P101,1098,988,7.63,14
2025-01-02,Day,Line3,M302,P102,915,810,7.89,40
2025-01-02,Night,Line3,M302,P102,985,861,7.71,43
2025-01-02,Day,Line3,M303,P104,958,898,7.71,44
2025-01-02,Night,Line3,M303,P102,1009,907,6.78,35
2025-01-02,Day,Line3,M304,P103,1074,980,7.71,43
2025-01-02,Night,Line3,M304,P104,911,837,7.84,25
2025-01-02,Day,Line4,M401,P102,882,828,6.84,31
2025-01-02,Night,Line4,M401,P101,1151,1070,7.14,45
2025-01-02,Day,Line4,M402,P102,1151,1115,6.51,24
2025-01-02,Night,Line4,M402,P101,886,839,7.27,13
2025-01-02,Day,Line4,M403,P102,884,811,6.68,12
2025-01-02,Night,Line4,M403,P103,886,821,7.01,42
2025-01-02,Day,Line4,M404,P102,992,947,7.28,41
2025-01-02,Night,Line4,M404,P102,1126,1072,7.55,18
2025-01-03,Day,Line1,M101,P104,974,942,7.94,40
2025-01-03,Night,Line1,M101,P104,947,888,6.88,16
2025-01-03,Day,Line1,M102,P101,1187,1071,6.93,37
2025-01-03,Night,Line1,M102,P103,1066,1001,6.56,36
2025-01-03,Day,Line1,M103,P104,877,843,6.58,16
2025-01-03,Night,Line1,M103,P101,1056,1070,6.92,31
2025-01-03,Day,Line1,M104,P101,977,932,6.72,22
2025-01-03,Night,Line1,M104,P102,1124,1066,7.23,38
2025-01-03,Day,Line2,M201,P102,1066,1059,6.86,21
2025-01-03,Night,Line2,M201,P103,1086,1045,7.59,25
2025-01-03,Day,Line2,M202,P101,1076,1078,7.45,45
2025-01-03,Night,Line2,M202,P101,875,785,7.3,44
2025-01-03,Day,Line2,M203,P101,897,834,6.56,25
2025-01-03,Night,Line2,M203,P102,1058,976,7.39,41
2025-01-03,Day,Line2,M204,P104,959,876,7.47,35
2025-01-03,Night,Line2,M204,P101,934,879,6.76,34
2025-01-03,Day,Line3,M301,P101,1049,925,7.91,26
2025-01-03,Night,Line3,M301,P104,996,932,6.71,37
2025-01-03,Day,Line3,M302,P104,929,823,7.89,22
2025-01-03,Night,Line3,M302,P103,961,846,7.82,13
2025-01-03,Day,Line3,M303,P101,1010,943,7.73,13
2025-01-03,Night,Line3,M303,P101,1149,980,7.33,40
2025-01-03,Day,Line3,M304,P102,879,757,6.64,42
2025-01-03,Night,Line3,M304,P101,945,846,7.85,14
2025-01-03,Day,Line4,M401,P101,1195,1156,7.01,25
2025-01-03,Night,Line4,M401,P104,911,877,7.02,25
2025-01-03,Day,Line4,M402,P101,1167,1138,7.83,15
2025-01-03,Night,Line4,M402,P104,1186,1125,7.67,43
2025-01-03,Day,Line4,M403,P103,983,923,6.74,23
2025-01-03,Night,Line4,M403,P103,972,920,7.85,26
2025-01-03,Day,Line4,M404,P104,917,888,6.51,29
2025-01-03,Night,Line4,M404,P104,1011,928,6.74,14
2025-01-04,Day,Line1,M101,P101,1084,1101,7.48,16
2025-01-04,Night,Line1,M101,P101,1125,1073,6.84,23
2025-01-04,Day,Line1,M102,P103,917,853,6.99,32
2025-01-04,Night,Line1,M102,P101,975,939,7.62,33
2025-01-04,Day,Line1,M103,P103,930,919,7.49,38
2025-01-04,Night,Line1,M103,P103,1163,1107,7.35,43
2025-01-04,Day,Line1,M104,P101,1191,1134,6.9,45
2025-01-04,Night,Line1,M104,P103,1189,1090,6.87,16
2025-01-04,Day,Line2,M201,P102,985,943,7.84,17
2025-01-04,Night,Line2,M201,P101,1133,1076,7.45,19
2025-01-04,Day,Line2,M202,P103,994,954,7.37,23
2025-01-04,Night,Line2,M202,P103,954,938,7.24,26
2025-01-04,Day,Line2,M203,P104,978,957,6.92,13
2025-01-04,Night,Line2,M203,P101,1174,1073,6.54,37
2025-01-04,Day,Line2,M204,P103,872,809,7.91,10
2025-01-04,Night,Line2,M204,P103,916,874,7.93,26
2025-01-04,Day,Line3,M301,P102,1076,971,6.52,45
2025-01-04,Night,Line3,M301,P104,1137,1036,7.89,10
2025-01-04,Day,Line3,M302,P101,888,820,7.95,19
2025-01-04,Night,Line3,M302,P101,1039,922,7.78,45
2025-01-04,Day,Line3,M303,P102,1070,946,7.78,18
2025-01-04,Night,Line3,M303,P101,1007,850,6.98,33
2025-01-04,Day,Line3,M304,P101,1033,946,7.9,23
2025-01-04,Night,Line3,M304,P102,1191,1015,7.54,16
2025-01-04,Day,Line4,M401,P103,1136,1060,7.42,36
2025-01-04,Night,Line4,M401,P102,971,917,7.99,20
2025-01-04,Day,Line4,M402,P102,1061,1020,7.82,11
2025-01-04,Night,Line4,M402,P102,1020,923,7.61,36
2025-01-04,Day,Line4,M403,P102,986,978,7.04,20
2025-01-04,Night,Line4,M403,P101,1045,1015,6.94,12
2025-01-04,Day,Line4,M404,P104,963,939,7.8,22
2025-01-04,Night,Line4,M404,P104,1029,983,7.87,29
2025-01-05,Day,Line1,M101,P102,964,940,7.7,11
2025-01-05,Night,Line1,M101,P102,1054,1112,7.47,31
2025-01-05,Day,Line1,M102,P103,885,874,7.84,27
2025-01-05,Night,Line1,M102,P103,1178,1130,7.01,42
2025-01-05,Day,Line1,M103,P104,1197,1121,7.37,44
2025-01-05,Night,Line1,M103,P103,864,806,6.55,17
2025-01-05,Day,Line1,M104,P103,941,968,6.93,26
2025-01-05,Night,Line1,M104,P101,905,800,7.39,37
2025-01-05,Day,Line2,M201,P103,1010,955,6.69,37
2025-01-05,Night,Line2,M201,P101,1047,1018,7.28,22
2025-01-05,Day,Line2,M202,P103,872,818,7.43,37
2025-01-05,Night,Line2,M202,P101,1116,1071,6.63,44
2025-01-05,Day,Line2,M203,P102,1036,995,7.31,37
2025-01-05,Night,Line2,M203,P101,1190,1095,7.46,31
2025-01-05,Day,Line2,M204,P103,1189,1069,7.69,17
2025-01-05,Night,Line2,M204,P103,1109,1048,6.91,29
2025-01-05,Day,Line3,M301,P104,1017,901,6.54,35
2025-01-05,Night,Line3,M301,P103,1133,1004,7.94,18
2025-01-05,Day,Line3,M302,P102,1065,985,7.11,34
2025-01-05,Night,Line3,M302,P102,1165,1067,6.76,29
2025-01-05,Day,Line3,M303,P104,1130,1012,7.32,10
2025-01-05,Night,Line3,M303,P103,996,866,7.57,23
2025-01-05,Day,Line3,M304,P104,1146,999,7.93,30
2025-01-05,Night,Line3,M304,P104,1076,987,7.61,38
2025-01-05,Day,Line4,M401,P102,1111,1137,7.13,40
2025-01-05,Night,Line4,M401,P102,1187,1152,6.87,15
2025-01-05,Day,Line4,M402,P103,1113,1110,6.52,31
2025-01-05,Night,Line4,M402,P101,970,891,6.67,29
2025-01-05,Day,Line4,M403,P102,951,925,7.21,19
2025-01-05,Night,Line4,M403,P101,873,840,6.65,25
2025-01-05,Day,Line4,M404,P104,1162,1002,6.76,14
2025-01-05,Night,Line4,M404,P104,1062,965,7.15,22
2025-01-06,Day,Line1,M101,P104,1103,1112,7.45,35
2025-01-06,Night,Line1,M101,P102,925,829,6.57,10
2025-01-06,Day,Line1,M102,P101,1067,1070,7.25,24
2025-01-06,Night,Line1,M102,P102,1115,1000,7.78,39
2025-01-06,Day,Line1,M103,P101,1135,1056,6.61,25
2025-01-06,Night,Line1,M103,P101,1083,1033,7.46,18
2025-01-06,Day,Line1,M104,P104,1191,1145,7.91,43
2025-01-06,Night,Line1,M104,P103,1076,999,7.36,42
2025-01-06,Day,Line2,M201,P104,1130,1138,7.19,38
2025-01-06,Night,Line2,M201,P102,1093,986,7.32,38
2025-01-06,Day,Line2,M202,P103,976,932,7.94,27
2025-01-06,Night,Line2,M202,P104,1170,1120,7.86,25
2025-01-06,Day,Line2,M203,P103,1075,1041,6.61,14
2025-01-06,Night,Line2,M203,P103,970,893,6.98,27
2025-01-06,Day,Line2,M204,P103,1013,954,6.68,44
2025-01-06,Night,Line2,M204,P101,920,888,7.55,19
2025-01-06,Day,Line3,M301,P102,1046,980,7.6,19
2025-01-06,Night,Line3,M301,P102,882,793,7.71,36
2025-01-06,Day,Line3,M302,P104,1019,901,7.63,44
2025-01-06,Night,Line3,M302,P104,1062,927,7.71,13
2025-01-06,Day,Line3,M303,P102,1065,968,7.06,34
2025-01-06,Night,Line3,M303,P101,1144,1022,7.66,34
2025-01-06,Day,Line3,M304,P104,853,790,7.79,32
2025-01-06,Night,Line3,M304,P103,1049,927,7.14,36
2025-01-06,Day,Line4,M401,P102,1099,1082,6.65,24
2025-01-06,Night,Line4,M401,P103,1073,1034,7.85,41
2025-01-06,Day,Line4,M402,P101,1049,1048,6.98,31
2025-01-06,Night,Line4,M402,P104,934,878,7.84,39
2025-01-06,Day,Line4,M403,P102,1168,1132,7.93,44
2025-01-06,Night,Line4,M403,P101,1051,983,7.36,11
2025-01-06,Day,Line4,M404,P101,1179,1102,6.94,37
2025-01-06,Night,Line4,M404,P102,1086,1089,6.99,21
2025-01-07,Day,Line1,M101,P101,983,977,7.69,34
2025-01-07,Night,Line1,M101,P103,958,923,7.68,39
2025-01-07,Day,Line1,M102,P103,1022,980,6.59,34
2025-01-07,Night,Line1,M102,P103,1065,972,7.32,26
2025-01-07,Day,Line1,M103,P101,1090,1078,7.03,11
2025-01-07,Night,Line1,M103,P101,1029,962,6.68,24
2025-01-07,Day,Line1,M104,P101,1183,1150,7.43,12
2025-01-07,Night,Line1,M104,P101,976,900,6.65,22
2025-01-07,Day,Line2,M201,P101,1168,1129,6.61,19
2025-01-07,Night,Line2,M201,P102,914,845,7.73,40
2025-01-07,Day,Line2,M202,P101,1138,1076,6.63,23
2025-01-07,Night,Line2,M202,P104,981,928,7.98,33
2025-01-07,Day,Line2,M203,P102,1160,1063,7.72,17
2025-01-07,Night,Line2,M203,P102,1009,905,7.92,16
2025-01-07,Day,Line2,M204,P101,1009,946,7.67,34
2025-01-07,Night,Line2,M204,P104,951,887,7.34,14
2025-01-07,Day,Line3,M301,P102,902,844,6.67,29
2025-01-07,Night,Line3,M301,P101,1139,1008,7.24,12
2025-01-07,Day,Line3,M302,P103,1122,1020,6.58,37
2025-01-07,Night,Line3,M302,P103,885,779,6.68,42
2025-01-07,Day,Line3,M303,P103,856,787,7.62,36
2025-01-07,Night,Line3,M303,P104,904,782,7.38,37
2025-01-07,Day,Line3,M304,P103,1175,1065,6.93,39
2025-01-07,Night,Line3,M304,P102,1072,966,7.8,21
2025-01-07,Day,Line4,M401,P103,1165,1126,6.61,44
2025-01-07,Night,Line4,M401,P104,1088,1023,7.33,37
2025-01-07,Day,Line4,M402,P103,1015,975,7.44,25
2025-01-07,Night,Line4,M402,P101,992,947,7.54,38
2025-01-07,Day,Line4,M403,P102,1087,1113,7.38,34
2025-01-07,Night,Line4,M403,P103,864,792,7.85,41
2025-01-07,Day,Line4,M404,P103,943,967,6.92,41
2025-01-07,Night,Line4,M404,P102,1031,944,6.78,26
2025-01-08,Day,Line1,M101,P103,993,890,7.38,27
2025-01-08,Night,Line1,M101,P101,1114,1029,6.62,22
2025-01-08,Day,Line1,M102,P101,973,944,6.96,36
2025-01-08,Night,Line1,M102,P104,1134,1129,7.72,25
2025-01-08,Day,Line1,M103,P104,1180,1100,7.87,41
2025-01-08,Night,Line1,M103,P104,858,819,7.73,15
2025-01-08,Day,Line1,M104,P103,963,886,7.9,35
2025-01-08,Night,Line1,M104,P102,1006,1000,7.8,33
2025-01-08,Day,Line2,M201,P104,1133,1127,7.98,43
2025-01-08,Night,Line2,M201,P103,1067,987,6.73,45
2025-01-08,Day,Line2,M202,P103,1030,935,7.95,39
2025-01-08,Night,Line2,M202,P103,1006,986,7.76,26
2025-01-08,Day,Line2,M203,P102,911,871,7.12,22
2025-01-08,Night,Line2,M203,P103,911,890,6.91,44
2025-01-08,Day,Line2,M204,P102,948,910,7.65,23
2025-01-08,Night,Line2,M204,P104,991,932,7.92,43
2025-01-08,Day,Line3,M301,P103,901,807,7.18,22
2025-01-08,Night,Line3,M301,P103,966,877,6.69,33
2025-01-08,Day,Line3,M302,P102,1004,917,6.84,10
2025-01-08,Night,Line3,M302,P102,990,896,7.51,12
2025-01-08,Day,Line3,M303,P101,1133,978,6.67,28
2025-01-08,Night,Line3,M303,P102,1176,1091,7.51,41
2025-01-08,Day,Line3,M304,P101,856,818,7.28,28
2025-01-08,Night,Line3,M304,P104,1095,978,7.78,38
2025-01-08,Day,Line4,M401,P103,944,964,7.81,13
2025-01-08,Night,Line4,M401,P103,1094,1085,7.11,17
2025-01-08,Day,Line4,M402,P101,1055,1033,7.56,41
2025-01-08,Night,Line4,M402,P101,1145,1123,6.82,13
2025-01-08,Day,Line4,M403,P102,926,918,7.09,29
2025-01-08,Night,Line4,M403,P101,977,866,7.16,17
2025-01-08,Day,Line4,M404,P104,1160,1104,7.27,24
2025-01-08,Night,Line4,M404,P104,1080,1038,7.68,38
2025-01-09,Day,Line1,M101,P103,1151,1161,7.79,37
2025-01-09,Night,Line1,M101,P103,1141,1025,7.92,13
2025-01-09,Day,Line1,M102,P101,956,868,7.19,23
2025-01-09,Night,Line1,M102,P103,1188,1114,7.97,15
2025-01-09,Day,Line1,M103,P102,972,872,7.45,21
2025-01-09,Night,Line1,M103,P101,930,871,6.86,10
2025-01-09,Day,Line1,M104,P104,1080,1048,6.77,40
2025-01-09,Night,Line1,M104,P103,866,789,7.02,24
2025-01-09,Day,Line2,M201,P103,994,952,7.5,39
2025-01-09,Night,Line2,M201,P101,969,938,6.76,26
2025-01-09,Day,Line2,M202,P102,1067,1007,6.77,17
2025-01-09,Night,Line2,M202,P102,1181,1082,6.63,19
2025-01-09,Day,Line2,M203,P103,922,882,6.81,14
2025-01-09,Night,Line2,M203,P101,934,848,7.05,29
2025-01-09,Day,Line2,M204,P103,1074,1094,6.56,17
2025-01-09,Night,Line2,M204,P104,1005,945,7.7,35
2025-01-09,Day,Line3,M301,P103,1106,983,7.81,44
2025-01-09,Night,Line3,M301,P104,1074,962,7.88,15
2025-01-09,Day,Line3,M302,P101,1071,971,7.71,30
2025-01-09,Night,Line3,M302,P103,863,762,7.62,15
2025-01-09,Day,Line3,M303,P102,1195,1068,7.06,11
2025-01-09,Night,Line3,M303,P103,1145,999,7.23,12
2025-01-09,Day,Line3,M304,P102,1090,942,7.19,43
2025-01-09,Night,Line3,M304,P104,992,923,7.62,21
2025-01-09,Day,Line4,M401,P104,1175,1148,7.27,41
2025-01-09,Night,Line4,M401,P101,1090,1034,7.3,32
2025-01-09,Day,Line4,M402,P104,1020,975,7.3,30
2025-01-09,Night,Line4,M402,P101,932,849,6.86,31
2025-01-09,Day,Line4,M403,P104,1103,1033,6.53,28
2025-01-09,Night,Line4,M403,P104,1131,1014,6.98,12
2025-01-09,Day,Line4,M404,P104,895,841,6.68,30
2025-01-09,Night,Line4,M404,P103,1015,921,7.84,17
2025-01-10,Day,Line1,M101,P104,1113,1124,7.68,10
2025-01-10,Night,Line1,M101,P104,1061,1025,7.25,13
2025-01-10,Day,Line1,M102,P102,1115,1072,7.38,33
2025-01-10,Night,Line1,M102,P104,1170,1069,7.62,38
2025-01-10,Day,Line1,M103,P101,954,886,6.93,27
2025-01-10,Night,Line1,M103,P102,997,931,7.04,38
2025-01-10,Day,Line1,M104,P104,912,900,7.03,11
2025-01-10,Night,Line1,M104,P102,931,928,7.98,29
2025-01-10,Day,Line2,M201,P101,1132,1039,6.65,36
2025-01-10,Night,Line2,M201,P101,965,923,6.73,17
2025-01-10,Day,Line2,M202,P104,910,855,6.78,19
2025-01-10,Night,Line2,M202,P104,999,924,6.93,42
2025-01-10,Day,Line2,M203,P103,1062,1021,7.12,40
2025-01-10,Night,Line2,M203,P104,974,891,7.97,39
2025-01-10,Day,Line2,M204,P102,1046,996,7.95,22
2025-01-10,Night,Line2,M204,P102,885,807,7.8,27
2025-01-10,Day,Line3,M301,P104,1024,914,6.76,42
2025-01-10,Night,Line3,M301,P103,851,776,7.5,28
2025-01-10,Day,Line3,M302,P103,1150,1049,7.36,41
2025-01-10,Night,Line3,M302,P102,1078,983,6.92,44
2025-01-10,Day,Line3,M303,P104,1026,913,6.99,31
2025-01-10,Night,Line3,M303,P104,1083,982,7.14,30
2025-01-10,Day,Line3,M304,P102,972,837,6.67,34
2025-01-10,Night,Line3,M304,P102,1060,944,7.42,12
2025-01-10,Day,Line4,M401,P103,1092,1069,6.73,34
2025-01-10,Night,Line4,M401,P104,1189,1058,7.22,19
2025-01-10,Day,Line4,M402,P104,868,816,7.0,18
2025-01-10,Night,Line4,M402,P103,901,848,6.7,38
2025-01-10,Day,Line4,M403,P101,1119,1108,6.88,39
2025-01-10,Night,Line4,M403,P101,923,851,7.52,36
2025-01-10,Day,Line4,M404,P102,888,866,7.21,40
2025-01-10,Night,Line4,M404,P103,1023,1005,7.12,35
2025-01-11,Day,Line1,M101,P101,1018,994,7.75,44
2025-01-11,Night,Line1,M101,P104,1012,945,7.95,41
2025-01-11,Day,Line1,M102,P101,1166,1132,7.91,14
2025-01-11,Night,Line1,M102,P102,1173,1081,6.77,28
2025-01-11,Day,Line1,M103,P102,896,862,7.36,37
2025-01-11,Night,Line1,M103,P101,1174,1098,7.76,16
2025-01-11,Day,Line1,M104,P104,935,907,6.8,29
2025-01-11,Night,Line1,M104,P101,873,809,6.75,30
2025-01-11,Day,Line2,M201,P101,1000,971,7.5,32
2025-01-11,Night,Line2,M201,P103,1070,992,7.28,19
2025-01-11,Day,Line2,M202,P102,1121,1105,7.09,36
2025-01-11,Night,Line2,M202,P102,937,871,7.72,21
2025-01-11,Day,Line2,M203,P101,1162,1044,7.19,34
2025-01-11,Night,Line2,M203,P102,1104,1004,6.95,19
2025-01-11,Day,Line2,M204,P102,1086,1043,6.85,26
2025-01-11,Night,Line2,M204,P104,980,970,7.85,10
2025-01-11,Day,Line3,M301,P104,997,932,7.86,44
2025-01-11,Night,Line3,M301,P102,887,730,7.44,38
2025-01-11,Day,Line3,M302,P103,1150,995,6.71,29
2025-01-11,Night,Line3,M302,P104,978,903,7.69,39
2025-01-11,Day,Line3,M303,P103,951,883,7.84,34
2025-01-11,Night,Line3,M303,P104,904,866,7.68,25
2025-01-11,Day,Line3,M304,P104,1142,1023,6.87,32
2025-01-11,Night,Line3,M304,P103,1001,865,7.62,11
2025-01-11,Day,Line4,M401,P104,990,952,7.64,10
2025-01-11,Night,Line4,M401,P101,1160,1073,7.82,41
2025-01-11,Day,Line4,M402,P103,967,958,6.67,32
2025-01-11,Night,Line4,M402,P102,1175,1086,7.77,22
2025-01-11,Day,Line4,M403,P103,1197,1139,7.7,18
2025-01-11,Night,Line4,M403,P101,1171,1066,6.72,12
2025-01-11,Day,Line4,M404,P103,1075,1056,7.58,12
2025-01-11,Night,Line4,M404,P103,917,836,7.46,15
2025-01-12,Day,Line1,M101,P103,1017,988,6.88,36
2025-01-12,Night,Line1,M101,P102,952,948,7.02,18
2025-01-12,Day,Line1,M102,P103,1121,1016,7.19,42
2025-01-12,Night,Line1,M102,P103,934,919,7.92,26
2025-01-12,Day,Line1,M103,P104,1001,969,7.26,31
2025-01-12,Night,Line1,M103,P101,1089,986,7.42,14
2025-01-12,Day,Line1,M104,P102,965,929,7.54,35
2025-01-12,Night,Line1,M104,P103,896,861,7.88,35
2025-01-12,Day,Line2,M201,P101,985,922,7.36,44
2025-01-12,Night,Line2,M201,P101,1082,1032,7.41,33
2025-01-12,Day,Line2,M202,P103,1149,1157,7.9,34
2025-01-12,Night,Line2,M202,P103,905,836,7.89,24
2025-01-12,Day,Line2,M203,P104,862,801,7.98,45
2025-01-12,Night,Line2,M203,P103,1162,1087,7.76,24
2025-01-12,Day,Line2,M204,P101,1175,1129,7.39,39
2025-01-12,Night,Line2,M204,P103,1182,1149,7.1,36
2025-01-12,Day,Line3,M301,P101,921,833,7.7,12
2025-01-12,Night,Line3,M301,P101,1005,881,6.51,41
2025-01-12,Day,Line3,M302,P101,899,790,7.31,25
2025-01-12,Night,Line3,M302,P102,1048,880,7.88,39
2025-01-12,Day,Line3,M303,P103,1193,1039,7.61,44
2025-01-12,Night,Line3,M303,P104,1150,978,7.18,19
2025-01-12,Day,Line3,M304,P104,1185,1069,6.71,16
2025-01-12,Night,Line3,M304,P104,1165,984,6.76,36
2025-01-12,Day,Line4,M401,P103,866,761,7.87,33
2025-01-12,Night,Line4,M401,P102,1077,1010,7.04,38
2025-01-12,Day,Line4,M402,P102,1035,1051,6.52,16
2025-01-12,Night,Line4,M402,P103,1128,1098,7.5,32
2025-01-12,Day,Line4,M403,P101,1053,1002,6.63,27
2025-01-12,Night,Line4,M403,P102,912,827,8.0,39
2025-01-12,Day,Line4,M404,P101,1189,1233,6.6,23
2025-01-12,Night,Line4,M404,P101,875,824,7.62,31
2025-01-13,Day,Line1,M101,P102,914,882,6.81,23
2025-01-13,Night,Line1,M101,P101,1133,1060,6.79,23
2025-01-13,Day,Line1,M102,P102,969,929,7.35,31
2025-01-13,Night,Line1,M102,P102,1155,1066,6.6,10
2025-01-13,Day,Line1,M103,P103,924,879,7.29,18
2025-01-13,Night,Line1,M103,P103,939,925,7.16,17
2025-01-13,Day,Line1,M104,P101,917,914,6.73,10
2025-01-13,Night,Line1,M104,P103,971,852,6.77,30
2025-01-13,Day,Line2,M201,P101,939,861,7.47,26
2025-01-13,Night,Line2,M201,P101,914,837,7.11,36
2025-01-13,Day,Line2,M202,P101,882,871,6.54,40
2025-01-13,Night,Line2,M202,P104,1035,1012,6.83,42
2025-01-13,Day,Line2,M203,P101,1081,1061,6.53,42
2025-01-13,Night,Line2,M203,P102,1164,1054,6.66,12
2025-01-13,Day,Line2,M204,P103,1084,1023,7.48,11
2025-01-13,Night,Line2,M204,P101,1095,1045,6.86,35
2025-01-13,Day,Line3,M301,P104,905,817,7.58,41
2025-01-13,Night,Line3,M301,P104,887,779,7.78,15
2025-01-13,Day,Line3,M302,P103,1161,1043,7.5,19
2025-01-13,Night,Line3,M302,P101,914,845,6.81,27
2025-01-13,Day,Line3,M303,P103,1045,969,6.52,43
2025-01-13,Night,Line3,M303,P103,1082,952,6.63,42
2025-01-13,Day,Line3,M304,P104,900,827,7.13,17
2025-01-13,Night,Line3,M304,P102,1070,912,7.84,38
2025-01-13,Day,Line4,M401,P102,1061,1001,6.89,31
2025-01-13,Night,Line4,M401,P104,1054,1023,7.07,36
2025-01-13,Day,Line4,M402,P101,1010,922,7.44,37
2025-01-13,Night,Line4,M402,P103,1190,1140,7.11,26
2025-01-13,Day,Line4,M403,P103,928,832,6.94,40
2025-01-13,Night,Line4,M403,P101,896,887,7.92,15
2025-01-13,Day,Line4,M404,P101,1071,1010,7.8,16
2025-01-13,Night,Line4,M404,P103,916,872,7.23,45
2025-01-14,Day,Line1,M101,P101,1150,1107,7.14,45
2025-01-14,Night,Line1,M101,P103,1193,1126,6.53,17
2025-01-14,Day,Line1,M102,P104,1031,999,7.45,37
2025-01-14,Night,Line1,M102,P101,997,886,6.89,29
2025-01-14,Day,Line1,M103,P103,903,871,7.98,42
2025-01-14,Night,Line1,M103,P102,929,868,7.29,40
2025-01-14,Day,Line1,M104,P102,905,854,6.53,32
2025-01-14,Night,Line1,M104,P103,908,832,7.87,27
2025-01-14,Day,Line2,M201,P102,1069,1032,6.91,45
2025-01-14,Night,Line2,M201,P101,1161,1057,7.33,27
2025-01-14,Day,Line2,M202,P101,942,933,6.81,27
2025-01-14,Night,Line2,M202,P103,1023,976,6.52,32
2025-01-14,Day,Line2,M203,P101,942,911,7.4,19
2025-01-14,Night,Line2,M203,P104,885,857,7.5,19
2025-01-14,Day,Line2,M204,P101,896,810,7.28,43
2025-01-14,Night,Line2,M204,P102,1042,939,6.57,36
2025-01-14,Day,Line3,M301,P104,1024,947,6.62,20
2025-01-14,Night,Line3,M301,P103,1009,876,7.4,30
2025-01-14,Day,Line3,M302,P101,876,781,6.93,19
2025-01-14,Night,Line3,M302,P102,1166,988,7.03,13
2025-01-14,Day,Line3,M303,P101,989,871,7.35,38
2025-01-14,Night,Line3,M303,P104,1098,1011,7.21,38
2025-01-14,Day,Line3,M304,P104,989,914,7.6,23
2025-01-14,Night,Line3,M304,P101,1026,918,6.82,37
2025-01-14,Day,Line4,M401,P101,995,938,7.24,41
2025-01-14,Night,Line4,M401,P103,873,823,7.4,24
2025-01-14,Day,Line4,M402,P104,1156,1149,6.66,13
2025-01-14,Night,Line4,M402,P101,954,876,6.61,29
2025-01-14,Day,Line4,M403,P102,920,882,7.53,26
2025-01-14,Night,Line4,M403,P103,1017,1010,7.15,17
2025-01-14,Day,Line4,M404,P101,1104,1083,7.7,37
2025-01-14,Night,Line4,M404,P102,916,845,7.54,34
2025-01-15,Day,Line1,M101,P102,1106,1082,7.04,45
2025-01-15,Night,Line1,M101,P103,886,791,6.64,35
2025-01-15,Day,Line1,M102,P101,1073,1027,6.78,11
2025-01-15,Night,Line1,M102,P104,889,852,7.31,30
2025-01-15,Day,Line1,M103,P104,1143,1110,7.71,35
2025-01-15,Night,Line1,M103,P104,998,956,7.49,17
2025-01-15,Day,Line1,M104,P104,860,847,6.87,30
2025-01-15,Night,Line1,M104,P102,1166,1112,7.23,39
2025-01-15,Day,Line2,M201,P103,895,870,6.77,37
2025-01-15,Night,Line2,M201,P101,974,921,7.35,37
2025-01-15,Day,Line2,M202,P104,1118,1037,7.89,15
2025-01-15,Night,Line2,M202,P104,1008,979,7.96,31
2025-01-15,Day,Line2,M203,P102,1020,977,7.79,20
2025-01-15,Night,Line2,M203,P101,1111,1067,7.77,17
2025-01-15,Day,Line2,M204,P102,1028,1015,6.56,32
2025-01-15,Night,Line2,M204,P102,970,896,7.39,16
2025-01-15,Day,Line3,M301,P102,981,879,6.62,22
2025-01-15,Night,Line3,M301,P102,1158,1019,7.54,19
2025-01-15,Day,Line3,M302,P101,940,890,6.6,41
2025-01-15,Night,Line3,M302,P104,1138,982,6.97,38
2025-01-15,Day,Line3,M303,P103,1171,1116,6.98,30
2025-01-15,Night,Line3,M303,P102,1075,963,7.44,14
2025-01-15,Day,Line3,M304,P104,1076,987,6.85,29
2025-01-15,Night,Line3,M304,P103,1152,1056,6.54,13
2025-01-15,Day,Line4,M401,P103,1109,1067,7.91,14
2025-01-15,Night,Line4,M401,P103,1086,1055,7.7,38
2025-01-15,Day,Line4,M402,P101,879,830,7.22,33
2025-01-15,Night,Line4,M402,P103,889,873,7.44,15
2025-01-15,Day,Line4,M403,P104,1086,1028,7.13,45
2025-01-15,Night,Line4,M403,P101,1080,1062,7.61,22
2025-01-15,Day,Line4,M404,P103,1159,1098,7.03,40
2025-01-15,Night,Line4,M404,P102,881,820,6.93,38
2025-01-16,Day,Line1,M101,P101,1025,953,6.56,15
2025-01-16,Night,Line1,M101,P102,870,797,6.53,25
2025-01-16,Day,Line1,M102,P104,1074,1029,7.08,43
2025-01-16,Night,Line1,M102,P102,1036,981,7.52,33
2025-01-16,Day,Line1,M103,P103,1048,1037,7.92,36
2025-01-16,Night,Line1,M103,P103,1197,1117,7.2,13
2025-01-16,Day,Line1,M104,P103,883,817,7.99,31
2025-01-16,Night,Line1,M104,P101,1135,1079,6.85,34
2025-01-16,Day,Line2,M201,P103,979,944,7.41,19
2025-01-16,Night,Line2,M201,P103,891,850,7.27,19
2025-01-16,Day,Line2,M202,P103,1008,948,6.83,35
2025-01-16,Night,Line2,M202,P102,1154,1066,6.78,15
2025-01-16,Day,Line2,M203,P103,1136,1068,6.59,34
2025-01-16,Night,Line2,M203,P103,915,892,7.95,43
2025-01-16,Day,Line2,M204,P101,1180,1183,7.54,37
2025-01-16,Night,Line2,M204,P103,859,792,6.73,33
2025-01-16,Day,Line3,M301,P103,942,841,6.84,23
2025-01-16,Night,Line3,M301,P103,1098,998,7.31,22
2025-01-16,Day,Line3,M302,P102,920,879,6.64,19
2025-01-16,Night,Line3,M302,P101,1001,944,7.82,16
2025-01-16,Day,Line3,M303,P101,1188,1059,7.83,31
2025-01-16,Night,Line3,M303,P102,1155,1014,7.93,34
2025-01-16,Day,Line3,M304,P102,933,857,7.48,21
2025-01-16,Night,Line3,M304,P102,1074,966,7.33,12
2025-01-16,Day,Line4,M401,P104,1036,989,7.06,25
2025-01-16,Night,Line4,M401,P104,1162,1064,6.89,28
2025-01-16,Day,Line4,M402,P104,969,929,6.62,44
2025-01-16,Night,Line4,M402,P102,1008,1001,6.83,40
2025-01-16,Day,Line4,M403,P102,1038,980,7.78,38
2025-01-16,Night,Line4,M403,P104,994,941,7.24,34
2025-01-16,Day,Line4,M404,P104,932,965,7.74,22
2025-01-16,Night,Line4,M404,P102,978,903,7.02,13
2025-01-17,Day,Line1,M101,P104,1040,1019,6.9,45
2025-01-17,Night,Line1,M101,P101,1114,1108,7.82,17
2025-01-17,Day,Line1,M102,P103,892,872,7.78,20
2025-01-17,Night,Line1,M102,P103,1080,1051,7.8,42
2025-01-17,Day,Line1,M103,P102,1073,1056,7.55,15
2025-01-17,Night,Line1,M103,P102,1080,1031,7.52,32
2025-01-17,Day,Line1,M104,P101,1062,1063,6.74,13
2025-01-17,Night,Line1,M104,P104,1107,1062,7.82,33
2025-01-17,Day,Line2,M201,P102,1047,999,7.0,15
2025-01-17,Night,Line2,M201,P103,964,910,7.62,11
2025-01-17,Day,Line2,M202,P103,900,873,7.75,31
2025-01-17,Night,Line2,M202,P102,920,853,7.26,12
2025-01-17,Day,Line2,M203,P103,1091,1053,7.45,18
2025-01-17,Night,Line2,M203,P104,1079,1015,6.89,10
2025-01-17,Day,Line2,M204,P101,859,841,7.67,26
2025-01-17,Night,Line2,M204,P102,926,930,6.66,45
2025-01-17,Day,Line3,M301,P104,906,831,7.94,28
2025-01-17,Night,Line3,M301,P102,1004,941,7.01,17
2025-01-17,Day,Line3,M302,P101,972,902,6.65,36
2025-01-17,Night,Line3,M302,P104,882,789,7.91,17
2025-01-17,Day,Line3,M303,P104,1155,1035,6.95,44
2025-01-17,Night,Line3,M303,P101,1173,1050,7.56,42
2025-01-17,Day,Line3,M304,P102,923,843,7.02,28
2025-01-17,Night,Line3,M304,P104,850,738,7.43,32
2025-01-17,Day,Line4,M401,P102,1142,1077,7.64,36
2025-01-17,Night,Line4,M401,P102,1190,1132,6.54,15
2025-01-17,Day,Line4,M402,P103,884,890,7.52,43
2025-01-17,Night,Line4,M402,P101,1049,983,7.17,40
2025-01-17,Day,Line4,M403,P101,1175,1076,6.75,34
2025-01-17,Night,Line4,M403,P103,979,855,7.69,11
2025-01-17,Day,Line4,M404,P103,884,821,6.62,32
2025-01-17,Night,Line4,M404,P102,1186,1140,7.52,16
2025-01-18,Day,Line1,M101,P103,918,846,7.93,12
2025-01-18,Night,Line1,M101,P103,1129,1090,6.73,31
2025-01-18,Day,Line1,M102,P102,1200,1175,7.13,39
2025-01-18,Night,Line1,M102,P104,1173,1099,7.46,21
2025-01-18,Day,Line1,M103,P102,882,806,7.98,39
2025-01-18,Night,Line1,M103,P101,1000,919,7.11,22
2025-01-18,Day,Line1,M104,P101,952,907,6.82,12
2025-01-18,Night,Line1,M104,P103,1008,958,6.55,42
2025-01-18,Day,Line2,M201,P104,1128,1040,7.8,40
2025-01-18,Night,Line2,M201,P103,868,853,7.21,22
2025-01-18,Day,Line2,M202,P103,1032,1001,7.66,13
2025-01-18,Night,Line2,M202,P103,989,943,7.77,17
2025-01-18,Day,Line2,M203,P103,1073,1050,6.7,35
2025-01-18,Night,Line2,M203,P104,1047,1025,6.55,31
2025-01-18,Day,Line2,M204,P102,1104,1066,7.69,41
2025-01-18,Night,Line2,M204,P103,1115,1071,7.22,27
2025-01-18,Day,Line3,M301,P101,1067,949,6.8,15
2025-01-18,Night,Line3,M301,P104,1158,1093,7.24,21
2025-01-18,Day,Line3,M302,P103,1014,926,6.9,16
2025-01-18,Night,Line3,M302,P101,1017,884,7.7,28
2025-01-18,Day,Line3,M303,P103,1078,966,6.52,37
2025-01-18,Night,Line3,M303,P102,1077,897,6.61,32
2025-01-18,Day,Line3,M304,P104,871,780,7.4,32
2025-01-18,Night,Line3,M304,P104,990,809,6.94,13
2025-01-18,Day,Line4,M401,P101,1193,1173,7.67,35
2025-01-18,Night,Line4,M401,P103,1112,1059,6.56,20
2025-01-18,Day,Line4,M402,P101,923,859,6.86,38
2025-01-18,Night,Line4,M402,P101,914,857,7.98,14
2025-01-18,Day,Line4,M403,P102,1180,1132,7.43,33
2025-01-18,Night,Line4,M403,P103,1046,946,7.55,12
2025-01-18,Day,Line4,M404,P102,1197,1141,6.99,38
2025-01-18,Night,Line4,M404,P103,1040,978,7.28,38
2025-01-19,Day,Line1,M101,P101,1143,1088,6.55,18
2025-01-19,Night,Line1,M101,P103,1053,968,6.62,30
2025-01-19,Day,Line1,M102,P103,977,908,7.35,17
2025-01-19,Night,Line1,M102,P101,945,880,7.53,41
2025-01-19,Day,Line1,M103,P104,1137,1072,6.75,17
2025-01-19,Night,Line1,M103,P103,983,940,6.66,38
2025-01-19,Day,Line1,M104,P102,1163,1165,6.55,28
2025-01-19,Night,Line1,M104,P104,952,921,7.9,17
2025-01-19,Day,Line2,M201,P102,887,853,7.56,38
2025-01-19,Night,Line2,M201,P102,1077,991,7.81,15
2025-01-19,Day,Line2,M202,P103,1191,1175,7.01,32
2025-01-19,Night,Line2,M202,P101,1131,1084,7.72,44
2025-01-19,Day,Line2,M203,P103,1003,1002,7.18,20
2025-01-19,Night,Line2,M203,P102,1035,979,7.47,42
2025-01-19,Day,Line2,M204,P102,912,923,6.62,22
2025-01-19,Night,Line2,M204,P102,971,918,6.59,41
2025-01-19,Day,Line3,M301,P101,1034,920,7.81,45
2025-01-19,Night,Line3,M301,P103,1089,953,6.83,45
2025-01-19,Day,Line3,M302,P102,1163,1076,7.49,15
2025-01-19,Night,Line3,M302,P101,1008,879,7.25,35
2025-01-19,Day,Line3,M303,P104,1119,1076,6.84,36
2025-01-19,Night,Line3,M303,P104,1144,1033,7.99,14
2025-01-19,Day,Line3,M304,P102,1012,922,6.8,14
2025-01-19,Night,Line3,M304,P104,1088,972,7.52,43
2025-01-19,Day,Line4,M401,P103,915,871,7.8,45
2025-01-19,Night,Line4,M401,P102,916,815,7.59,37
2025-01-19,Day,Line4,M402,P101,913,863,7.02,43
2025-01-19,Night,Line4,M402,P102,1005,992,7.06,20
2025-01-19,Day,Line4,M403,P102,1015,981,7.16,24
2025-01-19,Night,Line4,M403,P103,1115,1083,7.59,28
2025-01-19,Day,Line4,M404,P101,978,970,7.85,22
2025-01-19,Night,Line4,M404,P103,914,858,7.13,29
2025-01-20,Day,Line1,M101,P101,1107,1084,7.87,20
2025-01-20,Night,Line1,M101,P102,937,836,6.82,31
2025-01-20,Day,Line1,M102,P101,864,867,7.6,15
2025-01-20,Night,Line1,M102,P101,1178,1156,6.7,26
2025-01-20,Day,Line1,M103,P102,1142,1113,6.77,36
2025-01-20,Night,Line1,M103,P101,1104,1046,6.86,44
2025-01-20,Day,Line1,M104,P103,1178,1129,6.87,29
2025-01-20,Night,Line1,M104,P104,975,950,7.81,35
2025-01-20,Day,Line2,M201,P103,1082,1063,7.04,14
2025-01-20,Night,Line2,M201,P101,930,794,7.39,38
2025-01-20,Day,Line2,M202,P104,1097,1041,7.95,39
2025-01-20,Night,Line2,M202,P102,1024,928,6.89,19
2025-01-20,Day,Line2,M203,P103,1013,933,7.66,32
2025-01-20,Night,Line2,M203,P104,916,892,6.7,33
2025-01-20,Day,Line2,M204,P101,1013,971,6.85,25
2025-01-20,Night,Line2,M204,P104,912,870,6.61,27
2025-01-20,Day,Line3,M301,P104,976,890,7.01,19
2025-01-20,Night,Line3,M301,P101,875,745,7.74,28
2025-01-20,Day,Line3,M302,P104,1165,1005,7.43,36
2025-01-20,Night,Line3,M302,P102,931,816,7.56,30
2025-01-20,Day,Line3,M303,P103,947,851,6.56,20
2025-01-20,Night,Line3,M303,P104,1113,978,7.6,39
2025-01-20,Day,Line3,M304,P104,1007,906,7.77,41
2025-01-20,Night,Line3,M304,P101,896,853,7.71,35
2025-01-20,Day,Line4,M401,P104,973,964,6.81,23
2025-01-20,Night,Line4,M401,P103,874,827,6.67,13
2025-01-20,Day,Line4,M402,P103,1103,1056,7.3,40
2025-01-20,Night,Line4,M402,P103,1124,1055,7.9,10
2025-01-20,Day,Line4,M403,P101,1070,1050,6.97,18
2025-01-20,Night,Line4,M403,P103,1037,972,7.26,35
2025-01-20,Day,Line4,M404,P103,873,862,7.18,35
2025-01-20,Night,Line4,M404,P101,1141,1084,7.27,45
2025-01-21,Day,Line1,M101,P102,1035,1058,6.71,45
2025-01-21,Night,Line1,M101,P103,887,830,6.54,34
2025-01-21,Day,Line1,M102,P104,1131,1123,6.8,27
2025-01-21,Night,Line1,M102,P101,915,831,7.51,16
2025-01-21,Day,Line1,M103,P104,1041,979,7.8,31
2025-01-21,Night,Line1,M103,P103,923,920,6.77,22
2025-01-21,Day,Line1,M104,P104,1106,1090,7.92,12
2025-01-21,Night,Line1,M104,P101,869,829,7.52,18
2025-01-21,Day,Line2,M201,P103,1092,1127,7.8,43
2025-01-21,Night,Line2,M201,P104,926,868,7.36,42
2025-01-21,Day,Line2,M202,P102,1017,1010,6.82,30
2025-01-21,Night,Line2,M202,P102,1051,1025,7.49,29
2025-01-21,Day,Line2,M203,P103,1109,1118,6.66,42
2025-01-21,Night,Line2,M203,P104,1138,1030,7.49,29
2025-01-21,Day,Line2,M204,P104,858,822,7.81,33
2025-01-21,Night,Line2,M204,P103,1194,1134,7.67,17
2025-01-21,Day,Line3,M301,P104,1148,1100,7.82,29
2025-01-21,Night,Line3,M301,P101,1155,1043,7.11,40
2025-01-21,Day,Line3,M302,P103,1185,1120,7.71,24
2025-01-21,Night,Line3,M302,P101,1148,979,7.64,40
2025-01-21,Day,Line3,M303,P102,1118,1007,7.73,34
2025-01-21,Night,Line3,M303,P102,1198,1115,6.68,25
2025-01-21,Day,Line3,M304,P101,1143,1034,6.99,17
2025-01-21,Night,Line3,M304,P102,859,764,7.05,38
2025-01-21,Day,Line4,M401,P103,1064,1072,7.08,19
2025-01-21,Night,Line4,M401,P104,954,872,7.17,36
2025-01-21,Day,Line4,M402,P104,881,828,6.84,18
2025-01-21,Night,Line4,M402,P102,1137,1023,6.61,30
2025-01-21,Day,Line4,M403,P104,1119,1129,7.43,34
2025-01-21,Night,Line4,M403,P103,938,910,7.2,39
2025-01-21,Day,Line4,M404,P103,1129,1117,7.28,32
2025-01-21,Night,Line4,M404,P103,1162,1080,7.22,40
2025-01-22,Day,Line1,M101,P102,976,896,7.37,27
2025-01-22,Night,Line1,M101,P103,965,859,7.3,29
2025-01-22,Day,Line1,M102,P103,956,957,7.72,41
2025-01-22,Night,Line1,M102,P103,1095,1047,7.58,32
2025-01-22,Day,Line1,M103,P103,997,979,6.87,17
2025-01-22,Night,Line1,M103,P104,1052,997,7.89,32
2025-01-22,Day,Line1,M104,P102,998,935,7.23,12
2025-01-22,Night,Line1,M104,P103,890,829,6.89,32
2025-01-22,Day,Line2,M201,P104,1185,1102,7.7,26
2025-01-22,Night,Line2,M201,P104,959,869,7.31,22
2025-01-22,Day,Line2,M202,P103,1137,1122,7.57,27
2025-01-22,Night,Line2,M202,P102,905,808,6.91,25
2025-01-22,Day,Line2,M203,P102,875,814,6.77,43
2025-01-22,Night,Line2,M203,P102,1176,1097,7.52,24
2025-01-22,Day,Line2,M204,P101,901,867,7.56,36
2025-01-22,Night,Line2,M204,P103,1091,981,6.66,16
2025-01-22,Day,Line3,M301,P102,852,734,7.94,45
2025-01-22,Night,Line3,M301,P102,1058,955,7.23,40
2025-01-22,Day,Line3,M302,P104,1183,1084,6.57,22
2025-01-22,Night,Line3,M302,P103,1014,943,7.45,28
2025-01-22,Day,Line3,M303,P101,895,817,7.73,24
2025-01-22,Night,Line3,M303,P101,939,851,7.83,36
2025-01-22,Day,Line3,M304,P102,868,771,7.42,35
2025-01-22,Night,Line3,M304,P104,945,822,7.12,28
2025-01-22,Day,Line4,M401,P101,854,787,7.67,29
2025-01-22,Night,Line4,M401,P101,1021,938,6.91,28
2025-01-22,Day,Line4,M402,P104,1178,1120,7.5,44
2025-01-22,Night,Line4,M402,P104,918,897,6.64,42
2025-01-22,Day,Line4,M403,P104,989,924,7.38,22
2025-01-22,Night,Line4,M403,P101,1019,1023,6.75,20
2025-01-22,Day,Line4,M404,P104,1181,1156,6.83,26
2025-01-22,Night,Line4,M404,P102,857,816,6.64,31
2025-01-23,Day,Line1,M101,P103,1140,1095,7.41,22
2025-01-23,Night,Line1,M101,P102,1162,1087,7.32,35
2025-01-23,Day,Line1,M102,P104,1113,1049,7.39,30
2025-01-23,Night,Line1,M102,P101,1055,948,7.25,16
2025-01-23,Day,Line1,M103,P102,921,861,7.14,40
2025-01-23,Night,Line1,M103,P103,977,966,7.58,10
2025-01-23,Day,Line1,M104,P103,1046,1022,6.91,25
2025-01-23,Night,Line1,M104,P104,986,975,6.62,31
2025-01-23,Day,Line2,M201,P103,1148,1082,6.84,10
2025-01-23,Night,Line2,M201,P103,1184,1076,7.03,33
2025-01-23,Day,Line2,M202,P102,881,846,6.6,17
2025-01-23,Night,Line2,M202,P104,1007,923,7.7,20
2025-01-23,Day,Line2,M203,P104,1107,1070,7.82,29
2025-01-23,Night,Line2,M203,P101,1177,1051,7.48,28
2025-01-23,Day,Line2,M204,P103,1164,1047,7.0,24
2025-01-23,Night,Line2,M204,P102,918,873,7.5,40
2025-01-23,Day,Line3,M301,P102,1082,1038,7.2,33
2025-01-23,Night,Line3,M301,P104,1131,1020,6.59,40
2025-01-23,Day,Line3,M302,P102,976,904,6.76,15
2025-01-23,Night,Line3,M302,P104,1120,999,7.54,33
2025-01-23,Day,Line3,M303,P101,1138,1041,6.65,17
2025-01-23,Night,Line3,M303,P101,1130,957,7.18,42
2025-01-23,Day,Line3,M304,P102,1143,1014,7.5,44
2025-01-23,Night,Line3,M304,P102,934,865,7.69,30
2025-01-23,Day,Line4,M401,P104,909,842,7.99,23
2025-01-23,Night,Line4,M401,P104,896,833,7.89,42
2025-01-23,Day,Line4,M402,P104,878,874,7.28,39
2025-01-23,Night,Line4,M402,P102,1112,1050,7.44,36
2025-01-23,Day,Line4,M403,P104,1138,1099,6.69,13
2025-01-23,Night,Line4,M403,P104,1194,1111,7.74,29
2025-01-23,Day,Line4,M404,P101,1052,1032,6.55,26
2025-01-23,Night,Line4,M404,P101,961,930,6.95,14
2025-01-24,Day,Line1,M101,P101,1066,998,6.63,32
2025-01-24,Night,Line1,M101,P101,1127,1014,7.91,13
2025-01-24,Day,Line1,M102,P101,1091,987,7.1,12
2025-01-24,Night,Line1,M102,P103,1059,1011,7.17,21
2025-01-24,Day,Line1,M103,P102,1178,1144,7.88,36
2025-01-24,Night,Line1,M103,P103,1045,1060,7.25,38
2025-01-24,Day,Line1,M104,P104,1042,1002,7.07,15
2025-01-24,Night,Line1,M104,P102,1184,1109,7.82,32
2025-01-24,Day,Line2,M201,P101,941,910,7.69,44
2025-01-24,Night,Line2,M201,P104,1120,1063,6.96,18
2025-01-24,Day,Line2,M202,P102,851,812,6.76,11
2025-01-24,Night,Line2,M202,P103,1087,997,7.54,44
2025-01-24,Day,Line2,M203,P104,1122,1078,7.46,34
2025-01-24,Night,Line2,M203,P102,976,917,7.73,39
2025-01-24,Day,Line2,M204,P103,929,891,7.41,27
2025-01-24,Night,Line2,M204,P102,907,874,7.65,12
2025-01-24,Day,Line3,M301,P104,1164,1059,7.1,11
2025-01-24,Night,Line3,M301,P102,955,812,6.72,14
2025-01-24,Day,Line3,M302,P101,1154,1029,6.54,12
2025-01-24,Night,Line3,M302,P104,1156,1022,6.7,13
2025-01-24,Day,Line3,M303,P102,872,795,7.95,35
2025-01-24,Night,Line3,M303,P104,969,877,7.15,44
2025-01-24,Day,Line3,M304,P102,878,800,7.16,18
2025-01-24,Night,Line3,M304,P103,969,804,6.66,30
2025-01-24,Day,Line4,M401,P103,971,896,7.43,29
2025-01-24,Night,Line4,M401,P102,1188,1138,7.48,43
2025-01-24,Day,Line4,M402,P102,1061,1011,6.59,29
2025-01-24,Night,Line4,M402,P103,881,867,7.99,45
2025-01-24,Day,Line4,M403,P102,1170,1128,7.98,37
2025-01-24,Night,Line4,M403,P104,874,812,6.86,32
2025-01-24,Day,Line4,M404,P104,1118,1052,7.54,30
2025-01-24,Night,Line4,M404,P104,1059,985,6.59,19
2025-01-25,Day,Line1,M101,P103,1042,1005,7.72,21
2025-01-25,Night,Line1,M101,P104,973,914,7.42,24
2025-01-25,Day,Line1,M102,P103,923,912,7.29,39
2025-01-25,Night,Line1,M102,P101,1137,1018,7.14,36
2025-01-25,Day,Line1,M103,P104,1135,1043,7.05,43
2025-01-25,Night,Line1,M103,P102,1048,978,7.12,25
2025-01-25,Day,Line1,M104,P103,954,931,7.65,31
2025-01-25,Night,Line1,M104,P101,1080,1039,6.52,33
2025-01-25,Day,Line2,M201,P101,1124,1059,6.53,22
2025-01-25,Night,Line2,M201,P101,987,851,6.89,34
2025-01-25,Day,Line2,M202,P101,887,836,7.3,22
2025-01-25,Night,Line2,M202,P102,1095,1042,6.82,23
2025-01-25,Day,Line2,M203,P103,1005,964,6.66,10
2025-01-25,Night,Line2,M203,P102,947,906,7.32,17
2025-01-25,Day,Line2,M204,P104,974,970,6.65,23
2025-01-25,Night,Line2,M204,P104,972,909,7.23,45
2025-01-25,Day,Line3,M301,P103,994,891,7.61,34
2025-01-25,Night,Line3,M301,P104,1123,969,7.21,32
2025-01-25,Day,Line3,M302,P103,983,854,7.19,33
2025-01-25,Night,Line3,M302,P104,1088,915,7.68,16
2025-01-25,Day,Line3,M303,P104,1013,901,7.53,23
2025-01-25,Night,Line3,M303,P103,1010,930,7.16,36
2025-01-25,Day,Line3,M304,P101,1138,1058,6.56,24
2025-01-25,Night,Line3,M304,P102,858,751,7.85,26
2025-01-25,Day,Line4,M401,P104,1001,1025,7.49,19
2025-01-25,Night,Line4,M401,P102,1018,938,7.84,24
2025-01-25,Day,Line4,M402,P104,1141,1139,6.6,25
2025-01-25,Night,Line4,M402,P104,1131,1116,7.28,31
2025-01-25,Day,Line4,M403,P103,1100,1071,7.27,41
2025-01-25,Night,Line4,M403,P104,936,860,7.52,32
2025-01-25,Day,Line4,M404,P102,921,874,6.61,44
2025-01-25,Night,Line4,M404,P104,944,892,6.52,44
2025-01-26,Day,Line1,M101,P101,1118,1028,7.02,12
2025-01-26,Night,Line1,M101,P101,1192,1085,7.66,13
2025-01-26,Day,Line1,M102,P101,1061,985,6.76,18
2025-01-26,Night,Line1,M102,P102,884,845,6.65,19
2025-01-26,Day,Line1,M103,P101,961,956,6.9,42
2025-01-26,Night,Line1,M103,P104,1041,1000,6.53,13
2025-01-26,Day,Line1,M104,P104,1187,1174,7.44,41
2025-01-26,Night,Line1,M104,P101,853,782,7.07,44
2025-01-26,Day,Line2,M201,P104,856,813,7.42,11
2025-01-26,Night,Line2,M201,P103,1124,1048,7.66,28
2025-01-26,Day,Line2,M202,P101,1107,1077,6.56,37
2025-01-26,Night,Line2,M202,P102,904,908,7.95,16
2025-01-26,Day,Line2,M203,P102,973,915,7.97,22
2025-01-26,Night,Line2,M203,P103,1031,997,7.4,27
2025-01-26,Day,Line2,M204,P104,890,895,7.72,33
2025-01-26,Night,Line2,M204,P104,1085,1036,7.48,25
2025-01-26,Day,Line3,M301,P102,1003,901,7.89,15
2025-01-26,Night,Line3,M301,P101,897,775,6.84,35
2025-01-26,Day,Line3,M302,P104,1043,916,7.16,45
2025-01-26,Night,Line3,M302,P104,878,729,7.42,10
2025-01-26,Day,Line3,M303,P102,892,805,7.83,41
2025-01-26,Night,Line3,M303,P104,1180,1040,7.47,31
2025-01-26,Day,Line3,M304,P101,1120,1048,7.79,12
2025-01-26,Night,Line3,M304,P102,958,835,7.77,40
2025-01-26,Day,Line4,M401,P103,873,833,7.63,14
2025-01-26,Night,Line4,M401,P103,1128,1069,7.19,12
2025-01-26,Day,Line4,M402,P102,1011,985,7.66,11
2025-01-26,Night,Line4,M402,P102,1150,1106,7.48,19
2025-01-26,Day,Line4,M403,P104,889,858,7.98,29
2025-01-26,Night,Line4,M403,P102,1138,1025,7.91,25
2025-01-26,Day,Line4,M404,P104,1196,1162,7.73,44
2025-01-26,Night,Line4,M404,P103,1046,962,6.82,18
2025-01-27,Day,Line1,M101,P101,1106,1102,7.6,32
2025-01-27,Night,Line1,M101,P101,900,846,7.31,37
2025-01-27,Day,Line1,M102,P102,888,858,6.95,31
2025-01-27,Night,Line1,M102,P104,1017,1035,7.35,11
2025-01-27,Day,Line1,M103,P103,1080,1061,7.45,41
2025-01-27,Night,Line1,M103,P102,1032,981,7.64,45
2025-01-27,Day,Line1,M104,P104,1071,1023,6.51,21
2025-01-27,Night,Line1,M104,P104,893,806,6.87,28
2025-01-27,Day,Line2,M201,P102,887,845,7.7,15
2025-01-27,Night,Line2,M201,P103,928,848,6.81,34
2025-01-27,Day,Line2,M202,P102,1049,1059,7.42,30
2025-01-27,Night,Line2,M202,P103,904,860,6.78,15
2025-01-27,Day,Line2,M203,P101,1007,1002,7.33,38
2025-01-27,Night,Line2,M203,P103,988,910,6.51,16
2025-01-27,Day,Line2,M204,P102,894,837,7.94,21
2025-01-27,Night,Line2,M204,P104,1079,1035,7.05,45
2025-01-27,Day,Line3,M301,P104,902,796,6.96,11
2025-01-27,Night,Line3,M301,P101,1031,904,7.81,45
2025-01-27,Day,Line3,M302,P101,1155,1110,7.83,30
2025-01-27,Night,Line3,M302,P104,856,751,7.39,28
2025-01-27,Day,Line3,M303,P104,1048,909,7.54,15
2025-01-27,Night,Line3,M303,P102,1142,956,6.5,43
2025-01-27,Day,Line3,M304,P102,1200,1037,7.69,34
2025-01-27,Night,Line3,M304,P102,921,854,6.64,27
2025-01-27,Day,Line4,M401,P103,987,931,7.46,41
2025-01-27,Night,Line4,M401,P102,882,896,6.6,20
2025-01-27,Day,Line4,M402,P104,991,997,7.34,36
2025-01-27,Night,Line4,M402,P103,1097,1097,7.41,14
2025-01-27,Day,Line4,M403,P103,978,968,6.9,25
2025-01-27,Night,Line4,M403,P104,1154,1105,7.74,22
2025-01-27,Day,Line4,M404,P104,904,845,6.59,18
2025-01-27,Night,Line4,M404,P103,853,801,7.0,35
2025-01-28,Day,Line1,M101,P103,1167,1144,7.68,34
2025-01-28,Night,Line1,M101,P103,1075,1041,7.28,31
2025-01-28,Day,Line1,M102,P104,1183,1095,6.99,18
2025-01-28,Night,Line1,M102,P103,1014,947,7.15,22
2025-01-28,Day,Line1,M103,P104,1010,967,7.4,21
2025-01-28,Night,Line1,M103,P104,1013,948,7.6,28
2025-01-28,Day,Line1,M104,P104,1144,1063,7.45,25
2025-01-28,Night,Line1,M104,P103,1042,1037,7.68,27
2025-01-28,Day,Line2,M201,P104,1036,987,7.76,17
2025-01-28,Night,Line2,M201,P102,1153,1050,7.08,44
2025-01-28,Day,Line2,M202,P102,1199,1218,6.78,45
2025-01-28,Night,Line2,M202,P101,1086,1071,7.04,23
2025-01-28,Day,Line2,M203,P104,999,963,6.95,14
2025-01-28,Night,Line2,M203,P104,1194,1059,7.91,41
2025-01-28,Day,Line2,M204,P102,1174,1110,7.81,29
2025-01-28,Night,Line2,M204,P102,979,873,7.76,19
2025-01-28,Day,Line3,M301,P104,1043,965,7.19,14
2025-01-28,Night,Line3,M301,P104,1156,1010,7.22,40
2025-01-28,Day,Line3,M302,P104,1123,1021,7.16,42
2025-01-28,Night,Line3,M302,P104,1128,1063,7.59,12
2025-01-28,Day,Line3,M303,P103,1124,1002,7.42,15
2025-01-28,Night,Line3,M303,P101,977,883,6.7,32
2025-01-28,Day,Line3,M304,P102,1181,1101,7.93,12
2025-01-28,Night,Line3,M304,P104,1019,944,6.6,37
2025-01-28,Day,Line4,M401,P101,855,818,6.89,16
2025-01-28,Night,Line4,M401,P103,963,899,6.87,42
2025-01-28,Day,Line4,M402,P102,1078,1027,6.91,33
2025-01-28,Night,Line4,M402,P104,1087,1033,7.64,42
2025-01-28,Day,Line4,M403,P102,1026,1030,6.6,11
2025-01-28,Night,Line4,M403,P104,903,841,7.23,28
2025-01-28,Day,Line4,M404,P104,893,792,7.02,17
2025-01-28,Night,Line4,M404,P102,1028,993,7.85,29
2025-01-29,Day,Line1,M101,P103,1083,1041,7.91,23
2025-01-29,Night,Line1,M101,P104,1028,982,6.58,40
2025-01-29,Day,Line1,M102,P101,1074,980,7.6,38
2025-01-29,Night,Line1,M102,P103,884,816,7.97,29
2025-01-29,Day,Line1,M103,P101,908,893,6.8,11
2025-01-29,Night,Line1,M103,P103,1181,1065,7.35,16
2025-01-29,Day,Line1,M104,P102,974,948,7.41,43
2025-01-29,Night,Line1,M104,P102,1132,1062,7.02,20
2025-01-29,Day,Line2,M201,P103,1136,1065,7.78,37
2025-01-29,Night,Line2,M201,P104,968,886,7.34,35
2025-01-29,Day,Line2,M202,P102,945,878,7.79,37
2025-01-29,Night,Line2,M202,P104,864,813,7.58,22
2025-01-29,Day,Line2,M203,P104,1153,1112,7.32,37
2025-01-29,Night,Line2,M203,P104,852,791,6.62,23
2025-01-29,Day,Line2,M204,P102,992,920,6.75,14
2025-01-29,Night,Line2,M204,P101,1124,958,7.92,21
2025-01-29,Day,Line3,M301,P103,1016,937,7.19,22
2025-01-29,Night,Line3,M301,P104,908,832,7.12,26
2025-01-29,Day,Line3,M302,P104,1120,1040,6.59,30
2025-01-29,Night,Line3,M302,P104,1162,1105,7.27,35
2025-01-29,Day,Line3,M303,P101,1028,929,6.58,32
2025-01-29,Night,Line3,M303,P104,1166,1085,7.68,21
2025-01-29,Day,Line3,M304,P103,1164,1036,6.75,15
2025-01-29,Night,Line3,M304,P102,1010,874,7.0,17
2025-01-29,Day,Line4,M401,P102,1006,969,6.81,17
2025-01-29,Night,Line4,M401,P102,1041,1029,7.82,19
2025-01-29,Day,Line4,M402,P104,1064,1012,7.98,18
2025-01-29,Night,Line4,M402,P104,1066,952,7.66,21
2025-01-29,Day,Line4,M403,P104,1175,1159,7.31,44
2025-01-29,Night,Line4,M403,P102,1134,1063,7.25,20
2025-01-29,Day,Line4,M404,P104,997,966,7.73,18
2025-01-29,Night,Line4,M404,P102,1011,927,7.07,38
2025-01-30,Day,Line1,M101,P101,1033,995,6.93,10
2025-01-30,Night,Line1,M101,P104,919,824,7.69,22
2025-01-30,Day,Line1,M102,P104,1137,1155,7.7,42
2025-01-30,Night,Line1,M102,P104,1059,1029,7.09,41
2025-01-30,Day,Line1,M103,P104,1077,1036,6.74,41
2025-01-30,Night,Line1,M103,P102,892,861,7.54,11
2025-01-30,Day,Line1,M104,P102,999,939,7.79,12
2025-01-30,Night,Line1,M104,P103,965,936,7.86,44
2025-01-30,Day,Line2,M201,P103,936,889,6.78,39
2025-01-30,Night,Line2,M201,P104,1131,1049,7.84,42
2025-01-30,Day,Line2,M202,P101,1143,1064,7.16,17
2025-01-30,Night,Line2,M202,P103,1128,1074,7.42,33
2025-01-30,Day,Line2,M203,P101,1075,1032,7.95,44
2025-01-30,Night,Line2,M203,P102,1067,1048,7.13,16
2025-01-30,Day,Line2,M204,P102,1002,929,7.82,12
2025-01-30,Night,Line2,M204,P104,984,937,7.14,32
2025-01-30,Day,Line3,M301,P101,1074,1015,7.58,17
2025-01-30,Night,Line3,M301,P102,957,926,7.84,32
2025-01-30,Day,Line3,M302,P104,934,855,6.78,18
2025-01-30,Night,Line3,M302,P102,955,839,7.79,13
2025-01-30,Day,Line3,M303,P103,1122,1026,7.57,27
2025-01-30,Night,Line3,M303,P102,1015,943,6.97,28
2025-01-30,Day,Line3,M304,P103,1143,1085,7.19,27
2025-01-30,Night,Line3,M304,P101,919,814,7.04,36
2025-01-30,Day,Line4,M401,P101,991,989,7.0,18
2025-01-30,Night,Line4,M401,P102,977,917,6.76,19
2025-01-30,Day,Line4,M402,P103,976,961,6.65,35
2025-01-30,Night,Line4,M402,P104,922,881,6.86,27
2025-01-30,Day,Line4,M403,P104,1042,988,7.18,38
2025-01-30,Night,Line4,M403,P101,1174,1071,7.62,15
2025-01-30,Day,Line4,M404,P104,1113,1109,7.03,27
2025-01-30,Night,Line4,M404,P103,1082,1066,7.76,41
2025-01-31,Day,Line1,M101,P103,1147,1115,7.45,10
2025-01-31,Night,Line1,M101,P101,1084,1018,6.69,32
2025-01-31,Day,Line1,M102,P101,1123,1038,7.53,35
2025-01-31,Night,Line1,M102,P102,1069,1042,6.6,23
2025-01-31,Day,Line1,M103,P104,987,955,6.84,30
2025-01-31,Night,Line1,M103,P103,1022,952,7.76,45
2025-01-31,Day,Line1,M104,P102,1139,1123,7.54,41
2025-01-31,Night,Line1,M104,P103,1199,1078,7.27,13
2025-01-31,Day,Line2,M201,P101,900,836,6.55,39
2025-01-31,Night,Line2,M201,P101,913,839,6.96,20
2025-01-31,Day,Line2,M202,P104,1083,1056,7.81,10
2025-01-31,Night,Line2,M202,P104,953,900,7.65,18
2025-01-31,Day,Line2,M203,P103,931,911,6.89,27
2025-01-31,Night,Line2,M203,P101,1185,1153,7.86,33
2025-01-31,Day,Line2,M204,P103,892,874,6.67,33
2025-01-31,Night,Line2,M204,P102,876,873,7.17,35
2025-01-31,Day,Line3,M301,P103,969,913,7.32,37
2025-01-31,Night,Line3,M301,P101,898,795,7.07,10
2025-01-31,Day,Line3,M302,P102,1094,977,7.61,14
2025-01-31,Night,Line3,M302,P102,1153,1023,7.88,24
2025-01-31,Day,Line3,M303,P104,854,795,6.94,10
2025-01-31,Night,Line3,M303,P103,911,798,7.87,37
2025-01-31,Day,Line3,M304,P102,1094,1019,6.53,14
2025-01-31,Night,Line3,M304,P102,1046,950,7.94,15
2025-01-31,Day,Line4,M401,P101,902,840,7.74,30
2025-01-31,Night,Line4,M401,P103,1003,975,6.92,18
2025-01-31,Day,Line4,M402,P104,918,891,6.64,19
2025-01-31,Night,Line4,M402,P101,1121,1115,6.86,10
2025-01-31,Day,Line4,M403,P102,1075,1031,6.95,32
2025-01-31,Night,Line4,M403,P102,1171,1090,7.4,19
2025-01-31,Day,Line4,M404,P104,1165,1081,7.61,38
2025-01-31,Night,Line4,M404,P102,894,811,6.57,16
2025-02-01,Day,Line1,M101,P102,913,902,7.84,34
2025-02-01,Night,Line1,M101,P103,1069,1059,6.78,30
2025-02-01,Day,Line1,M102,P102,976,933,7.69,27
2025-02-01,Night,Line1,M102,P101,977,913,6.55,45
2025-02-01,Day,Line1,M103,P103,863,830,6.6,29
2025-02-01,Night,Line1,M103,P102,1115,1086,7.75,42
2025-02-01,Day,Line1,M104,P102,1050,978,6.64,28
2025-02-01,Night,Line1,M104,P101,972,920,7.86,41
2025-02-01,Day,Line2,M201,P104,907,897,7.82,25
2025-02-01,Night,Line2,M201,P104,1176,1123,7.36,14
2025-02-01,Day,Line2,M202,P101,1034,908,6.98,30
2025-02-01,Night,Line2,M202,P102,1048,1006,7.15,36
2025-02-01,Day,Line2,M203,P103,1129,1101,7.84,21
2025-02-01,Night,Line2,M203,P104,887,870,7.17,11
2025-02-01,Day,Line2,M204,P101,857,864,7.39,26
2025-02-01,Night,Line2,M204,P102,870,852,7.55,13
2025-02-01,Day,Line3,M301,P104,1109,1011,6.66,28
2025-02-01,Night,Line3,M301,P104,1066,897,7.08,35
2025-02-01,Day,Line3,M302,P101,1177,1147,7.93,44
2025-02-01,Night,Line3,M302,P102,992,877,7.4,15
2025-02-01,Day,Line3,M303,P103,890,811,7.45,42
2025-02-01,Night,Line3,M303,P102,929,874,6.61,44
2025-02-01,Day,Line3,M304,P103,1050,932,7.21,14
2025-02-01,Night,Line3,M304,P103,1073,912,6.57,25
2025-02-01,Day,Line4,M401,P101,975,923,7.96,15
2025-02-01,Night,Line4,M401,P104,909,835,7.0,39
2025-02-01,Day,Line4,M402,P101,1008,925,7.42,21
2025-02-01,Night,Line4,M402,P101,856,802,6.92,18
2025-02-01,Day,Line4,M403,P101,933,897,6.51,41
2025-02-01,Night,Line4,M403,P103,1117,1001,6.51,43
2025-02-01,Day,Line4,M404,P103,935,888,7.7,33
2025-02-01,Night,Line4,M404,P102,987,905,7.36,17
2025-02-02,Day,Line1,M101,P101,1021,922,7.9,37
2025-02-02,Night,Line1,M101,P103,1118,1054,7.1,14
2025-02-02,Day,Line1,M102,P103,1145,1106,6.67,14
2025-02-02,Night,Line1,M102,P104,1083,993,7.02,42
2025-02-02,Day,Line1,M103,P103,878,871,7.24,41
2025-02-02,Night,Line1,M103,P102,1038,976,7.55,20
2025-02-02,Day,Line1,M104,P103,902,846,7.13,17
2025-02-02,Night,Line1,M104,P102,1110,992,7.12,10
2025-02-02,Day,Line2,M201,P101,856,828,7.41,25
2025-02-02,Night,Line2,M201,P101,1091,1042,6.96,33
2025-02-02,Day,Line2,M202,P104,926,875,6.89,21
2025-02-02,Night,Line2,M202,P101,1133,1070,6.59,36
2025-02-02,Day,Line2,M203,P102,1014,1022,6.67,25
2025-02-02,Night,Line2,M203,P104,1013,979,7.08,27
2025-02-02,Day,Line2,M204,P101,1142,1022,6.68,33
2025-02-02,Night,Line2,M204,P101,1107,1016,7.13,13
2025-02-02,Day,Line3,M301,P102,964,873,6.62,43
2025-02-02,Night,Line3,M301,P101,1055,941,7.03,14
2025-02-02,Day,Line3,M302,P104,994,909,7.52,29
2025-02-02,Night,Line3,M302,P103,894,807,7.04,45
2025-02-02,Day,Line3,M303,P104,854,774,7.45,33
2025-02-02,Night,Line3,M303,P102,999,889,7.87,29
2025-02-02,Day,Line3,M304,P102,1087,1020,7.59,33
2025-02-02,Night,Line3,M304,P104,950,853,6.68,44
2025-02-02,Day,Line4,M401,P102,927,858,6.52,10
2025-02-02,Night,Line4,M401,P104,862,813,7.13,24
2025-02-02,Day,Line4,M402,P103,1175,1123,7.37,10
2025-02-02,Night,Line4,M402,P103,850,751,6.57,34
2025-02-02,Day,Line4,M403,P103,903,871,7.01,23
2025-02-02,Night,Line4,M403,P102,1064,967,7.59,41
2025-02-02,Day,Line4,M404,P101,922,911,7.54,27
2025-02-02,Night,Line4,M404,P101,872,830,7.14,24
2025-02-03,Day,Line1,M101,P104,1040,961,6.96,39
2025-02-03,Night,Line1,M101,P101,1147,1109,7.68,16
2025-02-03,Day,Line1,M102,P102,1176,1178,7.73,35
2025-02-03,Night,Line1,M102,P101,1153,1075,7.79,13
2025-02-03,Day,Line1,M103,P104,1189,1136,6.98,18
2025-02-03,Night,Line1,M103,P102,999,963,7.37,26
2025-02-03,Day,Line1,M104,P103,1051,1050,7.56,30
2025-02-03,Night,Line1,M104,P103,1081,962,7.53,27
2025-02-03,Day,Line2,M201,P102,888,823,7.15,22
2025-02-03,Night,Line2,M201,P102,1149,1065,6.71,16
2025-02-03,Day,Line2,M202,P102,904,859,6.73,20
2025-02-03,Night,Line2,M202,P104,1088,1048,6.54,30
2025-02-03,Day,Line2,M203,P104,911,910,7.01,44
2025-02-03,Night,Line2,M203,P103,956,938,6.61,38
2025-02-03,Day,Line2,M204,P103,1087,988,7.52,26
2025-02-03,Night,Line2,M204,P101,896,820,7.41,20
2025-02-03,Day,Line3,M301,P103,1158,1010,7.98,12
2025-02-03,Night,Line3,M301,P102,1017,887,7.18,19
2025-02-03,Day,Line3,M302,P101,977,865,7.23,32
2025-02-03,Night,Line3,M302,P104,1112,1003,6.54,13
2025-02-03,Day,Line3,M303,P103,983,910,7.08,21
2025-02-03,Night,Line3,M303,P101,1057,940,6.56,38
2025-02-03,Day,Line3,M304,P102,898,814,6.74,39
2025-02-03,Night,Line3,M304,P101,921,809,6.54,17
2025-02-03,Day,Line4,M401,P101,881,838,6.93,24
2025-02-03,Night,Line4,M401,P102,951,939,7.85,35
2025-02-03,Day,Line4,M402,P103,1172,1149,7.4,15
2025-02-03,Night,Line4,M402,P103,888,825,7.74,11
2025-02-03,Day,Line4,M403,P101,951,909,7.08,38
2025-02-03,Night,Line4,M403,P102,897,855,7.01,31
2025-02-03,Day,Line4,M404,P101,871,804,7.33,39
2025-02-03,Night,Line4,M404,P101,936,883,7.31,37
2025-02-04,Day,Line1,M101,P104,1104,1080,7.16,11
2025-02-04,Night,Line1,M101,P104,1199,1145,6.95,37
2025-02-04,Day,Line1,M102,P102,1031,965,6.59,23
2025-02-04,Night,Line1,M102,P102,990,912,7.01,27
2025-02-04,Day,Line1,M103,P104,926,833,7.37,12
2025-02-04,Night,Line1,M103,P102,1181,1136,6.71,28
2025-02-04,Day,Line1,M104,P104,1060,1083,7.23,45
2025-02-04,Night,Line1,M104,P104,881,803,7.1,15
2025-02-04,Day,Line2,M201,P103,1046,1038,7.43,18
2025-02-04,Night,Line2,M201,P104,952,950,6.8,43
2025-02-04,Day,Line2,M202,P102,1172,1108,7.21,44
2025-02-04,Night,Line2,M202,P101,1045,978,7.31,32
2025-02-04,Day,Line2,M203,P104,1128,1091,7.3,41
2025-02-04,Night,Line2,M203,P103,1139,1086,7.8,42
2025-02-04,Day,Line2,M204,P103,1048,1015,6.69,27
2025-02-04,Night,Line2,M204,P102,863,801,7.69,30
2025-02-04,Day,Line3,M301,P102,865,803,7.92,27
2025-02-04,Night,Line3,M301,P101,1091,958,6.72,43
2025-02-04,Day,Line3,M302,P103,1149,1058,7.23,24
2025-02-04,Night,Line3,M302,P102,901,801,7.8,25
2025-02-04,Day,Line3,M303,P102,986,844,6.93,44
2025-02-04,Night,Line3,M303,P101,962,892,6.8,34
2025-02-04,Day,Line3,M304,P103,938,836,7.27,21
2025-02-04,Night,Line3,M304,P102,1153,1073,7.24,30
2025-02-04,Day,Line4,M401,P103,1152,1142,7.97,11
2025-02-04,Night,Line4,M401,P103,1140,1079,7.11,19
2025-02-04,Day,Line4,M402,P102,1102,1075,7.36,44
2025-02-04,Night,Line4,M402,P103,939,900,7.93,41
2025-02-04,Day,Line4,M403,P101,896,854,7.78,13
2025-02-04,Night,Line4,M403,P102,1158,1083,7.16,24
2025-02-04,Day,Line4,M404,P101,1119,1094,7.44,40
2025-02-04,Night,Line4,M404,P101,1019,867,7.89,22
2025-02-05,Day,Line1,M101,P102,1024,982,7.53,21
2025-02-05,Night,Line1,M101,P103,880,816,7.58,11
2025-02-05,Day,Line1,M102,P102,1150,1077,6.95,19
2025-02-05,Night,Line1,M102,P101,1119,1065,7.04,33
2025-02-05,Day,Line1,M103,P101,1041,979,6.82,35
2025-02-05,Night,Line1,M103,P101,1022,987,7.94,29
2025-02-05,Day,Line1,M104,P103,919,908,6.94,20
2025-02-05,Night,Line1,M104,P104,1177,1124,6.52,41
2025-02-05,Day,Line2,M201,P103,939,921,7.61,45
2025-02-05,Night,Line2,M201,P103,964,921,6.71,21
2025-02-05,Day,Line2,M202,P104,1007,990,7.49,28
2025-02-05,Night,Line2,M202,P102,940,904,7.65,10
2025-02-05,Day,Line2,M203,P104,1140,1106,6.63,12
2025-02-05,Night,Line2,M203,P102,1158,1125,7.23,30
2025-02-05,Day,Line2,M204,P102,1177,1124,7.11,16
2025-02-05,Night,Line2,M204,P104,922,846,6.6,31
2025-02-05,Day,Line3,M301,P101,971,860,7.71,32
2025-02-05,Night,Line3,M301,P103,935,823,7.92,15
2025-02-05,Day,Line3,M302,P103,1078,919,6.62,10
2025-02-05,Night,Line3,M302,P103,957,857,7.25,25
2025-02-05,Day,Line3,M303,P101,1029,956,6.58,26
2025-02-05,Night,Line3,M303,P101,850,780,6.61,13
2025-02-05,Day,Line3,M304,P104,1074,925,6.85,36
2025-02-05,Night,Line3,M304,P102,1061,920,6.92,41
2025-02-05,Day,Line4,M401,P104,1029,1013,6.98,44
2025-02-05,Night,Line4,M401,P104,901,841,7.21,40
2025-02-05,Day,Line4,M402,P102,933,913,7.97,38
2025-02-05,Night,Line4,M402,P101,867,782,7.41,28
2025-02-05,Day,Line4,M403,P101,1013,1013,6.68,26
2025-02-05,Night,Line4,M403,P101,887,798,7.83,31
2025-02-05,Day,Line4,M404,P102,1042,905,7.38,20
2025-02-05,Night,Line4,M404,P101,1130,1068,7.44,15
2025-02-06,Day,Line1,M101,P103,1154,1115,6.86,40
2025-02-06,Night,Line1,M101,P101,1070,990,7.57,20
2025-02-06,Day,Line1,M102,P104,930,906,7.33,13
2025-02-06,Night,Line1,M102,P101,1019,973,7.28,23
2025-02-06,Day,Line1,M103,P102,1059,1029,6.91,45
2025-02-06,Night,Line1,M103,P103,1188,1098,7.25,28
2025-02-06,Day,Line1,M104,P103,971,911,7.44,16
2025-02-06,Night,Line1,M104,P101,1051,975,6.58,45
2025-02-06,Day,Line2,M201,P104,928,867,6.5,13
2025-02-06,Night,Line2,M201,P103,851,828,7.27,37
2025-02-06,Day,Line2,M202,P101,1000,950,7.76,40
2025-02-06,Night,Line2,M202,P102,899,849,6.51,11
2025-02-06,Day,Line2,M203,P102,937,922,6.97,28
2025-02-06,Night,Line2,M203,P101,1092,998,6.65,17
2025-02-06,Day,Line2,M204,P103,1053,968,7.76,40
2025-02-06,Night,Line2,M204,P104,1188,1087,6.97,26
2025-02-06,Day,Line3,M301,P101,1178,1081,7.15,44
2025-02-06,Night,Line3,M301,P104,944,845,7.86,33
2025-02-06,Day,Line3,M302,P104,1039,957,6.63,21
2025-02-06,Night,Line3,M302,P104,872,773,7.53,26
2025-02-06,Day,Line3,M303,P104,1088,910,7.45,26
2025-02-06,Night,Line3,M303,P102,987,874,7.56,13
2025-02-06,Day,Line3,M304,P102,1191,1118,7.95,16
2025-02-06,Night,Line3,M304,P101,1192,1105,7.64,32
2025-02-06,Day,Line4,M401,P104,1151,1108,6.95,24
2025-02-06,Night,Line4,M401,P101,1048,991,6.66,43
2025-02-06,Day,Line4,M402,P104,1124,1099,6.57,40
2025-02-06,Night,Line4,M402,P102,1093,1066,7.04,29
2025-02-06,Day,Line4,M403,P101,1052,1009,7.15,12
2025-02-06,Night,Line4,M403,P102,911,872,7.19,38
2025-02-06,Day,Line4,M404,P102,935,882,7.05,23
2025-02-06,Night,Line4,M404,P102,914,825,6.58,12
2025-02-07,Day,Line1,M101,P104,890,842,7.73,37
2025-02-07,Night,Line1,M101,P102,1171,1151,7.78,19
2025-02-07,Day,Line1,M102,P103,1013,991,7.21,14
2025-02-07,Night,Line1,M102,P101,1048,949,7.82,45
2025-02-07,Day,Line1,M103,P104,1132,1109,7.41,30
2025-02-07,Night,Line1,M103,P103,1116,1013,6.94,39
2025-02-07,Day,Line1,M104,P101,1169,1135,7.61,43
2025-02-07,Night,Line1,M104,P104,907,828,6.97,36
2025-02-07,Day,Line2,M201,P102,925,854,7.57,16
2025-02-07,Night,Line2,M201,P101,1138,1125,6.8,16
2025-02-07,Day,Line2,M202,P103,1124,1067,7.05,32
2025-02-07,Night,Line2,M202,P104,985,943,6.59,34
2025-02-07,Day,Line2,M203,P104,1142,1097,6.9,40
2025-02-07,Night,Line2,M203,P101,938,853,7.75,27
2025-02-07,Day,Line2,M204,P104,923,879,7.24,35
2025-02-07,Night,Line2,M204,P101,1052,957,7.11,31
2025-02-07,Day,Line3,M301,P102,875,859,6.51,40
2025-02-07,Night,Line3,M301,P103,1040,950,7.2,11
2025-02-07,Day,Line3,M302,P103,1005,915,7.52,29
2025-02-07,Night,Line3,M302,P103,1101,997,6.97,16
2025-02-07,Day,Line3,M303,P102,918,855,7.28,29
2025-02-07,Night,Line3,M303,P104,1014,924,7.96,27
2025-02-07,Day,Line3,M304,P104,1159,1078,6.68,15
2025-02-07,Night,Line3,M304,P102,1076,976,6.9,23
2025-02-07,Day,Line4,M401,P104,1098,1057,7.02,43
2025-02-07,Night,Line4,M401,P103,878,866,7.06,42
2025-02-07,Day,Line4,M402,P102,883,852,7.77,29
2025-02-07,Night,Line4,M402,P104,919,865,6.54,43
2025-02-07,Day,Line4,M403,P101,938,905,7.67,22
2025-02-07,Night,Line4,M403,P102,879,832,7.19,25
2025-02-07,Day,Line4,M404,P101,1083,987,6.6,13
2025-02-07,Night,Line4,M404,P103,951,870,6.84,27
2025-02-08,Day,Line1,M101,P103,1087,1040,7.62,42
2025-02-08,Night,Line1,M101,P104,1175,1046,7.21,17
2025-02-08,Day,Line1,M102,P101,973,934,7.94,33
2025-02-08,Night,Line1,M102,P104,1154,1092,6.61,38
2025-02-08,Day,Line1,M103,P102,1092,1007,6.79,45
2025-02-08,Night,Line1,M103,P103,1026,945,6.71,20
2025-02-08,Day,Line1,M104,P103,896,894,7.37,28
2025-02-08,Night,Line1,M104,P101,1047,1001,6.72,13
2025-02-08,Day,Line2,M201,P102,1142,1113,7.08,23
2025-02-08,Night,Line2,M201,P102,1181,1150,7.51,24
2025-02-08,Day,Line2,M202,P102,987,923,7.88,36
2025-02-08,Night,Line2,M202,P101,1199,1081,6.94,10
2025-02-08,Day,Line2,M203,P104,917,907,7.56,21
2025-02-08,Night,Line2,M203,P101,964,903,6.59,26
2025-02-08,Day,Line2,M204,P103,1179,1102,6.7,27
2025-02-08,Night,Line2,M204,P104,1042,1044,7.94,32
2025-02-08,Day,Line3,M301,P104,979,843,7.25,23
2025-02-08,Night,Line3,M301,P104,1004,899,7.52,43
2025-02-08,Day,Line3,M302,P104,1149,1039,7.71,16
2025-02-08,Night,Line3,M302,P101,1111,976,7.19,33
2025-02-08,Day,Line3,M303,P103,1002,845,6.57,16
2025-02-08,Night,Line3,M303,P104,882,825,6.75,31
2025-02-08,Day,Line3,M304,P103,1177,1020,6.57,30
2025-02-08,Night,Line3,M304,P103,983,867,7.77,29
2025-02-08,Day,Line4,M401,P102,926,877,7.94,43
2025-02-08,Night,Line4,M401,P102,879,841,6.8,35
2025-02-08,Day,Line4,M402,P103,1198,1092,7.16,18
2025-02-08,Night,Line4,M402,P101,1185,1130,7.39,41
2025-02-08,Day,Line4,M403,P103,982,948,7.97,36
2025-02-08,Night,Line4,M403,P104,1048,964,6.79,12
2025-02-08,Day,Line4,M404,P102,1025,997,7.64,24
2025-02-08,Night,Line4,M404,P104,1193,1122,6.74,32
2025-02-09,Day,Line1,M101,P103,937,950,6.87,45
2025-02-09,Night,Line1,M101,P102,1000,934,7.46,16
2025-02-09,Day,Line1,M102,P104,915,852,7.35,26
2025-02-09,Night,Line1,M102,P102,1198,1143,7.66,31
2025-02-09,Day,Line1,M103,P101,963,915,6.51,32
2025-02-09,Night,Line1,M103,P102,1007,946,7.04,36
2025-02-09,Day,Line1,M104,P103,1040,959,6.98,26
2025-02-09,Night,Line1,M104,P103,1087,1041,7.77,17
2025-02-09,Day,Line2,M201,P104,877,829,7.14,14
2025-02-09,Night,Line2,M201,P104,949,899,6.54,42
2025-02-09,Day,Line2,M202,P101,1198,1225,6.68,34
2025-02-09,Night,Line2,M202,P103,1061,989,6.93,13
2025-02-09,Day,Line2,M203,P102,920,903,7.99,22
2025-02-09,Night,Line2,M203,P103,1059,989,6.57,39
2025-02-09,Day,Line2,M204,P102,1011,950,7.09,21
2025-02-09,Night,Line2,M204,P101,1099,1076,7.63,31
2025-02-09,Day,Line3,M301,P102,1010,862,7.68,13
2025-02-09,Night,Line3,M301,P101,1081,994,6.88,27
2025-02-09,Day,Line3,M302,P102,936,796,7.48,20
2025-02-09,Night,Line3,M302,P104,895,820,6.86,18
2025-02-09,Day,Line3,M303,P104,1174,1068,6.83,37
2025-02-09,Night,Line3,M303,P104,1069,920,6.56,40
2025-02-09,Day,Line3,M304,P104,852,764,7.93,12
2025-02-09,Night,Line3,M304,P102,1041,947,7.37,10
2025-02-09,Day,Line4,M401,P103,1121,1142,7.28,22
2025-02-09,Night,Line4,M401,P101,1196,1068,7.64,10
2025-02-09,Day,Line4,M402,P102,965,900,7.84,32
2025-02-09,Night,Line4,M402,P103,916,824,7.92,16
2025-02-09,Day,Line4,M403,P104,1107,1056,7.67,29
2025-02-09,Night,Line4,M403,P102,883,854,7.21,12
2025-02-09,Day,Line4,M404,P103,998,914,7.39,39
2025-02-09,Night,Line4,M404,P103,1072,1007,6.78,18
2025-02-10,Day,Line1,M101,P103,1100,1085,6.81,32
2025-02-10,Night,Line1,M101,P102,934,866,6.61,35
2025-02-10,Day,Line1,M102,P101,966,851,7.72,24
2025-02-10,Night,Line1,M102,P102,958,906,7.75,11
2025-02-10,Day,Line1,M103,P102,913,910,7.66,33
2025-02-10,Night,Line1,M103,P101,1042,945,7.48,26
2025-02-10,Day,Line1,M104,P101,1154,1046,7.14,13
2025-02-10,Night,Line1,M104,P101,1184,1124,6.56,11
2025-02-10,Day,Line2,M201,P101,909,882,6.5,36
2025-02-10,Night,Line2,M201,P104,1044,966,7.12,17
2025-02-10,Day,Line2,M202,P103,1092,1026,7.96,19
2025-02-10,Night,Line2,M202,P102,1172,1102,6.84,10
2025-02-10,Day,Line2,M203,P103,1065,987,6.85,16
2025-02-10,Night,Line2,M203,P103,1168,1059,6.5,18
2025-02-10,Day,Line2,M204,P104,903,885,7.61,42
2025-02-10,Night,Line2,M204,P101,994,900,7.77,17
2025-02-10,Day,Line3,M301,P101,1104,947,6.99,22
2025-02-10,Night,Line3,M301,P102,984,855,7.57,43
2025-02-10,Day,Line3,M302,P102,1033,925,7.06,36
2025-02-10,Night,Line3,M302,P103,932,842,7.85,12
2025-02-10,Day,Line3,M303,P104,956,852,7.39,40
2025-02-10,Night,Line3,M303,P103,970,904,7.49,10
2025-02-10,Day,Line3,M304,P101,1193,1088,7.56,15
2025-02-10,Night,Line3,M304,P101,1143,989,6.75,41
2025-02-10,Day,Line4,M401,P102,896,871,7.93,42
2025-02-10,Night,Line4,M401,P101,901,884,6.56,26
2025-02-10,Day,Line4,M402,P102,1083,1060,6.94,28
2025-02-10,Night,Line4,M402,P103,1087,972,7.57,13
2025-02-10,Day,Line4,M403,P101,939,890,7.27,12
2025-02-10,Night,Line4,M403,P103,1034,979,7.26,30
2025-02-10,Day,Line4,M404,P104,909,889,7.74,16
2025-02-10,Night,Line4,M404,P101,854,798,7.55,18
2025-02-11,Day,Line1,M101,P102,1018,967,7.88,32
2025-02-11,Night,Line1,M101,P104,1168,1160,7.54,27
2025-02-11,Day,Line1,M102,P101,1040,1019,6.91,31
2025-02-11,Night,Line1,M102,P102,908,865,7.71,35
2025-02-11,Day,Line1,M103,P104,1083,1021,7.0,27
2025-02-11,Night,Line1,M103,P104,1094,992,7.97,36
2025-02-11,Day,Line1,M104,P102,907,882,7.59,18
2025-02-11,Night,Line1,M104,P101,931,896,7.34,16
2025-02-11,Day,Line2,M201,P104,1152,1105,7.07,40
2025-02-11,Night,Line2,M201,P104,942,904,6.74,34
2025-02-11,Day,Line2,M202,P103,1163,1140,7.08,11
2025-02-11,Night,Line2,M202,P102,1097,1059,6.54,41
2025-02-11,Day,Line2,M203,P101,1060,969,7.56,38
2025-02-11,Night,Line2,M203,P101,882,819,7.73,26
2025-02-11,Day,Line2,M204,P103,856,834,6.58,43
2025-02-11,Night,Line2,M204,P102,1192,1122,7.26,31
2025-02-11,Day,Line3,M301,P101,1071,997,6.77,25
2025-02-11,Night,Line3,M301,P104,1027,927,7.7,34
2025-02-11,Day,Line3,M302,P102,1135,959,6.7,13
2025-02-11,Night,Line3,M302,P101,1179,1088,7.8,20
2025-02-11,Day,Line3,M303,P104,1103,987,6.94,20
2025-02-11,Night,Line3,M303,P101,1101,951,7.81,30
2025-02-11,Day,Line3,M304,P102,1019,959,6.88,27
2025-02-11,Night,Line3,M304,P101,1109,1007,7.44,24
2025-02-11,Day,Line4,M401,P104,1056,1052,7.86,25
2025-02-11,Night,Line4,M401,P101,1085,1028,6.52,38
2025-02-11,Day,Line4,M402,P104,895,849,7.32,41
2025-02-11,Night,Line4,M402,P104,1011,954,6.93,17
2025-02-11,Day,Line4,M403,P104,1184,1100,7.43,11
2025-02-11,Night,Line4,M403,P101,1056,949,7.0,36
2025-02-11,Day,Line4,M404,P101,1135,1068,6.6,45
2025-02-11,Night,Line4,M404,P101,896,883,7.68,29
2025-02-12,Day,Line1,M101,P102,1185,1118,7.53,39
2025-02-12,Night,Line1,M101,P103,1036,920,7.0,13
2025-02-12,Day,Line1,M102,P102,1082,1033,7.92,31
2025-02-12,Night,Line1,M102,P104,1186,1095,7.46,33
2025-02-12,Day,Line1,M103,P104,908,902,6.8,16
2025-02-12,Night,Line1,M103,P102,851,836,7.13,31
2025-02-12,Day,Line1,M104,P103,1174,1112,6.92,28
2025-02-12,Night,Line1,M104,P103,904,856,6.91,12
2025-02-12,Day,Line2,M201,P102,1102,1069,6.6,18
2025-02-12,Night,Line2,M201,P104,904,848,7.28,26
2025-02-12,Day,Line2,M202,P102,946,901,7.61,17
2025-02-12,Night,Line2,M202,P104,960,875,7.56,39
2025-02-12,Day,Line2,M203,P102,1023,925,7.1,16
2025-02-12,Night,Line2,M203,P104,873,796,6.9,17
2025-02-12,Day,Line2,M204,P104,1084,1037,6.9,42
2025-02-12,Night,Line2,M204,P102,1105,990,6.93,10
2025-02-12,Day,Line3,M301,P101,1133,1038,7.41,37
2025-02-12,Night,Line3,M301,P104,1110,990,6.62,21
2025-02-12,Day,Line3,M302,P102,915,817,7.4,16
2025-02-12,Night,Line3,M302,P104,1186,1045,7.44,30
2025-02-12,Day,Line3,M303,P104,1064,926,6.52,25
2025-02-12,Night,Line3,M303,P103,1053,963,7.95,31
2025-02-12,Day,Line3,M304,P103,1081,1010,7.56,18
2025-02-12,Night,Line3,M304,P102,1061,907,7.42,42
2025-02-12,Day,Line4,M401,P103,1130,1046,7.4,30
2025-02-12,Night,Line4,M401,P102,952,868,7.8,23
2025-02-12,Day,Line4,M402,P103,1026,1001,6.8,18
2025-02-12,Night,Line4,M402,P102,1107,1051,7.38,44
2025-02-12,Day,Line4,M403,P103,909,901,7.11,32
2025-02-12,Night,Line4,M403,P104,1148,1119,6.52,36
2025-02-12,Day,Line4,M404,P103,1066,974,7.18,10
2025-02-12,Night,Line4,M404,P101,862,823,7.94,34
2025-02-13,Day,Line1,M101,P102,877,871,6.78,13
2025-02-13,Night,Line1,M101,P102,986,916,7.51,20
2025-02-13,Day,Line1,M102,P103,1199,1150,6.64,26
2025-02-13,Night,Line1,M102,P102,881,823,7.62,28
2025-02-13,Day,Line1,M103,P102,1127,1077,6.89,12
2025-02-13,Night,Line1,M103,P103,1081,1042,7.15,16
2025-02-13,Day,Line1,M104,P102,1181,1195,7.46,45
2025-02-13,Night,Line1,M104,P104,971,952,6.86,42
2025-02-13,Day,Line2,M201,P103,1190,1124,6.8,13
2025-02-13,Night,Line2,M201,P104,1048,993,7.82,36
2025-02-13,Day,Line2,M202,P103,1132,1060,6.91,13
2025-02-13,Night,Line2,M202,P101,978,899,6.87,22
2025-02-13,Day,Line2,M203,P104,965,924,7.6,33
2025-02-13,Night,Line2,M203,P102,949,871,7.41,28
2025-02-13,Day,Line2,M204,P104,940,886,7.93,14
2025-02-13,Night,Line2,M204,P102,938,888,7.76,42
2025-02-13,Day,Line3,M301,P101,1043,964,7.9,12
2025-02-13,Night,Line3,M301,P104,992,896,7.32,45
2025-02-13,Day,Line3,M302,P103,916,846,7.61,20
2025-02-13,Night,Line3,M302,P103,852,726,7.61,31
2025-02-13,Day,Line3,M303,P104,929,824,7.06,12
2025-02-13,Night,Line3,M303,P102,1015,904,7.88,13
2025-02-13,Day,Line3,M304,P103,1101,1037,6.9,45
2025-02-13,Night,Line3,M304,P103,887,852,7.05,30
2025-02-13,Day,Line4,M401,P102,944,914,7.68,43
2025-02-13,Night,Line4,M401,P101,1108,1065,7.18,20
2025-02-13,Day,Line4,M402,P104,1128,1037,7.56,44
2025-02-13,Night,Line4,M402,P104,897,861,7.14,32
2025-02-13,Day,Line4,M403,P102,959,977,7.9,31
2025-02-13,Night,Line4,M403,P103,1034,948,6.6,28
2025-02-13,Day,Line4,M404,P102,1166,1100,7.17,43
2025-02-13,Night,Line4,M404,P104,1137,1098,6.53,10
2025-02-14,Day,Line1,M101,P101,1192,1145,6.58,32
2025-02-14,Night,Line1,M101,P104,973,858,7.24,25
2025-02-14,Day,Line1,M102,P101,1199,1133,7.48,30
2025-02-14,Night,Line1,M102,P104,908,892,6.89,34
2025-02-14,Day,Line1,M103,P103,1126,1071,6.61,28
2025-02-14,Night,Line1,M103,P101,1114,1037,6.78,33
2025-02-14,Day,Line1,M104,P104,1099,1081,7.72,12
2025-02-14,Night,Line1,M104,P103,1183,1124,7.53,22
2025-02-14,Day,Line2,M201,P103,1113,1057,6.96,15
2025-02-14,Night,Line2,M201,P101,935,861,6.87,44
2025-02-14,Day,Line2,M202,P101,1170,1226,7.04,14
2025-02-14,Night,Line2,M202,P102,1193,1165,7.03,23
2025-02-14,Day,Line2,M203,P104,903,879,6.96,23
2025-02-14,Night,Line2,M203,P104,1181,1129,7.87,14
2025-02-14,Day,Line2,M204,P102,862,824,7.03,39
2025-02-14,Night,Line2,M204,P103,869,825,7.26,15
2025-02-14,Day,Line3,M301,P101,877,792,7.33,21
2025-02-14,Night,Line3,M301,P103,1135,981,7.25,14
2025-02-14,Day,Line3,M302,P102,982,904,7.52,36
2025-02-14,Night,Line3,M302,P104,1080,951,7.76,35
2025-02-14,Day,Line3,M303,P104,1011,932,7.16,11
2025-02-14,Night,Line3,M303,P104,1194,1084,7.42,17
2025-02-14,Day,Line3,M304,P101,1178,1088,6.77,14
2025-02-14,Night,Line3,M304,P101,887,764,7.54,32
2025-02-14,Day,Line4,M401,P101,998,945,6.75,29
2025-02-14,Night,Line4,M401,P101,994,925,6.5,38
2025-02-14,Day,Line4,M402,P104,1052,1040,7.27,11
2025-02-14,Night,Line4,M402,P104,930,899,6.74,44
2025-02-14,Day,Line4,M403,P102,919,862,6.66,35
2025-02-14,Night,Line4,M403,P103,1174,1059,6.83,19
2025-02-14,Day,Line4,M404,P103,1196,1235,6.87,33
2025-02-14,Night,Line4,M404,P101,1133,1079,6.59,45
2025-02-15,Day,Line1,M101,P102,913,838,6.83,12
2025-02-15,Night,Line1,M101,P101,1143,1055,7.94,35
2025-02-15,Day,Line1,M102,P101,1006,996,7.12,23
2025-02-15,Night,Line1,M102,P103,958,960,7.14,36
2025-02-15,Day,Line1,M103,P102,932,947,7.55,21
2025-02-15,Night,Line1,M103,P102,1165,1108,6.76,26
2025-02-15,Day,Line1,M104,P102,908,799,7.81,21
2025-02-15,Night,Line1,M104,P101,1131,1063,7.45,39
2025-02-15,Day,Line2,M201,P101,998,927,7.41,14
2025-02-15,Night,Line2,M201,P103,900,848,6.68,22
2025-02-15,Day,Line2,M202,P104,1019,950,7.54,32
2025-02-15,Night,Line2,M202,P102,1193,1106,6.81,25
2025-02-15,Day,Line2,M203,P101,995,980,6.81,14
2025-02-15,Night,Line2,M203,P102,1012,944,7.26,41
2025-02-15,Day,Line2,M204,P104,1018,968,7.69,29
2025-02-15,Night,Line2,M204,P102,1139,1068,6.6,33
2025-02-15,Day,Line3,M301,P103,1069,1056,7.44,20
2025-02-15,Night,Line3,M301,P101,1010,865,7.53,25
2025-02-15,Day,Line3,M302,P102,1178,1081,7.75,37
2025-02-15,Night,Line3,M302,P103,1034,974,7.73,18
2025-02-15,Day,Line3,M303,P103,1095,994,7.0,39
2025-02-15,Night,Line3,M303,P104,1033,957,7.69,29
2025-02-15,Day,Line3,M304,P104,1132,985,7.78,16
2025-02-15,Night,Line3,M304,P102,1180,1043,7.82,15
2025-02-15,Day,Line4,M401,P103,921,862,7.08,44
2025-02-15,Night,Line4,M401,P102,984,923,7.71,14
2025-02-15,Day,Line4,M402,P101,859,823,6.6,42
2025-02-15,Night,Line4,M402,P101,1147,1080,7.82,35
2025-02-15,Day,Line4,M403,P102,868,855,7.95,45
2025-02-15,Night,Line4,M403,P103,1128,984,6.6,44
2025-02-15,Day,Line4,M404,P104,1184,1115,7.06,19
2025-02-15,Night,Line4,M404,P103,1050,993,7.71,24
2025-02-16,Day,Line1,M101,P103,918,829,6.83,39
2025-02-16,Night,Line1,M101,P101,1053,1009,7.03,33
2025-02-16,Day,Line1,M102,P101,1189,1119,7.05,25
2025-02-16,Night,Line1,M102,P102,1113,1040,7.2,18
2025-02-16,Day,Line1,M103,P104,931,918,7.56,21
2025-02-16,Night,Line1,M103,P102,1097,1073,6.51,32
2025-02-16,Day,Line1,M104,P101,962,942,7.23,41
2025-02-16,Night,Line1,M104,P102,882,798,6.51,26
2025-02-16,Day,Line2,M201,P103,969,947,7.32,12
2025-02-16,Night,Line2,M201,P102,1115,1070,6.6,33
2025-02-16,Day,Line2,M202,P104,1090,1061,7.67,39
2025-02-16,Night,Line2,M202,P101,870,855,7.63,30
2025-02-16,Day,Line2,M203,P101,1116,1074,6.71,27
2025-02-16,Night,Line2,M203,P103,1146,1125,7.51,44
2025-02-16,Day,Line2,M204,P102,1042,1044,6.75,34
2025-02-16,Night,Line2,M204,P103,1150,1105,6.79,14
2025-02-16,Day,Line3,M301,P103,1042,957,7.86,24
2025-02-16,Night,Line3,M301,P104,1030,931,7.64,32
2025-02-16,Day,Line3,M302,P104,1096,1053,7.83,10
2025-02-16,Night,Line3,M302,P102,1075,991,7.37,20
2025-02-16,Day,Line3,M303,P102,889,781,7.21,42
2025-02-16,Night,Line3,M303,P103,958,864,7.57,19
2025-02-16,Day,Line3,M304,P102,930,822,6.97,33
2025-02-16,Night,Line3,M304,P101,1188,1034,6.86,24
2025-02-16,Day,Line4,M401,P104,1019,966,7.86,17
2025-02-16,Night,Line4,M401,P104,1195,1072,7.26,40
2025-02-16,Day,Line4,M402,P104,957,892,7.73,20
2025-02-16,Night,Line4,M402,P104,861,848,7.49,25
2025-02-16,Day,Line4,M403,P101,915,860,7.54,20
2025-02-16,Night,Line4,M403,P102,1172,1131,6.9,42
2025-02-16,Day,Line4,M404,P101,1143,1103,6.99,19
2025-02-16,Night,Line4,M404,P101,935,894,6.9,26
2025-02-17,Day,Line1,M101,P102,1114,1089,6.83,35
2025-02-17,Night,Line1,M101,P101,1188,1082,7.39,28
2025-02-17,Day,Line1,M102,P101,960,946,7.72,38
2025-02-17,Night,Line1,M102,P104,1096,989,7.67,20
2025-02-17,Day,Line1,M103,P102,1060,995,6.63,19
2025-02-17,Night,Line1,M103,P102,1169,1119,7.55,42
2025-02-17,Day,Line1,M104,P103,935,869,6.55,31
2025-02-17,Night,Line1,M104,P104,1155,1017,6.89,14
2025-02-17,Day,Line2,M201,P102,1043,1012,6.56,34
2025-02-17,Night,Line2,M201,P102,905,808,7.5,11
2025-02-17,Day,Line2,M202,P102,1117,1095,7.83,42
2025-02-17,Night,Line2,M202,P104,926,862,6.99,16
2025-02-17,Day,Line2,M203,P102,1093,1060,6.87,12
2025-02-17,Night,Line2,M203,P101,897,851,7.37,40
2025-02-17,Day,Line2,M204,P102,1158,1137,7.79,44
2025-02-17,Night,Line2,M204,P101,1197,1147,8.0,37
2025-02-17,Day,Line3,M301,P104,1039,913,6.53,12
2025-02-17,Night,Line3,M301,P104,967,853,7.04,40
2025-02-17,Day,Line3,M302,P104,1029,946,6.97,16
2025-02-17,Night,Line3,M302,P104,918,856,7.48,26
2025-02-17,Day,Line3,M303,P104,969,899,7.64,15
2025-02-17,Night,Line3,M303,P103,1156,1074,6.56,44
2025-02-17,Day,Line3,M304,P104,981,904,7.35,22
2025-02-17,Night,Line3,M304,P101,853,787,7.44,43
2025-02-17,Day,Line4,M401,P101,1116,1079,7.37,10
2025-02-17,Night,Line4,M401,P104,1185,1151,7.99,23
2025-02-17,Day,Line4,M402,P103,1059,1005,7.56,33
2025-02-17,Night,Line4,M402,P101,929,916,7.08,37
2025-02-17,Day,Line4,M403,P103,983,958,7.89,44
2025-02-17,Night,Line4,M403,P104,1139,1022,7.89,33
2025-02-17,Day,Line4,M404,P103,1198,1163,6.82,35
2025-02-17,Night,Line4,M404,P102,1061,930,7.99,45
2025-02-18,Day,Line1,M101,P104,941,921,7.39,33
2025-02-18,Night,Line1,M101,P104,979,946,6.58,29
2025-02-18,Day,Line1,M102,P103,1053,1072,7.52,18
2025-02-18,Night,Line1,M102,P101,967,894,7.06,38
2025-02-18,Day,Line1,M103,P102,901,918,7.55,23
2025-02-18,Night,Line1,M103,P104,1023,961,7.47,45
2025-02-18,Day,Line1,M104,P101,932,873,7.45,34
2025-02-18,Night,Line1,M104,P101,896,829,7.4,19
2025-02-18,Day,Line2,M201,P104,1157,1130,7.18,37
2025-02-18,Night,Line2,M201,P101,882,805,7.5,26
2025-02-18,Day,Line2,M202,P102,1039,986,6.53,15
2025-02-18,Night,Line2,M202,P101,1046,993,7.67,35
2025-02-18,Day,Line2,M203,P103,1155,1162,7.76,13
2025-02-18,Night,Line2,M203,P102,1177,1136,7.7,41
2025-02-18,Day,Line2,M204,P104,855,821,7.23,22
2025-02-18,Night,Line2,M204,P103,949,907,7.1,12
2025-02-18,Day,Line3,M301,P102,1164,1067,6.92,20
2025-02-18,Night,Line3,M301,P101,1034,884,7.88,25
2025-02-18,Day,Line3,M302,P101,930,895,7.03,15
2025-02-18,Night,Line3,M302,P103,1054,987,6.58,32
2025-02-18,Day,Line3,M303,P104,1057,959,6.63,22
2025-02-18,Night,Line3,M303,P101,885,775,7.41,15
2025-02-18,Day,Line3,M304,P103,1136,995,7.79,32
2025-02-18,Night,Line3,M304,P103,991,900,7.83,24
2025-02-18,Day,Line4,M401,P102,1082,1059,6.93,35
2025-02-18,Night,Line4,M401,P101,983,900,7.7,21
2025-02-18,Day,Line4,M402,P104,1109,1073,7.96,16
2025-02-18,Night,Line4,M402,P101,1107,1067,7.2,28
2025-02-18,Day,Line4,M403,P103,909,858,7.96,42
2025-02-18,Night,Line4,M403,P103,1125,1050,7.73,26
2025-02-18,Day,Line4,M404,P104,1043,994,6.61,40
2025-02-18,Night,Line4,M404,P102,1023,938,6.82,39
2025-02-19,Day,Line1,M101,P104,1150,1097,6.9,11
2025-02-19,Night,Line1,M101,P104,909,812,6.65,26
2025-02-19,Day,Line1,M102,P101,1045,995,7.96,24
2025-02-19,Night,Line1,M102,P102,1011,943,7.64,36
2025-02-19,Day,Line1,M103,P103,1114,1067,6.92,44
2025-02-19,Night,Line1,M103,P101,984,939,7.7,25
2025-02-19,Day,Line1,M104,P103,897,828,6.85,35
2025-02-19,Night,Line1,M104,P103,888,806,6.69,45
2025-02-19,Day,Line2,M201,P102,1093,1024,7.51,30
2025-02-19,Night,Line2,M201,P103,961,865,6.59,27
2025-02-19,Day,Line2,M202,P102,1199,1172,6.72,22
2025-02-19,Night,Line2,M202,P104,952,878,7.01,25
2025-02-19,Day,Line2,M203,P102,985,944,6.95,23
2025-02-19,Night,Line2,M203,P102,953,871,7.35,25
2025-02-19,Day,Line2,M204,P103,929,881,7.37,16
2025-02-19,Night,Line2,M204,P101,890,844,7.26,41
2025-02-19,Day,Line3,M301,P101,1127,1037,6.91,12
2025-02-19,Night,Line3,M301,P104,1040,894,7.23,30
2025-02-19,Day,Line3,M302,P104,1144,1038,6.96,27
2025-02-19,Night,Line3,M302,P104,943,815,7.73,42
2025-02-19,Day,Line3,M303,P103,1053,954,7.19,24
2025-02-19,Night,Line3,M303,P102,877,763,7.59,43
2025-02-19,Day,Line3,M304,P104,1094,1055,7.67,44
2025-02-19,Night,Line3,M304,P101,1107,1012,7.79,32
2025-02-19,Day,Line4,M401,P104,939,912,7.76,39
2025-02-19,Night,Line4,M401,P101,1115,983,7.98,39
2025-02-19,Day,Line4,M402,P103,854,812,6.79,10
2025-02-19,Night,Line4,M402,P102,1044,1007,7.23,16
2025-02-19,Day,Line4,M403,P103,1035,991,7.22,26
2025-02-19,Night,Line4,M403,P102,1130,1119,7.76,26
2025-02-19,Day,Line4,M404,P102,987,975,7.11,40
2025-02-19,Night,Line4,M404,P103,1037,963,6.99,21
2025-02-20,Day,Line1,M101,P104,1067,1074,6.69,23
2025-02-20,Night,Line1,M101,P104,1040,969,6.79,33
2025-02-20,Day,Line1,M102,P104,993,1010,7.23,38
2025-02-20,Night,Line1,M102,P102,1142,1129,7.47,18
2025-02-20,Day,Line1,M103,P102,901,872,7.06,27
2025-02-20,Night,Line1,M103,P102,1134,1014,7.49,37
2025-02-20,Day,Line1,M104,P104,950,918,6.78,19
2025-02-20,Night,Line1,M104,P102,1092,990,6.92,10
2025-02-20,Day,Line2,M201,P102,1065,1002,7.74,41
2025-02-20,Night,Line2,M201,P102,1172,1082,6.93,43
2025-02-20,Day,Line2,M202,P103,1099,1018,7.06,29
2025-02-20,Night,Line2,M202,P103,1137,1076,7.7,13
2025-02-20,Day,Line2,M203,P104,900,844,7.34,20
2025-02-20,Night,Line2,M203,P101,960,895,7.77,26
2025-02-20,Day,Line2,M204,P104,1172,1106,7.51,16
2025-02-20,Night,Line2,M204,P104,1021,974,6.83,26
2025-02-20,Day,Line3,M301,P103,1034,953,6.87,45
2025-02-20,Night,Line3,M301,P103,1026,903,6.89,11
2025-02-20,Day,Line3,M302,P104,912,844,7.63,32
2025-02-20,Night,Line3,M302,P102,1145,1061,6.73,44
2025-02-20,Day,Line3,M303,P102,995,843,6.64,32
2025-02-20,Night,Line3,M303,P103,1194,1041,7.23,42
2025-02-20,Day,Line3,M304,P104,1078,950,6.86,15
2025-02-20,Night,Line3,M304,P104,1164,1012,7.86,28
2025-02-20,Day,Line4,M401,P104,1173,1047,7.64,19
2025-02-20,Night,Line4,M401,P102,1177,1031,6.73,31
2025-02-20,Day,Line4,M402,P104,1173,1029,7.4,35
2025-02-20,Night,Line4,M402,P101,890,823,8.0,20
2025-02-20,Day,Line4,M403,P103,966,912,7.74,30
2025-02-20,Night,Line4,M403,P103,1184,1162,6.76,28
2025-02-20,Day,Line4,M404,P103,1159,1117,7.42,35
2025-02-20,Night,Line4,M404,P103,1077,943,7.87,33
2025-02-21,Day,Line1,M101,P104,1061,1034,6.58,20
2025-02-21,Night,Line1,M101,P102,861,910,6.55,18
2025-02-21,Day,Line1,M102,P102,1188,1066,7.76,26
2025-02-21,Night,Line1,M102,P101,957,949,6.74,20
2025-02-21,Day,Line1,M103,P104,902,864,6.86,16
2025-02-21,Night,Line1,M103,P101,1092,1012,6.57,45
2025-02-21,Day,Line1,M104,P101,863,813,7.41,35
2025-02-21,Night,Line1,M104,P101,903,857,6.92,26
2025-02-21,Day,Line2,M201,P102,893,846,7.7,34
2025-02-21,Night,Line2,M201,P103,967,876,7.09,25
2025-02-21,Day,Line2,M202,P103,1076,1015,7.66,18
2025-02-21,Night,Line2,M202,P102,1119,1063,6.86,20
2025-02-21,Day,Line2,M203,P101,867,850,7.89,32
2025-02-21,Night,Line2,M203,P103,1093,1088,7.08,39
2025-02-21,Day,Line2,M204,P103,1130,1088,7.66,38
2025-02-21,Night,Line2,M204,P102,1126,1102,6.85,21
2025-02-21,Day,Line3,M301,P104,1173,1060,7.94,37
2025-02-21,Night,Line3,M301,P103,1027,912,7.5,40
2025-02-21,Day,Line3,M302,P102,895,811,7.42,38
2025-02-21,Night,Line3,M302,P103,1037,929,7.52,36
2025-02-21,Day,Line3,M303,P103,929,869,7.92,29
2025-02-21,Night,Line3,M303,P101,850,744,7.83,43
2025-02-21,Day,Line3,M304,P102,1026,906,6.92,28
2025-02-21,Night,Line3,M304,P104,1123,1031,7.95,10
2025-02-21,Day,Line4,M401,P104,1094,1078,7.99,29
2025-02-21,Night,Line4,M401,P101,1070,1053,6.97,28
2025-02-21,Day,Line4,M402,P102,853,803,7.16,45
2025-02-21,Night,Line4,M402,P103,946,882,6.89,36
2025-02-21,Day,Line4,M403,P104,1052,1041,7.9,25
2025-02-21,Night,Line4,M403,P102,1180,1092,6.78,34
2025-02-21,Day,Line4,M404,P104,962,942,6.59,26
2025-02-21,Night,Line4,M404,P101,1066,995,6.64,25
2025-02-22,Day,Line1,M101,P103,995,964,6.73,44
2025-02-22,Night,Line1,M101,P103,1061,960,7.95,22
2025-02-22,Day,Line1,M102,P101,943,907,6.87,18
2025-02-22,Night,Line1,M102,P103,906,770,7.21,39
2025-02-22,Day,Line1,M103,P104,989,985,7.63,41
2025-02-22,Night,Line1,M103,P102,1014,976,7.37,11
2025-02-22,Day,Line1,M104,P102,875,815,7.1,44
2025-02-22,Night,Line1,M104,P101,945,937,7.83,16
2025-02-22,Day,Line2,M201,P103,987,981,6.91,18
2025-02-22,Night,Line2,M201,P104,854,774,6.79,24
2025-02-22,Day,Line2,M202,P101,927,875,7.14,10
2025-02-22,Night,Line2,M202,P104,961,872,7.75,31
2025-02-22,Day,Line2,M203,P104,1009,979,7.3,41
2025-02-22,Night,Line2,M203,P103,1087,1003,6.93,12
2025-02-22,Day,Line2,M204,P103,891,804,7.39,19
2025-02-22,Night,Line2,M204,P101,986,924,7.15,35
2025-02-22,Day,Line3,M301,P101,1128,1057,7.02,40
2025-02-22,Night,Line3,M301,P102,948,846,7.6,26
2025-02-22,Day,Line3,M302,P104,856,792,7.73,17
2025-02-22,Night,Line3,M302,P102,1047,938,7.35,38
2025-02-22,Day,Line3,M303,P102,867,808,7.1,22
2025-02-22,Night,Line3,M303,P104,898,806,6.99,43
2025-02-22,Day,Line3,M304,P102,1092,989,7.37,34
2025-02-22,Night,Line3,M304,P103,1015,906,7.2,20
2025-02-22,Day,Line4,M401,P101,1131,1137,6.55,43
2025-02-22,Night,Line4,M401,P101,979,937,7.49,40
2025-02-22,Day,Line4,M402,P103,951,885,6.76,33
2025-02-22,Night,Line4,M402,P101,1191,1122,7.35,23
2025-02-22,Day,Line4,M403,P101,970,940,7.73,37
2025-02-22,Night,Line4,M403,P103,857,801,7.98,20
2025-02-22,Day,Line4,M404,P103,1149,1037,6.58,17
2025-02-22,Night,Line4,M404,P104,974,890,6.58,10
2025-02-23,Day,Line1,M101,P101,1147,1086,6.84,40
2025-02-23,Night,Line1,M101,P102,1040,1036,7.42,15
2025-02-23,Day,Line1,M102,P102,930,906,7.04,41
2025-02-23,Night,Line1,M102,P101,1166,1041,7.74,31
2025-02-23,Day,Line1,M103,P101,880,842,7.03,32
2025-02-23,Night,Line1,M103,P102,1124,1101,7.04,16
2025-02-23,Day,Line1,M104,P102,1099,1035,6.81,24
2025-02-23,Night,Line1,M104,P103,1135,1102,6.63,32
2025-02-23,Day,Line2,M201,P104,948,866,7.76,11
2025-02-23,Night,Line2,M201,P104,1033,883,6.83,18
2025-02-23,Day,Line2,M202,P103,870,866,7.74,41
2025-02-23,Night,Line2,M202,P104,1136,1052,7.08,28
2025-02-23,Day,Line2,M203,P104,947,856,7.9,21
2025-02-23,Night,Line2,M203,P103,1015,942,6.68,39
2025-02-23,Day,Line2,M204,P103,1156,1116,7.3,45
2025-02-23,Night,Line2,M204,P102,885,843,6.55,43
2025-02-23,Day,Line3,M301,P102,1080,902,6.74,28
2025-02-23,Night,Line3,M301,P103,1127,980,7.48,33
2025-02-23,Day,Line3,M302,P104,850,775,7.57,42
2025-02-23,Night,Line3,M302,P104,944,852,6.6,11
2025-02-23,Day,Line3,M303,P103,1167,1028,7.42,25
2025-02-23,Night,Line3,M303,P103,882,779,7.91,44
2025-02-23,Day,Line3,M304,P104,947,845,7.03,43
2025-02-23,Night,Line3,M304,P104,1132,1015,7.33,19
2025-02-23,Day,Line4,M401,P103,1015,1009,7.72,36
2025-02-23,Night,Line4,M401,P103,906,842,7.42,16
2025-02-23,Day,Line4,M402,P101,872,801,6.66,18
2025-02-23,Night,Line4,M402,P102,866,795,7.03,22
2025-02-23,Day,Line4,M403,P101,1098,1111,7.49,22
2025-02-23,Night,Line4,M403,P101,866,791,6.61,34
2025-02-23,Day,Line4,M404,P104,1119,1033,6.74,26
2025-02-23,Night,Line4,M404,P101,1037,962,7.74,24
2025-02-24,Day,Line1,M101,P101,856,819,6.75,23
2025-02-24,Night,Line1,M101,P104,890,822,7.82,39
2025-02-24,Day,Line1,M102,P101,1034,945,7.25,45
2025-02-24,Night,Line1,M102,P104,1038,985,7.6,13
2025-02-24,Day,Line1,M103,P103,1120,1082,7.44,12
2025-02-24,Night,Line1,M103,P101,1005,965,7.1,14
2025-02-24,Day,Line1,M104,P102,1115,1077,7.52,16
2025-02-24,Night,Line1,M104,P101,968,957,7.14,44
2025-02-24,Day,Line2,M201,P104,947,931,6.72,22
2025-02-24,Night,Line2,M201,P102,1141,1091,7.75,21
2025-02-24,Day,Line2,M202,P104,904,900,7.15,32
2025-02-24,Night,Line2,M202,P104,1190,1123,7.07,37
2025-02-24,Day,Line2,M203,P101,935,892,7.77,21
2025-02-24,Night,Line2,M203,P104,1108,1051,7.23,31
2025-02-24,Day,Line2,M204,P102,1123,1012,7.36,38
2025-02-24,Night,Line2,M204,P103,1011,954,6.99,45
2025-02-24,Day,Line3,M301,P103,1040,943,7.59,36
2025-02-24,Night,Line3,M301,P104,1015,916,7.02,25
2025-02-24,Day,Line3,M302,P102,1042,980,7.92,45
2025-02-24,Night,Line3,M302,P103,1034,938,7.1,38
2025-02-24,Day,Line3,M303,P104,1053,935,7.99,10
2025-02-24,Night,Line3,M303,P101,995,911,6.54,11
2025-02-24,Day,Line3,M304,P102,1004,963,7.53,10
2025-02-24,Night,Line3,M304,P103,963,887,6.68,23
2025-02-24,Day,Line4,M401,P103,861,793,6.96,27
2025-02-24,Night,Line4,M401,P102,898,859,7.32,12
2025-02-24,Day,Line4,M402,P104,1032,954,6.76,19
2025-02-24,Night,Line4,M402,P102,985,917,7.13,33
2025-02-24,Day,Line4,M403,P102,969,941,6.63,26
2025-02-24,Night,Line4,M403,P103,897,849,7.09,35
2025-02-24,Day,Line4,M404,P102,889,881,6.74,30
2025-02-24,Night,Line4,M404,P104,938,928,6.85,41
2025-02-25,Day,Line1,M101,P101,1154,1124,7.89,29
2025-02-25,Night,Line1,M101,P101,1145,1064,7.13,34
2025-02-25,Day,Line1,M102,P101,878,792,6.54,31
2025-02-25,Night,Line1,M102,P103,1072,1050,7.37,36
2025-02-25,Day,Line1,M103,P101,966,924,7.38,10
2025-02-25,Night,Line1,M103,P104,877,823,7.1,29
2025-02-25,Day,Line1,M104,P101,1013,973,6.91,44
2025-02-25,Night,Line1,M104,P102,1017,969,7.56,42
2025-02-25,Day,Line2,M201,P102,928,904,7.06,13
2025-02-25,Night,Line2,M201,P104,1078,1004,7.32,42
2025-02-25,Day,Line2,M202,P101,963,921,7.75,37
2025-02-25,Night,Line2,M202,P103,1051,968,7.71,19
2025-02-25,Day,Line2,M203,P102,1022,959,7.73,15
2025-02-25,Night,Line2,M203,P104,1142,1049,7.9,13
2025-02-25,Day,Line2,M204,P104,984,941,7.01,15
2025-02-25,Night,Line2,M204,P104,1106,1009,7.81,37
2025-02-25,Day,Line3,M301,P102,919,756,7.0,40
2025-02-25,Night,Line3,M301,P102,1099,965,7.09,35
2025-02-25,Day,Line3,M302,P102,1137,992,7.36,43
2025-02-25,Night,Line3,M302,P102,974,870,7.71,14
2025-02-25,Day,Line3,M303,P103,1070,954,6.72,30
2025-02-25,Night,Line3,M303,P101,907,819,6.9,36
2025-02-25,Day,Line3,M304,P104,1037,907,7.52,32
2025-02-25,Night,Line3,M304,P102,1014,849,6.59,32
2025-02-25,Day,Line4,M401,P101,1006,962,7.55,20
2025-02-25,Night,Line4,M401,P103,1165,1080,6.79,38
2025-02-25,Day,Line4,M402,P102,1075,989,7.83,12
2025-02-25,Night,Line4,M402,P102,952,917,7.84,33
2025-02-25,Day,Line4,M403,P102,893,830,7.12,17
2025-02-25,Night,Line4,M403,P101,974,893,6.86,19
2025-02-25,Day,Line4,M404,P103,857,847,7.51,31
2025-02-25,Night,Line4,M404,P101,1006,961,7.74,38
2025-02-26,Day,Line1,M101,P104,861,798,7.61,31
2025-02-26,Night,Line1,M101,P102,1125,1046,7.04,23
2025-02-26,Day,Line1,M102,P102,1129,1043,6.62,43
2025-02-26,Night,Line1,M102,P103,1130,1092,7.99,40
2025-02-26,Day,Line1,M103,P102,1192,1176,7.8,11
2025-02-26,Night,Line1,M103,P104,1148,1142,6.93,43
2025-02-26,Day,Line1,M104,P101,980,1007,7.12,20
2025-02-26,Night,Line1,M104,P101,995,916,7.14,22
2025-02-26,Day,Line2,M201,P103,877,860,7.78,39
2025-02-26,Night,Line2,M201,P101,884,781,6.8,34
2025-02-26,Day,Line2,M202,P103,1189,1148,7.73,33
2025-02-26,Night,Line2,M202,P101,859,818,7.33,28
2025-02-26,Day,Line2,M203,P104,968,901,7.65,34
2025-02-26,Night,Line2,M203,P101,1011,929,6.88,41
2025-02-26,Day,Line2,M204,P101,945,932,6.99,22
2025-02-26,Night,Line2,M204,P104,1137,1084,7.51,11
2025-02-26,Day,Line3,M301,P101,976,936,7.52,43
2025-02-26,Night,Line3,M301,P103,1020,954,7.36,41
2025-02-26,Day,Line3,M302,P104,930,800,7.65,11
2025-02-26,Night,Line3,M302,P103,1200,1049,6.84,32
2025-02-26,Day,Line3,M303,P103,1170,1027,7.44,29
2025-02-26,Night,Line3,M303,P102,1106,1009,7.62,27
2025-02-26,Day,Line3,M304,P101,1170,1074,7.77,26
2025-02-26,Night,Line3,M304,P104,865,744,6.57,45
2025-02-26,Day,Line4,M401,P103,965,901,7.22,19
2025-02-26,Night,Line4,M401,P103,1051,1027,7.89,18
2025-02-26,Day,Line4,M402,P101,1045,990,6.52,43
2025-02-26,Night,Line4,M402,P102,1063,934,6.62,25
2025-02-26,Day,Line4,M403,P102,1068,990,7.32,29
2025-02-26,Night,Line4,M403,P103,1079,1076,6.76,44
2025-02-26,Day,Line4,M404,P102,955,945,7.95,18
2025-02-26,Night,Line4,M404,P102,920,830,6.58,29
2025-02-27,Day,Line1,M101,P102,1070,1033,7.35,19
2025-02-27,Night,Line1,M101,P102,1012,979,7.25,14
2025-02-27,Day,Line1,M102,P101,944,858,7.88,30
2025-02-27,Night,Line1,M102,P102,865,840,7.11,30
2025-02-27,Day,Line1,M103,P104,1060,1031,6.94,29
2025-02-27,Night,Line1,M103,P104,1176,1079,7.29,27
2025-02-27,Day,Line1,M104,P102,946,925,7.69,16
2025-02-27,Night,Line1,M104,P102,944,895,7.51,11
2025-02-27,Day,Line2,M201,P103,1160,1126,6.94,24
2025-02-27,Night,Line2,M201,P102,968,914,6.5,11
2025-02-27,Day,Line2,M202,P103,890,830,7.49,40
2025-02-27,Night,Line2,M202,P102,1107,1016,7.45,40
2025-02-27,Day,Line2,M203,P103,944,899,7.59,34
2025-02-27,Night,Line2,M203,P104,1092,1027,6.99,18
2025-02-27,Day,Line2,M204,P102,948,929,7.01,24
2025-02-27,Night,Line2,M204,P101,1059,1057,6.7,10
2025-02-27,Day,Line3,M301,P103,1061,972,6.66,24
2025-02-27,Night,Line3,M301,P102,954,867,7.1,14
2025-02-27,Day,Line3,M302,P102,1074,1005,6.68,41
2025-02-27,Night,Line3,M302,P103,1084,988,6.5,25
2025-02-27,Day,Line3,M303,P104,1057,932,6.88,12
2025-02-27,Night,Line3,M303,P104,1010,939,6.52,35
2025-02-27,Day,Line3,M304,P101,1116,1054,7.94,16
2025-02-27,Night,Line3,M304,P104,1083,968,7.35,12
2025-02-27,Day,Line4,M401,P102,1115,1041,7.32,44
2025-02-27,Night,Line4,M401,P104,870,818,7.07,45
2025-02-27,Day,Line4,M402,P104,1114,1017,6.86,13
2025-02-27,Night,Line4,M402,P102,999,984,6.64,38
2025-02-27,Day,Line4,M403,P104,1005,945,6.77,28
2025-02-27,Night,Line4,M403,P104,935,870,7.98,37
2025-02-27,Day,Line4,M404,P103,1163,1165,7.81,13
2025-02-27,Night,Line4,M404,P102,1087,940,7.99,38
2025-02-28,Day,Line1,M101,P101,1106,1104,6.99,17
2025-02-28,Night,Line1,M101,P102,1149,1091,6.96,44
2025-02-28,Day,Line1,M102,P102,1051,1061,7.52,36
2025-02-28,Night,Line1,M102,P103,1080,984,6.97,11
2025-02-28,Day,Line1,M103,P102,1082,1049,6.69,22
2025-02-28,Night,Line1,M103,P104,896,817,7.37,26
2025-02-28,Day,Line1,M104,P103,1182,1173,7.63,20
2025-02-28,Night,Line1,M104,P101,896,870,7.81,17
2025-02-28,Day,Line2,M201,P104,1174,1189,7.43,33
2025-02-28,Night,Line2,M201,P101,1118,1050,6.78,34
2025-02-28,Day,Line2,M202,P102,1043,1066,7.77,45
2025-02-28,Night,Line2,M202,P104,872,793,6.79,20
2025-02-28,Day,Line2,M203,P103,1139,1091,7.38,19
2025-02-28,Night,Line2,M203,P102,924,841,7.31,21
2025-02-28,Day,Line2,M204,P101,1064,1027,7.32,29
2025-02-28,Night,Line2,M204,P103,1078,984,6.85,28
2025-02-28,Day,Line3,M301,P102,910,858,6.56,18
2025-02-28,Night,Line3,M301,P102,851,769,7.25,26
2025-02-28,Day,Line3,M302,P101,1084,950,6.96,41
2025-02-28,Night,Line3,M302,P104,1128,1032,7.42,10
2025-02-28,Day,Line3,M303,P104,971,929,7.05,23
2025-02-28,Night,Line3,M303,P104,1082,981,7.46,36
2025-02-28,Day,Line3,M304,P104,890,773,7.55,10
2025-02-28,Night,Line3,M304,P102,1130,1000,7.33,27
2025-02-28,Day,Line4,M401,P102,875,858,6.53,21
2025-02-28,Night,Line4,M401,P102,878,818,6.97,32
2025-02-28,Day,Line4,M402,P101,924,858,7.51,12
2025-02-28,Night,Line4,M402,P103,1019,995,7.09,15
2025-02-28,Day,Line4,M403,P101,905,861,7.12,36
2025-02-28,Night,Line4,M403,P102,932,920,7.9,28
2025-02-28,Day,Line4,M404,P102,1083,1022,7.38,33
2025-02-28,Night,Line4,M404,P101,897,834,7.95,29
2025-03-01,Day,Line1,M101,P103,1038,977,7.01,34
2025-03-01,Night,Line1,M101,P101,1068,998,7.26,45
2025-03-01,Day,Line1,M102,P101,999,972,8.0,40
2025-03-01,Night,Line1,M102,P102,912,830,7.18,27
2025-03-01,Day,Line1,M103,P103,1119,1035,6.67,36
2025-03-01,Night,Line1,M103,P102,957,851,7.82,13
2025-03-01,Day,Line1,M104,P101,1142,1034,7.49,43
2025-03-01,Night,Line1,M104,P101,1097,986,7.16,28
2025-03-01,Day,Line2,M201,P104,1161,1096,7.72,30
2025-03-01,Night,Line2,M201,P103,1119,1057,7.91,32
2025-03-01,Day,Line2,M202,P102,1164,1131,6.73,41
2025-03-01,Night,Line2,M202,P104,1102,1040,7.22,21
2025-03-01,Day,Line2,M203,P102,998,1001,7.1,22
2025-03-01,Night,Line2,M203,P101,910,904,7.01,11
2025-03-01,Day,Line2,M204,P104,1170,1113,6.74,17
2025-03-01,Night,Line2,M204,P102,1165,1061,7.6,36
2025-03-01,Day,Line3,M301,P104,873,851,7.81,31
2025-03-01,Night,Line3,M301,P103,1136,1051,7.37,23
2025-03-01,Day,Line3,M302,P101,1177,1110,7.31,22
2025-03-01,Night,Line3,M302,P103,980,855,6.62,14
2025-03-01,Day,Line3,M303,P103,1003,938,7.09,42
2025-03-01,Night,Line3,M303,P103,853,762,6.94,17
2025-03-01,Day,Line3,M304,P103,1024,929,7.15,35
2025-03-01,Night,Line3,M304,P101,939,833,7.39,22
2025-03-01,Day,Line4,M401,P103,1023,997,7.74,40
2025-03-01,Night,Line4,M401,P104,868,854,6.62,18
2025-03-01,Day,Line4,M402,P104,929,955,7.74,39
2025-03-01,Night,Line4,M402,P103,1086,1007,7.68,36
2025-03-01,Day,Line4,M403,P101,1116,1077,6.69,29
2025-03-01,Night,Line4,M403,P103,1134,1062,7.81,44
2025-03-01,Day,Line4,M404,P101,956,930,7.37,31
2025-03-01,Night,Line4,M404,P103,883,762,7.9,19
2025-03-02,Day,Line1,M101,P103,865,824,7.71,31
2025-03-02,Night,Line1,M101,P104,1170,1171,7.93,44
2025-03-02,Day,Line1,M102,P102,1142,1073,7.16,34
2025-03-02,Night,Line1,M102,P102,1154,1070,7.47,17
2025-03-02,Day,Line1,M103,P103,1011,953,7.4,12
2025-03-02,Night,Line1,M103,P103,1061,992,7.85,15
2025-03-02,Day,Line1,M104,P104,971,894,7.16,33
2025-03-02,Night,Line1,M104,P104,1004,927,6.57,23
2025-03-02,Day,Line2,M201,P103,939,913,7.38,17
2025-03-02,Night,Line2,M201,P103,869,827,7.03,22
2025-03-02,Day,Line2,M202,P101,1077,1042,7.74,42
2025-03-02,Night,Line2,M202,P101,1097,1076,7.45,42
2025-03-02,Day,Line2,M203,P102,947,922,7.12,31
2025-03-02,Night,Line2,M203,P104,1118,1096,7.94,29
2025-03-02,Day,Line2,M204,P103,923,949,6.83,16
2025-03-02,Night,Line2,M204,P102,955,923,7.44,12
2025-03-02,Day,Line3,M301,P104,1048,913,6.59,43
2025-03-02,Night,Line3,M301,P101,852,765,7.41,29
2025-03-02,Day,Line3,M302,P101,1154,1055,6.84,15
2025-03-02,Night,Line3,M302,P103,1089,1021,7.5,12
2025-03-02,Day,Line3,M303,P101,1116,1011,6.75,29
2025-03-02,Night,Line3,M303,P101,1145,991,6.78,29
2025-03-02,Day,Line3,M304,P102,1014,908,6.58,22
2025-03-02,Night,Line3,M304,P102,996,848,7.1,27
2025-03-02,Day,Line4,M401,P103,1075,937,7.07,17
2025-03-02,Night,Line4,M401,P103,926,927,7.76,20
2025-03-02,Day,Line4,M402,P103,908,872,6.59,10
2025-03-02,Night,Line4,M402,P101,955,864,6.61,44
2025-03-02,Day,Line4,M403,P103,1131,1143,7.82,30
2025-03-02,Night,Line4,M403,P103,922,919,7.34,28
2025-03-02,Day,Line4,M404,P102,937,904,7.47,14
2025-03-02,Night,Line4,M404,P103,1163,1046,6.57,31
2025-03-03,Day,Line1,M101,P104,875,828,6.75,18
2025-03-03,Night,Line1,M101,P101,1091,1018,6.69,13
2025-03-03,Day,Line1,M102,P101,1046,1005,6.87,13
2025-03-03,Night,Line1,M102,P101,1068,969,7.04,35
2025-03-03,Day,Line1,M103,P102,1155,1142,6.62,38
2025-03-03,Night,Line1,M103,P103,1009,884,6.51,31
2025-03-03,Day,Line1,M104,P102,1193,1186,7.12,44
2025-03-03,Night,Line1,M104,P101,1088,1067,7.23,18
2025-03-03,Day,Line2,M201,P101,1089,1033,7.0,16
2025-03-03,Night,Line2,M201,P104,1008,945,6.77,39
2025-03-03,Day,Line2,M202,P104,968,973,6.97,24
2025-03-03,Night,Line2,M202,P102,1165,1118,7.09,26
2025-03-03,Day,Line2,M203,P103,1050,997,6.77,21
2025-03-03,Night,Line2,M203,P103,1016,948,7.7,39
2025-03-03,Day,Line2,M204,P104,865,843,7.21,14
2025-03-03,Night,Line2,M204,P104,907,905,7.88,32
2025-03-03,Day,Line3,M301,P104,1086,982,7.02,20
2025-03-03,Night,Line3,M301,P103,1028,903,7.67,18
2025-03-03,Day,Line3,M302,P101,1057,963,6.84,16
2025-03-03,Night,Line3,M302,P103,1134,1011,7.1,14
2025-03-03,Day,Line3,M303,P103,1122,1031,6.77,39
2025-03-03,Night,Line3,M303,P104,1152,1023,7.7,36
2025-03-03,Day,Line3,M304,P102,1167,1104,7.13,25
2025-03-03,Night,Line3,M304,P102,1096,946,7.37,34
2025-03-03,Day,Line4,M401,P101,1024,996,7.8,23
2025-03-03,Night,Line4,M401,P104,1072,1022,6.59,31
2025-03-03,Day,Line4,M402,P102,938,878,7.12,14
2025-03-03,Night,Line4,M402,P104,908,865,7.32,39
2025-03-03,Day,Line4,M403,P103,1134,1105,7.99,16
2025-03-03,Night,Line4,M403,P104,940,813,6.7,29
2025-03-03,Day,Line4,M404,P104,885,823,6.7,16
2025-03-03,Night,Line4,M404,P104,1017,1005,6.74,41
2025-03-04,Day,Line1,M101,P101,896,844,7.5,23
2025-03-04,Night,Line1,M101,P102,1147,1037,7.23,10
2025-03-04,Day,Line1,M102,P102,1188,1075,7.39,19
2025-03-04,Night,Line1,M102,P104,1122,1019,7.36,28
2025-03-04,Day,Line1,M103,P104,1165,1114,7.33,38
2025-03-04,Night,Line1,M103,P102,955,862,7.36,30
2025-03-04,Day,Line1,M104,P103,1141,1118,6.54,29
2025-03-04,Night,Line1,M104,P104,1026,939,7.03,15
2025-03-04,Day,Line2,M201,P101,1163,1128,6.89,42
2025-03-04,Night,Line2,M201,P104,915,899,7.54,28
2025-03-04,Day,Line2,M202,P101,1039,1040,7.6,45
2025-03-04,Night,Line2,M202,P101,850,806,7.42,45
2025-03-04,Day,Line2,M203,P103,906,839,6.89,28
2025-03-04,Night,Line2,M203,P101,970,910,7.13,37
2025-03-04,Day,Line2,M204,P104,1170,1135,6.93,30
2025-03-04,Night,Line2,M204,P104,1057,1073,6.51,34
2025-03-04,Day,Line3,M301,P104,1129,965,7.6,23
2025-03-04,Night,Line3,M301,P102,1093,971,6.54,18
2025-03-04,Day,Line3,M302,P102,1134,1053,6.76,34
2025-03-04,Night,Line3,M302,P103,1063,949,7.21,19
2025-03-04,Day,Line3,M303,P103,1193,1093,7.33,18
2025-03-04,Night,Line3,M303,P102,855,741,7.11,14
2025-03-04,Day,Line3,M304,P101,923,866,6.79,41
2025-03-04,Night,Line3,M304,P104,919,819,6.53,15
2025-03-04,Day,Line4,M401,P102,1178,1138,7.84,36
2025-03-04,Night,Line4,M401,P104,1159,1126,7.4,37
2025-03-04,Day,Line4,M402,P102,1082,1029,7.62,42
2025-03-04,Night,Line4,M402,P104,1132,1108,7.87,38
2025-03-04,Day,Line4,M403,P104,1031,950,6.9,24
2025-03-04,Night,Line4,M403,P102,1067,1012,6.8,10
2025-03-04,Day,Line4,M404,P104,971,908,7.33,42
2025-03-04,Night,Line4,M404,P103,1060,962,7.38,44
2025-03-05,Day,Line1,M101,P103,867,882,6.62,12
2025-03-05,Night,Line1,M101,P104,1038,937,6.63,17
2025-03-05,Day,Line1,M102,P104,890,856,6.82,19
2025-03-05,Night,Line1,M102,P103,1088,980,6.92,43
2025-03-05,Day,Line1,M103,P101,1117,1113,6.52,15
2025-03-05,Night,Line1,M103,P102,1091,1012,7.47,14
2025-03-05,Day,Line1,M104,P103,1163,1153,7.9,13
2025-03-05,Night,Line1,M104,P103,1123,1075,6.53,10
2025-03-05,Day,Line2,M201,P104,1082,1113,7.49,42
2025-03-05,Night,Line2,M201,P104,1143,1023,7.52,31
2025-03-05,Day,Line2,M202,P104,1030,958,7.82,28
2025-03-05,Night,Line2,M202,P103,935,907,6.57,12
2025-03-05,Day,Line2,M203,P103,1138,1103,6.88,26
2025-03-05,Night,Line2,M203,P101,1172,1093,6.83,40
2025-03-05,Day,Line2,M204,P102,1143,1167,6.86,13
2025-03-05,Night,Line2,M204,P103,1169,1098,7.64,11
2025-03-05,Day,Line3,M301,P103,1098,973,7.12,15
2025-03-05,Night,Line3,M301,P102,1108,1022,6.81,14
2025-03-05,Day,Line3,M302,P103,979,891,7.9,18
2025-03-05,Night,Line3,M302,P103,990,884,6.96,26
2025-03-05,Day,Line3,M303,P101,907,844,7.54,21
2025-03-05,Night,Line3,M303,P102,1187,1082,7.95,38
2025-03-05,Day,Line3,M304,P103,939,826,7.51,26
2025-03-05,Night,Line3,M304,P102,1098,967,7.59,21
2025-03-05,Day,Line4,M401,P101,1025,941,7.26,15
2025-03-05,Night,Line4,M401,P102,1154,1096,6.97,19
2025-03-05,Day,Line4,M402,P104,1061,1078,7.62,34
2025-03-05,Night,Line4,M402,P102,1188,1082,6.85,38
2025-03-05,Day,Line4,M403,P102,957,874,6.8,32
2025-03-05,Night,Line4,M403,P101,1178,1084,7.68,26
2025-03-05,Day,Line4,M404,P101,876,834,7.63,20
2025-03-05,Night,Line4,M404,P104,1054,1014,7.85,40
2025-03-06,Day,Line1,M101,P103,1093,1038,7.93,44
2025-03-06,Night,Line1,M101,P102,1044,992,7.07,34
2025-03-06,Day,Line1,M102,P104,984,929,7.23,19
2025-03-06,Night,Line1,M102,P104,856,799,6.66,28
2025-03-06,Day,Line1,M103,P104,1045,977,7.71,30
2025-03-06,Night,Line1,M103,P101,899,815,7.81,44
2025-03-06,Day,Line1,M104,P103,1071,1053,7.79,27
2025-03-06,Night,Line1,M104,P103,988,915,7.65,27
2025-03-06,Day,Line2,M201,P101,980,953,7.92,35
2025-03-06,Night,Line2,M201,P104,1195,1093,7.52,25
2025-03-06,Day,Line2,M202,P102,1116,1071,7.47,31
2025-03-06,Night,Line2,M202,P102,1010,886,7.27,45
2025-03-06,Day,Line2,M203,P101,1194,1133,7.7,10
2025-03-06,Night,Line2,M203,P101,856,785,7.79,36
2025-03-06,Day,Line2,M204,P101,1118,1113,7.63,16
2025-03-06,Night,Line2,M204,P104,1029,928,7.72,24
2025-03-06,Day,Line3,M301,P103,978,885,7.79,22
2025-03-06,Night,Line3,M301,P101,862,775,6.7,15
2025-03-06,Day,Line3,M302,P101,1154,1085,7.52,23
2025-03-06,Night,Line3,M302,P101,911,834,6.88,15
2025-03-06,Day,Line3,M303,P102,1042,946,6.58,21
2025-03-06,Night,Line3,M303,P101,944,842,7.58,26
2025-03-06,Day,Line3,M304,P103,1089,1029,7.08,14
2025-03-06,Night,Line3,M304,P104,991,879,6.75,37
2025-03-06,Day,Line4,M401,P103,981,947,6.78,20
2025-03-06,Night,Line4,M401,P101,991,968,7.58,13
2025-03-06,Day,Line4,M402,P104,1048,1084,7.19,31
2025-03-06,Night,Line4,M402,P101,982,930,7.74,26
2025-03-06,Day,Line4,M403,P102,1075,1049,6.66,14
2025-03-06,Night,Line4,M403,P104,952,918,7.76,35
2025-03-06,Day,Line4,M404,P102,1180,1175,7.04,41
2025-03-06,Night,Line4,M404,P101,923,896,7.82,44
2025-03-07,Day,Line1,M101,P104,961,906,7.11,16
2025-03-07,Night,Line1,M101,P104,982,932,7.83,16
2025-03-07,Day,Line1,M102,P101,887,879,6.91,14
2025-03-07,Night,Line1,M102,P103,1078,1060,6.87,11
2025-03-07,Day,Line1,M103,P104,926,885,7.66,10
2025-03-07,Night,Line1,M103,P101,1190,1129,7.09,34
2025-03-07,Day,Line1,M104,P103,927,901,7.05,31
2025-03-07,Night,Line1,M104,P104,1144,1076,7.04,10
2025-03-07,Day,Line2,M201,P104,1094,1059,7.16,37
2025-03-07,Night,Line2,M201,P104,885,775,7.82,44
2025-03-07,Day,Line2,M202,P102,851,899,6.71,34
2025-03-07,Night,Line2,M202,P104,912,920,7.97,44
2025-03-07,Day,Line2,M203,P103,1020,973,7.49,29
2025-03-07,Night,Line2,M203,P104,878,822,7.39,15
2025-03-07,Day,Line2,M204,P103,1123,1022,7.68,31
2025-03-07,Night,Line2,M204,P101,1085,961,6.79,28
2025-03-07,Day,Line3,M301,P102,940,869,7.13,45
2025-03-07,Night,Line3,M301,P101,1046,964,7.19,22
2025-03-07,Day,Line3,M302,P103,1049,981,7.27,16
2025-03-07,Night,Line3,M302,P103,1099,950,6.98,15
2025-03-07,Day,Line3,M303,P104,947,884,7.02,18
2025-03-07,Night,Line3,M303,P101,948,840,6.58,11
2025-03-07,Day,Line3,M304,P102,1100,988,6.83,34
2025-03-07,Night,Line3,M304,P101,1126,956,6.5,29
2025-03-07,Day,Line4,M401,P104,1123,1054,6.68,38
2025-03-07,Night,Line4,M401,P101,868,829,6.6,31
2025-03-07,Day,Line4,M402,P101,1022,990,7.15,12
2025-03-07,Night,Line4,M402,P104,910,859,6.68,23
2025-03-07,Day,Line4,M403,P104,1197,1070,7.06,44
2025-03-07,Night,Line4,M403,P102,1146,1083,7.43,24
2025-03-07,Day,Line4,M404,P101,868,818,6.55,19
2025-03-07,Night,Line4,M404,P104,1184,1124,7.99,11
2025-03-08,Day,Line1,M101,P104,1166,1163,7.01,12
2025-03-08,Night,Line1,M101,P102,1182,1095,7.17,18
2025-03-08,Day,Line1,M102,P101,938,903,7.79,13
2025-03-08,Night,Line1,M102,P103,899,900,7.8,39
2025-03-08,Day,Line1,M103,P102,1152,1115,7.22,14
2025-03-08,Night,Line1,M103,P101,908,852,7.98,41
2025-03-08,Day,Line1,M104,P102,882,825,7.31,22
2025-03-08,Night,Line1,M104,P104,1022,985,7.99,35
2025-03-08,Day,Line2,M201,P103,911,847,6.51,44
2025-03-08,Night,Line2,M201,P102,1014,992,7.11,23
2025-03-08,Day,Line2,M202,P101,1153,1129,7.01,21
2025-03-08,Night,Line2,M202,P103,882,814,7.74,17
2025-03-08,Day,Line2,M203,P103,922,863,6.6,36
2025-03-08,Night,Line2,M203,P102,1039,952,6.78,45
2025-03-08,Day,Line2,M204,P102,1074,973,7.13,25
2025-03-08,Night,Line2,M204,P101,918,875,7.07,16
2025-03-08,Day,Line3,M301,P104,930,788,6.66,11
2025-03-08,Night,Line3,M301,P104,891,790,7.93,10
2025-03-08,Day,Line3,M302,P101,941,852,6.95,15
2025-03-08,Night,Line3,M302,P103,1063,935,6.98,40
2025-03-08,Day,Line3,M303,P102,955,882,6.68,19
2025-03-08,Night,Line3,M303,P103,1117,975,7.45,38
2025-03-08,Day,Line3,M304,P104,972,889,6.62,21
2025-03-08,Night,Line3,M304,P101,1155,1073,7.93,21
2025-03-08,Day,Line4,M401,P104,1163,1136,6.75,15
2025-03-08,Night,Line4,M401,P103,1028,953,7.78,36
2025-03-08,Day,Line4,M402,P101,1135,1089,7.65,25
2025-03-08,Night,Line4,M402,P102,910,846,7.9,43
2025-03-08,Day,Line4,M403,P101,1166,1113,6.93,33
2025-03-08,Night,Line4,M403,P102,1087,1028,6.93,23
2025-03-08,Day,Line4,M404,P103,877,805,7.32,22
2025-03-08,Night,Line4,M404,P101,926,825,6.74,40
2025-03-09,Day,Line1,M101,P104,940,877,6.97,20
2025-03-09,Night,Line1,M101,P101,877,837,7.26,33
2025-03-09,Day,Line1,M102,P103,957,937,7.47,37
2025-03-09,Night,Line1,M102,P103,1021,984,6.73,39
2025-03-09,Day,Line1,M103,P101,903,843,7.07,13
2025-03-09,Night,Line1,M103,P102,930,876,7.12,11
2025-03-09,Day,Line1,M104,P104,1113,1055,6.77,17
2025-03-09,Night,Line1,M104,P101,970,908,7.09,38
2025-03-09,Day,Line2,M201,P103,1064,1008,7.97,22
2025-03-09,Night,Line2,M201,P103,967,916,7.07,17
2025-03-09,Day,Line2,M202,P103,966,907,7.44,16
2025-03-09,Night,Line2,M202,P102,1061,1034,6.79,22
2025-03-09,Day,Line2,M203,P104,962,957,6.6,14
2025-03-09,Night,Line2,M203,P104,1149,1096,7.0,41
2025-03-09,Day,Line2,M204,P101,1073,1063,7.03,19
2025-03-09,Night,Line2,M204,P102,1162,1042,6.72,39
2025-03-09,Day,Line3,M301,P102,1048,992,7.07,33
2025-03-09,Night,Line3,M301,P102,1084,977,6.7,22
2025-03-09,Day,Line3,M302,P103,988,880,6.95,22
2025-03-09,Night,Line3,M302,P103,915,794,7.46,12
2025-03-09,Day,Line3,M303,P101,993,951,7.04,18
2025-03-09,Night,Line3,M303,P101,1088,995,7.74,39
2025-03-09,Day,Line3,M304,P104,937,848,7.7,31
2025-03-09,Night,Line3,M304,P102,1001,847,6.77,20
2025-03-09,Day,Line4,M401,P102,1145,1143,6.54,45
2025-03-09,Night,Line4,M401,P102,894,810,7.54,36
2025-03-09,Day,Line4,M402,P104,960,911,7.41,40
2025-03-09,Night,Line4,M402,P104,992,927,6.86,10
2025-03-09,Day,Line4,M403,P104,976,915,6.72,25
2025-03-09,Night,Line4,M403,P103,1072,1001,6.95,24
2025-03-09,Day,Line4,M404,P102,1143,1097,6.68,10
2025-03-09,Night,Line4,M404,P104,872,814,6.96,12
2025-03-10,Day,Line1,M101,P104,1108,1074,7.83,12
2025-03-10,Night,Line1,M101,P104,1121,1109,7.33,35
2025-03-10,Day,Line1,M102,P104,900,826,6.75,38
2025-03-10,Night,Line1,M102,P104,973,919,7.87,15
2025-03-10,Day,Line1,M103,P101,1058,980,7.64,23
2025-03-10,Night,Line1,M103,P102,1033,925,7.01,28
2025-03-10,Day,Line1,M104,P102,1181,1167,6.57,15
2025-03-10,Night,Line1,M104,P101,1095,1037,6.89,29
2025-03-10,Day,Line2,M201,P102,1085,991,7.62,11
2025-03-10,Night,Line2,M201,P104,1087,1015,7.88,18
2025-03-10,Day,Line2,M202,P104,944,854,7.94,33
2025-03-10,Night,Line2,M202,P104,1174,1072,7.17,10
2025-03-10,Day,Line2,M203,P101,1047,936,7.86,31
2025-03-10,Night,Line2,M203,P101,1001,936,7.35,37
2025-03-10,Day,Line2,M204,P103,1163,1140,7.01,44
2025-03-10,Night,Line2,M204,P102,1200,1148,7.15,15
2025-03-10,Day,Line3,M301,P103,878,788,7.69,42
2025-03-10,Night,Line3,M301,P103,876,805,7.91,17
2025-03-10,Day,Line3,M302,P104,1037,987,7.71,39
2025-03-10,Night,Line3,M302,P101,1037,945,7.77,33
2025-03-10,Day,Line3,M303,P102,1181,1055,7.1,45
2025-03-10,Night,Line3,M303,P101,1137,1007,7.51,23
2025-03-10,Day,Line3,M304,P102,1021,978,7.04,25
2025-03-10,Night,Line3,M304,P101,1182,1040,7.45,40
2025-03-10,Day,Line4,M401,P102,965,943,7.32,30
2025-03-10,Night,Line4,M401,P103,986,905,6.81,42
2025-03-10,Day,Line4,M402,P104,991,981,7.22,13
2025-03-10,Night,Line4,M402,P101,1040,951,6.82,32
2025-03-10,Day,Line4,M403,P104,1098,1051,7.21,42
2025-03-10,Night,Line4,M403,P101,1090,1042,7.85,44
2025-03-10,Day,Line4,M404,P103,1081,1097,6.88,33
2025-03-10,Night,Line4,M404,P101,946,895,7.17,39
2025-03-11,Day,Line1,M101,P101,891,848,6.5,35
2025-03-11,Night,Line1,M101,P102,997,927,6.56,14
2025-03-11,Day,Line1,M102,P101,934,923,7.33,27
2025-03-11,Night,Line1,M102,P101,925,882,6.73,41
2025-03-11,Day,Line1,M103,P102,954,935,7.6,43
2025-03-11,Night,Line1,M103,P101,1000,985,7.65,36
2025-03-11,Day,Line1,M104,P102,1092,1050,7.01,32
2025-03-11,Night,Line1,M104,P104,1077,1024,7.47,11
2025-03-11,Day,Line2,M201,P103,946,898,7.72,14
2025-03-11,Night,Line2,M201,P101,968,887,7.4,43
2025-03-11,Day,Line2,M202,P103,1060,998,7.78,31
2025-03-11,Night,Line2,M202,P103,1098,953,7.01,43
2025-03-11,Day,Line2,M203,P104,1084,1058,6.77,29
2025-03-11,Night,Line2,M203,P102,1006,958,7.15,20
2025-03-11,Day,Line2,M204,P103,966,942,7.3,40
2025-03-11,Night,Line2,M204,P103,997,912,7.45,13
2025-03-11,Day,Line3,M301,P102,1030,919,6.56,28
2025-03-11,Night,Line3,M301,P104,935,815,6.98,20
2025-03-11,Day,Line3,M302,P103,943,889,7.5,21
2025-03-11,Night,Line3,M302,P102,932,834,7.15,25
2025-03-11,Day,Line3,M303,P101,871,793,6.89,30
2025-03-11,Night,Line3,M303,P102,1075,981,6.58,26
2025-03-11,Day,Line3,M304,P103,944,841,6.95,23
2025-03-11,Night,Line3,M304,P101,1190,1072,7.3,30
2025-03-11,Day,Line4,M401,P103,925,943,6.75,33
2025-03-11,Night,Line4,M401,P104,1126,1102,7.07,20
2025-03-11,Day,Line4,M402,P103,912,885,7.59,11
2025-03-11,Night,Line4,M402,P104,1105,1041,7.88,19
2025-03-11,Day,Line4,M403,P104,1013,987,6.79,19
2025-03-11,Night,Line4,M403,P101,1129,1110,7.5,42
2025-03-11,Day,Line4,M404,P103,1181,1182,7.23,28
2025-03-11,Night,Line4,M404,P104,998,987,7.29,19
2025-03-12,Day,Line1,M101,P104,1023,989,6.8,17
2025-03-12,Night,Line1,M101,P104,870,763,7.71,18
2025-03-12,Day,Line1,M102,P101,1007,1024,7.16,11
2025-03-12,Night,Line1,M102,P104,1166,1068,6.92,24
2025-03-12,Day,Line1,M103,P104,1032,929,7.9,15
2025-03-12,Night,Line1,M103,P103,878,845,7.88,22
2025-03-12,Day,Line1,M104,P102,992,890,7.61,22
2025-03-12,Night,Line1,M104,P101,892,839,6.56,44
2025-03-12,Day,Line2,M201,P104,1196,1073,7.88,15
2025-03-12,Night,Line2,M201,P104,949,882,6.52,41
2025-03-12,Day,Line2,M202,P103,1158,1168,7.23,42
2025-03-12,Night,Line2,M202,P101,1191,1132,6.63,33
2025-03-12,Day,Line2,M203,P104,925,888,7.42,37
2025-03-12,Night,Line2,M203,P103,1047,999,6.85,33
2025-03-12,Day,Line2,M204,P101,995,874,6.61,32
2025-03-12,Night,Line2,M204,P103,1007,927,6.66,38
2025-03-12,Day,Line3,M301,P101,960,859,6.79,38
2025-03-12,Night,Line3,M301,P104,1076,978,7.26,28
2025-03-12,Day,Line3,M302,P102,1067,939,6.55,36
2025-03-12,Night,Line3,M302,P102,1150,1030,6.58,15
2025-03-12,Day,Line3,M303,P102,956,867,7.77,29
2025-03-12,Night,Line3,M303,P104,1118,975,6.89,31
2025-03-12,Day,Line3,M304,P101,1152,1030,7.17,34
2025-03-12,Night,Line3,M304,P101,853,756,7.37,36
2025-03-12,Day,Line4,M401,P103,1062,960,6.97,21
2025-03-12,Night,Line4,M401,P104,1140,1098,6.66,18
2025-03-12,Day,Line4,M402,P102,945,885,7.65,34
2025-03-12,Night,Line4,M402,P103,1133,1056,7.95,41
2025-03-12,Day,Line4,M403,P101,1004,1011,6.93,29
2025-03-12,Night,Line4,M403,P104,1136,1095,7.45,39
2025-03-12,Day,Line4,M404,P102,863,798,7.64,10
2025-03-12,Night,Line4,M404,P102,984,841,6.92,29
2025-03-13,Day,Line1,M101,P104,913,890,6.58,28
2025-03-13,Night,Line1,M101,P104,941,878,7.23,41
2025-03-13,Day,Line1,M102,P102,864,834,7.32,17
2025-03-13,Night,Line1,M102,P103,1102,1061,6.87,14
2025-03-13,Day,Line1,M103,P103,1147,1133,7.34,40
2025-03-13,Night,Line1,M103,P104,982,910,7.27,40
2025-03-13,Day,Line1,M104,P101,1041,996,7.4,42
2025-03-13,Night,Line1,M104,P101,982,934,6.62,20
2025-03-13,Day,Line2,M201,P101,924,899,7.36,30
2025-03-13,Night,Line2,M201,P104,919,869,6.69,32
2025-03-13,Day,Line2,M202,P102,877,880,7.11,27
2025-03-13,Night,Line2,M202,P103,1064,1014,7.82,32
2025-03-13,Day,Line2,M203,P101,998,980,7.44,28
2025-03-13,Night,Line2,M203,P101,1113,1055,6.7,22
2025-03-13,Day,Line2,M204,P102,898,835,7.86,20
2025-03-13,Night,Line2,M204,P103,1011,931,7.64,29
2025-03-13,Day,Line3,M301,P103,1200,1049,6.78,33
2025-03-13,Night,Line3,M301,P101,1123,1034,7.63,32
2025-03-13,Day,Line3,M302,P102,856,739,7.42,18
2025-03-13,Night,Line3,M302,P103,1040,921,6.56,41
2025-03-13,Day,Line3,M303,P104,1024,920,6.72,20
2025-03-13,Night,Line3,M303,P101,961,797,7.98,19
2025-03-13,Day,Line3,M304,P102,946,849,6.81,45
2025-03-13,Night,Line3,M304,P101,1063,936,7.65,39
2025-03-13,Day,Line4,M401,P101,909,918,6.53,18
2025-03-13,Night,Line4,M401,P101,1095,966,6.55,32
2025-03-13,Day,Line4,M402,P103,1035,1034,7.83,18
2025-03-13,Night,Line4,M402,P104,1155,1077,6.63,43
2025-03-13,Day,Line4,M403,P103,938,924,7.08,29
2025-03-13,Night,Line4,M403,P101,910,857,7.74,24
2025-03-13,Day,Line4,M404,P102,922,854,7.91,24
2025-03-13,Night,Line4,M404,P103,914,898,6.91,23
2025-03-14,Day,Line1,M101,P102,890,887,7.65,37
2025-03-14,Night,Line1,M101,P101,889,808,7.89,11
2025-03-14,Day,Line1,M102,P104,1070,1046,7.61,12
2025-03-14,Night,Line1,M102,P102,905,834,6.6,12
2025-03-14,Day,Line1,M103,P101,1090,997,6.96,17
2025-03-14,Night,Line1,M103,P103,872,799,7.97,14
2025-03-14,Day,Line1,M104,P103,1191,1191,7.96,10
2025-03-14,Night,Line1,M104,P101,913,882,7.07,23
2025-03-14,Day,Line2,M201,P102,944,897,7.8,32
2025-03-14,Night,Line2,M201,P101,896,878,6.77,19
2025-03-14,Day,Line2,M202,P103,1146,1139,7.09,32
2025-03-14,Night,Line2,M202,P103,932,854,7.41,42
2025-03-14,Day,Line2,M203,P102,1108,1117,6.84,14
2025-03-14,Night,Line2,M203,P101,1146,1064,6.59,10
2025-03-14,Day,Line2,M204,P102,948,903,6.75,28
2025-03-14,Night,Line2,M204,P102,1125,993,7.03,10
2025-03-14,Day,Line3,M301,P101,959,855,7.37,42
2025-03-14,Night,Line3,M301,P104,1037,918,7.83,21
2025-03-14,Day,Line3,M302,P104,1194,1097,7.5,16
2025-03-14,Night,Line3,M302,P102,1031,883,7.13,34
2025-03-14,Day,Line3,M303,P104,959,851,7.26,42
2025-03-14,Night,Line3,M303,P102,1058,994,6.51,17
2025-03-14,Day,Line3,M304,P103,913,860,6.56,39
2025-03-14,Night,Line3,M304,P101,1116,1035,7.05,18
2025-03-14,Day,Line4,M401,P104,1034,990,7.25,28
2025-03-14,Night,Line4,M401,P101,892,847,7.86,30
2025-03-14,Day,Line4,M402,P104,909,889,7.7,34
2025-03-14,Night,Line4,M402,P103,1083,1071,7.8,29
2025-03-14,Day,Line4,M403,P104,965,882,7.08,45
2025-03-14,Night,Line4,M403,P104,998,859,7.95,37
2025-03-14,Day,Line4,M404,P102,885,835,7.79,40
2025-03-14,Night,Line4,M404,P103,941,891,7.22,10
2025-03-15,Day,Line1,M101,P104,1194,1149,7.13,16
2025-03-15,Night,Line1,M101,P104,1074,985,7.82,43
2025-03-15,Day,Line1,M102,P101,911,888,7.34,19
2025-03-15,Night,Line1,M102,P104,1055,976,6.58,16
2025-03-15,Day,Line1,M103,P102,883,848,6.94,33
2025-03-15,Night,Line1,M103,P102,1023,976,7.2,22
2025-03-15,Day,Line1,M104,P104,912,863,6.79,24
2025-03-15,Night,Line1,M104,P104,1105,1065,6.69,27
2025-03-15,Day,Line2,M201,P103,1179,1166,7.21,35
2025-03-15,Night,Line2,M201,P103,1093,1004,6.84,35
2025-03-15,Day,Line2,M202,P104,1111,1050,7.91,27
2025-03-15,Night,Line2,M202,P102,1082,985,7.01,16
2025-03-15,Day,Line2,M203,P101,978,938,6.77,41
2025-03-15,Night,Line2,M203,P104,968,918,7.84,18
2025-03-15,Day,Line2,M204,P101,900,912,7.98,13
2025-03-15,Night,Line2,M204,P101,1105,1027,6.58,11
2025-03-15,Day,Line3,M301,P102,1045,959,6.92,30
2025-03-15,Night,Line3,M301,P102,1005,879,6.78,16
2025-03-15,Day,Line3,M302,P101,1188,1064,7.2,43
2025-03-15,Night,Line3,M302,P104,1088,980,7.41,22
2025-03-15,Day,Line3,M303,P103,1188,1066,7.68,41
2025-03-15,Night,Line3,M303,P104,1108,984,6.52,26
2025-03-15,Day,Line3,M304,P103,1126,1038,7.15,44
2025-03-15,Night,Line3,M304,P101,866,777,7.3,37
2025-03-15,Day,Line4,M401,P101,1046,929,7.83,38
2025-03-15,Night,Line4,M401,P103,1042,963,7.84,38
2025-03-15,Day,Line4,M402,P104,868,861,7.89,12
2025-03-15,Night,Line4,M402,P102,1135,1013,7.94,29
2025-03-15,Day,Line4,M403,P102,1101,957,6.92,37
2025-03-15,Night,Line4,M403,P102,1009,965,7.94,34
2025-03-15,Day,Line4,M404,P104,906,876,6.92,41
2025-03-15,Night,Line4,M404,P104,1093,991,6.92,45
2025-03-16,Day,Line1,M101,P102,1109,1068,6.62,13
2025-03-16,Night,Line1,M101,P104,984,906,6.73,41
2025-03-16,Day,Line1,M102,P104,1165,1135,6.89,32
2025-03-16,Night,Line1,M102,P103,1014,866,6.97,13
2025-03-16,Day,Line1,M103,P101,1152,1097,7.95,12
2025-03-16,Night,Line1,M103,P102,1037,958,7.92,32
2025-03-16,Day,Line1,M104,P101,1170,1151,7.86,31
2025-03-16,Night,Line1,M104,P104,899,794,6.51,37
2025-03-16,Day,Line2,M201,P103,1032,992,6.52,36
2025-03-16,Night,Line2,M201,P103,878,840,6.89,25
2025-03-16,Day,Line2,M202,P102,970,985,7.6,29
2025-03-16,Night,Line2,M202,P101,883,817,7.99,29
2025-03-16,Day,Line2,M203,P101,1022,991,7.3,20
2025-03-16,Night,Line2,M203,P101,1125,996,7.11,30
2025-03-16,Day,Line2,M204,P101,1085,1041,7.4,37
2025-03-16,Night,Line2,M204,P104,986,961,6.84,11
2025-03-16,Day,Line3,M301,P104,1151,1111,7.27,11
2025-03-16,Night,Line3,M301,P103,1043,941,7.99,34
2025-03-16,Day,Line3,M302,P103,1143,986,7.66,16
2025-03-16,Night,Line3,M302,P104,901,838,6.76,23
2025-03-16,Day,Line3,M303,P103,1104,952,7.15,42
2025-03-16,Night,Line3,M303,P103,935,799,7.67,29
2025-03-16,Day,Line3,M304,P103,1073,1023,7.36,22
2025-03-16,Night,Line3,M304,P104,1175,1042,7.01,14
2025-03-16,Day,Line4,M401,P102,997,939,6.84,26
2025-03-16,Night,Line4,M401,P101,1002,962,7.26,35
2025-03-16,Day,Line4,M402,P102,1169,1128,7.17,15
2025-03-16,Night,Line4,M402,P101,1153,1159,7.95,31
2025-03-16,Day,Line4,M403,P103,884,877,6.71,43
2025-03-16,Night,Line4,M403,P104,1068,1010,7.35,23
2025-03-16,Day,Line4,M404,P103,889,859,7.58,29
2025-03-16,Night,Line4,M404,P103,1071,1040,7.06,44
2025-03-17,Day,Line1,M101,P103,952,911,7.09,36
2025-03-17,Night,Line1,M101,P104,978,893,7.8,42
2025-03-17,Day,Line1,M102,P104,1193,1172,7.95,45
2025-03-17,Night,Line1,M102,P102,859,799,7.17,43
2025-03-17,Day,Line1,M103,P102,1145,1109,7.53,41
2025-03-17,Night,Line1,M103,P102,1188,1045,6.91,39
2025-03-17,Day,Line1,M104,P103,1176,1124,7.03,44
2025-03-17,Night,Line1,M104,P104,1139,1052,6.97,13
2025-03-17,Day,Line2,M201,P102,1036,931,6.79,39
2025-03-17,Night,Line2,M201,P102,973,911,6.96,19
2025-03-17,Day,Line2,M202,P103,1072,1026,7.17,36
2025-03-17,Night,Line2,M202,P103,882,838,7.36,23
2025-03-17,Day,Line2,M203,P104,986,980,7.41,28
2025-03-17,Night,Line2,M203,P102,981,950,6.63,25
2025-03-17,Day,Line2,M204,P104,972,919,7.39,17
2025-03-17,Night,Line2,M204,P102,948,896,7.61,11
2025-03-17,Day,Line3,M301,P102,1008,932,6.55,39
2025-03-17,Night,Line3,M301,P104,1136,996,7.77,37
2025-03-17,Day,Line3,M302,P104,1181,1022,6.7,12
2025-03-17,Night,Line3,M302,P102,931,822,7.93,27
2025-03-17,Day,Line3,M303,P102,864,817,7.32,26
2025-03-17,Night,Line3,M303,P103,1187,1002,6.69,45
2025-03-17,Day,Line3,M304,P102,1179,1038,6.82,12
2025-03-17,Night,Line3,M304,P104,860,744,7.12,13
2025-03-17,Day,Line4,M401,P101,1010,940,7.05,29
2025-03-17,Night,Line4,M401,P101,1058,1016,7.09,33
2025-03-17,Day,Line4,M402,P101,1053,990,6.6,18
2025-03-17,Night,Line4,M402,P102,907,872,6.98,42
2025-03-17,Day,Line4,M403,P101,1117,1073,7.67,43
2025-03-17,Night,Line4,M403,P103,1104,979,7.79,15
2025-03-17,Day,Line4,M404,P102,1157,1096,7.53,17
2025-03-17,Night,Line4,M404,P103,1018,987,6.97,34
2025-03-18,Day,Line1,M101,P102,1066,1028,6.51,23
2025-03-18,Night,Line1,M101,P102,904,840,7.11,21
2025-03-18,Day,Line1,M102,P102,990,986,7.65,38
2025-03-18,Night,Line1,M102,P104,980,889,6.96,13
2025-03-18,Day,Line1,M103,P104,1123,1058,7.17,33
2025-03-18,Night,Line1,M103,P101,1012,978,7.59,44
2025-03-18,Day,Line1,M104,P104,1093,1071,7.41,25
2025-03-18,Night,Line1,M104,P103,924,836,7.87,33
2025-03-18,Day,Line2,M201,P104,1038,1011,7.35,29
2025-03-18,Night,Line2,M201,P101,1180,1086,6.91,12
2025-03-18,Day,Line2,M202,P101,1193,1071,7.37,25
2025-03-18,Night,Line2,M202,P103,1132,1053,7.83,34
2025-03-18,Day,Line2,M203,P103,1177,1198,7.28,33
2025-03-18,Night,Line2,M203,P101,1123,1090,6.58,25
2025-03-18,Day,Line2,M204,P104,1048,1004,6.97,10
2025-03-18,Night,Line2,M204,P104,980,874,6.77,29
2025-03-18,Day,Line3,M301,P101,970,823,6.89,29
2025-03-18,Night,Line3,M301,P102,932,830,7.2,38
2025-03-18,Day,Line3,M302,P103,1179,1087,6.66,36
2025-03-18,Night,Line3,M302,P101,990,902,7.66,15
2025-03-18,Day,Line3,M303,P104,1091,1012,6.67,36
2025-03-18,Night,Line3,M303,P103,1066,970,7.47,16
2025-03-18,Day,Line3,M304,P102,983,902,7.47,42
2025-03-18,Night,Line3,M304,P101,1030,953,7.19,36
2025-03-18,Day,Line4,M401,P103,1082,1021,7.46,11
2025-03-18,Night,Line4,M401,P101,1178,1108,6.62,21
2025-03-18,Day,Line4,M402,P104,1178,1069,7.32,18
2025-03-18,Night,Line4,M402,P101,1055,974,6.7,22
2025-03-18,Day,Line4,M403,P103,1010,999,6.75,15
2025-03-18,Night,Line4,M403,P101,930,892,6.66,25
2025-03-18,Day,Line4,M404,P102,1154,1025,6.66,36
2025-03-18,Night,Line4,M404,P103,1081,1082,7.47,40
2025-03-19,Day,Line1,M101,P102,983,948,7.44,21
2025-03-19,Night,Line1,M101,P103,994,939,6.61,22
2025-03-19,Day,Line1,M102,P101,1062,1000,6.89,33
2025-03-19,Night,Line1,M102,P102,1051,975,7.08,34
2025-03-19,Day,Line1,M103,P102,860,829,7.75,11
2025-03-19,Night,Line1,M103,P102,895,857,7.57,39
2025-03-19,Day,Line1,M104,P102,984,954,6.91,20
2025-03-19,Night,Line1,M104,P101,1055,974,7.46,37
2025-03-19,Day,Line2,M201,P103,926,863,7.9,15
2025-03-19,Night,Line2,M201,P103,937,853,6.54,17
2025-03-19,Day,Line2,M202,P101,1119,1110,7.75,37
2025-03-19,Night,Line2,M202,P104,1194,1156,7.96,41
2025-03-19,Day,Line2,M203,P101,964,939,7.47,23
2025-03-19,Night,Line2,M203,P102,986,958,6.69,28
2025-03-19,Day,Line2,M204,P104,1045,999,6.56,18
2025-03-19,Night,Line2,M204,P104,955,921,7.04,23
2025-03-19,Day,Line3,M301,P103,1196,1107,7.19,22
2025-03-19,Night,Line3,M301,P104,942,863,6.58,36
2025-03-19,Day,Line3,M302,P102,864,758,7.89,28
2025-03-19,Night,Line3,M302,P103,970,790,7.46,38
2025-03-19,Day,Line3,M303,P102,1039,953,6.6,39
2025-03-19,Night,Line3,M303,P101,855,710,7.96,40
2025-03-19,Day,Line3,M304,P102,1015,912,7.03,35
2025-03-19,Night,Line3,M304,P102,1046,861,7.52,37
2025-03-19,Day,Line4,M401,P103,887,884,6.9,16
2025-03-19,Night,Line4,M401,P101,876,848,6.97,31
2025-03-19,Day,Line4,M402,P102,1091,1058,6.56,32
2025-03-19,Night,Line4,M402,P101,852,779,7.4,26
2025-03-19,Day,Line4,M403,P104,1004,910,6.62,35
2025-03-19,Night,Line4,M403,P103,917,800,7.51,45
2025-03-19,Day,Line4,M404,P101,1147,1082,7.13,21
2025-03-19,Night,Line4,M404,P103,936,899,7.76,42
2025-03-20,Day,Line1,M101,P104,1023,971,7.33,39
2025-03-20,Night,Line1,M101,P102,895,854,6.79,30
2025-03-20,Day,Line1,M102,P104,922,900,6.57,26
2025-03-20,Night,Line1,M102,P101,1010,970,7.77,12
2025-03-20,Day,Line1,M103,P102,1105,996,7.32,27
2025-03-20,Night,Line1,M103,P103,1070,981,6.64,28
2025-03-20,Day,Line1,M104,P103,1163,1133,6.78,26
2025-03-20,Night,Line1,M104,P103,1073,1056,6.78,20
2025-03-20,Day,Line2,M201,P103,1101,1094,6.53,19
2025-03-20,Night,Line2,M201,P104,877,832,6.57,22
2025-03-20,Day,Line2,M202,P102,877,875,6.99,24
2025-03-20,Night,Line2,M202,P102,868,823,7.02,40
2025-03-20,Day,Line2,M203,P103,933,852,6.54,39
2025-03-20,Night,Line2,M203,P104,909,872,7.6,41
2025-03-20,Day,Line2,M204,P101,1076,1071,7.61,32
2025-03-20,Night,Line2,M204,P104,1084,1079,7.51,41
2025-03-20,Day,Line3,M301,P101,925,825,6.69,17
2025-03-20,Night,Line3,M301,P103,897,767,6.69,23
2025-03-20,Day,Line3,M302,P103,942,881,7.94,20
2025-03-20,Night,Line3,M302,P103,1138,1027,7.44,23
2025-03-20,Day,Line3,M303,P101,1119,1029,7.43,21
2025-03-20,Night,Line3,M303,P104,889,825,7.67,25
2025-03-20,Day,Line3,M304,P104,1196,1118,6.58,16
2025-03-20,Night,Line3,M304,P103,863,781,7.62,28
2025-03-20,Day,Line4,M401,P101,1051,994,7.46,33
2025-03-20,Night,Line4,M401,P101,1015,977,6.97,19
2025-03-20,Day,Line4,M402,P101,891,823,7.57,39
2025-03-20,Night,Line4,M402,P104,1082,1026,6.76,27
2025-03-20,Day,Line4,M403,P101,1018,976,7.87,12
2025-03-20,Night,Line4,M403,P104,1016,906,6.82,18
2025-03-20,Day,Line4,M404,P102,874,850,7.25,28
2025-03-20,Night,Line4,M404,P103,878,810,7.87,14
2025-03-21,Day,Line1,M101,P104,897,871,6.85,35
2025-03-21,Night,Line1,M101,P103,941,857,6.74,25
2025-03-21,Day,Line1,M102,P104,895,882,7.63,11
2025-03-21,Night,Line1,M102,P102,933,923,6.96,34
2025-03-21,Day,Line1,M103,P104,995,890,7.98,19
2025-03-21,Night,Line1,M103,P101,1002,905,6.94,41
2025-03-21,Day,Line1,M104,P104,1008,938,7.35,18
2025-03-21,Night,Line1,M104,P103,1190,1070,6.88,16
2025-03-21,Day,Line2,M201,P103,1112,1060,7.84,22
2025-03-21,Night,Line2,M201,P104,1078,1025,6.66,34
2025-03-21,Day,Line2,M202,P104,987,967,6.75,37
2025-03-21,Night,Line2,M202,P101,1066,1010,7.95,33
2025-03-21,Day,Line2,M203,P102,1072,1050,7.52,37
2025-03-21,Night,Line2,M203,P101,870,815,6.95,42
2025-03-21,Day,Line2,M204,P103,1087,1024,6.64,24
2025-03-21,Night,Line2,M204,P102,1103,1005,6.72,43
2025-03-21,Day,Line3,M301,P101,998,902,7.69,39
2025-03-21,Night,Line3,M301,P104,890,767,6.71,40
2025-03-21,Day,Line3,M302,P103,926,852,6.8,18
2025-03-21,Night,Line3,M302,P103,977,843,6.65,43
2025-03-21,Day,Line3,M303,P104,1001,896,7.48,13
2025-03-21,Night,Line3,M303,P101,873,805,7.31,42
2025-03-21,Day,Line3,M304,P101,1111,1050,7.44,37
2025-03-21,Night,Line3,M304,P104,898,830,6.9,39
2025-03-21,Day,Line4,M401,P103,1031,988,7.84,26
2025-03-21,Night,Line4,M401,P101,1107,1022,7.35,11
2025-03-21,Day,Line4,M402,P101,1188,1158,7.51,39
2025-03-21,Night,Line4,M402,P102,943,861,7.97,35
2025-03-21,Day,Line4,M403,P101,892,876,6.66,36
2025-03-21,Night,Line4,M403,P103,1010,930,7.67,39
2025-03-21,Day,Line4,M404,P104,1169,1114,7.45,26
2025-03-21,Night,Line4,M404,P103,945,910,7.15,23
2025-03-22,Day,Line1,M101,P102,890,805,7.64,26
2025-03-22,Night,Line1,M101,P101,1072,988,7.9,44
2025-03-22,Day,Line1,M102,P101,852,827,6.88,35
2025-03-22,Night,Line1,M102,P101,856,819,6.6,20
2025-03-22,Day,Line1,M103,P104,1085,1054,7.45,35
2025-03-22,Night,Line1,M103,P104,1005,937,7.58,33
2025-03-22,Day,Line1,M104,P104,1004,990,6.54,15
2025-03-22,Night,Line1,M104,P102,919,837,7.06,10
2025-03-22,Day,Line2,M201,P102,907,843,7.73,11
2025-03-22,Night,Line2,M201,P102,863,820,6.85,23
2025-03-22,Day,Line2,M202,P104,1182,1096,7.39,19
2025-03-22,Night,Line2,M202,P102,1073,1063,6.66,44
2025-03-22,Day,Line2,M203,P102,894,879,8.0,29
2025-03-22,Night,Line2,M203,P104,925,853,6.82,40
2025-03-22,Day,Line2,M204,P104,861,848,7.95,17
2025-03-22,Night,Line2,M204,P102,928,838,7.87,38
2025-03-22,Day,Line3,M301,P104,1091,1040,6.7,11
2025-03-22,Night,Line3,M301,P104,1149,1023,7.97,25
2025-03-22,Day,Line3,M302,P102,1000,892,6.91,35
2025-03-22,Night,Line3,M302,P101,1020,898,7.72,10
2025-03-22,Day,Line3,M303,P101,1172,1040,7.01,37
2025-03-22,Night,Line3,M303,P104,1103,974,7.97,45
2025-03-22,Day,Line3,M304,P103,868,759,6.75,41
2025-03-22,Night,Line3,M304,P104,1098,1037,7.98,42
2025-03-22,Day,Line4,M401,P104,968,912,6.61,13
2025-03-22,Night,Line4,M401,P101,1066,1028,6.58,30
2025-03-22,Day,Line4,M402,P101,987,953,7.89,36
2025-03-22,Night,Line4,M402,P104,909,827,7.25,41
2025-03-22,Day,Line4,M403,P103,1079,1029,7.56,37
2025-03-22,Night,Line4,M403,P101,932,909,7.6,28
2025-03-22,Day,Line4,M404,P102,1090,1031,7.46,32
2025-03-22,Night,Line4,M404,P104,968,878,6.61,42
2025-03-23,Day,Line1,M101,P102,1150,1122,7.99,31
2025-03-23,Night,Line1,M101,P104,917,802,7.21,28
2025-03-23,Day,Line1,M102,P104,1063,1011,7.69,33
2025-03-23,Night,Line1,M102,P104,932,912,7.39,23
2025-03-23,Day,Line1,M103,P103,894,852,7.41,40
2025-03-23,Night,Line1,M103,P102,938,908,7.45,22
2025-03-23,Day,Line1,M104,P102,1160,1075,6.64,41
2025-03-23,Night,Line1,M104,P101,1062,990,6.53,41
2025-03-23,Day,Line2,M201,P103,970,921,6.82,23
2025-03-23,Night,Line2,M201,P101,859,820,7.6,32
2025-03-23,Day,Line2,M202,P103,1032,992,6.74,20
2025-03-23,Night,Line2,M202,P102,1107,973,7.94,12
2025-03-23,Day,Line2,M203,P101,1022,1025,6.72,37
2025-03-23,Night,Line2,M203,P101,1166,1078,6.51,24
2025-03-23,Day,Line2,M204,P101,1137,1093,7.18,24
2025-03-23,Night,Line2,M204,P104,982,913,7.28,31
2025-03-23,Day,Line3,M301,P103,873,793,7.58,45
2025-03-23,Night,Line3,M301,P103,927,822,7.16,42
2025-03-23,Day,Line3,M302,P101,875,772,7.72,38
2025-03-23,Night,Line3,M302,P104,906,827,7.38,16
2025-03-23,Day,Line3,M303,P101,1137,1011,7.44,12
2025-03-23,Night,Line3,M303,P101,935,811,7.74,17
2025-03-23,Day,Line3,M304,P102,1035,893,7.8,20
2025-03-23,Night,Line3,M304,P103,1076,940,7.5,42
2025-03-23,Day,Line4,M401,P104,900,845,6.81,19
2025-03-23,Night,Line4,M401,P103,1021,870,7.44,18
2025-03-23,Day,Line4,M402,P101,953,857,7.35,38
2025-03-23,Night,Line4,M402,P104,853,729,7.88,25
2025-03-23,Day,Line4,M403,P104,1024,976,7.58,28
2025-03-23,Night,Line4,M403,P102,893,876,7.38,27
2025-03-23,Day,Line4,M404,P103,1062,975,7.2,33
2025-03-23,Night,Line4,M404,P102,927,870,6.87,43
2025-03-24,Day,Line1,M101,P104,966,920,7.93,18
2025-03-24,Night,Line1,M101,P104,1061,1017,7.3,36
2025-03-24,Day,Line1,M102,P104,1114,1092,6.69,33
2025-03-24,Night,Line1,M102,P101,1076,1081,7.06,19
2025-03-24,Day,Line1,M103,P101,1114,1077,7.17,14
2025-03-24,Night,Line1,M103,P101,1023,936,7.67,30
2025-03-24,Day,Line1,M104,P104,934,880,7.11,37
2025-03-24,Night,Line1,M104,P101,1051,973,7.89,12
2025-03-24,Day,Line2,M201,P102,1144,1076,7.28,13
2025-03-24,Night,Line2,M201,P103,1064,1053,6.63,35
2025-03-24,Day,Line2,M202,P103,1010,989,6.66,32
2025-03-24,Night,Line2,M202,P101,993,884,7.95,43
2025-03-24,Day,Line2,M203,P102,1056,1028,6.87,38
2025-03-24,Night,Line2,M203,P102,1128,1024,7.58,38
2025-03-24,Day,Line2,M204,P103,1182,1159,7.42,35
2025-03-24,Night,Line2,M204,P102,1004,977,7.84,15
2025-03-24,Day,Line3,M301,P101,1125,1015,6.87,31
2025-03-24,Night,Line3,M301,P104,914,797,7.98,43
2025-03-24,Day,Line3,M302,P103,959,915,7.53,15
2025-03-24,Night,Line3,M302,P103,1116,969,6.82,31
2025-03-24,Day,Line3,M303,P102,861,762,7.12,11
2025-03-24,Night,Line3,M303,P103,973,838,6.85,29
2025-03-24,Day,Line3,M304,P104,1108,1005,7.01,17
2025-03-24,Night,Line3,M304,P101,1040,933,6.51,26
2025-03-24,Day,Line4,M401,P103,913,902,6.72,13
2025-03-24,Night,Line4,M401,P101,1079,1031,6.74,29
2025-03-24,Day,Line4,M402,P101,1082,1055,6.57,31
2025-03-24,Night,Line4,M402,P102,1147,1121,7.43,44
2025-03-24,Day,Line4,M403,P102,1029,957,7.65,29
2025-03-24,Night,Line4,M403,P103,1191,1067,7.72,18
2025-03-24,Day,Line4,M404,P104,1116,1090,7.11,25
2025-03-24,Night,Line4,M404,P101,1017,952,7.66,43
2025-03-25,Day,Line1,M101,P102,1034,1022,7.86,39
2025-03-25,Night,Line1,M101,P101,925,868,6.63,37
2025-03-25,Day,Line1,M102,P104,891,839,7.71,15
2025-03-25,Night,Line1,M102,P101,1067,1021,7.78,18
2025-03-25,Day,Line1,M103,P104,959,922,6.57,38
2025-03-25,Night,Line1,M103,P101,1039,975,6.72,43
2025-03-25,Day,Line1,M104,P104,1151,1187,7.47,45
2025-03-25,Night,Line1,M104,P104,985,960,6.53,41
2025-03-25,Day,Line2,M201,P104,1075,1055,7.5,41
2025-03-25,Night,Line2,M201,P104,933,880,7.73,19
2025-03-25,Day,Line2,M202,P102,1098,1054,7.19,39
2025-03-25,Night,Line2,M202,P102,1112,1035,7.25,43
2025-03-25,Day,Line2,M203,P101,958,925,7.25,39
2025-03-25,Night,Line2,M203,P104,866,801,7.65,20
2025-03-25,Day,Line2,M204,P103,910,841,7.47,36
2025-03-25,Night,Line2,M204,P101,911,854,6.76,33
2025-03-25,Day,Line3,M301,P103,870,799,6.74,43
2025-03-25,Night,Line3,M301,P102,910,836,7.94,33
2025-03-25,Day,Line3,M302,P103,1041,922,7.44,29
2025-03-25,Night,Line3,M302,P103,1098,978,6.88,11
2025-03-25,Day,Line3,M303,P102,922,853,7.97,36
2025-03-25,Night,Line3,M303,P101,1006,910,7.25,28
2025-03-25,Day,Line3,M304,P102,943,903,6.7,41
2025-03-25,Night,Line3,M304,P101,912,803,7.32,45
2025-03-25,Day,Line4,M401,P103,884,825,7.13,12
2025-03-25,Night,Line4,M401,P104,1096,1033,7.78,29
2025-03-25,Day,Line4,M402,P104,1022,973,7.81,34
2025-03-25,Night,Line4,M402,P104,1160,1076,6.69,18
2025-03-25,Day,Line4,M403,P102,1108,1045,7.43,39
2025-03-25,Night,Line4,M403,P104,1191,1130,7.03,38
2025-03-25,Day,Line4,M404,P102,1016,955,7.46,15
2025-03-25,Night,Line4,M404,P104,1048,1007,6.85,24
2025-03-26,Day,Line1,M101,P104,1023,1002,6.69,44
2025-03-26,Night,Line1,M101,P101,1193,1135,7.8,38
2025-03-26,Day,Line1,M102,P103,1180,1097,7.14,15
2025-03-26,Night,Line1,M102,P102,862,816,6.74,29
2025-03-26,Day,Line1,M103,P101,1179,1168,6.66,45
2025-03-26,Night,Line1,M103,P101,948,913,7.26,44
2025-03-26,Day,Line1,M104,P101,1141,1117,7.3,43
2025-03-26,Night,Line1,M104,P102,1093,1028,7.09,42
2025-03-26,Day,Line2,M201,P101,911,873,7.21,44
2025-03-26,Night,Line2,M201,P102,859,838,7.24,27
2025-03-26,Day,Line2,M202,P102,975,944,7.11,38
2025-03-26,Night,Line2,M202,P101,1123,1065,7.0,30
2025-03-26,Day,Line2,M203,P104,1151,1200,6.86,12
2025-03-26,Night,Line2,M203,P104,861,801,7.69,31
2025-03-26,Day,Line2,M204,P104,942,845,6.66,36
2025-03-26,Night,Line2,M204,P101,1120,1047,6.86,30
2025-03-26,Day,Line3,M301,P104,981,889,6.75,15
2025-03-26,Night,Line3,M301,P101,900,808,7.19,44
2025-03-26,Day,Line3,M302,P102,996,920,7.33,19
2025-03-26,Night,Line3,M302,P102,980,814,7.03,15
2025-03-26,Day,Line3,M303,P102,1007,931,7.07,36
2025-03-26,Night,Line3,M303,P102,880,781,6.89,30
2025-03-26,Day,Line3,M304,P102,863,778,7.64,13
2025-03-26,Night,Line3,M304,P103,1049,883,6.81,16
2025-03-26,Day,Line4,M401,P103,922,924,7.01,36
2025-03-26,Night,Line4,M401,P103,982,910,7.35,34
2025-03-26,Day,Line4,M402,P101,876,858,6.58,22
2025-03-26,Night,Line4,M402,P102,1155,1057,7.78,25
2025-03-26,Day,Line4,M403,P104,1110,1075,7.03,42
2025-03-26,Night,Line4,M403,P104,908,846,7.58,27
2025-03-26,Day,Line4,M404,P101,1012,990,6.69,39
2025-03-26,Night,Line4,M404,P104,883,822,6.77,40
2025-03-27,Day,Line1,M101,P101,1058,988,6.79,24
2025-03-27,Night,Line1,M101,P101,987,927,7.92,45
2025-03-27,Day,Line1,M102,P101,976,935,7.88,45
2025-03-27,Night,Line1,M102,P102,1005,951,7.32,36
2025-03-27,Day,Line1,M103,P104,892,881,7.49,42
2025-03-27,Night,Line1,M103,P102,922,837,7.98,33
2025-03-27,Day,Line1,M104,P102,975,961,6.58,44
2025-03-27,Night,Line1,M104,P104,1134,1025,6.67,38
2025-03-27,Day,Line2,M201,P101,850,830,7.26,39
2025-03-27,Night,Line2,M201,P103,1184,1134,6.95,20
2025-03-27,Day,Line2,M202,P101,880,832,7.06,40
2025-03-27,Night,Line2,M202,P103,1156,1060,7.63,26
2025-03-27,Day,Line2,M203,P104,1029,962,6.53,23
2025-03-27,Night,Line2,M203,P103,873,822,6.65,20
2025-03-27,Day,Line2,M204,P101,1003,983,7.46,15
2025-03-27,Night,Line2,M204,P104,912,853,7.7,18
2025-03-27,Day,Line3,M301,P103,1071,904,6.66,23
2025-03-27,Night,Line3,M301,P103,1199,1048,7.81,31
2025-03-27,Day,Line3,M302,P103,1081,965,7.27,27
2025-03-27,Night,Line3,M302,P102,1189,1075,7.23,30
2025-03-27,Day,Line3,M303,P103,957,886,7.37,39
2025-03-27,Night,Line3,M303,P103,858,767,7.31,18
2025-03-27,Day,Line3,M304,P101,1161,1086,6.7,40
2025-03-27,Night,Line3,M304,P101,854,784,7.75,21
2025-03-27,Day,Line4,M401,P104,1134,1072,6.87,41
2025-03-27,Night,Line4,M401,P104,1125,1029,7.06,15
2025-03-27,Day,Line4,M402,P101,1125,1077,7.11,11
2025-03-27,Night,Line4,M402,P104,1194,1062,7.98,17
2025-03-27,Day,Line4,M403,P103,1042,1004,6.58,32
2025-03-27,Night,Line4,M403,P104,940,868,7.75,10
2025-03-27,Day,Line4,M404,P101,1086,1142,7.34,33
2025-03-27,Night,Line4,M404,P102,1077,1056,6.76,10
2025-03-28,Day,Line1,M101,P102,860,809,7.39,27
2025-03-28,Night,Line1,M101,P103,948,862,6.82,15
2025-03-28,Day,Line1,M102,P103,963,904,6.7,24
2025-03-28,Night,Line1,M102,P104,1035,1002,6.72,12
2025-03-28,Day,Line1,M103,P103,1102,1090,7.67,23
2025-03-28,Night,Line1,M103,P101,950,932,7.91,35
2025-03-28,Day,Line1,M104,P101,992,926,6.87,42
2025-03-28,Night,Line1,M104,P104,937,894,7.76,45
2025-03-28,Day,Line2,M201,P102,1187,1112,7.88,21
2025-03-28,Night,Line2,M201,P101,1151,1137,7.48,18
2025-03-28,Day,Line2,M202,P101,915,855,7.1,26
2025-03-28,Night,Line2,M202,P102,1117,1009,6.58,27
2025-03-28,Day,Line2,M203,P102,1197,1110,7.1,11
2025-03-28,Night,Line2,M203,P103,1198,1125,7.03,45
2025-03-28,Day,Line2,M204,P104,851,834,6.73,37
2025-03-28,Night,Line2,M204,P101,1015,972,7.05,37
2025-03-28,Day,Line3,M301,P104,990,870,7.7,17
2025-03-28,Night,Line3,M301,P104,1103,969,7.56,33
2025-03-28,Day,Line3,M302,P101,964,862,6.66,13
2025-03-28,Night,Line3,M302,P103,1065,910,7.44,44
2025-03-28,Day,Line3,M303,P104,1011,904,7.37,10
2025-03-28,Night,Line3,M303,P104,949,882,7.87,31
2025-03-28,Day,Line3,M304,P101,1142,995,7.07,11
2025-03-28,Night,Line3,M304,P102,1066,955,7.76,14
2025-03-28,Day,Line4,M401,P102,950,950,7.8,20
2025-03-28,Night,Line4,M401,P103,1009,987,7.84,14
2025-03-28,Day,Line4,M402,P101,864,872,7.64,40
2025-03-28,Night,Line4,M402,P104,862,818,7.41,31
2025-03-28,Day,Line4,M403,P103,976,950,7.58,16
2025-03-28,Night,Line4,M403,P104,972,899,6.63,31
2025-03-28,Day,Line4,M404,P101,1020,939,7.01,43
2025-03-28,Night,Line4,M404,P102,887,829,6.53,38
2025-03-29,Day,Line1,M101,P101,1170,1161,7.43,38
2025-03-29,Night,Line1,M101,P101,893,780,7.5,13
2025-03-29,Day,Line1,M102,P101,1043,986,6.68,30
2025-03-29,Night,Line1,M102,P101,915,875,7.78,13
2025-03-29,Day,Line1,M103,P104,878,842,7.97,29
2025-03-29,Night,Line1,M103,P104,883,862,6.65,16
2025-03-29,Day,Line1,M104,P101,1136,1124,7.03,13
2025-03-29,Night,Line1,M104,P103,1045,938,7.89,35
2025-03-29,Day,Line2,M201,P101,1166,1122,7.39,36
2025-03-29,Night,Line2,M201,P102,1156,1061,7.48,10
2025-03-29,Day,Line2,M202,P104,1046,980,7.77,39
2025-03-29,Night,Line2,M202,P104,1167,1050,6.79,16
2025-03-29,Day,Line2,M203,P103,1183,1144,7.64,11
2025-03-29,Night,Line2,M203,P104,1114,1089,7.57,31
2025-03-29,Day,Line2,M204,P102,905,877,7.8,16
2025-03-29,Night,Line2,M204,P101,1154,1036,7.15,14
2025-03-29,Day,Line3,M301,P102,1143,1038,6.71,18
2025-03-29,Night,Line3,M301,P103,1031,933,7.08,36
2025-03-29,Day,Line3,M302,P104,1167,1057,7.8,38
2025-03-29,Night,Line3,M302,P102,974,875,7.82,18
2025-03-29,Day,Line3,M303,P101,880,783,7.59,18
2025-03-29,Night,Line3,M303,P103,1149,1014,6.97,37
2025-03-29,Day,Line3,M304,P103,1009,909,7.23,44
2025-03-29,Night,Line3,M304,P102,925,863,7.67,40
2025-03-29,Day,Line4,M401,P103,1158,1076,7.06,31
2025-03-29,Night,Line4,M401,P103,1038,910,7.05,10
2025-03-29,Day,Line4,M402,P102,879,880,7.04,25
2025-03-29,Night,Line4,M402,P101,1066,1005,7.29,32
2025-03-29,Day,Line4,M403,P102,952,879,6.92,22
2025-03-29,Night,Line4,M403,P101,1024,989,7.9,22
2025-03-29,Day,Line4,M404,P104,1089,1063,7.47,31
2025-03-29,Night,Line4,M404,P103,1165,1152,6.54,29
2025-03-30,Day,Line1,M101,P104,1018,983,7.32,20
2025-03-30,Night,Line1,M101,P101,1082,1094,7.04,12
2025-03-30,Day,Line1,M102,P104,962,920,7.2,10
2025-03-30,Night,Line1,M102,P102,967,925,6.58,39
2025-03-30,Day,Line1,M103,P102,972,953,6.86,40
2025-03-30,Night,Line1,M103,P103,1042,1076,7.62,23
2025-03-30,Day,Line1,M104,P104,944,894,7.19,10
2025-03-30,Night,Line1,M104,P103,855,792,6.93,14
2025-03-30,Day,Line2,M201,P103,865,849,7.48,45
2025-03-30,Night,Line2,M201,P101,922,831,7.74,28
2025-03-30,Day,Line2,M202,P104,949,890,6.91,33
2025-03-30,Night,Line2,M202,P101,865,809,7.97,22
2025-03-30,Day,Line2,M203,P102,995,1002,6.51,21
2025-03-30,Night,Line2,M203,P102,984,946,7.28,21
2025-03-30,Day,Line2,M204,P103,1133,1090,7.88,25
2025-03-30,Night,Line2,M204,P102,950,878,7.95,11
2025-03-30,Day,Line3,M301,P102,984,833,7.92,16
2025-03-30,Night,Line3,M301,P101,1196,1137,7.51,18
2025-03-30,Day,Line3,M302,P104,1185,1076,6.86,17
2025-03-30,Night,Line3,M302,P103,957,830,7.2,29
2025-03-30,Day,Line3,M303,P104,972,950,7.04,33
2025-03-30,Night,Line3,M303,P103,1188,1013,6.75,20
2025-03-30,Day,Line3,M304,P104,883,837,7.5,17
2025-03-30,Night,Line3,M304,P102,916,815,7.01,22
2025-03-30,Day,Line4,M401,P102,1122,1101,7.95,34
2025-03-30,Night,Line4,M401,P103,1012,967,7.83,37
2025-03-30,Day,Line4,M402,P102,873,856,6.54,22
2025-03-30,Night,Line4,M402,P103,926,936,6.87,30
2025-03-30,Day,Line4,M403,P102,877,899,7.34,27
2025-03-30,Night,Line4,M403,P102,1110,1020,7.61,41
2025-03-30,Day,Line4,M404,P102,891,868,6.63,40
2025-03-30,Night,Line4,M404,P101,935,831,7.12,42
2025-03-31,Day,Line1,M101,P104,1180,1162,7.99,42
2025-03-31,Night,Line1,M101,P103,1105,1074,6.92,43
2025-03-31,Day,Line1,M102,P104,941,844,7.16,30
2025-03-31,Night,Line1,M102,P103,1119,1051,7.79,40
2025-03-31,Day,Line1,M103,P104,1092,1072,6.81,27
2025-03-31,Night,Line1,M103,P104,1176,1117,7.81,12
2025-03-31,Day,Line1,M104,P102,962,888,7.27,22
2025-03-31,Night,Line1,M104,P104,970,879,7.91,35
2025-03-31,Day,Line2,M201,P102,1006,961,7.78,37
2025-03-31,Night,Line2,M201,P104,1142,1058,7.09,20
2025-03-31,Day,Line2,M202,P103,980,930,7.08,45
2025-03-31,Night,Line2,M202,P101,918,825,7.87,15
2025-03-31,Day,Line2,M203,P103,1077,1034,7.98,43
2025-03-31,Night,Line2,M203,P103,967,955,7.2,12
2025-03-31,Day,Line2,M204,P104,1112,1028,7.92,31
2025-03-31,Night,Line2,M204,P104,1080,1008,7.65,39
2025-03-31,Day,Line3,M301,P104,1059,983,7.58,33
2025-03-31,Night,Line3,M301,P104,1012,853,7.91,27
2025-03-31,Day,Line3,M302,P104,862,785,7.66,21
2025-03-31,Night,Line3,M302,P104,969,892,7.34,26
2025-03-31,Day,Line3,M303,P101,1033,909,6.69,15
2025-03-31,Night,Line3,M303,P103,1106,988,7.29,42
2025-03-31,Day,Line3,M304,P101,991,930,7.95,24
2025-03-31,Night,Line3,M304,P101,910,873,7.23,14
2025-03-31,Day,Line4,M401,P103,869,836,7.76,44
2025-03-31,Night,Line4,M401,P102,1020,936,8.0,22
2025-03-31,Day,Line4,M402,P103,978,885,7.86,29
2025-03-31,Night,Line4,M402,P103,947,870,6.79,18
2025-03-31,Day,Line4,M403,P103,854,784,6.56,29
2025-03-31,Night,Line4,M403,P103,1027,1017,7.02,35
2025-03-31,Day,Line4,M404,P104,1146,1130,7.92,10
2025-03-31,Night,Line4,M404,P104,1184,1073,6.9,42
2025-04-01,Day,Line1,M101,P102,1053,986,7.9,24
2025-04-01,Night,Line1,M101,P102,957,901,7.65,40
2025-04-01,Day,Line1,M102,P102,1114,1103,7.47,45
2025-04-01,Night,Line1,M102,P104,1086,1037,7.95,31
2025-04-01,Day,Line1,M103,P101,1010,981,7.28,22
2025-04-01,Night,Line1,M103,P104,1063,1005,6.68,23
2025-04-01,Day,Line1,M104,P104,1080,1002,7.39,45
2025-04-01,Night,Line1,M104,P101,1041,981,7.22,18
2025-04-01,Day,Line2,M201,P102,1006,964,7.93,10
2025-04-01,Night,Line2,M201,P104,1187,1065,7.08,32
2025-04-01,Day,Line2,M202,P103,965,974,7.41,36
2025-04-01,Night,Line2,M202,P104,1056,973,6.95,44
2025-04-01,Day,Line2,M203,P103,1016,933,7.95,11
2025-04-01,Night,Line2,M203,P101,921,853,6.7,19
2025-04-01,Day,Line2,M204,P103,1140,1085,6.83,35
2025-04-01,Night,Line2,M204,P104,954,894,7.67,35
2025-04-01,Day,Line3,M301,P101,1123,1012,6.63,34
2025-04-01,Night,Line3,M301,P102,1093,972,7.71,16
2025-04-01,Day,Line3,M302,P103,1141,1043,7.78,38
2025-04-01,Night,Line3,M302,P103,897,800,7.52,20
2025-04-01,Day,Line3,M303,P101,1195,1101,7.26,45
2025-04-01,Night,Line3,M303,P102,866,782,6.85,41
2025-04-01,Day,Line3,M304,P101,945,873,7.97,22
2025-04-01,Night,Line3,M304,P101,1047,954,6.73,28
2025-04-01,Day,Line4,M401,P102,969,910,7.69,28
2025-04-01,Night,Line4,M401,P101,1082,995,6.78,13
2025-04-01,Day,Line4,M402,P103,1115,1104,7.33,10
2025-04-01,Night,Line4,M402,P102,1017,943,7.85,36
2025-04-01,Day,Line4,M403,P104,930,889,7.5,17
2025-04-01,Night,Line4,M403,P102,1124,1049,7.83,36
2025-04-01,Day,Line4,M404,P104,885,910,6.78,34
2025-04-01,Night,Line4,M404,P102,916,837,7.71,23
2025-04-02,Day,Line1,M101,P103,1071,1000,7.34,40
2025-04-02,Night,Line1,M101,P102,1159,1089,7.25,29
2025-04-02,Day,Line1,M102,P102,1107,1056,7.0,39
2025-04-02,Night,Line1,M102,P103,953,863,7.28,10
2025-04-02,Day,Line1,M103,P102,1078,1031,7.64,14
2025-04-02,Night,Line1,M103,P104,1159,1090,7.57,25
2025-04-02,Day,Line1,M104,P103,1141,1078,7.63,41
2025-04-02,Night,Line1,M104,P104,1086,1015,7.93,12
2025-04-02,Day,Line2,M201,P101,997,934,6.78,39
2025-04-02,Night,Line2,M201,P103,1002,907,7.37,35
2025-04-02,Day,Line2,M202,P102,1062,1006,7.55,25
2025-04-02,Night,Line2,M202,P102,1166,1061,7.34,37
2025-04-02,Day,Line2,M203,P104,1046,963,7.34,21
2025-04-02,Night,Line2,M203,P101,1051,929,6.51,12
2025-04-02,Day,Line2,M204,P102,930,898,7.88,27
2025-04-02,Night,Line2,M204,P103,1191,1103,6.91,14
2025-04-02,Day,Line3,M301,P102,1102,1037,7.82,36
2025-04-02,Night,Line3,M301,P101,1038,862,7.91,14
2025-04-02,Day,Line3,M302,P101,1108,996,7.5,30
2025-04-02,Night,Line3,M302,P104,1080,968,7.12,20
2025-04-02,Day,Line3,M303,P103,956,851,6.79,42
2025-04-02,Night,Line3,M303,P101,1086,965,7.69,11
2025-04-02,Day,Line3,M304,P101,1177,1005,7.08,39
2025-04-02,Night,Line3,M304,P104,1025,899,7.78,35
2025-04-02,Day,Line4,M401,P102,1053,984,6.68,12
2025-04-02,Night,Line4,M401,P101,978,946,6.88,17
2025-04-02,Day,Line4,M402,P102,1017,980,7.3,39
2025-04-02,Night,Line4,M402,P104,1086,1045,7.39,14
2025-04-02,Day,Line4,M403,P101,1130,1124,7.28,25
2025-04-02,Night,Line4,M403,P104,921,851,6.68,40
2025-04-02,Day,Line4,M404,P103,932,897,7.9,20
2025-04-02,Night,Line4,M404,P101,1160,1052,6.96,16
2025-04-03,Day,Line1,M101,P102,1000,970,6.87,17
2025-04-03,Night,Line1,M101,P104,936,894,6.55,14
2025-04-03,Day,Line1,M102,P101,1196,1158,6.8,27
2025-04-03,Night,Line1,M102,P102,1075,994,7.06,32
2025-04-03,Day,Line1,M103,P102,960,973,6.67,12
2025-04-03,Night,Line1,M103,P102,1076,1011,7.11,13
2025-04-03,Day,Line1,M104,P101,1049,1099,7.73,29
2025-04-03,Night,Line1,M104,P104,876,795,6.76,10
2025-04-03,Day,Line2,M201,P101,1043,1020,7.33,22
2025-04-03,Night,Line2,M201,P102,1041,1008,7.55,25
2025-04-03,Day,Line2,M202,P102,896,831,7.5,11
2025-04-03,Night,Line2,M202,P104,864,805,7.29,10
2025-04-03,Day,Line2,M203,P103,948,870,7.86,14
2025-04-03,Night,Line2,M203,P102,899,877,7.38,20
2025-04-03,Day,Line2,M204,P102,872,834,7.63,36
2025-04-03,Night,Line2,M204,P101,1017,930,7.69,30
2025-04-03,Day,Line3,M301,P102,1169,1097,6.9,23
2025-04-03,Night,Line3,M301,P104,1069,950,7.12,17
2025-04-03,Day,Line3,M302,P102,959,896,6.63,16
2025-04-03,Night,Line3,M302,P103,1015,916,7.8,21
2025-04-03,Day,Line3,M303,P101,1055,929,6.86,30
2025-04-03,Night,Line3,M303,P101,1049,916,7.13,23
2025-04-03,Day,Line3,M304,P104,962,851,6.7,14
2025-04-03,Night,Line3,M304,P103,1182,1011,6.94,33
2025-04-03,Day,Line4,M401,P101,884,805,7.02,23
2025-04-03,Night,Line4,M401,P104,1004,1004,7.62,41
2025-04-03,Day,Line4,M402,P101,1124,1088,7.0,20
2025-04-03,Night,Line4,M402,P103,898,855,7.62,30
2025-04-03,Day,Line4,M403,P104,1197,1188,6.87,18
2025-04-03,Night,Line4,M403,P103,939,867,6.59,30
2025-04-03,Day,Line4,M404,P104,884,813,7.33,31
2025-04-03,Night,Line4,M404,P101,1161,1116,7.29,38
2025-04-04,Day,Line1,M101,P104,1111,1026,7.8,24
2025-04-04,Night,Line1,M101,P101,969,931,6.96,11
2025-04-04,Day,Line1,M102,P101,1008,923,7.32,25
2025-04-04,Night,Line1,M102,P104,974,878,6.61,15
2025-04-04,Day,Line1,M103,P101,920,865,7.52,33
2025-04-04,Night,Line1,M103,P104,1001,960,7.7,22
2025-04-04,Day,Line1,M104,P102,1042,1050,7.49,23
2025-04-04,Night,Line1,M104,P101,971,924,7.03,38
2025-04-04,Day,Line2,M201,P103,918,864,7.36,27
2025-04-04,Night,Line2,M201,P103,1179,1140,7.62,12
2025-04-04,Day,Line2,M202,P104,1181,1080,7.19,28
2025-04-04,Night,Line2,M202,P101,967,882,7.73,31
2025-04-04,Day,Line2,M203,P103,974,937,7.49,23
2025-04-04,Night,Line2,M203,P101,1190,1145,7.85,25
2025-04-04,Day,Line2,M204,P102,1161,1107,7.56,34
2025-04-04,Night,Line2,M204,P103,943,877,7.74,38
2025-04-04,Day,Line3,M301,P101,883,796,6.63,41
2025-04-04,Night,Line3,M301,P101,948,874,7.16,13
2025-04-04,Day,Line3,M302,P102,954,846,7.66,18
2025-04-04,Night,Line3,M302,P101,938,807,6.61,45
2025-04-04,Day,Line3,M303,P102,970,874,7.39,42
2025-04-04,Night,Line3,M303,P101,1068,990,6.63,39
2025-04-04,Day,Line3,M304,P103,934,831,7.94,22
2025-04-04,Night,Line3,M304,P102,1067,941,7.71,21
2025-04-04,Day,Line4,M401,P102,1005,919,7.9,28
2025-04-04,Night,Line4,M401,P104,1175,1096,7.02,22
2025-04-04,Day,Line4,M402,P103,1096,1059,7.92,15
2025-04-04,Night,Line4,M402,P103,1053,951,6.51,34
2025-04-04,Day,Line4,M403,P102,1091,1082,7.22,38
2025-04-04,Night,Line4,M403,P104,1108,1048,7.99,37
2025-04-04,Day,Line4,M404,P102,1096,1035,7.99,11
2025-04-04,Night,Line4,M404,P104,1068,1010,7.11,15
2025-04-05,Day,Line1,M101,P103,1154,1124,6.96,44
2025-04-05,Night,Line1,M101,P102,1133,1005,6.63,21
2025-04-05,Day,Line1,M102,P103,1044,1010,8.0,39
2025-04-05,Night,Line1,M102,P103,1082,1055,6.93,28
2025-04-05,Day,Line1,M103,P104,1137,1065,6.75,40
2025-04-05,Night,Line1,M103,P101,1020,943,6.93,18
2025-04-05,Day,Line1,M104,P104,950,902,6.67,19
2025-04-05,Night,Line1,M104,P102,852,820,7.81,10
2025-04-05,Day,Line2,M201,P103,1101,1022,7.14,35
2025-04-05,Night,Line2,M201,P104,1052,1002,6.93,33
2025-04-05,Day,Line2,M202,P104,1100,1045,7.98,29
2025-04-05,Night,Line2,M202,P101,1059,1048,6.58,12
2025-04-05,Day,Line2,M203,P101,1047,996,7.25,20
2025-04-05,Night,Line2,M203,P102,1073,937,6.97,26
2025-04-05,Day,Line2,M204,P103,1110,1086,7.91,41
2025-04-05,Night,Line2,M204,P103,879,836,7.71,34
2025-04-05,Day,Line3,M301,P104,976,893,7.74,25
2025-04-05,Night,Line3,M301,P104,867,801,6.96,33
2025-04-05,Day,Line3,M302,P101,1190,1024,7.2,19
2025-04-05,Night,Line3,M302,P103,1159,1000,6.93,39
2025-04-05,Day,Line3,M303,P102,980,890,6.65,25
2025-04-05,Night,Line3,M303,P102,856,764,7.29,17
2025-04-05,Day,Line3,M304,P101,1179,1066,7.15,34
2025-04-05,Night,Line3,M304,P104,1150,971,7.7,15
2025-04-05,Day,Line4,M401,P102,1066,1007,7.0,20
2025-04-05,Night,Line4,M401,P104,979,966,6.97,29
2025-04-05,Day,Line4,M402,P104,1150,1066,6.85,29
2025-04-05,Night,Line4,M402,P104,895,839,7.9,16
2025-04-05,Day,Line4,M403,P103,923,898,7.22,27
2025-04-05,Night,Line4,M403,P102,1053,1013,7.28,29
2025-04-05,Day,Line4,M404,P101,936,915,6.8,41
2025-04-05,Night,Line4,M404,P101,899,830,6.82,14
2025-04-06,Day,Line1,M101,P104,1118,1042,7.9,36
2025-04-06,Night,Line1,M101,P103,1070,1059,6.63,20
2025-04-06,Day,Line1,M102,P102,1041,1025,7.86,21
2025-04-06,Night,Line1,M102,P102,951,894,6.73,41
2025-04-06,Day,Line1,M103,P102,1107,1107,6.74,17
2025-04-06,Night,Line1,M103,P104,1140,1019,7.95,23
2025-04-06,Day,Line1,M104,P102,952,875,7.4,13
2025-04-06,Night,Line1,M104,P102,948,829,6.61,26
2025-04-06,Day,Line2,M201,P104,1075,1035,6.53,16
2025-04-06,Night,Line2,M201,P102,890,840,6.99,28
2025-04-06,Day,Line2,M202,P101,1043,957,7.86,17
2025-04-06,Night,Line2,M202,P103,882,850,7.45,31
2025-04-06,Day,Line2,M203,P101,1149,1037,7.09,25
2025-04-06,Night,Line2,M203,P104,1098,1042,6.77,16
2025-04-06,Day,Line2,M204,P101,881,859,7.25,27
2025-04-06,Night,Line2,M204,P101,1190,1121,6.62,12
2025-04-06,Day,Line3,M301,P101,958,827,7.78,43
2025-04-06,Night,Line3,M301,P101,1042,963,7.15,43
2025-04-06,Day,Line3,M302,P103,1098,981,7.65,40
2025-04-06,Night,Line3,M302,P103,1159,1013,6.9,37
2025-04-06,Day,Line3,M303,P103,1039,923,6.98,31
2025-04-06,Night,Line3,M303,P103,972,883,7.2,33
2025-04-06,Day,Line3,M304,P104,1043,931,6.72,13
2025-04-06,Night,Line3,M304,P103,1019,870,7.26,16
2025-04-06,Day,Line4,M401,P101,1083,1069,7.9,35
2025-04-06,Night,Line4,M401,P102,863,808,7.08,17
2025-04-06,Day,Line4,M402,P103,977,966,7.71,33
2025-04-06,Night,Line4,M402,P104,1166,1095,6.51,40
2025-04-06,Day,Line4,M403,P104,1188,1112,6.84,22
2025-04-06,Night,Line4,M403,P101,1176,1042,6.8,30
2025-04-06,Day,Line4,M404,P101,1174,1130,6.89,33
2025-04-06,Night,Line4,M404,P101,1016,944,6.58,38
2025-04-07,Day,Line1,M101,P102,1160,1137,7.78,41
2025-04-07,Night,Line1,M101,P104,1163,1071,7.22,15
2025-04-07,Day,Line1,M102,P103,1069,1037,6.8,40
2025-04-07,Night,Line1,M102,P101,1047,982,6.82,28
2025-04-07,Day,Line1,M103,P102,923,862,7.07,43
2025-04-07,Night,Line1,M103,P101,915,845,7.87,41
2025-04-07,Day,Line1,M104,P101,1004,923,7.9,45
2025-04-07,Night,Line1,M104,P104,936,929,6.57,38
2025-04-07,Day,Line2,M201,P101,1096,1062,7.42,44
2025-04-07,Night,Line2,M201,P102,974,874,6.56,23
2025-04-07,Day,Line2,M202,P102,1187,1200,7.55,15
2025-04-07,Night,Line2,M202,P101,1072,972,7.46,11
2025-04-07,Day,Line2,M203,P102,1017,957,7.14,34
2025-04-07,Night,Line2,M203,P103,962,896,6.69,26
2025-04-07,Day,Line2,M204,P104,1193,1143,6.98,17
2025-04-07,Night,Line2,M204,P102,1123,1077,7.65,41
2025-04-07,Day,Line3,M301,P101,1020,867,7.72,24
2025-04-07,Night,Line3,M301,P101,1179,1048,7.8,31
2025-04-07,Day,Line3,M302,P104,1045,940,7.35,45
2025-04-07,Night,Line3,M302,P104,969,866,7.64,24
2025-04-07,Day,Line3,M303,P103,909,817,7.82,28
2025-04-07,Night,Line3,M303,P101,907,793,6.53,15
2025-04-07,Day,Line3,M304,P103,1153,1043,7.17,22
2025-04-07,Night,Line3,M304,P101,1143,1073,6.51,33
2025-04-07,Day,Line4,M401,P102,1010,954,7.31,34
2025-04-07,Night,Line4,M401,P101,1009,981,7.52,13
2025-04-07,Day,Line4,M402,P102,1048,1008,7.3,37
2025-04-07,Night,Line4,M402,P103,1036,974,7.1,18
2025-04-07,Day,Line4,M403,P102,904,871,6.95,35
2025-04-07,Night,Line4,M403,P101,1125,1071,6.69,39
2025-04-07,Day,Line4,M404,P103,924,875,7.49,28
2025-04-07,Night,Line4,M404,P102,1105,1072,7.21,39
2025-04-08,Day,Line1,M101,P102,1157,1125,6.59,28
2025-04-08,Night,Line1,M101,P102,1190,1073,7.12,12
2025-04-08,Day,Line1,M102,P103,1008,901,7.62,42
2025-04-08,Night,Line1,M102,P101,990,978,7.74,40
2025-04-08,Day,Line1,M103,P102,1103,1064,7.9,28
2025-04-08,Night,Line1,M103,P104,880,790,7.75,31
2025-04-08,Day,Line1,M104,P102,957,904,7.14,24
2025-04-08,Night,Line1,M104,P101,941,908,7.21,41
2025-04-08,Day,Line2,M201,P104,1003,956,7.89,20
2025-04-08,Night,Line2,M201,P101,1130,1057,7.37,35
2025-04-08,Day,Line2,M202,P103,1066,1043,7.02,40
2025-04-08,Night,Line2,M202,P103,1050,995,7.43,35
2025-04-08,Day,Line2,M203,P101,1120,1092,7.03,28
2025-04-08,Night,Line2,M203,P103,949,909,7.07,45
2025-04-08,Day,Line2,M204,P104,899,842,6.88,18
2025-04-08,Night,Line2,M204,P103,1147,1055,7.71,13
2025-04-08,Day,Line3,M301,P103,1084,958,7.26,20
2025-04-08,Night,Line3,M301,P102,1076,937,7.8,40
2025-04-08,Day,Line3,M302,P103,924,835,7.03,23
2025-04-08,Night,Line3,M302,P102,950,842,7.62,10
2025-04-08,Day,Line3,M303,P103,1144,1086,7.94,16
2025-04-08,Night,Line3,M303,P102,1042,933,7.69,37
2025-04-08,Day,Line3,M304,P102,878,794,6.56,16
2025-04-08,Night,Line3,M304,P103,1092,1053,7.98,21
2025-04-08,Day,Line4,M401,P101,910,844,7.5,42
2025-04-08,Night,Line4,M401,P103,1153,1071,6.93,37
2025-04-08,Day,Line4,M402,P102,1171,1183,7.17,35
2025-04-08,Night,Line4,M402,P102,867,858,7.75,17
2025-04-08,Day,Line4,M403,P102,1053,999,7.31,41
2025-04-08,Night,Line4,M403,P103,1155,1027,7.5,21
2025-04-08,Day,Line4,M404,P104,1193,1127,7.47,15
2025-04-08,Night,Line4,M404,P104,1182,1158,6.73,34
2025-04-09,Day,Line1,M101,P103,1173,1120,7.59,38
2025-04-09,Night,Line1,M101,P103,855,820,6.53,17
2025-04-09,Day,Line1,M102,P101,892,854,7.82,17
2025-04-09,Night,Line1,M102,P104,1178,1056,7.29,42
2025-04-09,Day,Line1,M103,P102,861,825,7.24,40
2025-04-09,Night,Line1,M103,P103,898,865,6.68,21
2025-04-09,Day,Line1,M104,P104,1097,1032,7.85,37
2025-04-09,Night,Line1,M104,P103,1142,1099,7.87,18
2025-04-09,Day,Line2,M201,P101,1016,976,7.52,14
2025-04-09,Night,Line2,M201,P102,1057,1015,7.67,11
2025-04-09,Day,Line2,M202,P104,1134,1097,6.55,44
2025-04-09,Night,Line2,M202,P104,882,802,7.25,43
2025-04-09,Day,Line2,M203,P101,956,907,7.05,17
2025-04-09,Night,Line2,M203,P102,1156,1073,7.15,21
2025-04-09,Day,Line2,M204,P101,1134,1065,7.26,38
2025-04-09,Night,Line2,M204,P103,912,862,6.77,12
2025-04-09,Day,Line3,M301,P102,1144,1106,7.34,23
2025-04-09,Night,Line3,M301,P102,894,823,7.61,45
2025-04-09,Day,Line3,M302,P103,867,819,7.15,15
2025-04-09,Night,Line3,M302,P101,1109,962,7.23,29
2025-04-09,Day,Line3,M303,P103,1128,1066,6.96,20
2025-04-09,Night,Line3,M303,P104,1186,1110,6.63,10
2025-04-09,Day,Line3,M304,P102,1003,890,7.04,12
2025-04-09,Night,Line3,M304,P103,1187,1070,7.39,44
2025-04-09,Day,Line4,M401,P104,921,895,6.51,41
2025-04-09,Night,Line4,M401,P103,1117,1040,6.8,32
2025-04-09,Day,Line4,M402,P102,900,867,6.89,12
2025-04-09,Night,Line4,M402,P102,868,827,6.6,22
2025-04-09,Day,Line4,M403,P102,1003,956,7.58,23
2025-04-09,Night,Line4,M403,P102,1158,1122,7.88,45
2025-04-09,Day,Line4,M404,P102,1152,1061,7.28,32
2025-04-09,Night,Line4,M404,P103,915,849,7.86,37
2025-04-10,Day,Line1,M101,P101,1131,1108,7.86,26
2025-04-10,Night,Line1,M101,P103,1045,1037,6.68,20
2025-04-10,Day,Line1,M102,P104,1083,1073,7.12,15
2025-04-10,Night,Line1,M102,P103,1196,1127,7.22,37
2025-04-10,Day,Line1,M103,P102,1124,1073,6.99,23
2025-04-10,Night,Line1,M103,P101,1172,1090,7.92,27
2025-04-10,Day,Line1,M104,P102,1040,988,7.51,42
2025-04-10,Night,Line1,M104,P102,1064,943,6.74,19
2025-04-10,Day,Line2,M201,P103,1072,1084,7.8,34
2025-04-10,Night,Line2,M201,P101,1159,1086,7.44,25
2025-04-10,Day,Line2,M202,P101,988,924,7.92,17
2025-04-10,Night,Line2,M202,P101,1200,1141,6.7,45
2025-04-10,Day,Line2,M203,P104,883,828,7.9,31
2025-04-10,Night,Line2,M203,P101,1035,999,7.58,31
2025-04-10,Day,Line2,M204,P103,924,865,7.16,24
2025-04-10,Night,Line2,M204,P103,855,821,7.43,16
2025-04-10,Day,Line3,M301,P104,963,866,7.94,34
2025-04-10,Night,Line3,M301,P101,913,818,7.84,21
2025-04-10,Day,Line3,M302,P103,1151,1074,7.28,41
2025-04-10,Night,Line3,M302,P101,1120,977,7.19,32
2025-04-10,Day,Line3,M303,P103,1132,1055,7.59,27
2025-04-10,Night,Line3,M303,P101,874,732,7.12,20
2025-04-10,Day,Line3,M304,P103,1049,1000,7.57,21
2025-04-10,Night,Line3,M304,P103,1197,1099,6.58,44
2025-04-10,Day,Line4,M401,P104,1094,1045,6.89,18
2025-04-10,Night,Line4,M401,P103,854,831,6.86,42
2025-04-10,Day,Line4,M402,P102,1186,1174,7.07,18
2025-04-10,Night,Line4,M402,P102,1043,979,7.62,27
2025-04-10,Day,Line4,M403,P101,1177,1127,7.99,33
2025-04-10,Night,Line4,M403,P102,1197,1092,7.66,36
2025-04-10,Day,Line4,M404,P104,943,905,6.85,38
2025-04-10,Night,Line4,M404,P103,1089,975,7.11,42
2025-04-11,Day,Line1,M101,P103,991,971,6.84,37
2025-04-11,Night,Line1,M101,P102,1006,967,7.88,15
2025-04-11,Day,Line1,M102,P103,1058,960,7.25,30
2025-04-11,Night,Line1,M102,P101,1174,1150,7.41,15
2025-04-11,Day,Line1,M103,P101,972,914,7.26,15
2025-04-11,Night,Line1,M103,P102,1144,1172,6.76,13
2025-04-11,Day,Line1,M104,P101,996,961,6.7,45
2025-04-11,Night,Line1,M104,P104,855,838,7.65,37
2025-04-11,Day,Line2,M201,P102,1095,1019,7.28,41
2025-04-11,Night,Line2,M201,P101,1057,982,6.67,10
2025-04-11,Day,Line2,M202,P102,853,804,7.07,37
2025-04-11,Night,Line2,M202,P103,975,872,7.69,43
2025-04-11,Day,Line2,M203,P101,1160,1069,6.9,38
2025-04-11,Night,Line2,M203,P102,1195,1117,7.26,43
2025-04-11,Day,Line2,M204,P102,939,910,7.35,14
2025-04-11,Night,Line2,M204,P103,918,834,7.57,42
2025-04-11,Day,Line3,M301,P103,876,786,7.84,37
2025-04-11,Night,Line3,M301,P104,1044,905,7.96,20
2025-04-11,Day,Line3,M302,P103,907,822,6.51,31
2025-04-11,Night,Line3,M302,P102,1126,1022,7.16,17
2025-04-11,Day,Line3,M303,P103,1003,914,7.01,40
2025-04-11,Night,Line3,M303,P103,985,858,7.21,23
2025-04-11,Day,Line3,M304,P101,1173,1101,7.49,35
2025-04-11,Night,Line3,M304,P102,1006,904,7.15,42
2025-04-11,Day,Line4,M401,P101,1087,1046,6.93,41
2025-04-11,Night,Line4,M401,P101,1032,938,6.57,10
2025-04-11,Day,Line4,M402,P104,1018,1003,6.74,29
2025-04-11,Night,Line4,M402,P103,904,860,7.72,10
2025-04-11,Day,Line4,M403,P103,945,919,6.98,35
2025-04-11,Night,Line4,M403,P103,854,796,7.33,16
2025-04-11,Day,Line4,M404,P104,1101,1042,6.88,22
2025-04-11,Night,Line4,M404,P101,1120,1110,6.79,42
2025-04-12,Day,Line1,M101,P102,1060,1003,7.23,17
2025-04-12,Night,Line1,M101,P104,853,770,7.03,19
2025-04-12,Day,Line1,M102,P103,965,930,7.46,40
2025-04-12,Night,Line1,M102,P104,1041,976,6.54,29
2025-04-12,Day,Line1,M103,P103,1069,1059,6.95,21
2025-04-12,Night,Line1,M103,P103,905,845,6.64,38
2025-04-12,Day,Line1,M104,P104,932,910,7.36,18
2025-04-12,Night,Line1,M104,P103,1072,1053,6.58,10
2025-04-12,Day,Line2,M201,P103,951,922,6.81,17
2025-04-12,Night,Line2,M201,P102,995,905,7.26,12
2025-04-12,Day,Line2,M202,P102,1052,954,7.92,36
2025-04-12,Night,Line2,M202,P103,866,823,7.76,20
2025-04-12,Day,Line2,M203,P102,1095,1038,6.66,27
2025-04-12,Night,Line2,M203,P101,1065,1007,7.24,41
2025-04-12,Day,Line2,M204,P104,1199,1149,7.05,18
2025-04-12,Night,Line2,M204,P103,1054,951,7.46,42
2025-04-12,Day,Line3,M301,P104,917,829,6.91,17
2025-04-12,Night,Line3,M301,P101,860,738,7.83,18
2025-04-12,Day,Line3,M302,P102,1026,917,7.68,42
2025-04-12,Night,Line3,M302,P101,1200,1098,6.55,25
2025-04-12,Day,Line3,M303,P101,1197,1090,6.95,31
2025-04-12,Night,Line3,M303,P104,1155,1045,7.04,10
2025-04-12,Day,Line3,M304,P104,1095,999,7.16,28
2025-04-12,Night,Line3,M304,P103,1098,966,7.92,15
2025-04-12,Day,Line4,M401,P104,976,942,7.22,19
2025-04-12,Night,Line4,M401,P102,977,870,7.55,27
2025-04-12,Day,Line4,M402,P101,984,965,6.78,25
2025-04-12,Night,Line4,M402,P104,951,870,7.36,40
2025-04-12,Day,Line4,M403,P101,1107,1077,7.91,21
2025-04-12,Night,Line4,M403,P102,1152,1070,7.28,19
2025-04-12,Day,Line4,M404,P102,911,840,6.57,18
2025-04-12,Night,Line4,M404,P104,869,799,6.9,27
2025-04-13,Day,Line1,M101,P102,924,899,7.92,37
2025-04-13,Night,Line1,M101,P101,1165,1168,7.09,22
2025-04-13,Day,Line1,M102,P101,876,838,7.27,34
2025-04-13,Night,Line1,M102,P104,1118,1116,6.9,29
2025-04-13,Day,Line1,M103,P102,963,877,7.56,31
2025-04-13,Night,Line1,M103,P104,1095,946,7.91,13
2025-04-13,Day,Line1,M104,P104,1179,1121,7.24,13
2025-04-13,Night,Line1,M104,P103,906,848,7.32,27
2025-04-13,Day,Line2,M201,P103,993,968,7.98,32
2025-04-13,Night,Line2,M201,P104,976,898,7.92,30
2025-04-13,Day,Line2,M202,P101,943,913,7.56,12
2025-04-13,Night,Line2,M202,P101,876,817,7.18,30
2025-04-13,Day,Line2,M203,P102,996,991,7.22,40
2025-04-13,Night,Line2,M203,P103,1160,1095,7.06,16
2025-04-13,Day,Line2,M204,P104,944,982,6.78,26
2025-04-13,Night,Line2,M204,P104,1036,966,7.85,31
2025-04-13,Day,Line3,M301,P103,907,855,6.65,16
2025-04-13,Night,Line3,M301,P101,1199,1118,7.41,45
2025-04-13,Day,Line3,M302,P102,1019,852,7.38,33
2025-04-13,Night,Line3,M302,P103,1151,1048,6.63,43
2025-04-13,Day,Line3,M303,P103,971,847,7.98,27
2025-04-13,Night,Line3,M303,P102,1149,1013,7.34,34
2025-04-13,Day,Line3,M304,P101,904,792,6.64,18
2025-04-13,Night,Line3,M304,P101,871,806,7.96,22
2025-04-13,Day,Line4,M401,P102,1078,1015,7.47,16
2025-04-13,Night,Line4,M401,P101,1129,1004,6.54,31
2025-04-13,Day,Line4,M402,P103,1092,1053,6.92,22
2025-04-13,Night,Line4,M402,P102,872,855,6.59,18
2025-04-13,Day,Line4,M403,P102,1064,986,6.6,45
2025-04-13,Night,Line4,M403,P103,1136,1095,7.54,32
2025-04-13,Day,Line4,M404,P103,1079,974,7.05,17
2025-04-13,Night,Line4,M404,P104,884,869,6.83,40
2025-04-14,Day,Line1,M101,P104,1118,1085,7.14,42
2025-04-14,Night,Line1,M101,P101,935,845,7.17,27
2025-04-14,Day,Line1,M102,P102,998,979,7.23,12
2025-04-14,Night,Line1,M102,P101,947,874,7.32,35
2025-04-14,Day,Line1,M103,P104,1200,1118,6.63,44
2025-04-14,Night,Line1,M103,P101,934,862,7.57,38
2025-04-14,Day,Line1,M104,P104,1137,1112,7.09,34
2025-04-14,Night,Line1,M104,P104,1160,1056,7.12,27
2025-04-14,Day,Line2,M201,P102,944,843,6.65,10
2025-04-14,Night,Line2,M201,P102,1142,1055,6.96,23
2025-04-14,Day,Line2,M202,P101,1112,1109,6.93,39
2025-04-14,Night,Line2,M202,P103,1005,981,7.19,24
2025-04-14,Day,Line2,M203,P103,987,930,6.53,45
2025-04-14,Night,Line2,M203,P101,937,863,7.85,24
2025-04-14,Day,Line2,M204,P101,1123,1055,6.92,25
2025-04-14,Night,Line2,M204,P103,870,799,6.69,19
2025-04-14,Day,Line3,M301,P103,918,817,6.7,27
2025-04-14,Night,Line3,M301,P101,1178,1055,7.47,25
2025-04-14,Day,Line3,M302,P102,1123,1064,7.34,17
2025-04-14,Night,Line3,M302,P101,1182,1017,6.88,32
2025-04-14,Day,Line3,M303,P103,1016,899,7.3,15
2025-04-14,Night,Line3,M303,P103,918,825,7.16,36
2025-04-14,Day,Line3,M304,P103,1016,945,7.81,13
2025-04-14,Night,Line3,M304,P101,1032,872,8.0,24
2025-04-14,Day,Line4,M401,P103,940,860,6.84,26
2025-04-14,Night,Line4,M401,P101,1125,1113,6.89,16
2025-04-14,Day,Line4,M402,P104,1184,1056,7.87,26
2025-04-14,Night,Line4,M402,P102,1076,1000,7.05,24
2025-04-14,Day,Line4,M403,P103,987,906,7.75,23
2025-04-14,Night,Line4,M403,P104,929,830,7.48,38
2025-04-14,Day,Line4,M404,P102,1072,978,7.73,33
2025-04-14,Night,Line4,M404,P102,1095,1064,6.56,15
2025-04-15,Day,Line1,M101,P104,942,905,7.1,39
2025-04-15,Night,Line1,M101,P102,940,914,7.25,22
2025-04-15,Day,Line1,M102,P104,942,900,7.01,28
2025-04-15,Night,Line1,M102,P101,1008,979,6.71,20
2025-04-15,Day,Line1,M103,P102,1051,1003,7.11,22
2025-04-15,Night,Line1,M103,P101,923,787,7.52,14
2025-04-15,Day,Line1,M104,P104,975,950,7.4,39
2025-04-15,Night,Line1,M104,P104,901,844,7.71,43
2025-04-15,Day,Line2,M201,P102,856,815,7.01,16
2025-04-15,Night,Line2,M201,P104,1046,955,7.35,11
2025-04-15,Day,Line2,M202,P101,856,838,7.31,12
2025-04-15,Night,Line2,M202,P102,977,886,7.75,15
2025-04-15,Day,Line2,M203,P103,923,903,7.12,10
2025-04-15,Night,Line2,M203,P101,904,851,6.99,44
2025-04-15,Day,Line2,M204,P103,893,875,7.76,22
2025-04-15,Night,Line2,M204,P102,1095,1034,7.99,38
2025-04-15,Day,Line3,M301,P102,1007,952,6.93,31
2025-04-15,Night,Line3,M301,P104,929,838,6.86,25
2025-04-15,Day,Line3,M302,P101,1128,1029,7.34,27
2025-04-15,Night,Line3,M302,P101,860,705,7.59,12
2025-04-15,Day,Line3,M303,P101,1128,1068,7.38,28
2025-04-15,Night,Line3,M303,P101,1111,936,7.32,36
2025-04-15,Day,Line3,M304,P102,850,739,6.63,24
2025-04-15,Night,Line3,M304,P101,966,882,6.68,37
2025-04-15,Day,Line4,M401,P104,925,888,7.76,32
2025-04-15,Night,Line4,M401,P103,965,862,7.55,34
2025-04-15,Day,Line4,M402,P101,1101,1037,7.11,20
2025-04-15,Night,Line4,M402,P101,964,939,7.09,16
2025-04-15,Day,Line4,M403,P103,1032,994,6.75,14
2025-04-15,Night,Line4,M403,P103,910,856,6.57,33
2025-04-15,Day,Line4,M404,P101,872,818,7.74,19
2025-04-15,Night,Line4,M404,P102,1069,1030,7.56,43
2025-04-16,Day,Line1,M101,P103,1157,1106,7.49,21
2025-04-16,Night,Line1,M101,P104,926,887,7.2,29
2025-04-16,Day,Line1,M102,P103,1028,961,6.78,16
2025-04-16,Night,Line1,M102,P103,1105,1108,7.26,33
2025-04-16,Day,Line1,M103,P103,889,889,7.6,10
2025-04-16,Night,Line1,M103,P102,1185,1118,7.5,19
2025-04-16,Day,Line1,M104,P103,925,897,7.25,34
2025-04-16,Night,Line1,M104,P104,1094,1008,7.84,14
2025-04-16,Day,Line2,M201,P101,1145,1122,6.72,37
2025-04-16,Night,Line2,M201,P103,924,808,7.62,15
2025-04-16,Day,Line2,M202,P103,915,923,7.87,21
2025-04-16,Night,Line2,M202,P104,1030,987,7.56,30
2025-04-16,Day,Line2,M203,P104,1067,992,6.5,40
2025-04-16,Night,Line2,M203,P104,1158,1144,6.68,31
2025-04-16,Day,Line2,M204,P102,1184,1207,7.13,25
2025-04-16,Night,Line2,M204,P104,1064,1012,7.6,45
2025-04-16,Day,Line3,M301,P104,1125,996,6.79,44
2025-04-16,Night,Line3,M301,P104,1122,999,7.76,44
2025-04-16,Day,Line3,M302,P102,1046,968,6.68,15
2025-04-16,Night,Line3,M302,P104,1119,1006,7.99,24
2025-04-16,Day,Line3,M303,P101,970,853,7.37,33
2025-04-16,Night,Line3,M303,P101,954,863,7.86,11
2025-04-16,Day,Line3,M304,P103,1135,1072,6.78,40
2025-04-16,Night,Line3,M304,P102,906,773,7.44,13
2025-04-16,Day,Line4,M401,P103,1034,958,6.97,18
2025-04-16,Night,Line4,M401,P103,1085,999,6.77,19
2025-04-16,Day,Line4,M402,P104,974,928,6.87,23
2025-04-16,Night,Line4,M402,P102,878,847,7.17,18
2025-04-16,Day,Line4,M403,P101,923,917,7.96,34
2025-04-16,Night,Line4,M403,P101,1067,976,7.16,33
2025-04-16,Day,Line4,M404,P101,904,873,6.74,14
2025-04-16,Night,Line4,M404,P104,1154,1122,7.54,20
2025-04-17,Day,Line1,M101,P101,925,948,7.83,33
2025-04-17,Night,Line1,M101,P102,890,841,7.16,25
2025-04-17,Day,Line1,M102,P101,856,828,7.23,36
2025-04-17,Night,Line1,M102,P102,943,897,7.4,40
2025-04-17,Day,Line1,M103,P102,1120,1064,6.99,29
2025-04-17,Night,Line1,M103,P104,1060,1000,7.43,31
2025-04-17,Day,Line1,M104,P104,1180,1063,7.16,10
2025-04-17,Night,Line1,M104,P103,906,835,6.89,19
2025-04-17,Day,Line2,M201,P101,1178,1148,7.27,12
2025-04-17,Night,Line2,M201,P102,1107,1010,6.8,20
2025-04-17,Day,Line2,M202,P101,1052,1037,6.61,37
2025-04-17,Night,Line2,M202,P104,1133,1007,6.72,26
2025-04-17,Day,Line2,M203,P103,966,951,7.57,37
2025-04-17,Night,Line2,M203,P102,989,953,7.5,15
2025-04-17,Day,Line2,M204,P104,914,937,6.56,23
2025-04-17,Night,Line2,M204,P104,1166,1083,7.43,13
2025-04-17,Day,Line3,M301,P102,1050,955,7.04,21
2025-04-17,Night,Line3,M301,P101,1089,1019,6.92,40
2025-04-17,Day,Line3,M302,P103,1184,1126,7.81,35
2025-04-17,Night,Line3,M302,P104,934,859,7.01,13
2025-04-17,Day,Line3,M303,P103,1181,1086,7.82,37
2025-04-17,Night,Line3,M303,P102,988,923,7.29,16
2025-04-17,Day,Line3,M304,P101,889,879,7.62,33
2025-04-17,Night,Line3,M304,P103,864,784,7.95,25
2025-04-17,Day,Line4,M401,P103,933,897,7.42,44
2025-04-17,Night,Line4,M401,P101,883,849,7.22,23
2025-04-17,Day,Line4,M402,P101,1008,973,7.62,22
2025-04-17,Night,Line4,M402,P102,1176,1095,6.97,12
2025-04-17,Day,Line4,M403,P102,987,973,6.61,15
2025-04-17,Night,Line4,M403,P101,1138,1052,7.82,40
2025-04-17,Day,Line4,M404,P101,874,854,7.9,30
2025-04-17,Night,Line4,M404,P101,1008,901,7.52,10
2025-04-18,Day,Line1,M101,P103,994,1005,7.02,35
2025-04-18,Night,Line1,M101,P102,1011,926,6.92,35
2025-04-18,Day,Line1,M102,P103,916,842,6.57,16
2025-04-18,Night,Line1,M102,P103,1058,1036,6.55,42
2025-04-18,Day,Line1,M103,P101,1107,1114,7.31,19
2025-04-18,Night,Line1,M103,P101,1150,1092,7.76,34
2025-04-18,Day,Line1,M104,P104,1150,1100,6.86,12
2025-04-18,Night,Line1,M104,P103,932,866,7.17,19
2025-04-18,Day,Line2,M201,P104,890,861,7.33,15
2025-04-18,Night,Line2,M201,P102,960,901,7.9,19
2025-04-18,Day,Line2,M202,P102,1106,1056,7.9,43
2025-04-18,Night,Line2,M202,P103,1079,986,7.31,18
2025-04-18,Day,Line2,M203,P103,998,923,6.5,33
2025-04-18,Night,Line2,M203,P104,870,820,7.72,34
2025-04-18,Day,Line2,M204,P102,956,924,7.87,14
2025-04-18,Night,Line2,M204,P102,1140,1047,6.81,41
2025-04-18,Day,Line3,M301,P101,857,764,7.41,19
2025-04-18,Night,Line3,M301,P103,1130,1013,6.75,15
2025-04-18,Day,Line3,M302,P104,898,793,7.2,39
2025-04-18,Night,Line3,M302,P103,936,862,7.4,28
2025-04-18,Day,Line3,M303,P102,884,818,6.95,27
2025-04-18,Night,Line3,M303,P103,1030,894,7.49,15
2025-04-18,Day,Line3,M304,P101,941,869,6.69,39
2025-04-18,Night,Line3,M304,P103,1092,943,7.14,26
2025-04-18,Day,Line4,M401,P104,1182,1163,6.89,18
2025-04-18,Night,Line4,M401,P101,1141,1043,7.82,41
2025-04-18,Day,Line4,M402,P101,1036,991,7.42,28
2025-04-18,Night,Line4,M402,P104,1059,1000,6.63,18
2025-04-18,Day,Line4,M403,P104,1037,1043,7.49,42
2025-04-18,Night,Line4,M403,P103,1041,954,7.44,15
2025-04-18,Day,Line4,M404,P104,1109,1037,6.65,38
2025-04-18,Night,Line4,M404,P103,1199,1074,7.58,12
2025-04-19,Day,Line1,M101,P101,975,990,6.87,45
2025-04-19,Night,Line1,M101,P101,929,874,6.99,16
2025-04-19,Day,Line1,M102,P103,1042,1034,7.85,20
2025-04-19,Night,Line1,M102,P104,887,818,7.28,24
2025-04-19,Day,Line1,M103,P104,1086,1026,7.82,15
2025-04-19,Night,Line1,M103,P103,1088,1021,6.52,39
2025-04-19,Day,Line1,M104,P104,905,868,7.01,15
2025-04-19,Night,Line1,M104,P102,905,869,7.89,35
2025-04-19,Day,Line2,M201,P104,952,915,7.32,35
2025-04-19,Night,Line2,M201,P103,883,820,6.83,30
2025-04-19,Day,Line2,M202,P103,1159,1178,7.59,41
2025-04-19,Night,Line2,M202,P102,1093,998,6.5,17
2025-04-19,Day,Line2,M203,P103,1082,1013,6.56,12
2025-04-19,Night,Line2,M203,P102,1090,996,6.68,19
2025-04-19,Day,Line2,M204,P102,1013,994,6.89,12
2025-04-19,Night,Line2,M204,P104,881,839,6.53,33
2025-04-19,Day,Line3,M301,P104,1092,988,6.84,23
2025-04-19,Night,Line3,M301,P101,958,826,7.27,11
2025-04-19,Day,Line3,M302,P104,988,903,7.03,26
2025-04-19,Night,Line3,M302,P102,892,817,7.07,19
2025-04-19,Day,Line3,M303,P101,990,947,7.18,35
2025-04-19,Night,Line3,M303,P101,1002,873,7.79,38
2025-04-19,Day,Line3,M304,P104,1118,1011,7.34,23
2025-04-19,Night,Line3,M304,P103,944,852,6.64,13
2025-04-19,Day,Line4,M401,P101,1069,1014,6.81,31
2025-04-19,Night,Line4,M401,P103,934,840,7.81,22
2025-04-19,Day,Line4,M402,P103,1064,1016,7.41,40
2025-04-19,Night,Line4,M402,P104,1124,1015,7.54,20
2025-04-19,Day,Line4,M403,P104,1031,1019,7.35,34
2025-04-19,Night,Line4,M403,P101,1137,1058,7.16,22
2025-04-19,Day,Line4,M404,P101,1191,1141,7.73,19
2025-04-19,Night,Line4,M404,P103,1190,1091,7.42,30
2025-04-20,Day,Line1,M101,P101,927,889,6.68,39
2025-04-20,Night,Line1,M101,P102,1105,1081,6.52,30
2025-04-20,Day,Line1,M102,P101,1195,1186,7.69,36
2025-04-20,Night,Line1,M102,P103,1116,1013,6.94,10
2025-04-20,Day,Line1,M103,P104,914,803,7.12,38
2025-04-20,Night,Line1,M103,P101,868,812,6.85,23
2025-04-20,Day,Line1,M104,P102,1065,1012,6.58,44
2025-04-20,Night,Line1,M104,P102,1157,1075,6.8,34
2025-04-20,Day,Line2,M201,P102,1028,969,7.04,23
2025-04-20,Night,Line2,M201,P102,1197,1085,6.51,10
2025-04-20,Day,Line2,M202,P103,1036,1065,7.48,11
2025-04-20,Night,Line2,M202,P103,1007,1002,7.08,42
2025-04-20,Day,Line2,M203,P101,1105,1047,6.58,39
2025-04-20,Night,Line2,M203,P104,1060,1000,7.19,32
2025-04-20,Day,Line2,M204,P103,1127,1115,6.66,37
2025-04-20,Night,Line2,M204,P103,908,856,7.73,21
2025-04-20,Day,Line3,M301,P104,1069,957,6.97,33
2025-04-20,Night,Line3,M301,P102,1133,964,7.1,20
2025-04-20,Day,Line3,M302,P104,1045,951,7.7,28
2025-04-20,Night,Line3,M302,P104,1174,1002,7.16,28
2025-04-20,Day,Line3,M303,P101,894,845,7.56,16
2025-04-20,Night,Line3,M303,P101,1182,1050,7.24,11
2025-04-20,Day,Line3,M304,P104,903,835,7.37,41
2025-04-20,Night,Line3,M304,P101,1174,1033,6.83,38
2025-04-20,Day,Line4,M401,P101,1191,1172,6.57,28
2025-04-20,Night,Line4,M401,P104,958,882,7.99,24
2025-04-20,Day,Line4,M402,P104,1132,1096,7.09,34
2025-04-20,Night,Line4,M402,P101,950,882,7.24,40
2025-04-20,Day,Line4,M403,P101,1029,980,7.31,39
2025-04-20,Night,Line4,M403,P104,1180,1143,6.57,35
2025-04-20,Day,Line4,M404,P101,1041,975,6.67,24
2025-04-20,Night,Line4,M404,P103,987,938,7.12,26
2025-04-21,Day,Line1,M101,P103,1062,1061,6.77,25
2025-04-21,Night,Line1,M101,P101,1062,1027,6.62,12
2025-04-21,Day,Line1,M102,P101,863,812,7.73,19
2025-04-21,Night,Line1,M102,P103,1115,1064,7.65,30
2025-04-21,Day,Line1,M103,P103,937,851,6.89,37
2025-04-21,Night,Line1,M103,P102,1134,1100,6.68,35
2025-04-21,Day,Line1,M104,P102,1165,1210,7.04,35
2025-04-21,Night,Line1,M104,P101,1145,1086,7.21,37
2025-04-21,Day,Line2,M201,P102,1175,1176,7.85,34
2025-04-21,Night,Line2,M201,P102,1056,950,6.75,30
2025-04-21,Day,Line2,M202,P102,1073,997,7.44,24
2025-04-21,Night,Line2,M202,P101,914,850,7.59,42
2025-04-21,Day,Line2,M203,P101,1173,1120,7.93,35
2025-04-21,Night,Line2,M203,P103,1133,1075,6.59,20
2025-04-21,Day,Line2,M204,P103,954,898,7.84,15
2025-04-21,Night,Line2,M204,P101,863,814,7.29,37
2025-04-21,Day,Line3,M301,P101,1171,1099,6.73,19
2025-04-21,Night,Line3,M301,P101,1166,1055,6.56,44
2025-04-21,Day,Line3,M302,P101,1142,1026,6.69,34
2025-04-21,Night,Line3,M302,P101,916,835,7.2,39
2025-04-21,Day,Line3,M303,P103,945,848,6.91,25
2025-04-21,Night,Line3,M303,P102,1002,894,6.55,22
2025-04-21,Day,Line3,M304,P102,1043,977,7.97,26
2025-04-21,Night,Line3,M304,P101,990,875,7.46,15
2025-04-21,Day,Line4,M401,P102,1171,1081,7.88,11
2025-04-21,Night,Line4,M401,P101,906,853,7.64,39
2025-04-21,Day,Line4,M402,P101,904,892,6.8,19
2025-04-21,Night,Line4,M402,P103,984,955,6.82,21
2025-04-21,Day,Line4,M403,P101,889,825,7.16,41
2025-04-21,Night,Line4,M403,P103,956,918,7.67,35
2025-04-21,Day,Line4,M404,P101,1101,1048,7.69,11
2025-04-21,Night,Line4,M404,P104,887,872,7.76,41
2025-04-22,Day,Line1,M101,P101,957,884,6.91,36
2025-04-22,Night,Line1,M101,P104,1010,969,6.97,38
2025-04-22,Day,Line1,M102,P102,942,894,6.81,29
2025-04-22,Night,Line1,M102,P101,941,868,7.18,12
2025-04-22,Day,Line1,M103,P101,1025,1013,6.64,32
2025-04-22,Night,Line1,M103,P104,1164,1133,7.88,44
2025-04-22,Day,Line1,M104,P101,931,839,7.63,43
2025-04-22,Night,Line1,M104,P103,912,884,6.89,22
2025-04-22,Day,Line2,M201,P101,1124,1076,7.76,11
2025-04-22,Night,Line2,M201,P102,960,903,7.17,33
2025-04-22,Day,Line2,M202,P101,961,886,7.52,11
2025-04-22,Night,Line2,M202,P103,920,881,7.66,24
2025-04-22,Day,Line2,M203,P101,914,941,7.18,27
2025-04-22,Night,Line2,M203,P103,1096,1012,7.84,22
2025-04-22,Day,Line2,M204,P101,1028,1024,7.7,45
2025-04-22,Night,Line2,M204,P103,1089,1023,7.12,41
2025-04-22,Day,Line3,M301,P104,1112,995,7.74,35
2025-04-22,Night,Line3,M301,P102,978,828,6.84,21
2025-04-22,Day,Line3,M302,P102,993,945,7.03,35
2025-04-22,Night,Line3,M302,P101,1148,1025,7.46,29
2025-04-22,Day,Line3,M303,P102,955,856,7.69,41
2025-04-22,Night,Line3,M303,P104,1078,950,6.65,37
2025-04-22,Day,Line3,M304,P103,1013,942,7.02,16
2025-04-22,Night,Line3,M304,P104,1069,937,7.96,22
2025-04-22,Day,Line4,M401,P103,1041,970,7.56,14
2025-04-22,Night,Line4,M401,P104,935,875,6.55,12
2025-04-22,Day,Line4,M402,P103,1150,1099,7.94,36
2025-04-22,Night,Line4,M402,P103,1159,1083,7.54,43
2025-04-22,Day,Line4,M403,P103,1053,997,7.0,11
2025-04-22,Night,Line4,M403,P101,942,921,6.85,30
2025-04-22,Day,Line4,M404,P104,945,986,7.45,32
2025-04-22,Night,Line4,M404,P102,887,806,6.89,23
2025-04-23,Day,Line1,M101,P103,1040,933,7.17,19
2025-04-23,Night,Line1,M101,P103,912,850,7.36,10
2025-04-23,Day,Line1,M102,P103,855,769,7.6,31
2025-04-23,Night,Line1,M102,P102,1088,973,7.53,30
2025-04-23,Day,Line1,M103,P102,1137,1074,7.41,14
2025-04-23,Night,Line1,M103,P104,995,955,7.38,23
2025-04-23,Day,Line1,M104,P102,902,859,6.97,45
2025-04-23,Night,Line1,M104,P103,1161,1011,6.71,14
2025-04-23,Day,Line2,M201,P104,1199,1141,7.52,37
2025-04-23,Night,Line2,M201,P103,1013,946,7.49,22
2025-04-23,Day,Line2,M202,P102,875,835,7.38,41
2025-04-23,Night,Line2,M202,P104,873,849,7.96,27
2025-04-23,Day,Line2,M203,P104,911,899,6.62,17
2025-04-23,Night,Line2,M203,P104,937,882,6.79,30
2025-04-23,Day,Line2,M204,P104,971,992,7.72,11
2025-04-23,Night,Line2,M204,P103,859,770,7.98,10
2025-04-23,Day,Line3,M301,P104,995,890,7.7,18
2025-04-23,Night,Line3,M301,P104,868,769,7.41,44
2025-04-23,Day,Line3,M302,P101,1022,929,7.61,11
2025-04-23,Night,Line3,M302,P101,1090,923,7.66,16
2025-04-23,Day,Line3,M303,P104,1004,855,7.96,27
2025-04-23,Night,Line3,M303,P103,1027,913,7.5,35
2025-04-23,Day,Line3,M304,P101,1134,977,7.6,30
2025-04-23,Night,Line3,M304,P104,1163,1011,6.86,13
2025-04-23,Day,Line4,M401,P104,1002,965,6.93,39
2025-04-23,Night,Line4,M401,P104,1178,1061,7.44,17
2025-04-23,Day,Line4,M402,P103,1166,1130,6.92,16
2025-04-23,Night,Line4,M402,P101,964,882,6.5,13
2025-04-23,Day,Line4,M403,P101,921,874,7.67,16
2025-04-23,Night,Line4,M403,P103,1073,1024,7.41,24
2025-04-23,Day,Line4,M404,P102,895,856,7.52,22
2025-04-23,Night,Line4,M404,P103,1125,1067,6.6,10
2025-04-24,Day,Line1,M101,P101,982,955,7.31,12
2025-04-24,Night,Line1,M101,P101,874,818,6.93,29
2025-04-24,Day,Line1,M102,P101,985,956,7.47,31
2025-04-24,Night,Line1,M102,P104,988,908,7.06,20
2025-04-24,Day,Line1,M103,P102,1148,1119,6.98,39
2025-04-24,Night,Line1,M103,P101,914,852,6.88,30
2025-04-24,Day,Line1,M104,P102,1149,1147,6.65,36
2025-04-24,Night,Line1,M104,P104,1192,1125,7.91,17
2025-04-24,Day,Line2,M201,P102,1145,1080,7.57,40
2025-04-24,Night,Line2,M201,P104,993,948,7.08,30
2025-04-24,Day,Line2,M202,P104,965,965,7.94,15
2025-04-24,Night,Line2,M202,P103,1001,926,6.69,15
2025-04-24,Day,Line2,M203,P103,1135,1068,7.06,25
2025-04-24,Night,Line2,M203,P102,889,765,7.04,14
2025-04-24,Day,Line2,M204,P104,880,848,7.15,23
2025-04-24,Night,Line2,M204,P101,1193,1109,6.79,23
2025-04-24,Day,Line3,M301,P104,1047,968,7.23,22
2025-04-24,Night,Line3,M301,P104,903,817,6.95,31
2025-04-24,Day,Line3,M302,P102,1152,1000,6.85,43
2025-04-24,Night,Line3,M302,P103,1009,925,7.6,39
2025-04-24,Day,Line3,M303,P102,1108,982,6.86,16
2025-04-24,Night,Line3,M303,P102,962,842,7.9,33
2025-04-24,Day,Line3,M304,P104,1081,910,7.81,42
2025-04-24,Night,Line3,M304,P102,1054,948,7.09,22
2025-04-24,Day,Line4,M401,P101,992,919,7.07,37
2025-04-24,Night,Line4,M401,P102,1007,927,6.98,16
2025-04-24,Day,Line4,M402,P102,1086,1004,7.37,16
2025-04-24,Night,Line4,M402,P101,973,943,6.6,11
2025-04-24,Day,Line4,M403,P104,945,896,7.91,27
2025-04-24,Night,Line4,M403,P101,1093,985,7.07,43
2025-04-24,Day,Line4,M404,P104,1030,951,6.69,26
2025-04-24,Night,Line4,M404,P101,1131,1090,6.59,15
2025-04-25,Day,Line1,M101,P103,1070,999,6.76,23
2025-04-25,Night,Line1,M101,P102,1053,974,7.64,42
2025-04-25,Day,Line1,M102,P104,1110,1066,7.07,31
2025-04-25,Night,Line1,M102,P101,1075,1000,7.26,27
2025-04-25,Day,Line1,M103,P103,900,814,6.94,13
2025-04-25,Night,Line1,M103,P104,1066,1021,7.6,22
2025-04-25,Day,Line1,M104,P103,946,901,6.65,35
2025-04-25,Night,Line1,M104,P102,1154,1094,7.85,27
2025-04-25,Day,Line2,M201,P104,1115,1093,7.04,37
2025-04-25,Night,Line2,M201,P101,1198,1053,6.69,13
2025-04-25,Day,Line2,M202,P102,906,888,6.8,24
2025-04-25,Night,Line2,M202,P101,877,890,7.18,12
2025-04-25,Day,Line2,M203,P103,972,944,6.65,14
2025-04-25,Night,Line2,M203,P101,991,970,7.32,24
2025-04-25,Day,Line2,M204,P104,1050,1038,7.44,35
2025-04-25,Night,Line2,M204,P101,962,923,6.73,27
2025-04-25,Day,Line3,M301,P104,955,897,6.54,20
2025-04-25,Night,Line3,M301,P102,1027,950,7.12,28
2025-04-25,Day,Line3,M302,P103,851,805,6.82,16
2025-04-25,Night,Line3,M302,P102,1107,945,7.39,40
2025-04-25,Day,Line3,M303,P103,972,915,6.88,20
2025-04-25,Night,Line3,M303,P103,1198,1056,7.97,14
2025-04-25,Day,Line3,M304,P102,945,895,6.63,31
2025-04-25,Night,Line3,M304,P104,922,834,6.78,10
2025-04-25,Day,Line4,M401,P104,1069,987,7.42,31
2025-04-25,Night,Line4,M401,P101,940,923,7.54,26
2025-04-25,Day,Line4,M402,P101,937,878,6.6,10
2025-04-25,Night,Line4,M402,P103,1092,1016,7.38,10
2025-04-25,Day,Line4,M403,P104,976,986,7.26,40
2025-04-25,Night,Line4,M403,P101,873,824,7.13,11
2025-04-25,Day,Line4,M404,P103,966,917,7.0,43
2025-04-25,Night,Line4,M404,P102,925,867,7.96,16
2025-04-26,Day,Line1,M101,P101,1005,953,7.38,31
2025-04-26,Night,Line1,M101,P104,1101,1061,7.77,32
2025-04-26,Day,Line1,M102,P103,1189,1129,6.61,41
2025-04-26,Night,Line1,M102,P103,1036,972,7.27,39
2025-04-26,Day,Line1,M103,P101,1030,1006,7.43,29
2025-04-26,Night,Line1,M103,P103,1115,1063,7.47,40
2025-04-26,Day,Line1,M104,P101,988,928,7.56,43
2025-04-26,Night,Line1,M104,P101,925,892,6.82,36
2025-04-26,Day,Line2,M201,P102,1187,1121,7.13,19
2025-04-26,Night,Line2,M201,P103,1104,1003,7.26,11
2025-04-26,Day,Line2,M202,P102,1145,1039,6.54,37
2025-04-26,Night,Line2,M202,P103,955,892,7.41,15
2025-04-26,Day,Line2,M203,P102,1043,951,7.8,16
2025-04-26,Night,Line2,M203,P103,1170,1071,7.62,44
2025-04-26,Day,Line2,M204,P104,1119,1073,6.7,21
2025-04-26,Night,Line2,M204,P103,1197,1166,7.54,32
2025-04-26,Day,Line3,M301,P103,1050,946,6.6,36
2025-04-26,Night,Line3,M301,P103,1008,854,7.74,22
2025-04-26,Day,Line3,M302,P101,1146,1039,7.62,43
2025-04-26,Night,Line3,M302,P103,1163,1073,7.43,17
2025-04-26,Day,Line3,M303,P104,1082,974,7.68,32
2025-04-26,Night,Line3,M303,P103,906,842,7.19,10
2025-04-26,Day,Line3,M304,P104,1200,1091,7.19,19
2025-04-26,Night,Line3,M304,P104,1198,1091,7.68,19
2025-04-26,Day,Line4,M401,P103,1169,1129,6.77,45
2025-04-26,Night,Line4,M401,P102,1005,983,7.2,41
2025-04-26,Day,Line4,M402,P103,883,904,7.75,28
2025-04-26,Night,Line4,M402,P101,1082,1001,6.57,12
2025-04-26,Day,Line4,M403,P102,994,958,6.8,17
2025-04-26,Night,Line4,M403,P101,1100,1072,6.98,29
2025-04-26,Day,Line4,M404,P101,1070,1035,6.58,32
2025-04-26,Night,Line4,M404,P101,875,775,6.74,26
2025-04-27,Day,Line1,M101,P102,1029,978,6.85,28
2025-04-27,Night,Line1,M101,P102,894,846,7.18,27
2025-04-27,Day,Line1,M102,P102,950,957,7.17,37
2025-04-27,Night,Line1,M102,P101,998,941,7.68,24
2025-04-27,Day,Line1,M103,P101,1092,1019,6.73,32
2025-04-27,Night,Line1,M103,P102,1197,1134,7.16,34
2025-04-27,Day,Line1,M104,P104,1054,1058,7.37,16
2025-04-27,Night,Line1,M104,P103,1004,925,7.08,29
2025-04-27,Day,Line2,M201,P102,1138,1075,7.36,37
2025-04-27,Night,Line2,M201,P103,1146,1056,7.14,18
2025-04-27,Day,Line2,M202,P102,978,901,7.49,18
2025-04-27,Night,Line2,M202,P104,1133,1067,7.78,22
2025-04-27,Day,Line2,M203,P103,1006,963,7.96,15
2025-04-27,Night,Line2,M203,P103,1140,1013,7.0,39
2025-04-27,Day,Line2,M204,P102,1042,975,7.41,37
2025-04-27,Night,Line2,M204,P101,920,869,6.63,43
2025-04-27,Day,Line3,M301,P104,1010,939,7.38,42
2025-04-27,Night,Line3,M301,P103,1089,1000,7.17,32
2025-04-27,Day,Line3,M302,P104,1088,1015,7.37,36
2025-04-27,Night,Line3,M302,P104,1086,966,7.31,11
2025-04-27,Day,Line3,M303,P101,1065,923,6.51,15
2025-04-27,Night,Line3,M303,P102,1164,1028,6.86,29
2025-04-27,Day,Line3,M304,P102,1147,961,7.17,42
2025-04-27,Night,Line3,M304,P103,915,819,7.97,44
2025-04-27,Day,Line4,M401,P103,877,824,6.7,35
2025-04-27,Night,Line4,M401,P102,1056,927,6.57,10
2025-04-27,Day,Line4,M402,P104,1115,1082,7.64,39
2025-04-27,Night,Line4,M402,P101,893,878,6.72,13
2025-04-27,Day,Line4,M403,P103,1182,1079,6.84,16
2025-04-27,Night,Line4,M403,P103,1154,1100,6.52,16
2025-04-27,Day,Line4,M404,P103,1139,1079,6.68,40
2025-04-27,Night,Line4,M404,P103,881,807,7.98,17
2025-04-28,Day,Line1,M101,P101,954,894,6.8,43
2025-04-28,Night,Line1,M101,P102,1137,1055,7.38,41
2025-04-28,Day,Line1,M102,P102,964,913,7.46,19
2025-04-28,Night,Line1,M102,P103,1171,1099,7.12,29
2025-04-28,Day,Line1,M103,P101,1098,1025,7.48,22
2025-04-28,Night,Line1,M103,P101,884,813,7.12,10
2025-04-28,Day,Line1,M104,P102,1159,1131,7.35,17
2025-04-28,Night,Line1,M104,P101,976,890,7.79,23
2025-04-28,Day,Line2,M201,P101,1092,1056,7.51,11
2025-04-28,Night,Line2,M201,P104,1050,976,6.67,13
2025-04-28,Day,Line2,M202,P101,1003,946,7.92,35
2025-04-28,Night,Line2,M202,P104,944,938,6.71,25
2025-04-28,Day,Line2,M203,P103,1163,1072,7.94,38
2025-04-28,Night,Line2,M203,P101,1071,1056,6.99,19
2025-04-28,Day,Line2,M204,P101,944,929,7.99,19
2025-04-28,Night,Line2,M204,P102,937,863,6.88,42
2025-04-28,Day,Line3,M301,P102,1093,1022,6.94,40
2025-04-28,Night,Line3,M301,P103,998,807,6.52,16
2025-04-28,Day,Line3,M302,P104,1038,922,7.17,27
2025-04-28,Night,Line3,M302,P104,1047,902,6.76,16
2025-04-28,Day,Line3,M303,P104,1063,979,6.63,37
2025-04-28,Night,Line3,M303,P102,864,787,7.48,28
2025-04-28,Day,Line3,M304,P104,911,839,6.5,34
2025-04-28,Night,Line3,M304,P101,1147,1025,6.87,29
2025-04-28,Day,Line4,M401,P101,1180,1165,6.64,38
2025-04-28,Night,Line4,M401,P101,1031,993,7.27,18
2025-04-28,Day,Line4,M402,P104,1084,1019,7.72,27
2025-04-28,Night,Line4,M402,P101,931,859,6.7,32
2025-04-28,Day,Line4,M403,P102,1028,1008,6.78,43
2025-04-28,Night,Line4,M403,P104,1112,1043,7.97,14
2025-04-28,Day,Line4,M404,P102,1185,1138,6.76,19
2025-04-28,Night,Line4,M404,P103,1185,1118,6.97,31
2025-04-29,Day,Line1,M101,P104,921,835,6.92,27
2025-04-29,Night,Line1,M101,P103,1051,966,7.96,14
2025-04-29,Day,Line1,M102,P104,1042,1015,6.5,40
2025-04-29,Night,Line1,M102,P102,1144,1051,7.39,42
2025-04-29,Day,Line1,M103,P103,916,872,6.78,30
2025-04-29,Night,Line1,M103,P103,1149,1096,7.48,35
2025-04-29,Day,Line1,M104,P101,873,864,6.98,11
2025-04-29,Night,Line1,M104,P102,968,942,6.88,16
2025-04-29,Day,Line2,M201,P101,1105,1100,7.18,40
2025-04-29,Night,Line2,M201,P103,968,905,7.14,25
2025-04-29,Day,Line2,M202,P101,939,894,7.31,34
2025-04-29,Night,Line2,M202,P104,882,798,6.53,13
2025-04-29,Day,Line2,M203,P103,908,911,7.52,12
2025-04-29,Night,Line2,M203,P101,1076,1002,7.45,33
2025-04-29,Day,Line2,M204,P101,939,941,7.31,30
2025-04-29,Night,Line2,M204,P101,1080,1024,6.99,34
2025-04-29,Day,Line3,M301,P102,1176,1107,7.38,45
2025-04-29,Night,Line3,M301,P102,950,843,7.51,26
2025-04-29,Day,Line3,M302,P104,1074,995,7.1,28
2025-04-29,Night,Line3,M302,P102,953,879,7.27,20
2025-04-29,Day,Line3,M303,P104,1120,1002,7.08,22
2025-04-29,Night,Line3,M303,P101,1148,1062,6.64,11
2025-04-29,Day,Line3,M304,P101,954,838,7.11,12
2025-04-29,Night,Line3,M304,P102,852,803,7.52,33
2025-04-29,Day,Line4,M401,P104,1140,1099,7.66,44
2025-04-29,Night,Line4,M401,P101,1024,941,7.74,21
2025-04-29,Day,Line4,M402,P104,947,932,7.23,23
2025-04-29,Night,Line4,M402,P104,1106,1050,7.31,32
2025-04-29,Day,Line4,M403,P103,1166,1059,7.09,45
2025-04-29,Night,Line4,M403,P102,884,820,7.08,38
2025-04-29,Day,Line4,M404,P104,1170,1088,7.79,34
2025-04-29,Night,Line4,M404,P101,1141,1040,6.6,15
2025-04-30,Day,Line1,M101,P102,1114,1037,7.02,29
2025-04-30,Night,Line1,M101,P101,910,869,6.59,41
2025-04-30,Day,Line1,M102,P102,876,864,7.83,44
2025-04-30,Night,Line1,M102,P103,861,789,6.83,24
2025-04-30,Day,Line1,M103,P103,978,881,7.81,34
2025-04-30,Night,Line1,M103,P103,884,767,7.64,20
2025-04-30,Day,Line1,M104,P103,888,907,7.77,44
2025-04-30,Night,Line1,M104,P102,1115,1053,6.51,42
2025-04-30,Day,Line2,M201,P103,1054,1037,7.61,13
2025-04-30,Night,Line2,M201,P101,1148,1072,7.31,40
2025-04-30,Day,Line2,M202,P103,1184,1061,7.28,11
2025-04-30,Night,Line2,M202,P101,1023,974,7.48,36
2025-04-30,Day,Line2,M203,P103,952,961,7.79,31
2025-04-30,Night,Line2,M203,P101,921,848,6.73,23
2025-04-30,Day,Line2,M204,P103,1189,1062,7.53,13
2025-04-30,Night,Line2,M204,P102,1102,997,6.87,14
2025-04-30,Day,Line3,M301,P101,1027,961,7.13,14
2025-04-30,Night,Line3,M301,P104,1156,1040,7.87,15
2025-04-30,Day,Line3,M302,P104,916,866,6.53,27
2025-04-30,Night,Line3,M302,P101,903,803,7.41,12
2025-04-30,Day,Line3,M303,P104,1109,1031,6.93,24
2025-04-30,Night,Line3,M303,P103,1070,938,7.53,40
2025-04-30,Day,Line3,M304,P103,966,847,6.55,11
2025-04-30,Night,Line3,M304,P101,863,785,7.11,22
2025-04-30,Day,Line4,M401,P104,1199,1183,7.7,11
2025-04-30,Night,Line4,M401,P104,876,807,7.19,34
2025-04-30,Day,Line4,M402,P104,914,919,7.74,37
2025-04-30,Night,Line4,M402,P104,1131,1116,7.14,18
2025-04-30,Day,Line4,M403,P101,1074,1000,7.3,17
2025-04-30,Night,Line4,M403,P103,1030,940,7.17,22
2025-04-30,Day,Line4,M404,P103,1073,1002,7.58,13
2025-04-30,Night,Line4,M404,P102,968,906,6.82,15
2025-05-01,Day,Line1,M101,P101,966,916,6.84,36
2025-05-01,Night,Line1,M101,P101,857,772,7.38,25
2025-05-01,Day,Line1,M102,P101,889,831,7.31,13
2025-05-01,Night,Line1,M102,P102,1074,941,6.81,21
2025-05-01,Day,Line1,M103,P103,872,785,6.55,30
2025-05-01,Night,Line1,M103,P103,1158,1037,7.25,25
2025-05-01,Day,Line1,M104,P103,916,934,7.56,35
2025-05-01,Night,Line1,M104,P104,1186,1180,6.77,17
2025-05-01,Day,Line2,M201,P101,889,873,7.92,26
2025-05-01,Night,Line2,M201,P102,1103,1017,6.7,32
2025-05-01,Day,Line2,M202,P102,1077,985,6.59,29
2025-05-01,Night,Line2,M202,P103,1132,1063,6.99,28
2025-05-01,Day,Line2,M203,P102,1119,1089,7.3,27
2025-05-01,Night,Line2,M203,P103,1127,1033,6.72,42
2025-05-01,Day,Line2,M204,P101,877,852,7.01,32
2025-05-01,Night,Line2,M204,P104,1168,1056,7.38,41
2025-05-01,Day,Line3,M301,P103,890,794,6.83,23
2025-05-01,Night,Line3,M301,P102,1116,984,6.78,24
2025-05-01,Day,Line3,M302,P103,1133,1094,6.9,23
2025-05-01,Night,Line3,M302,P101,1040,899,6.52,19
2025-05-01,Day,Line3,M303,P101,970,953,7.94,38
2025-05-01,Night,Line3,M303,P104,908,820,7.38,11
2025-05-01,Day,Line3,M304,P104,867,854,7.89,27
2025-05-01,Night,Line3,M304,P103,1151,990,7.74,34
2025-05-01,Day,Line4,M401,P103,893,827,6.89,13
2025-05-01,Night,Line4,M401,P103,1162,1065,7.26,34
2025-05-01,Day,Line4,M402,P104,859,825,6.6,34
2025-05-01,Night,Line4,M402,P104,1077,1067,7.59,12
2025-05-01,Day,Line4,M403,P102,955,899,7.5,34
2025-05-01,Night,Line4,M403,P102,1187,1147,7.14,37
2025-05-01,Day,Line4,M404,P101,1188,1209,7.83,29
2025-05-01,Night,Line4,M404,P101,1127,1068,7.24,32
2025-05-02,Day,Line1,M101,P101,1161,1152,6.83,31
2025-05-02,Night,Line1,M101,P103,1152,1055,7.08,23
2025-05-02,Day,Line1,M102,P101,1024,995,7.11,37
2025-05-02,Night,Line1,M102,P104,879,843,6.82,16
2025-05-02,Day,Line1,M103,P104,1197,1100,6.76,28
2025-05-02,Night,Line1,M103,P104,1067,974,7.61,43
2025-05-02,Day,Line1,M104,P103,933,887,7.08,34
2025-05-02,Night,Line1,M104,P104,971,865,7.97,18
2025-05-02,Day,Line2,M201,P101,993,931,6.63,27
2025-05-02,Night,Line2,M201,P101,977,912,7.39,44
2025-05-02,Day,Line2,M202,P103,1022,935,7.15,35
2025-05-02,Night,Line2,M202,P101,1165,1158,6.58,27
2025-05-02,Day,Line2,M203,P103,987,977,6.72,26
2025-05-02,Night,Line2,M203,P101,913,954,6.66,29
2025-05-02,Day,Line2,M204,P103,985,908,6.88,21
2025-05-02,Night,Line2,M204,P104,1086,1035,6.76,11
2025-05-02,Day,Line3,M301,P104,854,758,6.81,39
2025-05-02,Night,Line3,M301,P101,1033,884,7.24,40
2025-05-02,Day,Line3,M302,P102,1059,993,6.75,13
2025-05-02,Night,Line3,M302,P101,991,883,7.71,45
2025-05-02,Day,Line3,M303,P103,882,792,7.1,38
2025-05-02,Night,Line3,M303,P102,982,882,6.76,27
2025-05-02,Day,Line3,M304,P103,1103,975,7.33,18
2025-05-02,Night,Line3,M304,P102,1172,1011,7.12,21
2025-05-02,Day,Line4,M401,P102,1166,1095,6.71,13
2025-05-02,Night,Line4,M401,P102,908,885,7.79,12
2025-05-02,Day,Line4,M402,P102,1200,1190,7.35,42
2025-05-02,Night,Line4,M402,P104,1146,1033,7.21,30
2025-05-02,Day,Line4,M403,P101,1133,1147,6.63,24
2025-05-02,Night,Line4,M403,P101,982,922,7.5,26
2025-05-02,Day,Line4,M404,P101,1197,1164,7.16,32
2025-05-02,Night,Line4,M404,P101,1157,1062,7.11,25
2025-05-03,Day,Line1,M101,P103,905,869,6.69,14
2025-05-03,Night,Line1,M101,P104,907,821,7.21,42
2025-05-03,Day,Line1,M102,P101,971,909,7.22,23
2025-05-03,Night,Line1,M102,P103,1142,1102,7.99,33
2025-05-03,Day,Line1,M103,P104,886,873,7.12,37
2025-05-03,Night,Line1,M103,P103,923,880,7.65,11
2025-05-03,Day,Line1,M104,P103,1160,1098,7.77,33
2025-05-03,Night,Line1,M104,P103,1058,953,7.02,33
2025-05-03,Day,Line2,M201,P104,1000,998,7.38,11
2025-05-03,Night,Line2,M201,P102,1038,1005,7.04,12
2025-05-03,Day,Line2,M202,P103,926,837,6.63,11
2025-05-03,Night,Line2,M202,P101,1161,1122,7.99,23
2025-05-03,Day,Line2,M203,P103,1111,1054,7.48,42
2025-05-03,Night,Line2,M203,P103,960,922,6.99,34
2025-05-03,Day,Line2,M204,P101,1186,1086,7.01,19
2025-05-03,Night,Line2,M204,P104,1182,1087,7.12,15
2025-05-03,Day,Line3,M301,P101,964,879,7.92,42
2025-05-03,Night,Line3,M301,P104,1125,1062,6.56,17
2025-05-03,Day,Line3,M302,P101,1160,1148,7.88,40
2025-05-03,Night,Line3,M302,P104,1012,903,6.57,27
2025-05-03,Day,Line3,M303,P102,1144,1079,6.86,28
2025-05-03,Night,Line3,M303,P102,1018,913,7.81,25
2025-05-03,Day,Line3,M304,P103,968,886,7.16,39
2025-05-03,Night,Line3,M304,P103,909,823,6.57,25
2025-05-03,Day,Line4,M401,P104,1059,1014,6.54,33
2025-05-03,Night,Line4,M401,P101,1030,993,7.53,45
2025-05-03,Day,Line4,M402,P101,1035,960,6.82,40
2025-05-03,Night,Line4,M402,P102,1079,1012,6.6,36
2025-05-03,Day,Line4,M403,P102,1141,1160,7.26,18
2025-05-03,Night,Line4,M403,P102,1058,1031,7.73,18
2025-05-03,Day,Line4,M404,P103,996,965,6.52,31
2025-05-03,Night,Line4,M404,P103,910,882,7.54,15
2025-05-04,Day,Line1,M101,P104,1065,1072,7.47,42
2025-05-04,Night,Line1,M101,P102,1144,1008,7.03,41
2025-05-04,Day,Line1,M102,P102,942,896,7.06,39
2025-05-04,Night,Line1,M102,P101,935,860,6.82,17
2025-05-04,Day,Line1,M103,P104,984,903,6.55,45
2025-05-04,Night,Line1,M103,P104,901,903,6.98,18
2025-05-04,Day,Line1,M104,P101,1070,1046,7.59,11
2025-05-04,Night,Line1,M104,P102,887,859,7.55,18
2025-05-04,Day,Line2,M201,P104,1066,1003,6.91,32
2025-05-04,Night,Line2,M201,P102,1055,982,7.75,45
2025-05-04,Day,Line2,M202,P102,1000,959,6.51,17
2025-05-04,Night,Line2,M202,P103,1022,972,6.71,16
2025-05-04,Day,Line2,M203,P101,887,872,6.61,32
2025-05-04,Night,Line2,M203,P104,1059,938,7.92,38
2025-05-04,Day,Line2,M204,P104,998,979,7.67,40
2025-05-04,Night,Line2,M204,P102,943,879,7.63,42
2025-05-04,Day,Line3,M301,P101,927,888,7.46,10
2025-05-04,Night,Line3,M301,P103,1195,1112,7.44,39
2025-05-04,Day,Line3,M302,P104,1014,931,7.6,38
2025-05-04,Night,Line3,M302,P102,1110,988,7.67,27
2025-05-04,Day,Line3,M303,P101,968,871,6.63,29
2025-05-04,Night,Line3,M303,P104,1024,923,7.22,13
2025-05-04,Day,Line3,M304,P104,996,944,7.17,30
2025-05-04,Night,Line3,M304,P104,1013,903,7.36,21
2025-05-04,Day,Line4,M401,P102,871,821,7.42,23
2025-05-04,Night,Line4,M401,P104,1115,1049,7.74,27
2025-05-04,Day,Line4,M402,P103,900,872,7.39,32
2025-05-04,Night,Line4,M402,P103,934,846,6.75,17
2025-05-04,Day,Line4,M403,P103,990,909,6.76,41
2025-05-04,Night,Line4,M403,P104,964,890,7.5,20
2025-05-04,Day,Line4,M404,P103,982,990,6.63,16
2025-05-04,Night,Line4,M404,P102,1191,1163,7.84,27
2025-05-05,Day,Line1,M101,P102,899,820,7.19,23
2025-05-05,Night,Line1,M101,P102,864,787,7.09,12
2025-05-05,Day,Line1,M102,P102,853,838,7.67,41
2025-05-05,Night,Line1,M102,P101,1039,963,7.9,23
2025-05-05,Day,Line1,M103,P103,1142,1112,6.91,37
2025-05-05,Night,Line1,M103,P104,1116,998,7.74,18
2025-05-05,Day,Line1,M104,P104,1001,961,7.01,17
2025-05-05,Night,Line1,M104,P101,1077,1009,6.98,37
2025-05-05,Day,Line2,M201,P104,984,973,7.41,15
2025-05-05,Night,Line2,M201,P102,992,944,7.78,17
2025-05-05,Day,Line2,M202,P103,890,858,7.18,24
2025-05-05,Night,Line2,M202,P101,1017,903,6.52,20
2025-05-05,Day,Line2,M203,P103,991,1009,7.39,39
2025-05-05,Night,Line2,M203,P101,1011,971,7.6,12
2025-05-05,Day,Line2,M204,P104,901,845,6.67,43
2025-05-05,Night,Line2,M204,P103,947,893,7.39,45
2025-05-05,Day,Line3,M301,P101,1174,1054,7.14,10
2025-05-05,Night,Line3,M301,P102,920,813,7.33,34
2025-05-05,Day,Line3,M302,P102,1194,1129,7.47,22
2025-05-05,Night,Line3,M302,P103,1090,939,7.0,19
2025-05-05,Day,Line3,M303,P104,945,880,7.46,41
2025-05-05,Night,Line3,M303,P103,917,850,7.33,22
2025-05-05,Day,Line3,M304,P101,1114,1032,7.73,23
2025-05-05,Night,Line3,M304,P101,1072,949,7.38,14
2025-05-05,Day,Line4,M401,P104,1135,1063,7.01,23
2025-05-05,Night,Line4,M401,P102,869,799,7.21,36
2025-05-05,Day,Line4,M402,P103,1164,1122,6.75,34
2025-05-05,Night,Line4,M402,P102,1176,1038,7.97,32
2025-05-05,Day,Line4,M403,P104,1121,1077,7.59,21
2025-05-05,Night,Line4,M403,P103,968,935,7.15,28
2025-05-05,Day,Line4,M404,P104,1100,1007,6.95,35
2025-05-05,Night,Line4,M404,P103,1128,1100,7.37,40
2025-05-06,Day,Line1,M101,P103,899,936,6.93,24
2025-05-06,Night,Line1,M101,P101,997,935,7.05,36
2025-05-06,Day,Line1,M102,P104,1016,968,6.66,25
2025-05-06,Night,Line1,M102,P104,909,850,7.72,21
2025-05-06,Day,Line1,M103,P104,1013,975,6.91,17
2025-05-06,Night,Line1,M103,P103,1053,980,7.81,18
2025-05-06,Day,Line1,M104,P104,1100,992,7.28,36
2025-05-06,Night,Line1,M104,P102,864,808,7.07,28
2025-05-06,Day,Line2,M201,P103,1109,1032,8.0,23
2025-05-06,Night,Line2,M201,P104,881,832,7.14,45
2025-05-06,Day,Line2,M202,P103,983,982,7.05,30
2025-05-06,Night,Line2,M202,P104,1050,957,7.75,38
2025-05-06,Day,Line2,M203,P104,1054,1067,6.66,26
2025-05-06,Night,Line2,M203,P101,987,916,7.77,41
2025-05-06,Day,Line2,M204,P102,1023,956,6.72,12
2025-05-06,Night,Line2,M204,P103,1079,1036,6.97,36
2025-05-06,Day,Line3,M301,P102,1143,1023,7.1,20
2025-05-06,Night,Line3,M301,P102,1170,1039,7.36,17
2025-05-06,Day,Line3,M302,P103,916,834,7.73,44
2025-05-06,Night,Line3,M302,P101,860,781,7.32,34
2025-05-06,Day,Line3,M303,P101,1020,925,7.36,32
2025-05-06,Night,Line3,M303,P101,1185,1048,7.93,13
2025-05-06,Day,Line3,M304,P102,1035,929,6.83,44
2025-05-06,Night,Line3,M304,P102,930,842,6.8,44
2025-05-06,Day,Line4,M401,P104,967,913,7.26,28
2025-05-06,Night,Line4,M401,P102,1041,1020,7.2,31
2025-05-06,Day,Line4,M402,P104,960,922,6.55,45
2025-05-06,Night,Line4,M402,P102,856,761,6.7,12
2025-05-06,Day,Line4,M403,P101,1119,1084,7.13,16
2025-05-06,Night,Line4,M403,P104,1098,1047,7.28,12
2025-05-06,Day,Line4,M404,P102,994,994,7.68,29
2025-05-06,Night,Line4,M404,P101,967,887,7.64,25
2025-05-07,Day,Line1,M101,P101,989,923,7.01,17
2025-05-07,Night,Line1,M101,P104,1185,1137,7.2,35
2025-05-07,Day,Line1,M102,P102,988,983,6.99,15
2025-05-07,Night,Line1,M102,P101,887,813,6.71,42
2025-05-07,Day,Line1,M103,P104,860,832,6.84,10
2025-05-07,Night,Line1,M103,P102,898,842,7.42,35
2025-05-07,Day,Line1,M104,P102,1160,1087,7.23,29
2025-05-07,Night,Line1,M104,P103,1067,999,7.55,42
2025-05-07,Day,Line2,M201,P101,1004,996,6.93,27
2025-05-07,Night,Line2,M201,P104,953,896,6.63,16
2025-05-07,Day,Line2,M202,P103,1185,1131,7.36,40
2025-05-07,Night,Line2,M202,P104,999,957,7.69,37
2025-05-07,Day,Line2,M203,P101,963,958,6.7,36
2025-05-07,Night,Line2,M203,P103,1097,999,6.94,28
2025-05-07,Day,Line2,M204,P102,1045,1013,6.83,11
2025-05-07,Night,Line2,M204,P104,1051,976,7.58,33
2025-05-07,Day,Line3,M301,P101,1081,985,7.31,24
2025-05-07,Night,Line3,M301,P101,1053,958,7.19,24
2025-05-07,Day,Line3,M302,P104,1039,936,7.4,40
2025-05-07,Night,Line3,M302,P101,1179,977,7.98,29
2025-05-07,Day,Line3,M303,P103,923,837,7.49,15
2025-05-07,Night,Line3,M303,P101,1137,1045,7.84,20
2025-05-07,Day,Line3,M304,P102,1100,1015,7.12,25
2025-05-07,Night,Line3,M304,P101,922,817,7.4,35
2025-05-07,Day,Line4,M401,P104,1117,1076,6.87,24
2025-05-07,Night,Line4,M401,P101,1102,1038,7.62,26
2025-05-07,Day,Line4,M402,P104,1009,915,7.66,31
2025-05-07,Night,Line4,M402,P102,868,820,7.33,30
2025-05-07,Day,Line4,M403,P104,852,785,7.22,27
2025-05-07,Night,Line4,M403,P102,1137,1108,7.43,41
2025-05-07,Day,Line4,M404,P104,1010,930,7.94,25
2025-05-07,Night,Line4,M404,P103,1086,1007,7.27,40
2025-05-08,Day,Line1,M101,P101,903,850,7.03,37
2025-05-08,Night,Line1,M101,P101,1042,1028,7.11,18
2025-05-08,Day,Line1,M102,P101,932,925,7.32,43
2025-05-08,Night,Line1,M102,P101,935,815,7.25,22
2025-05-08,Day,Line1,M103,P104,908,871,6.75,12
2025-05-08,Night,Line1,M103,P104,1103,999,6.69,20
2025-05-08,Day,Line1,M104,P104,921,888,7.49,45
2025-05-08,Night,Line1,M104,P104,1054,1011,7.1,10
2025-05-08,Day,Line2,M201,P103,910,880,7.65,37
2025-05-08,Night,Line2,M201,P103,1196,1150,7.05,27
2025-05-08,Day,Line2,M202,P103,1164,1108,6.91,33
2025-05-08,Night,Line2,M202,P102,922,874,6.93,28
2025-05-08,Day,Line2,M203,P102,1164,1141,6.55,33
2025-05-08,Night,Line2,M203,P103,1091,1011,6.61,39
2025-05-08,Day,Line2,M204,P102,1019,952,6.85,18
2025-05-08,Night,Line2,M204,P102,1118,1029,7.7,40
2025-05-08,Day,Line3,M301,P101,1012,917,7.14,36
2025-05-08,Night,Line3,M301,P102,926,824,7.11,40
2025-05-08,Day,Line3,M302,P101,852,783,7.55,29
2025-05-08,Night,Line3,M302,P102,952,826,7.58,16
2025-05-08,Day,Line3,M303,P104,1019,949,7.92,16
2025-05-08,Night,Line3,M303,P101,1169,1104,7.16,39
2025-05-08,Day,Line3,M304,P102,884,788,7.9,32
2025-05-08,Night,Line3,M304,P102,1026,988,6.61,10
2025-05-08,Day,Line4,M401,P102,990,1009,7.69,28
2025-05-08,Night,Line4,M401,P104,1149,1080,7.37,29
2025-05-08,Day,Line4,M402,P103,1169,1117,6.54,35
2025-05-08,Night,Line4,M402,P103,1137,1046,6.99,44
2025-05-08,Day,Line4,M403,P102,889,876,7.77,19
2025-05-08,Night,Line4,M403,P101,960,904,6.69,27
2025-05-08,Day,Line4,M404,P102,984,950,7.3,16
2025-05-08,Night,Line4,M404,P102,1117,1022,6.9,34
2025-05-09,Day,Line1,M101,P103,1144,1129,7.08,27
2025-05-09,Night,Line1,M101,P104,957,893,7.61,20
2025-05-09,Day,Line1,M102,P101,968,898,7.89,23
2025-05-09,Night,Line1,M102,P101,1164,1091,7.18,19
2025-05-09,Day,Line1,M103,P102,934,874,6.53,40
2025-05-09,Night,Line1,M103,P101,1015,995,6.65,14
2025-05-09,Day,Line1,M104,P101,920,937,7.0,42
2025-05-09,Night,Line1,M104,P104,1067,1001,7.54,40
2025-05-09,Day,Line2,M201,P103,1004,996,7.24,42
2025-05-09,Night,Line2,M201,P101,973,945,7.87,45
2025-05-09,Day,Line2,M202,P104,1043,908,6.8,34
2025-05-09,Night,Line2,M202,P104,1031,949,6.96,29
2025-05-09,Day,Line2,M203,P103,1121,1080,6.87,15
2025-05-09,Night,Line2,M203,P102,935,867,6.96,27
2025-05-09,Day,Line2,M204,P102,1073,1007,6.86,45
2025-05-09,Night,Line2,M204,P104,1100,1071,6.75,26
2025-05-09,Day,Line3,M301,P101,1135,1017,7.18,37
2025-05-09,Night,Line3,M301,P103,941,847,7.26,11
2025-05-09,Day,Line3,M302,P103,1088,1023,7.72,32
2025-05-09,Night,Line3,M302,P104,959,894,6.57,45
2025-05-09,Day,Line3,M303,P102,1045,918,6.72,33
2025-05-09,Night,Line3,M303,P102,855,736,6.93,22
2025-05-09,Day,Line3,M304,P104,1034,947,7.5,43
2025-05-09,Night,Line3,M304,P102,852,708,7.07,29
2025-05-09,Day,Line4,M401,P103,898,837,6.94,33
2025-05-09,Night,Line4,M401,P103,1107,1081,7.31,10
2025-05-09,Day,Line4,M402,P103,867,848,7.58,27
2025-05-09,Night,Line4,M402,P104,1053,986,6.63,12
2025-05-09,Day,Line4,M403,P103,990,964,7.42,13
2025-05-09,Night,Line4,M403,P101,1091,1048,7.73,39
2025-05-09,Day,Line4,M404,P104,938,861,7.27,40
2025-05-09,Night,Line4,M404,P101,869,804,7.32,33
2025-05-10,Day,Line1,M101,P101,1163,1199,7.92,19
2025-05-10,Night,Line1,M101,P102,917,900,7.85,15
2025-05-10,Day,Line1,M102,P104,911,881,7.92,13
2025-05-10,Night,Line1,M102,P104,1176,1116,6.65,13
2025-05-10,Day,Line1,M103,P103,899,862,7.77,44
2025-05-10,Night,Line1,M103,P103,949,842,7.26,11
2025-05-10,Day,Line1,M104,P103,1194,1124,6.88,30
2025-05-10,Night,Line1,M104,P102,1150,1095,7.6,33
2025-05-10,Day,Line2,M201,P101,1190,1126,6.9,35
2025-05-10,Night,Line2,M201,P104,1191,1083,7.02,13
2025-05-10,Day,Line2,M202,P101,948,884,7.33,42
2025-05-10,Night,Line2,M202,P102,986,968,6.65,15
2025-05-10,Day,Line2,M203,P102,1077,1017,7.47,12
2025-05-10,Night,Line2,M203,P103,1161,1132,7.59,22
2025-05-10,Day,Line2,M204,P104,938,909,7.42,10
2025-05-10,Night,Line2,M204,P103,990,923,7.14,45
2025-05-10,Day,Line3,M301,P103,910,807,7.01,31
2025-05-10,Night,Line3,M301,P104,1140,1037,7.71,15
2025-05-10,Day,Line3,M302,P104,895,842,7.16,17
2025-05-10,Night,Line3,M302,P101,943,860,7.57,15
2025-05-10,Day,Line3,M303,P102,1012,881,7.45,11
2025-05-10,Night,Line3,M303,P102,855,747,7.96,23
2025-05-10,Day,Line3,M304,P103,1085,974,7.51,15
2025-05-10,Night,Line3,M304,P102,1007,838,7.31,22
2025-05-10,Day,Line4,M401,P102,1008,981,6.59,13
2025-05-10,Night,Line4,M401,P104,996,954,8.0,21
2025-05-10,Day,Line4,M402,P103,921,899,7.48,30
2025-05-10,Night,Line4,M402,P104,965,918,7.78,22
2025-05-10,Day,Line4,M403,P103,952,904,7.81,21
2025-05-10,Night,Line4,M403,P103,982,899,6.8,38
2025-05-10,Day,Line4,M404,P103,897,852,7.78,41
2025-05-10,Night,Line4,M404,P103,1146,1088,7.53,33
2025-05-11,Day,Line1,M101,P103,1178,1176,7.13,43
2025-05-11,Night,Line1,M101,P104,1173,1105,6.79,20
2025-05-11,Day,Line1,M102,P101,1149,1104,7.3,34
2025-05-11,Night,Line1,M102,P102,1125,995,7.71,23
2025-05-11,Day,Line1,M103,P104,1027,997,7.67,28
2025-05-11,Night,Line1,M103,P102,1025,1005,6.79,42
2025-05-11,Day,Line1,M104,P103,896,857,7.54,42
2025-05-11,Night,Line1,M104,P102,982,917,7.11,23
2025-05-11,Day,Line2,M201,P104,983,932,6.52,12
2025-05-11,Night,Line2,M201,P101,1114,1070,6.95,21
2025-05-11,Day,Line2,M202,P104,921,832,7.3,39
2025-05-11,Night,Line2,M202,P103,1040,1014,7.81,34
2025-05-11,Day,Line2,M203,P101,1015,967,7.19,16
2025-05-11,Night,Line2,M203,P103,854,813,7.32,20
2025-05-11,Day,Line2,M204,P104,1093,1074,7.07,31
2025-05-11,Night,Line2,M204,P103,1181,1077,6.51,16
2025-05-11,Day,Line3,M301,P102,1033,939,7.23,29
2025-05-11,Night,Line3,M301,P102,1089,961,6.53,44
2025-05-11,Day,Line3,M302,P102,861,754,7.34,38
2025-05-11,Night,Line3,M302,P104,1153,1061,6.95,37
2025-05-11,Day,Line3,M303,P104,1092,983,6.85,25
2025-05-11,Night,Line3,M303,P103,1041,889,7.3,31
2025-05-11,Day,Line3,M304,P104,1197,1090,6.74,35
2025-05-11,Night,Line3,M304,P103,870,737,7.51,24
2025-05-11,Day,Line4,M401,P101,1065,1007,7.2,37
2025-05-11,Night,Line4,M401,P103,1145,1086,6.61,35
2025-05-11,Day,Line4,M402,P101,933,853,7.29,42
2025-05-11,Night,Line4,M402,P102,1003,961,7.28,43
2025-05-11,Day,Line4,M403,P102,1140,1097,7.37,18
2025-05-11,Night,Line4,M403,P102,1189,1145,7.1,31
2025-05-11,Day,Line4,M404,P101,896,881,7.15,29
2025-05-11,Night,Line4,M404,P102,1027,950,7.74,39
2025-05-12,Day,Line1,M101,P104,934,883,7.55,39
2025-05-12,Night,Line1,M101,P101,1187,1132,6.94,19
2025-05-12,Day,Line1,M102,P102,938,870,7.59,29
2025-05-12,Night,Line1,M102,P103,891,809,6.84,21
2025-05-12,Day,Line1,M103,P102,954,898,7.21,37
2025-05-12,Night,Line1,M103,P101,975,877,6.57,19
2025-05-12,Day,Line1,M104,P103,852,787,7.17,40
2025-05-12,Night,Line1,M104,P102,1026,928,7.44,16
2025-05-12,Day,Line2,M201,P104,1131,1074,7.79,35
2025-05-12,Night,Line2,M201,P102,1091,1013,6.88,34
2025-05-12,Day,Line2,M202,P104,974,962,7.49,16
2025-05-12,Night,Line2,M202,P104,915,851,7.01,30
2025-05-12,Day,Line2,M203,P102,1054,1008,7.72,30
2025-05-12,Night,Line2,M203,P103,1195,1185,7.93,37
2025-05-12,Day,Line2,M204,P104,1123,1002,7.2,14
2025-05-12,Night,Line2,M204,P103,1100,1040,7.53,11
2025-05-12,Day,Line3,M301,P102,1161,1048,7.88,21
2025-05-12,Night,Line3,M301,P102,1038,933,7.72,33
2025-05-12,Day,Line3,M302,P103,1106,987,6.67,10
2025-05-12,Night,Line3,M302,P104,889,782,6.94,24
2025-05-12,Day,Line3,M303,P102,1105,1046,7.85,22
2025-05-12,Night,Line3,M303,P101,958,865,7.44,29
2025-05-12,Day,Line3,M304,P104,897,809,7.25,31
2025-05-12,Night,Line3,M304,P104,1184,1026,6.57,21
2025-05-12,Day,Line4,M401,P104,927,860,7.47,28
2025-05-12,Night,Line4,M401,P103,1048,969,7.2,40
2025-05-12,Day,Line4,M402,P101,983,861,7.93,36
2025-05-12,Night,Line4,M402,P102,933,871,6.82,35
2025-05-12,Day,Line4,M403,P101,1088,1100,7.34,15
2025-05-12,Night,Line4,M403,P103,901,850,7.89,35
2025-05-12,Day,Line4,M404,P101,932,876,6.63,30
2025-05-12,Night,Line4,M404,P102,1144,998,7.41,42
2025-05-13,Day,Line1,M101,P104,1082,1012,7.32,10
2025-05-13,Night,Line1,M101,P104,1184,1095,7.3,35
2025-05-13,Day,Line1,M102,P104,877,847,7.44,29
2025-05-13,Night,Line1,M102,P104,982,909,6.78,17
2025-05-13,Day,Line1,M103,P104,1107,1121,7.29,33
2025-05-13,Night,Line1,M103,P104,1021,952,7.09,44
2025-05-13,Day,Line1,M104,P103,907,897,7.91,21
2025-05-13,Night,Line1,M104,P104,1122,1001,7.51,34
2025-05-13,Day,Line2,M201,P101,926,886,7.84,10
2025-05-13,Night,Line2,M201,P103,1152,1055,6.64,26
2025-05-13,Day,Line2,M202,P102,1113,1102,7.13,39
2025-05-13,Night,Line2,M202,P104,874,810,7.16,39
2025-05-13,Day,Line2,M203,P103,870,868,6.55,17
2025-05-13,Night,Line2,M203,P104,1085,1039,7.39,33
2025-05-13,Day,Line2,M204,P101,1156,1091,7.02,33
2025-05-13,Night,Line2,M204,P103,1067,968,7.2,31
2025-05-13,Day,Line3,M301,P103,862,765,6.72,44
2025-05-13,Night,Line3,M301,P103,941,828,6.55,28
2025-05-13,Day,Line3,M302,P103,1063,986,6.67,11
2025-05-13,Night,Line3,M302,P104,1016,903,7.92,29
2025-05-13,Day,Line3,M303,P101,1155,1078,7.47,17
2025-05-13,Night,Line3,M303,P103,868,807,7.74,44
2025-05-13,Day,Line3,M304,P104,977,889,7.55,21
2025-05-13,Night,Line3,M304,P101,1123,966,7.38,16
2025-05-13,Day,Line4,M401,P102,924,896,7.07,41
2025-05-13,Night,Line4,M401,P104,990,987,7.01,32
2025-05-13,Day,Line4,M402,P104,1166,1149,7.24,25
2025-05-13,Night,Line4,M402,P104,870,824,7.74,14
2025-05-13,Day,Line4,M403,P103,1040,971,6.59,12
2025-05-13,Night,Line4,M403,P102,1161,1083,6.58,16
2025-05-13,Day,Line4,M404,P104,1112,1016,7.58,15
2025-05-13,Night,Line4,M404,P103,1176,1065,7.61,29
2025-05-14,Day,Line1,M101,P104,1055,1024,6.72,11
2025-05-14,Night,Line1,M101,P102,981,871,6.7,15
2025-05-14,Day,Line1,M102,P104,909,862,7.03,22
2025-05-14,Night,Line1,M102,P103,1005,907,7.69,42
2025-05-14,Day,Line1,M103,P102,875,811,7.61,33
2025-05-14,Night,Line1,M103,P104,960,903,7.1,37
2025-05-14,Day,Line1,M104,P103,945,886,7.25,27
2025-05-14,Night,Line1,M104,P101,1159,1040,7.01,35
2025-05-14,Day,Line2,M201,P102,1197,1128,6.53,28
2025-05-14,Night,Line2,M201,P103,852,764,7.66,36
2025-05-14,Day,Line2,M202,P102,859,855,7.72,36
2025-05-14,Night,Line2,M202,P102,990,950,7.24,27
2025-05-14,Day,Line2,M203,P104,1156,1132,7.55,30
2025-05-14,Night,Line2,M203,P101,963,881,6.87,24
2025-05-14,Day,Line2,M204,P101,1016,987,7.58,24
2025-05-14,Night,Line2,M204,P101,1163,1099,6.79,28
2025-05-14,Day,Line3,M301,P104,1151,1021,7.08,36
2025-05-14,Night,Line3,M301,P103,1127,999,7.61,34
2025-05-14,Day,Line3,M302,P104,1135,979,7.39,10
2025-05-14,Night,Line3,M302,P103,1024,879,7.81,30
2025-05-14,Day,Line3,M303,P103,1077,975,6.74,19
2025-05-14,Night,Line3,M303,P104,1105,966,7.54,23
2025-05-14,Day,Line3,M304,P102,1194,1097,6.93,34
2025-05-14,Night,Line3,M304,P103,1056,916,6.8,12
2025-05-14,Day,Line4,M401,P101,1173,1112,7.23,41
2025-05-14,Night,Line4,M401,P103,892,837,7.25,23
2025-05-14,Day,Line4,M402,P103,1005,940,7.06,28
2025-05-14,Night,Line4,M402,P103,1081,1003,7.51,39
2025-05-14,Day,Line4,M403,P101,929,896,7.38,20
2025-05-14,Night,Line4,M403,P103,1139,1121,6.8,37
2025-05-14,Day,Line4,M404,P104,861,805,6.87,28
2025-05-14,Night,Line4,M404,P104,970,897,6.84,34
2025-05-15,Day,Line1,M101,P102,1043,1086,7.92,17
2025-05-15,Night,Line1,M101,P101,1052,1015,6.79,23
2025-05-15,Day,Line1,M102,P102,906,899,7.34,28
2025-05-15,Night,Line1,M102,P102,931,888,6.88,35
2025-05-15,Day,Line1,M103,P104,1030,1021,6.57,23
2025-05-15,Night,Line1,M103,P104,1156,1057,6.83,27
2025-05-15,Day,Line1,M104,P103,1035,1023,7.18,16
2025-05-15,Night,Line1,M104,P103,1107,1063,7.55,44
2025-05-15,Day,Line2,M201,P104,965,894,7.1,35
2025-05-15,Night,Line2,M201,P104,1087,1009,7.37,28
2025-05-15,Day,Line2,M202,P104,930,835,7.26,21
2025-05-15,Night,Line2,M202,P104,997,939,6.54,10
2025-05-15,Day,Line2,M203,P103,1087,1074,7.33,21
2025-05-15,Night,Line2,M203,P101,1046,965,7.18,36
2025-05-15,Day,Line2,M204,P104,1060,985,7.07,22
2025-05-15,Night,Line2,M204,P101,1166,1058,7.75,24
2025-05-15,Day,Line3,M301,P102,1162,1055,7.09,42
2025-05-15,Night,Line3,M301,P101,1156,1045,7.77,36
2025-05-15,Day,Line3,M302,P101,1016,970,6.85,25
2025-05-15,Night,Line3,M302,P102,1141,942,7.62,40
2025-05-15,Day,Line3,M303,P101,1039,988,7.67,11
2025-05-15,Night,Line3,M303,P104,1132,1012,6.82,42
2025-05-15,Day,Line3,M304,P102,932,873,7.02,39
2025-05-15,Night,Line3,M304,P103,972,883,6.76,21
2025-05-15,Day,Line4,M401,P104,952,913,7.03,30
2025-05-15,Night,Line4,M401,P102,1000,938,7.33,14
2025-05-15,Day,Line4,M402,P101,955,926,6.89,39
2025-05-15,Night,Line4,M402,P104,975,908,6.84,38
2025-05-15,Day,Line4,M403,P102,940,896,6.82,39
2025-05-15,Night,Line4,M403,P101,1159,964,6.91,31
2025-05-15,Day,Line4,M404,P102,975,951,7.66,39
2025-05-15,Night,Line4,M404,P101,853,781,7.19,12
2025-05-16,Day,Line1,M101,P104,1116,1104,6.71,40
2025-05-16,Night,Line1,M101,P104,886,856,7.95,36
2025-05-16,Day,Line1,M102,P103,1125,1063,6.78,17
2025-05-16,Night,Line1,M102,P101,1074,1027,6.69,40
2025-05-16,Day,Line1,M103,P101,999,971,7.2,35
2025-05-16,Night,Line1,M103,P101,1036,955,7.67,35
2025-05-16,Day,Line1,M104,P104,1069,1046,7.53,17
2025-05-16,Night,Line1,M104,P101,924,908,6.53,26
2025-05-16,Day,Line2,M201,P101,936,927,6.51,33
2025-05-16,Night,Line2,M201,P104,1186,1064,6.55,31
2025-05-16,Day,Line2,M202,P102,974,948,6.9,40
2025-05-16,Night,Line2,M202,P102,985,951,7.53,16
2025-05-16,Day,Line2,M203,P103,1178,1107,6.55,14
2025-05-16,Night,Line2,M203,P104,1101,1067,7.9,25
2025-05-16,Day,Line2,M204,P103,1025,960,7.24,28
2025-05-16,Night,Line2,M204,P104,1019,948,7.65,38
2025-05-16,Day,Line3,M301,P103,1140,1012,6.86,27
2025-05-16,Night,Line3,M301,P101,921,795,7.99,19
2025-05-16,Day,Line3,M302,P103,863,793,7.89,24
2025-05-16,Night,Line3,M302,P103,1138,967,6.72,33
2025-05-16,Day,Line3,M303,P103,1007,908,7.45,20
2025-05-16,Night,Line3,M303,P103,1093,983,7.64,38
2025-05-16,Day,Line3,M304,P103,929,825,6.76,18
2025-05-16,Night,Line3,M304,P102,1161,1074,7.13,28
2025-05-16,Day,Line4,M401,P104,981,936,7.31,24
2025-05-16,Night,Line4,M401,P101,958,941,7.99,29
2025-05-16,Day,Line4,M402,P102,1149,1159,7.05,10
2025-05-16,Night,Line4,M402,P103,1036,929,7.09,42
2025-05-16,Day,Line4,M403,P104,1094,1062,7.31,20
2025-05-16,Night,Line4,M403,P103,1179,1114,7.65,19
2025-05-16,Day,Line4,M404,P103,1117,1058,6.88,33
2025-05-16,Night,Line4,M404,P104,1098,1032,7.28,20
2025-05-17,Day,Line1,M101,P104,939,977,7.89,40
2025-05-17,Night,Line1,M101,P104,857,818,7.47,14
2025-05-17,Day,Line1,M102,P103,965,946,7.68,29
2025-05-17,Night,Line1,M102,P102,964,902,6.8,19
2025-05-17,Day,Line1,M103,P103,1161,1127,7.34,17
2025-05-17,Night,Line1,M103,P102,1032,945,7.68,41
2025-05-17,Day,Line1,M104,P104,1141,1120,7.98,10
2025-05-17,Night,Line1,M104,P102,953,935,7.3,33
2025-05-17,Day,Line2,M201,P101,1054,1037,7.94,16
2025-05-17,Night,Line2,M201,P103,1109,1018,7.55,14
2025-05-17,Day,Line2,M202,P103,1133,1055,7.05,44
2025-05-17,Night,Line2,M202,P101,878,886,7.03,38
2025-05-17,Day,Line2,M203,P102,975,974,7.52,26
2025-05-17,Night,Line2,M203,P102,1183,1137,6.8,25
2025-05-17,Day,Line2,M204,P102,1083,1087,7.21,21
2025-05-17,Night,Line2,M204,P101,1161,1090,7.3,27
2025-05-17,Day,Line3,M301,P103,896,834,7.11,22
2025-05-17,Night,Line3,M301,P101,917,848,7.84,43
2025-05-17,Day,Line3,M302,P103,881,794,7.59,23
2025-05-17,Night,Line3,M302,P102,974,879,7.72,40
2025-05-17,Day,Line3,M303,P104,900,847,6.67,44
2025-05-17,Night,Line3,M303,P101,1013,870,7.11,14
2025-05-17,Day,Line3,M304,P102,1094,982,7.39,17
2025-05-17,Night,Line3,M304,P104,892,821,7.26,40
2025-05-17,Day,Line4,M401,P102,901,870,6.58,44
2025-05-17,Night,Line4,M401,P102,1156,1088,7.36,41
2025-05-17,Day,Line4,M402,P103,1141,1093,6.62,10
2025-05-17,Night,Line4,M402,P104,907,883,7.34,38
2025-05-17,Day,Line4,M403,P102,1151,1073,7.77,39
2025-05-17,Night,Line4,M403,P101,978,906,7.28,36
2025-05-17,Day,Line4,M404,P103,1102,1013,7.87,21
2025-05-17,Night,Line4,M404,P103,1109,1031,6.76,40
2025-05-18,Day,Line1,M101,P103,1180,1137,6.9,29
2025-05-18,Night,Line1,M101,P103,1122,992,6.81,25
2025-05-18,Day,Line1,M102,P103,990,926,6.59,45
2025-05-18,Night,Line1,M102,P103,1170,1106,7.06,38
2025-05-18,Day,Line1,M103,P101,943,917,7.13,41
2025-05-18,Night,Line1,M103,P101,1013,1004,7.35,42
2025-05-18,Day,Line1,M104,P104,1103,1077,6.58,20
2025-05-18,Night,Line1,M104,P102,883,825,7.51,37
2025-05-18,Day,Line2,M201,P103,898,865,6.78,38
2025-05-18,Night,Line2,M201,P103,1176,1110,6.94,44
2025-05-18,Day,Line2,M202,P102,949,898,7.72,16
2025-05-18,Night,Line2,M202,P102,959,908,7.58,29
2025-05-18,Day,Line2,M203,P103,1013,957,7.58,43
2025-05-18,Night,Line2,M203,P104,902,855,7.52,29
2025-05-18,Day,Line2,M204,P102,1142,1094,6.72,19
2025-05-18,Night,Line2,M204,P103,930,868,7.34,22
2025-05-18,Day,Line3,M301,P104,937,847,7.77,20
2025-05-18,Night,Line3,M301,P102,1016,926,6.5,43
2025-05-18,Day,Line3,M302,P104,1184,1100,6.65,36
2025-05-18,Night,Line3,M302,P103,967,852,7.41,26
2025-05-18,Day,Line3,M303,P104,1005,935,6.68,33
2025-05-18,Night,Line3,M303,P102,1006,892,6.82,31
2025-05-18,Day,Line3,M304,P103,1011,918,6.92,38
2025-05-18,Night,Line3,M304,P103,1067,935,7.8,35
2025-05-18,Day,Line4,M401,P104,852,858,7.3,35
2025-05-18,Night,Line4,M401,P101,1059,1042,6.64,32
2025-05-18,Day,Line4,M402,P102,1083,1018,7.21,27
2025-05-18,Night,Line4,M402,P101,953,886,7.52,23
2025-05-18,Day,Line4,M403,P103,1000,970,7.91,33
2025-05-18,Night,Line4,M403,P101,1014,969,6.58,37
2025-05-18,Day,Line4,M404,P104,1016,944,7.0,45
2025-05-18,Night,Line4,M404,P102,960,877,6.9,42
2025-05-19,Day,Line1,M101,P104,990,865,7.27,16
2025-05-19,Night,Line1,M101,P101,974,931,7.51,20
2025-05-19,Day,Line1,M102,P103,1095,1004,6.75,40
2025-05-19,Night,Line1,M102,P101,1187,1092,7.02,34
2025-05-19,Day,Line1,M103,P104,977,963,7.5,27
2025-05-19,Night,Line1,M103,P104,880,848,6.85,16
2025-05-19,Day,Line1,M104,P101,1177,1183,7.23,31
2025-05-19,Night,Line1,M104,P103,1125,1121,7.32,33
2025-05-19,Day,Line2,M201,P104,995,1039,7.57,17
2025-05-19,Night,Line2,M201,P104,918,853,6.66,14
2025-05-19,Day,Line2,M202,P103,1061,1000,6.6,19
2025-05-19,Night,Line2,M202,P102,1151,1095,7.96,29
2025-05-19,Day,Line2,M203,P102,1137,1046,7.23,15
2025-05-19,Night,Line2,M203,P104,975,909,7.75,30
2025-05-19,Day,Line2,M204,P103,1135,1094,7.03,43
2025-05-19,Night,Line2,M204,P103,861,821,7.4,18
2025-05-19,Day,Line3,M301,P101,1010,936,7.81,33
2025-05-19,Night,Line3,M301,P104,959,845,7.34,21
2025-05-19,Day,Line3,M302,P103,1089,951,6.55,24
2025-05-19,Night,Line3,M302,P104,1035,889,7.72,31
2025-05-19,Day,Line3,M303,P102,1196,1018,7.21,26
2025-05-19,Night,Line3,M303,P103,1159,1012,7.73,11
2025-05-19,Day,Line3,M304,P102,911,792,7.06,36
2025-05-19,Night,Line3,M304,P104,1052,920,7.0,41
2025-05-19,Day,Line4,M401,P101,1120,1088,7.21,13
2025-05-19,Night,Line4,M401,P103,858,776,7.8,37
2025-05-19,Day,Line4,M402,P101,1108,1066,7.64,30
2025-05-19,Night,Line4,M402,P104,994,926,7.64,31
2025-05-19,Day,Line4,M403,P101,888,861,7.89,15
2025-05-19,Night,Line4,M403,P101,1122,1073,7.0,20
2025-05-19,Day,Line4,M404,P101,1143,1085,6.51,39
2025-05-19,Night,Line4,M404,P102,887,833,6.86,37
2025-05-20,Day,Line1,M101,P103,1088,1035,6.77,38
2025-05-20,Night,Line1,M101,P102,1183,1095,6.54,31
2025-05-20,Day,Line1,M102,P101,943,885,7.87,31
2025-05-20,Night,Line1,M102,P104,1120,1068,7.84,37
2025-05-20,Day,Line1,M103,P101,1055,1054,6.51,28
2025-05-20,Night,Line1,M103,P101,1169,1139,7.98,34
2025-05-20,Day,Line1,M104,P101,854,787,7.84,24
2025-05-20,Night,Line1,M104,P103,1068,1045,6.94,19
2025-05-20,Day,Line2,M201,P103,964,899,7.88,30
2025-05-20,Night,Line2,M201,P104,1184,1118,6.71,22
2025-05-20,Day,Line2,M202,P103,1145,1109,7.65,19
2025-05-20,Night,Line2,M202,P102,925,828,7.43,23
2025-05-20,Day,Line2,M203,P103,942,899,7.86,16
2025-05-20,Night,Line2,M203,P101,1123,1101,7.11,12
2025-05-20,Day,Line2,M204,P102,1126,1006,7.17,32
2025-05-20,Night,Line2,M204,P101,1017,1029,7.66,30
2025-05-20,Day,Line3,M301,P102,1186,1009,6.89,23
2025-05-20,Night,Line3,M301,P102,1005,903,6.56,20
2025-05-20,Day,Line3,M302,P104,988,856,6.72,24
2025-05-20,Night,Line3,M302,P102,1031,931,7.48,11
2025-05-20,Day,Line3,M303,P102,1075,1014,7.26,17
2025-05-20,Night,Line3,M303,P104,863,788,7.84,38
2025-05-20,Day,Line3,M304,P102,1044,905,7.97,13
2025-05-20,Night,Line3,M304,P104,1074,987,6.91,35
2025-05-20,Day,Line4,M401,P102,955,909,6.59,34
2025-05-20,Night,Line4,M401,P101,897,805,7.97,21
2025-05-20,Day,Line4,M402,P101,933,933,7.48,23
2025-05-20,Night,Line4,M402,P101,1100,1103,7.25,32
2025-05-20,Day,Line4,M403,P103,1062,1022,7.57,22
2025-05-20,Night,Line4,M403,P102,896,832,7.13,42
2025-05-20,Day,Line4,M404,P103,1094,1024,6.83,26
2025-05-20,Night,Line4,M404,P101,1083,1041,6.74,11
2025-05-21,Day,Line1,M101,P101,1044,1034,7.74,36
2025-05-21,Night,Line1,M101,P104,901,836,7.07,32
2025-05-21,Day,Line1,M102,P103,1008,1015,6.86,14
2025-05-21,Night,Line1,M102,P104,1183,1134,6.75,29
2025-05-21,Day,Line1,M103,P102,893,859,7.97,34
2025-05-21,Night,Line1,M103,P104,858,814,7.01,27
2025-05-21,Day,Line1,M104,P103,873,812,6.89,19
2025-05-21,Night,Line1,M104,P102,940,903,7.27,10
2025-05-21,Day,Line2,M201,P102,1115,1039,6.89,19
2025-05-21,Night,Line2,M201,P102,1090,1008,6.55,12
2025-05-21,Day,Line2,M202,P101,1155,1106,6.64,23
2025-05-21,Night,Line2,M202,P103,1040,1036,6.76,36
2025-05-21,Day,Line2,M203,P102,1064,1029,6.64,21
2025-05-21,Night,Line2,M203,P102,1115,1019,7.63,19
2025-05-21,Day,Line2,M204,P102,1036,1004,6.61,17
2025-05-21,Night,Line2,M204,P102,865,828,7.73,41
2025-05-21,Day,Line3,M301,P102,1006,951,7.4,35
2025-05-21,Night,Line3,M301,P103,985,875,7.52,30
2025-05-21,Day,Line3,M302,P101,863,767,6.56,31
2025-05-21,Night,Line3,M302,P101,1090,1042,6.52,12
2025-05-21,Day,Line3,M303,P102,1058,973,7.35,12
2025-05-21,Night,Line3,M303,P104,1156,999,7.33,43
2025-05-21,Day,Line3,M304,P102,930,845,7.89,16
2025-05-21,Night,Line3,M304,P101,1028,899,7.1,24
2025-05-21,Day,Line4,M401,P101,1064,1062,7.68,14
2025-05-21,Night,Line4,M401,P101,1093,1046,7.28,39
2025-05-21,Day,Line4,M402,P104,1124,1068,7.83,38
2025-05-21,Night,Line4,M402,P102,1158,1124,6.86,10
2025-05-21,Day,Line4,M403,P103,1093,1045,7.69,40
2025-05-21,Night,Line4,M403,P103,915,858,7.13,30
2025-05-21,Day,Line4,M404,P103,1164,1091,7.85,16
2025-05-21,Night,Line4,M404,P104,1102,1011,7.75,22
2025-05-22,Day,Line1,M101,P102,962,984,7.21,42
2025-05-22,Night,Line1,M101,P102,923,894,7.09,24
2025-05-22,Day,Line1,M102,P101,898,813,7.25,35
2025-05-22,Night,Line1,M102,P103,1164,1060,7.19,16
2025-05-22,Day,Line1,M103,P102,965,893,7.27,26
2025-05-22,Night,Line1,M103,P102,1187,1117,6.86,29
2025-05-22,Day,Line1,M104,P103,1086,1029,7.44,43
2025-05-22,Night,Line1,M104,P103,917,903,7.59,30
2025-05-22,Day,Line2,M201,P104,1041,989,7.08,19
2025-05-22,Night,Line2,M201,P101,1047,1046,7.06,13
2025-05-22,Day,Line2,M202,P102,943,902,7.77,10
2025-05-22,Night,Line2,M202,P102,1174,1182,7.81,12
2025-05-22,Day,Line2,M203,P102,932,889,7.45,35
2025-05-22,Night,Line2,M203,P103,855,798,6.95,40
2025-05-22,Day,Line2,M204,P104,1026,1014,6.8,22
2025-05-22,Night,Line2,M204,P104,1081,1041,6.85,23
2025-05-22,Day,Line3,M301,P104,1168,1017,6.96,26
2025-05-22,Night,Line3,M301,P104,910,812,6.98,27
2025-05-22,Day,Line3,M302,P103,1022,917,7.68,21
2025-05-22,Night,Line3,M302,P103,1024,896,6.75,41
2025-05-22,Day,Line3,M303,P104,1189,1084,7.96,16
2025-05-22,Night,Line3,M303,P103,1115,982,7.0,26
2025-05-22,Day,Line3,M304,P101,1037,949,7.86,37
2025-05-22,Night,Line3,M304,P101,1128,970,7.68,18
2025-05-22,Day,Line4,M401,P101,966,883,7.31,39
2025-05-22,Night,Line4,M401,P101,911,883,6.64,45
2025-05-22,Day,Line4,M402,P103,914,909,7.95,32
2025-05-22,Night,Line4,M402,P103,1081,1046,6.89,37
2025-05-22,Day,Line4,M403,P101,1108,1064,7.56,21
2025-05-22,Night,Line4,M403,P104,1111,1032,7.69,22
2025-05-22,Day,Line4,M404,P102,1198,1127,7.27,24
2025-05-22,Night,Line4,M404,P101,951,871,7.0,32
2025-05-23,Day,Line1,M101,P102,1138,1089,7.7,43
2025-05-23,Night,Line1,M101,P101,1122,1092,7.37,33
2025-05-23,Day,Line1,M102,P102,1121,1052,7.75,20
2025-05-23,Night,Line1,M102,P103,931,906,6.91,16
2025-05-23,Day,Line1,M103,P102,1175,1076,7.21,24
2025-05-23,Night,Line1,M103,P102,1126,1066,6.98,37
2025-05-23,Day,Line1,M104,P102,992,965,7.98,13
2025-05-23,Night,Line1,M104,P104,1001,925,6.53,34
2025-05-23,Day,Line2,M201,P104,1093,1014,6.56,39
2025-05-23,Night,Line2,M201,P103,919,887,7.1,29
2025-05-23,Day,Line2,M202,P101,888,853,7.81,26
2025-05-23,Night,Line2,M202,P103,956,974,6.63,14
2025-05-23,Day,Line2,M203,P101,1060,1054,7.5,18
2025-05-23,Night,Line2,M203,P102,1096,1068,7.91,20
2025-05-23,Day,Line2,M204,P102,1050,932,6.97,20
2025-05-23,Night,Line2,M204,P104,1050,965,7.18,22
2025-05-23,Day,Line3,M301,P102,1029,900,7.97,14
2025-05-23,Night,Line3,M301,P102,991,823,6.63,18
2025-05-23,Day,Line3,M302,P104,913,829,7.44,19
2025-05-23,Night,Line3,M302,P102,1077,984,7.75,19
2025-05-23,Day,Line3,M303,P103,1017,896,7.11,10
2025-05-23,Night,Line3,M303,P101,1116,928,7.06,29
2025-05-23,Day,Line3,M304,P101,1171,1034,7.43,40
2025-05-23,Night,Line3,M304,P102,1188,1051,6.72,38
2025-05-23,Day,Line4,M401,P103,913,870,6.97,44
2025-05-23,Night,Line4,M401,P104,928,872,7.52,14
2025-05-23,Day,Line4,M402,P103,989,961,7.81,12
2025-05-23,Night,Line4,M402,P104,980,920,7.04,17
2025-05-23,Day,Line4,M403,P104,1068,1053,7.86,20
2025-05-23,Night,Line4,M403,P104,999,910,6.85,24
2025-05-23,Day,Line4,M404,P101,895,851,7.96,33
2025-05-23,Night,Line4,M404,P102,1190,1139,6.92,41
2025-05-24,Day,Line1,M101,P104,1065,1031,7.22,13
2025-05-24,Night,Line1,M101,P101,993,988,6.84,27
2025-05-24,Day,Line1,M102,P103,1177,1097,7.33,42
2025-05-24,Night,Line1,M102,P103,1064,1019,6.88,26
2025-05-24,Day,Line1,M103,P103,892,839,7.12,10
2025-05-24,Night,Line1,M103,P101,1098,1007,6.85,25
2025-05-24,Day,Line1,M104,P104,963,955,7.57,37
2025-05-24,Night,Line1,M104,P103,903,848,7.37,41
2025-05-24,Day,Line2,M201,P104,1160,1122,6.75,43
2025-05-24,Night,Line2,M201,P104,871,804,7.68,16
2025-05-24,Day,Line2,M202,P101,1144,1080,7.03,16
2025-05-24,Night,Line2,M202,P101,972,869,7.79,33
2025-05-24,Day,Line2,M203,P104,1051,1014,6.71,12
2025-05-24,Night,Line2,M203,P103,1181,1073,7.56,38
2025-05-24,Day,Line2,M204,P104,1143,1092,7.23,43
2025-05-24,Night,Line2,M204,P101,1054,1018,7.89,37
2025-05-24,Day,Line3,M301,P101,960,822,7.37,21
2025-05-24,Night,Line3,M301,P101,1172,1148,7.53,31
2025-05-24,Day,Line3,M302,P101,999,886,7.68,36
2025-05-24,Night,Line3,M302,P101,1083,960,7.07,26
2025-05-24,Day,Line3,M303,P103,1199,1100,7.82,32
2025-05-24,Night,Line3,M303,P103,977,846,7.83,27
2025-05-24,Day,Line3,M304,P104,874,782,7.4,30
2025-05-24,Night,Line3,M304,P104,1175,1085,7.41,26
2025-05-24,Day,Line4,M401,P102,957,940,7.25,45
2025-05-24,Night,Line4,M401,P103,1055,983,7.2,32
2025-05-24,Day,Line4,M402,P102,1105,1060,6.77,15
2025-05-24,Night,Line4,M402,P103,1030,972,7.27,44
2025-05-24,Day,Line4,M403,P102,1012,988,7.68,29
2025-05-24,Night,Line4,M403,P101,896,859,7.56,35
2025-05-24,Day,Line4,M404,P103,1168,1142,7.84,41
2025-05-24,Night,Line4,M404,P102,1045,969,6.79,22
2025-05-25,Day,Line1,M101,P103,1098,1057,7.47,32
2025-05-25,Night,Line1,M101,P103,1074,1041,7.32,33
2025-05-25,Day,Line1,M102,P102,936,960,7.25,30
2025-05-25,Night,Line1,M102,P101,907,854,7.24,22
2025-05-25,Day,Line1,M103,P103,1109,1046,6.74,45
2025-05-25,Night,Line1,M103,P103,1136,1040,6.79,44
2025-05-25,Day,Line1,M104,P102,1053,1030,7.42,14
2025-05-25,Night,Line1,M104,P102,897,801,6.73,15
2025-05-25,Day,Line2,M201,P104,984,963,6.86,19
2025-05-25,Night,Line2,M201,P103,1122,1076,6.93,32
2025-05-25,Day,Line2,M202,P104,918,867,7.13,34
2025-05-25,Night,Line2,M202,P101,1000,947,7.34,15
2025-05-25,Day,Line2,M203,P103,965,920,7.4,38
2025-05-25,Night,Line2,M203,P101,975,877,6.99,45
2025-05-25,Day,Line2,M204,P102,1191,1162,6.99,27
2025-05-25,Night,Line2,M204,P101,1103,1051,7.76,24
2025-05-25,Day,Line3,M301,P102,975,874,7.86,24
2025-05-25,Night,Line3,M301,P104,1181,1128,7.04,23
2025-05-25,Day,Line3,M302,P102,856,779,7.18,28
2025-05-25,Night,Line3,M302,P102,860,717,7.02,40
2025-05-25,Day,Line3,M303,P104,1062,1000,7.78,45
2025-05-25,Night,Line3,M303,P102,1061,969,7.96,21
2025-05-25,Day,Line3,M304,P104,1171,1097,7.09,34
2025-05-25,Night,Line3,M304,P103,1036,891,7.52,26
2025-05-25,Day,Line4,M401,P104,1039,1004,7.59,33
2025-05-25,Night,Line4,M401,P102,1013,951,7.93,44
2025-05-25,Day,Line4,M402,P103,889,848,6.88,18
2025-05-25,Night,Line4,M402,P103,976,956,7.06,44
2025-05-25,Day,Line4,M403,P102,899,863,7.26,42
2025-05-25,Night,Line4,M403,P104,1124,1043,7.29,30
2025-05-25,Day,Line4,M404,P101,1159,1098,7.14,24
2025-05-25,Night,Line4,M404,P103,1180,1071,7.04,45
2025-05-26,Day,Line1,M101,P102,1088,1048,7.36,27
2025-05-26,Night,Line1,M101,P101,1085,1066,7.78,38
2025-05-26,Day,Line1,M102,P104,1152,1094,7.57,37
2025-05-26,Night,Line1,M102,P101,937,888,7.15,11
2025-05-26,Day,Line1,M103,P104,1136,1084,7.23,13
2025-05-26,Night,Line1,M103,P103,1094,1025,7.03,19
2025-05-26,Day,Line1,M104,P101,1199,1181,7.65,32
2025-05-26,Night,Line1,M104,P101,991,899,6.87,26
2025-05-26,Day,Line2,M201,P101,1156,1058,6.87,41
2025-05-26,Night,Line2,M201,P104,918,892,6.51,35
2025-05-26,Day,Line2,M202,P102,1188,1121,7.42,38
2025-05-26,Night,Line2,M202,P103,1125,1044,6.75,29
2025-05-26,Day,Line2,M203,P103,969,1001,6.95,42
2025-05-26,Night,Line2,M203,P104,923,889,6.55,44
2025-05-26,Day,Line2,M204,P103,853,796,7.69,13
2025-05-26,Night,Line2,M204,P103,1150,1120,7.15,17
2025-05-26,Day,Line3,M301,P101,1164,1087,7.57,14
2025-05-26,Night,Line3,M301,P104,932,747,6.91,22
2025-05-26,Day,Line3,M302,P102,1157,1058,6.99,21
2025-05-26,Night,Line3,M302,P102,865,743,7.16,41
2025-05-26,Day,Line3,M303,P101,1019,924,7.43,15
2025-05-26,Night,Line3,M303,P101,1056,1009,7.32,34
2025-05-26,Day,Line3,M304,P104,1045,978,7.3,40
2025-05-26,Night,Line3,M304,P102,1025,943,7.52,21
2025-05-26,Day,Line4,M401,P101,1009,962,7.12,32
2025-05-26,Night,Line4,M401,P102,1070,1038,7.65,26
2025-05-26,Day,Line4,M402,P104,896,840,7.84,21
2025-05-26,Night,Line4,M402,P103,1055,996,6.55,22
2025-05-26,Day,Line4,M403,P102,1029,1013,7.93,15
2025-05-26,Night,Line4,M403,P103,1081,1042,6.58,16
2025-05-26,Day,Line4,M404,P103,860,788,7.0,13
2025-05-26,Night,Line4,M404,P101,1199,1195,6.64,33
2025-05-27,Day,Line1,M101,P101,936,873,6.66,10
2025-05-27,Night,Line1,M101,P101,852,869,7.42,30
2025-05-27,Day,Line1,M102,P104,1006,991,7.86,11
2025-05-27,Night,Line1,M102,P103,885,852,7.11,21
2025-05-27,Day,Line1,M103,P102,1175,1098,7.15,41
2025-05-27,Night,Line1,M103,P102,1124,1039,7.1,23
2025-05-27,Day,Line1,M104,P103,899,911,7.62,19
2025-05-27,Night,Line1,M104,P103,1143,1130,7.26,21
2025-05-27,Day,Line2,M201,P104,940,897,6.57,42
2025-05-27,Night,Line2,M201,P102,1077,1004,7.56,11
2025-05-27,Day,Line2,M202,P101,1125,1072,7.89,17
2025-05-27,Night,Line2,M202,P103,999,973,7.39,16
2025-05-27,Day,Line2,M203,P103,1199,1188,6.95,21
2025-05-27,Night,Line2,M203,P102,901,857,7.03,41
2025-05-27,Day,Line2,M204,P102,1158,1116,7.11,19
2025-05-27,Night,Line2,M204,P103,1082,1011,7.99,45
2025-05-27,Day,Line3,M301,P104,1079,1065,7.29,17
2025-05-27,Night,Line3,M301,P101,1023,869,6.98,25
2025-05-27,Day,Line3,M302,P103,922,828,7.67,25
2025-05-27,Night,Line3,M302,P104,946,850,7.44,35
2025-05-27,Day,Line3,M303,P101,1033,893,7.79,13
2025-05-27,Night,Line3,M303,P104,1187,1036,7.55,16
2025-05-27,Day,Line3,M304,P101,1189,1160,6.64,30
2025-05-27,Night,Line3,M304,P104,1129,1037,7.21,22
2025-05-27,Day,Line4,M401,P103,1014,956,7.49,18
2025-05-27,Night,Line4,M401,P104,951,877,7.87,28
2025-05-27,Day,Line4,M402,P104,1056,971,7.47,37
2025-05-27,Night,Line4,M402,P104,892,826,7.81,41
2025-05-27,Day,Line4,M403,P101,1101,1075,7.3,16
2025-05-27,Night,Line4,M403,P103,1137,1081,7.63,40
2025-05-27,Day,Line4,M404,P104,1006,954,7.08,41
2025-05-27,Night,Line4,M404,P103,1200,1095,7.27,13
2025-05-28,Day,Line1,M101,P101,946,902,7.04,15
2025-05-28,Night,Line1,M101,P103,1150,1073,6.94,44
2025-05-28,Day,Line1,M102,P102,1178,1159,7.94,30
2025-05-28,Night,Line1,M102,P101,1123,1063,7.48,11
2025-05-28,Day,Line1,M103,P101,1005,967,6.81,34
2025-05-28,Night,Line1,M103,P102,1030,1006,7.29,44
2025-05-28,Day,Line1,M104,P101,1200,1210,6.83,37
2025-05-28,Night,Line1,M104,P102,1110,1055,7.05,33
2025-05-28,Day,Line2,M201,P101,959,932,7.17,16
2025-05-28,Night,Line2,M201,P104,945,884,7.63,24
2025-05-28,Day,Line2,M202,P103,887,829,7.36,23
2025-05-28,Night,Line2,M202,P104,955,923,7.84,10
2025-05-28,Day,Line2,M203,P101,1045,1024,6.82,23
2025-05-28,Night,Line2,M203,P101,998,936,6.61,10
2025-05-28,Day,Line2,M204,P102,1187,1147,7.07,31
2025-05-28,Night,Line2,M204,P102,1049,1022,7.9,24
2025-05-28,Day,Line3,M301,P103,1055,1002,7.17,12
2025-05-28,Night,Line3,M301,P102,922,755,7.35,25
2025-05-28,Day,Line3,M302,P103,1066,950,7.82,29
2025-05-28,Night,Line3,M302,P102,1184,1052,7.17,27
2025-05-28,Day,Line3,M303,P104,855,750,6.51,36
2025-05-28,Night,Line3,M303,P104,1043,936,6.87,27
2025-05-28,Day,Line3,M304,P102,1099,981,7.86,26
2025-05-28,Night,Line3,M304,P101,1170,1051,6.82,35
2025-05-28,Day,Line4,M401,P101,1079,1018,6.52,18
2025-05-28,Night,Line4,M401,P102,886,819,7.66,17
2025-05-28,Day,Line4,M402,P101,931,901,6.78,41
2025-05-28,Night,Line4,M402,P101,943,913,6.93,44
2025-05-28,Day,Line4,M403,P103,935,914,6.87,26
2025-05-28,Night,Line4,M403,P104,995,934,7.6,44
2025-05-28,Day,Line4,M404,P103,995,902,7.18,26
2025-05-28,Night,Line4,M404,P101,911,841,6.61,35
2025-05-29,Day,Line1,M101,P102,894,841,7.59,45
2025-05-29,Night,Line1,M101,P104,952,916,6.6,18
2025-05-29,Day,Line1,M102,P101,1090,1051,7.95,40
2025-05-29,Night,Line1,M102,P101,907,857,7.22,24
2025-05-29,Day,Line1,M103,P101,1048,981,6.78,21
2025-05-29,Night,Line1,M103,P101,884,868,7.16,25
2025-05-29,Day,Line1,M104,P104,1165,1124,7.44,33
2025-05-29,Night,Line1,M104,P104,923,844,7.31,38
2025-05-29,Day,Line2,M201,P101,1189,1113,7.33,42
2025-05-29,Night,Line2,M201,P102,957,909,6.93,30
2025-05-29,Day,Line2,M202,P101,1141,1065,6.52,10
2025-05-29,Night,Line2,M202,P102,1024,943,6.86,26
2025-05-29,Day,Line2,M203,P102,1029,953,7.26,39
2025-05-29,Night,Line2,M203,P102,1179,1134,7.83,13
2025-05-29,Day,Line2,M204,P104,1044,975,7.06,19
2025-05-29,Night,Line2,M204,P103,1108,1094,7.18,14
2025-05-29,Day,Line3,M301,P102,944,872,7.05,22
2025-05-29,Night,Line3,M301,P103,1186,1016,7.78,38
2025-05-29,Day,Line3,M302,P101,1075,997,7.05,14
2025-05-29,Night,Line3,M302,P102,1158,1079,6.81,43
2025-05-29,Day,Line3,M303,P103,1135,1030,6.84,20
2025-05-29,Night,Line3,M303,P102,1130,1057,6.79,30
2025-05-29,Day,Line3,M304,P101,907,838,6.84,14
2025-05-29,Night,Line3,M304,P104,1115,973,7.29,44
2025-05-29,Day,Line4,M401,P101,1166,1196,7.82,20
2025-05-29,Night,Line4,M401,P103,1039,934,7.8,12
2025-05-29,Day,Line4,M402,P102,903,858,7.14,24
2025-05-29,Night,Line4,M402,P101,1045,981,7.41,10
2025-05-29,Day,Line4,M403,P101,1048,1068,6.73,17
2025-05-29,Night,Line4,M403,P102,1171,1127,7.47,12
2025-05-29,Day,Line4,M404,P101,860,840,7.01,40
2025-05-29,Night,Line4,M404,P104,994,912,7.56,34
2025-05-30,Day,Line1,M101,P104,971,928,7.56,41
2025-05-30,Night,Line1,M101,P103,1026,947,6.84,39
2025-05-30,Day,Line1,M102,P104,928,905,7.38,39
2025-05-30,Night,Line1,M102,P103,964,941,7.03,19
2025-05-30,Day,Line1,M103,P103,1176,1217,7.21,21
2025-05-30,Night,Line1,M103,P104,981,908,7.55,20
2025-05-30,Day,Line1,M104,P103,860,790,6.82,37
2025-05-30,Night,Line1,M104,P103,923,859,6.51,12
2025-05-30,Day,Line2,M201,P104,1060,1050,7.69,44
2025-05-30,Night,Line2,M201,P102,1055,965,6.8,18
2025-05-30,Day,Line2,M202,P103,956,917,7.88,35
2025-05-30,Night,Line2,M202,P104,1063,1017,7.56,39
2025-05-30,Day,Line2,M203,P104,1077,1019,6.83,34
2025-05-30,Night,Line2,M203,P104,1036,981,6.51,31
2025-05-30,Day,Line2,M204,P103,1190,1109,7.68,35
2025-05-30,Night,Line2,M204,P102,1121,1097,7.01,23
2025-05-30,Day,Line3,M301,P102,961,867,6.76,22
2025-05-30,Night,Line3,M301,P102,1187,1063,7.01,33
2025-05-30,Day,Line3,M302,P104,1130,969,7.65,36
2025-05-30,Night,Line3,M302,P103,1179,1011,6.65,29
2025-05-30,Day,Line3,M303,P102,1051,988,6.6,19
2025-05-30,Night,Line3,M303,P104,905,793,7.91,44
2025-05-30,Day,Line3,M304,P104,1003,886,7.66,36
2025-05-30,Night,Line3,M304,P101,952,806,7.39,23
2025-05-30,Day,Line4,M401,P103,1132,1129,6.68,20
2025-05-30,Night,Line4,M401,P104,1114,1070,7.75,37
2025-05-30,Day,Line4,M402,P102,1076,1053,7.83,11
2025-05-30,Night,Line4,M402,P102,1047,1037,7.55,21
2025-05-30,Day,Line4,M403,P103,1198,1138,7.24,19
2025-05-30,Night,Line4,M403,P104,1144,1028,6.58,22
2025-05-30,Day,Line4,M404,P102,1060,1019,6.54,30
2025-05-30,Night,Line4,M404,P104,975,972,7.89,18
2025-05-31,Day,Line1,M101,P104,1011,973,6.84,43
2025-05-31,Night,Line1,M101,P101,1196,1166,6.68,16
2025-05-31,Day,Line1,M102,P101,893,821,7.26,11
2025-05-31,Night,Line1,M102,P101,877,804,7.95,31
2025-05-31,Day,Line1,M103,P101,1010,998,7.48,32
2025-05-31,Night,Line1,M103,P102,927,876,7.21,23
2025-05-31,Day,Line1,M104,P103,883,845,7.8,33
2025-05-31,Night,Line1,M104,P103,1148,1119,6.94,38
2025-05-31,Day,Line2,M201,P104,1023,1010,7.91,21
2025-05-31,Night,Line2,M201,P103,1005,950,6.58,16
2025-05-31,Day,Line2,M202,P102,927,824,7.44,20
2025-05-31,Night,Line2,M202,P104,910,855,7.69,44
2025-05-31,Day,Line2,M203,P104,931,906,7.56,45
2025-05-31,Night,Line2,M203,P104,993,882,6.7,25
2025-05-31,Day,Line2,M204,P101,1189,1156,7.92,19
2025-05-31,Night,Line2,M204,P104,899,877,7.01,12
2025-05-31,Day,Line3,M301,P102,1045,951,6.63,40
2025-05-31,Night,Line3,M301,P104,1094,941,7.95,20
2025-05-31,Day,Line3,M302,P101,1150,968,6.6,33
2025-05-31,Night,Line3,M302,P104,1149,1037,7.43,21
2025-05-31,Day,Line3,M303,P104,860,740,7.87,41
2025-05-31,Night,Line3,M303,P103,1023,929,6.96,15
2025-05-31,Day,Line3,M304,P103,885,854,6.65,21
2025-05-31,Night,Line3,M304,P102,1169,965,7.9,29
2025-05-31,Day,Line4,M401,P104,926,869,7.08,17
2025-05-31,Night,Line4,M401,P102,1174,1096,7.4,30
2025-05-31,Day,Line4,M402,P103,892,908,6.58,32
2025-05-31,Night,Line4,M402,P104,858,810,6.93,36
2025-05-31,Day,Line4,M403,P102,1036,981,7.42,26
2025-05-31,Night,Line4,M403,P102,1112,1080,6.73,27
2025-05-31,Day,Line4,M404,P101,1100,1043,7.27,30
2025-05-31,Night,Line4,M404,P102,876,803,7.38,25
2025-06-01,Day,Line1,M101,P103,984,962,7.41,38
2025-06-01,Night,Line1,M101,P104,1022,995,7.12,12
2025-06-01,Day,Line1,M102,P103,1186,1049,7.76,39
2025-06-01,Night,Line1,M102,P101,1020,935,6.85,45
2025-06-01,Day,Line1,M103,P101,916,885,7.79,10
2025-06-01,Night,Line1,M103,P101,1004,938,6.62,34
2025-06-01,Day,Line1,M104,P102,1090,1046,7.41,34
2025-06-01,Night,Line1,M104,P104,868,790,6.91,27
2025-06-01,Day,Line2,M201,P104,1021,1001,6.99,33
2025-06-01,Night,Line2,M201,P104,1058,1044,6.54,31
2025-06-01,Day,Line2,M202,P102,1027,961,7.75,26
2025-06-01,Night,Line2,M202,P102,1100,1056,7.13,28
2025-06-01,Day,Line2,M203,P103,892,883,7.8,38
2025-06-01,Night,Line2,M203,P101,1191,1127,7.06,30
2025-06-01,Day,Line2,M204,P101,861,843,7.15,18
2025-06-01,Night,Line2,M204,P101,974,895,6.79,14
2025-06-01,Day,Line3,M301,P102,1041,994,6.97,14
2025-06-01,Night,Line3,M301,P102,1142,1055,6.98,25
2025-06-01,Day,Line3,M302,P101,888,842,6.59,10
2025-06-01,Night,Line3,M302,P101,1024,876,7.89,14
2025-06-01,Day,Line3,M303,P102,1148,1062,6.84,39
2025-06-01,Night,Line3,M303,P103,1190,1037,6.62,16
2025-06-01,Day,Line3,M304,P101,878,841,7.34,18
2025-06-01,Night,Line3,M304,P102,891,772,7.78,21
2025-06-01,Day,Line4,M401,P101,896,866,7.23,10
2025-06-01,Night,Line4,M401,P104,969,853,7.03,23
2025-06-01,Day,Line4,M402,P101,890,860,7.49,34
2025-06-01,Night,Line4,M402,P103,1170,1060,6.79,43
2025-06-01,Day,Line4,M403,P102,1093,1067,6.87,22
2025-06-01,Night,Line4,M403,P104,1159,1084,7.5,21
2025-06-01,Day,Line4,M404,P104,997,946,7.91,13
2025-06-01,Night,Line4,M404,P104,944,934,7.6,42
2025-06-02,Day,Line1,M101,P101,890,915,7.54,21
2025-06-02,Night,Line1,M101,P102,984,883,7.39,19
2025-06-02,Day,Line1,M102,P102,913,867,6.95,14
2025-06-02,Night,Line1,M102,P102,945,912,6.82,30
2025-06-02,Day,Line1,M103,P102,933,906,7.49,35
2025-06-02,Night,Line1,M103,P103,1157,1115,7.42,36
2025-06-02,Day,Line1,M104,P103,961,920,7.81,37
2025-06-02,Night,Line1,M104,P103,1026,1001,7.04,25
2025-06-02,Day,Line2,M201,P101,1185,1144,6.89,26
2025-06-02,Night,Line2,M201,P103,932,888,7.35,14
2025-06-02,Day,Line2,M202,P101,882,816,7.39,41
2025-06-02,Night,Line2,M202,P103,880,829,6.97,37
2025-06-02,Day,Line2,M203,P101,1195,1178,7.51,38
2025-06-02,Night,Line2,M203,P101,1195,1135,7.04,15
2025-06-02,Day,Line2,M204,P103,1151,1175,7.94,33
2025-06-02,Night,Line2,M204,P101,1141,1077,6.88,26
2025-06-02,Day,Line3,M301,P103,1080,999,7.1,32
2025-06-02,Night,Line3,M301,P104,1039,930,7.93,41
2025-06-02,Day,Line3,M302,P103,1100,999,7.19,30
2025-06-02,Night,Line3,M302,P102,966,885,7.35,20
2025-06-02,Day,Line3,M303,P101,1030,934,7.75,36
2025-06-02,Night,Line3,M303,P104,1086,928,6.52,30
2025-06-02,Day,Line3,M304,P104,1087,1041,7.7,39
2025-06-02,Night,Line3,M304,P104,928,809,7.92,19
2025-06-02,Day,Line4,M401,P104,1064,975,7.89,11
2025-06-02,Night,Line4,M401,P102,1012,970,7.66,34
2025-06-02,Day,Line4,M402,P102,1054,1066,7.89,33
2025-06-02,Night,Line4,M402,P101,1072,1029,7.57,21
2025-06-02,Day,Line4,M403,P102,1153,1155,6.56,21
2025-06-02,Night,Line4,M403,P102,898,820,7.08,11
2025-06-02,Day,Line4,M404,P104,1091,1009,6.53,19
2025-06-02,Night,Line4,M404,P103,1022,950,6.7,22
2025-06-03,Day,Line1,M101,P101,1104,1096,7.98,35
2025-06-03,Night,Line1,M101,P102,1005,961,7.02,45
2025-06-03,Day,Line1,M102,P103,966,946,6.75,22
2025-06-03,Night,Line1,M102,P104,1160,1095,7.58,41
2025-06-03,Day,Line1,M103,P104,1072,1019,7.79,20
2025-06-03,Night,Line1,M103,P104,1190,1125,7.72,13
2025-06-03,Day,Line1,M104,P103,904,864,7.26,14
2025-06-03,Night,Line1,M104,P103,1094,1015,7.3,28
2025-06-03,Day,Line2,M201,P102,970,943,7.05,43
2025-06-03,Night,Line2,M201,P104,960,895,6.57,36
2025-06-03,Day,Line2,M202,P104,856,829,7.11,29
2025-06-03,Night,Line2,M202,P102,1023,903,6.91,29
2025-06-03,Day,Line2,M203,P104,1163,1123,7.99,17
2025-06-03,Night,Line2,M203,P102,1121,1045,6.99,28
2025-06-03,Day,Line2,M204,P103,1041,1045,7.58,18
2025-06-03,Night,Line2,M204,P103,1139,1020,7.09,40
2025-06-03,Day,Line3,M301,P101,859,785,7.18,38
2025-06-03,Night,Line3,M301,P103,1063,974,7.47,25
2025-06-03,Day,Line3,M302,P102,1017,922,7.21,24
2025-06-03,Night,Line3,M302,P103,1174,1035,6.97,40
2025-06-03,Day,Line3,M303,P103,1134,1061,7.6,31
2025-06-03,Night,Line3,M303,P103,949,860,7.98,18
2025-06-03,Day,Line3,M304,P103,1173,1089,7.65,24
2025-06-03,Night,Line3,M304,P102,977,858,7.04,41
2025-06-03,Day,Line4,M401,P104,859,811,7.68,30
2025-06-03,Night,Line4,M401,P101,1046,992,7.3,19
2025-06-03,Day,Line4,M402,P103,891,881,7.46,43
2025-06-03,Night,Line4,M402,P104,1086,978,6.81,27
2025-06-03,Day,Line4,M403,P101,1080,1034,7.35,34
2025-06-03,Night,Line4,M403,P102,991,918,7.81,19
2025-06-03,Day,Line4,M404,P103,880,846,7.63,40
2025-06-03,Night,Line4,M404,P102,964,928,7.16,10
2025-06-04,Day,Line1,M101,P103,1032,966,7.06,40
2025-06-04,Night,Line1,M101,P102,989,949,7.45,30
2025-06-04,Day,Line1,M102,P104,1010,959,7.17,44
2025-06-04,Night,Line1,M102,P102,1180,1149,7.78,22
2025-06-04,Day,Line1,M103,P101,1001,938,6.99,13
2025-06-04,Night,Line1,M103,P102,1118,1082,7.52,42
2025-06-04,Day,Line1,M104,P103,977,902,6.96,34
2025-06-04,Night,Line1,M104,P104,855,809,7.85,29
2025-06-04,Day,Line2,M201,P103,954,935,6.53,19
2025-06-04,Night,Line2,M201,P103,862,791,7.51,11
2025-06-04,Day,Line2,M202,P104,890,797,7.79,33
2025-06-04,Night,Line2,M202,P104,925,857,7.78,38
2025-06-04,Day,Line2,M203,P104,1134,1090,7.05,20
2025-06-04,Night,Line2,M203,P104,1010,941,7.12,16
2025-06-04,Day,Line2,M204,P103,1083,1022,7.91,27
2025-06-04,Night,Line2,M204,P102,1160,1121,6.77,39
2025-06-04,Day,Line3,M301,P103,933,884,6.88,18
2025-06-04,Night,Line3,M301,P103,858,794,6.99,17
2025-06-04,Day,Line3,M302,P101,1017,940,6.99,45
2025-06-04,Night,Line3,M302,P104,1038,943,7.3,19
2025-06-04,Day,Line3,M303,P103,1042,921,7.76,45
2025-06-04,Night,Line3,M303,P101,1171,1041,7.58,37
2025-06-04,Day,Line3,M304,P103,1052,961,7.91,21
2025-06-04,Night,Line3,M304,P103,1163,1046,7.33,12
2025-06-04,Day,Line4,M401,P103,1015,983,7.46,12
2025-06-04,Night,Line4,M401,P101,917,863,6.55,41
2025-06-04,Day,Line4,M402,P101,884,861,7.69,18
2025-06-04,Night,Line4,M402,P102,902,855,7.38,43
2025-06-04,Day,Line4,M403,P102,970,938,6.93,15
2025-06-04,Night,Line4,M403,P103,1032,949,7.46,31
2025-06-04,Day,Line4,M404,P101,1061,984,6.81,31
2025-06-04,Night,Line4,M404,P101,1102,1046,7.43,35
2025-06-05,Day,Line1,M101,P101,1118,1060,7.75,36
2025-06-05,Night,Line1,M101,P104,929,856,6.99,45
2025-06-05,Day,Line1,M102,P101,956,938,6.84,38
2025-06-05,Night,Line1,M102,P102,909,853,7.08,26
2025-06-05,Day,Line1,M103,P102,972,974,7.85,13
2025-06-05,Night,Line1,M103,P101,876,839,7.87,24
2025-06-05,Day,Line1,M104,P104,871,817,6.54,12
2025-06-05,Night,Line1,M104,P102,969,931,7.08,19
2025-06-05,Day,Line2,M201,P102,1106,1076,7.49,30
2025-06-05,Night,Line2,M201,P103,1048,961,6.57,35
2025-06-05,Day,Line2,M202,P101,1111,1049,7.15,28
2025-06-05,Night,Line2,M202,P104,862,827,7.5,36
2025-06-05,Day,Line2,M203,P101,870,791,6.6,22
2025-06-05,Night,Line2,M203,P101,956,841,7.1,24
2025-06-05,Day,Line2,M204,P104,853,824,7.12,32
2025-06-05,Night,Line2,M204,P101,1147,1082,7.14,33
2025-06-05,Day,Line3,M301,P102,1053,967,6.9,23
2025-06-05,Night,Line3,M301,P102,1124,1004,7.16,10
2025-06-05,Day,Line3,M302,P103,986,911,6.67,45
2025-06-05,Night,Line3,M302,P103,1111,1031,7.44,34
2025-06-05,Day,Line3,M303,P102,953,868,7.29,26
2025-06-05,Night,Line3,M303,P103,950,806,7.81,30
2025-06-05,Day,Line3,M304,P103,1051,900,6.85,17
2025-06-05,Night,Line3,M304,P103,1081,952,7.81,11
2025-06-05,Day,Line4,M401,P104,1158,1102,6.78,42
2025-06-05,Night,Line4,M401,P104,954,861,7.66,21
2025-06-05,Day,Line4,M402,P101,871,779,7.04,34
2025-06-05,Night,Line4,M402,P101,955,887,7.78,22
2025-06-05,Day,Line4,M403,P103,1195,1209,7.85,23
2025-06-05,Night,Line4,M403,P103,1034,985,7.85,39
2025-06-05,Day,Line4,M404,P101,1181,1145,6.54,24
2025-06-05,Night,Line4,M404,P103,961,899,7.07,42
2025-06-06,Day,Line1,M101,P101,1008,958,6.91,10
2025-06-06,Night,Line1,M101,P102,942,900,6.95,31
2025-06-06,Day,Line1,M102,P102,1105,1023,7.59,34
2025-06-06,Night,Line1,M102,P103,1084,1085,7.84,35
2025-06-06,Day,Line1,M103,P102,1101,1022,7.9,40
2025-06-06,Night,Line1,M103,P103,1191,1141,6.9,25
2025-06-06,Day,Line1,M104,P101,1165,1084,6.71,16
2025-06-06,Night,Line1,M104,P101,865,817,6.95,13
2025-06-06,Day,Line2,M201,P101,990,972,7.73,10
2025-06-06,Night,Line2,M201,P103,1077,962,7.64,34
2025-06-06,Day,Line2,M202,P102,899,839,7.95,13
2025-06-06,Night,Line2,M202,P103,960,878,6.51,22
2025-06-06,Day,Line2,M203,P104,1040,991,7.92,14
2025-06-06,Night,Line2,M203,P103,1063,1008,7.01,11
2025-06-06,Day,Line2,M204,P103,867,878,7.38,17
2025-06-06,Night,Line2,M204,P103,922,852,6.98,26
2025-06-06,Day,Line3,M301,P104,954,916,6.56,17
2025-06-06,Night,Line3,M301,P101,1093,985,6.52,21
2025-06-06,Day,Line3,M302,P101,907,795,7.5,15
2025-06-06,Night,Line3,M302,P102,1083,959,6.82,45
2025-06-06,Day,Line3,M303,P103,988,859,7.32,11
2025-06-06,Night,Line3,M303,P104,882,777,6.67,19
2025-06-06,Day,Line3,M304,P102,883,793,6.66,35
2025-06-06,Night,Line3,M304,P104,865,774,7.26,12
2025-06-06,Day,Line4,M401,P104,1071,1048,7.92,39
2025-06-06,Night,Line4,M401,P104,939,881,7.67,10
2025-06-06,Day,Line4,M402,P101,1186,1103,7.03,14
2025-06-06,Night,Line4,M402,P103,994,1001,7.92,40
2025-06-06,Day,Line4,M403,P102,986,988,6.85,11
2025-06-06,Night,Line4,M403,P103,946,941,6.57,25
2025-06-06,Day,Line4,M404,P104,850,812,7.16,12
2025-06-06,Night,Line4,M404,P104,1136,1079,6.67,41
2025-06-07,Day,Line1,M101,P102,874,833,7.83,28
2025-06-07,Night,Line1,M101,P103,895,846,7.59,33
2025-06-07,Day,Line1,M102,P104,1091,1055,6.97,44
2025-06-07,Night,Line1,M102,P102,1041,940,6.77,33
2025-06-07,Day,Line1,M103,P102,1014,964,7.1,32
2025-06-07,Night,Line1,M103,P104,939,912,6.75,35
2025-06-07,Day,Line1,M104,P103,1089,1076,7.04,32
2025-06-07,Night,Line1,M104,P103,925,861,7.93,41
2025-06-07,Day,Line2,M201,P104,1034,1000,7.09,37
2025-06-07,Night,Line2,M201,P101,1158,1080,6.51,26
2025-06-07,Day,Line2,M202,P102,1020,999,7.7,32
2025-06-07,Night,Line2,M202,P104,1080,965,6.7,44
2025-06-07,Day,Line2,M203,P102,871,850,7.65,31
2025-06-07,Night,Line2,M203,P102,1156,1138,7.14,31
2025-06-07,Day,Line2,M204,P102,1143,1074,6.87,18
2025-06-07,Night,Line2,M204,P102,1052,1030,7.59,15
2025-06-07,Day,Line3,M301,P104,907,833,7.02,42
2025-06-07,Night,Line3,M301,P101,1116,991,7.88,16
2025-06-07,Day,Line3,M302,P101,980,882,7.88,45
2025-06-07,Night,Line3,M302,P102,966,899,7.18,31
2025-06-07,Day,Line3,M303,P104,909,821,6.84,30
2025-06-07,Night,Line3,M303,P103,1130,1062,6.8,35
2025-06-07,Day,Line3,M304,P104,962,919,7.41,32
2025-06-07,Night,Line3,M304,P104,904,792,7.53,24
2025-06-07,Day,Line4,M401,P104,929,887,6.57,22
2025-06-07,Night,Line4,M401,P101,1108,981,7.73,16
2025-06-07,Day,Line4,M402,P104,923,885,6.52,14
2025-06-07,Night,Line4,M402,P103,973,917,6.75,35
2025-06-07,Day,Line4,M403,P103,957,952,7.68,44
2025-06-07,Night,Line4,M403,P101,947,935,6.88,11
2025-06-07,Day,Line4,M404,P101,865,850,6.98,28
2025-06-07,Night,Line4,M404,P101,956,929,7.32,21
2025-06-08,Day,Line1,M101,P101,884,844,7.82,26
2025-06-08,Night,Line1,M101,P104,910,823,7.13,37
2025-06-08,Day,Line1,M102,P103,1188,1151,6.79,35
2025-06-08,Night,Line1,M102,P101,1155,1125,7.37,29
2025-06-08,Day,Line1,M103,P103,1048,926,6.68,33
2025-06-08,Night,Line1,M103,P102,1005,949,7.13,37
2025-06-08,Day,Line1,M104,P104,1175,1068,7.89,12
2025-06-08,Night,Line1,M104,P104,866,794,7.06,41
2025-06-08,Day,Line2,M201,P103,1029,993,7.56,11
2025-06-08,Night,Line2,M201,P103,1092,1079,6.89,34
2025-06-08,Day,Line2,M202,P101,1066,1024,7.75,32
2025-06-08,Night,Line2,M202,P104,863,829,7.05,34
2025-06-08,Day,Line2,M203,P101,1099,1064,6.51,15
2025-06-08,Night,Line2,M203,P104,979,900,7.21,44
2025-06-08,Day,Line2,M204,P101,892,869,7.97,25
2025-06-08,Night,Line2,M204,P101,1082,978,7.2,34
2025-06-08,Day,Line3,M301,P103,973,886,7.24,40
2025-06-08,Night,Line3,M301,P101,1015,944,7.9,29
2025-06-08,Day,Line3,M302,P104,960,879,6.94,36
2025-06-08,Night,Line3,M302,P101,855,768,7.32,18
2025-06-08,Day,Line3,M303,P101,1109,999,7.23,38
2025-06-08,Night,Line3,M303,P101,1107,935,7.75,21
2025-06-08,Day,Line3,M304,P104,990,895,6.53,34
2025-06-08,Night,Line3,M304,P101,979,897,7.79,17
2025-06-08,Day,Line4,M401,P104,939,913,6.54,38
2025-06-08,Night,Line4,M401,P103,933,845,7.1,12
2025-06-08,Day,Line4,M402,P103,1157,1050,7.86,31
2025-06-08,Night,Line4,M402,P104,906,832,7.8,19
2025-06-08,Day,Line4,M403,P101,951,907,7.44,40
2025-06-08,Night,Line4,M403,P104,977,915,7.0,10
2025-06-08,Day,Line4,M404,P104,1184,1133,6.7,21
2025-06-08,Night,Line4,M404,P104,872,820,7.53,29
2025-06-09,Day,Line1,M101,P102,964,938,6.59,31
2025-06-09,Night,Line1,M101,P104,967,898,6.82,38
2025-06-09,Day,Line1,M102,P101,901,840,7.41,20
2025-06-09,Night,Line1,M102,P102,917,877,7.59,11
2025-06-09,Day,Line1,M103,P104,1104,1090,7.41,33
2025-06-09,Night,Line1,M103,P104,860,794,7.08,43
2025-06-09,Day,Line1,M104,P103,1175,1200,6.75,44
2025-06-09,Night,Line1,M104,P101,1064,1049,7.1,40
2025-06-09,Day,Line2,M201,P101,992,920,7.64,37
2025-06-09,Night,Line2,M201,P104,884,786,7.22,14
2025-06-09,Day,Line2,M202,P101,984,940,7.12,32
2025-06-09,Night,Line2,M202,P104,1055,1001,7.68,42
2025-06-09,Day,Line2,M203,P102,920,939,6.58,17
2025-06-09,Night,Line2,M203,P101,932,931,7.1,15
2025-06-09,Day,Line2,M204,P102,1190,1167,7.51,22
2025-06-09,Night,Line2,M204,P104,1187,1103,7.01,44
2025-06-09,Day,Line3,M301,P103,1135,1074,7.83,26
2025-06-09,Night,Line3,M301,P104,884,790,6.74,21
2025-06-09,Day,Line3,M302,P104,909,792,6.56,45
2025-06-09,Night,Line3,M302,P101,968,825,7.4,22
2025-06-09,Day,Line3,M303,P102,1003,902,7.61,18
2025-06-09,Night,Line3,M303,P104,855,787,7.44,33
2025-06-09,Day,Line3,M304,P101,1111,977,7.56,10
2025-06-09,Night,Line3,M304,P101,1118,983,7.78,27
2025-06-09,Day,Line4,M401,P101,1005,1011,6.67,18
2025-06-09,Night,Line4,M401,P103,974,927,7.76,40
2025-06-09,Day,Line4,M402,P102,946,960,7.96,40
2025-06-09,Night,Line4,M402,P104,1095,1047,6.63,23
2025-06-09,Day,Line4,M403,P101,938,930,7.86,34
2025-06-09,Night,Line4,M403,P101,924,859,7.26,18
2025-06-09,Day,Line4,M404,P102,884,891,7.75,40
2025-06-09,Night,Line4,M404,P101,1139,1095,6.68,20
2025-06-10,Day,Line1,M101,P102,1170,1120,7.18,36
2025-06-10,Night,Line1,M101,P103,965,946,7.14,26
2025-06-10,Day,Line1,M102,P104,880,862,7.32,37
2025-06-10,Night,Line1,M102,P101,1014,953,7.93,35
2025-06-10,Day,Line1,M103,P101,948,926,7.72,33
2025-06-10,Night,Line1,M103,P104,1080,988,7.52,24
2025-06-10,Day,Line1,M104,P102,1095,1091,7.79,42
2025-06-10,Night,Line1,M104,P104,1180,1180,7.73,20
2025-06-10,Day,Line2,M201,P102,1156,1056,7.8,43
2025-06-10,Night,Line2,M201,P103,1104,1020,7.15,14
2025-06-10,Day,Line2,M202,P104,1157,1089,6.51,11
2025-06-10,Night,Line2,M202,P104,883,851,7.24,45
2025-06-10,Day,Line2,M203,P101,924,893,6.91,12
2025-06-10,Night,Line2,M203,P103,992,920,7.17,35
2025-06-10,Day,Line2,M204,P103,1087,1035,7.67,31
2025-06-10,Night,Line2,M204,P103,1124,1040,6.73,30
2025-06-10,Day,Line3,M301,P103,1090,1013,7.52,42
2025-06-10,Night,Line3,M301,P104,1047,939,7.72,45
2025-06-10,Day,Line3,M302,P102,1090,982,7.84,31
2025-06-10,Night,Line3,M302,P101,1100,963,7.57,31
2025-06-10,Day,Line3,M303,P101,978,930,7.12,27
2025-06-10,Night,Line3,M303,P103,997,922,6.57,42
2025-06-10,Day,Line3,M304,P102,1010,939,7.21,30
2025-06-10,Night,Line3,M304,P102,1139,1050,7.85,22
2025-06-10,Day,Line4,M401,P103,1006,927,7.81,22
2025-06-10,Night,Line4,M401,P103,1115,1014,7.7,36
2025-06-10,Day,Line4,M402,P103,985,913,6.82,37
2025-06-10,Night,Line4,M402,P102,1163,1094,7.48,18
2025-06-10,Day,Line4,M403,P103,947,940,7.92,33
2025-06-10,Night,Line4,M403,P103,954,885,7.71,39
2025-06-10,Day,Line4,M404,P102,910,907,7.03,28
2025-06-10,Night,Line4,M404,P102,955,882,6.75,31
2025-06-11,Day,Line1,M101,P102,1181,1130,7.86,41
2025-06-11,Night,Line1,M101,P103,975,905,6.86,35
2025-06-11,Day,Line1,M102,P104,988,943,7.88,39
2025-06-11,Night,Line1,M102,P103,924,866,6.71,26
2025-06-11,Day,Line1,M103,P101,979,889,6.6,17
2025-06-11,Night,Line1,M103,P104,1131,1076,6.57,35
2025-06-11,Day,Line1,M104,P101,884,846,7.01,22
2025-06-11,Night,Line1,M104,P103,1103,1090,7.13,39
2025-06-11,Day,Line2,M201,P103,1111,1087,6.98,36
2025-06-11,Night,Line2,M201,P102,986,937,7.07,13
2025-06-11,Day,Line2,M202,P104,1171,1178,7.22,41
2025-06-11,Night,Line2,M202,P101,1093,1073,7.1,37
2025-06-11,Day,Line2,M203,P104,1010,1020,6.9,17
2025-06-11,Night,Line2,M203,P102,942,872,6.65,17
2025-06-11,Day,Line2,M204,P103,877,812,6.52,12
2025-06-11,Night,Line2,M204,P101,992,881,7.72,16
2025-06-11,Day,Line3,M301,P103,915,861,6.61,16
2025-06-11,Night,Line3,M301,P104,954,796,6.76,12
2025-06-11,Day,Line3,M302,P101,855,784,7.93,17
2025-06-11,Night,Line3,M302,P103,1169,1071,8.0,27
2025-06-11,Day,Line3,M303,P103,1070,927,7.79,25
2025-06-11,Night,Line3,M303,P102,962,829,8.0,27
2025-06-11,Day,Line3,M304,P103,971,918,7.67,19
2025-06-11,Night,Line3,M304,P101,1133,1026,7.03,30
2025-06-11,Day,Line4,M401,P102,937,933,7.53,34
2025-06-11,Night,Line4,M401,P102,1127,1068,6.53,11
2025-06-11,Day,Line4,M402,P102,896,835,6.85,27
2025-06-11,Night,Line4,M402,P104,913,846,7.86,16
2025-06-11,Day,Line4,M403,P102,1058,1045,7.3,24
2025-06-11,Night,Line4,M403,P102,1085,970,6.83,20
2025-06-11,Day,Line4,M404,P102,962,909,7.25,27
2025-06-11,Night,Line4,M404,P101,851,783,6.91,25
2025-06-12,Day,Line1,M101,P103,1072,1027,6.59,34
2025-06-12,Night,Line1,M101,P104,959,920,7.59,24
2025-06-12,Day,Line1,M102,P101,891,886,6.92,36
2025-06-12,Night,Line1,M102,P104,1076,969,7.36,19
2025-06-12,Day,Line1,M103,P104,1164,1088,7.2,34
2025-06-12,Night,Line1,M103,P101,1127,1018,7.89,27
2025-06-12,Day,Line1,M104,P102,1194,1145,6.66,41
2025-06-12,Night,Line1,M104,P104,1118,1013,7.02,31
2025-06-12,Day,Line2,M201,P103,860,835,7.92,41
2025-06-12,Night,Line2,M201,P104,1076,979,8.0,23
2025-06-12,Day,Line2,M202,P103,923,922,7.78,14
2025-06-12,Night,Line2,M202,P104,936,832,6.68,35
2025-06-12,Day,Line2,M203,P102,961,899,6.81,30
2025-06-12,Night,Line2,M203,P103,1057,1046,7.1,27
2025-06-12,Day,Line2,M204,P102,998,964,6.88,24
2025-06-12,Night,Line2,M204,P104,1157,1071,6.97,40
2025-06-12,Day,Line3,M301,P101,1138,1130,7.35,25
2025-06-12,Night,Line3,M301,P101,1081,953,7.12,11
2025-06-12,Day,Line3,M302,P104,1142,1060,6.69,32
2025-06-12,Night,Line3,M302,P103,1045,906,6.66,11
2025-06-12,Day,Line3,M303,P104,1073,946,6.96,38
2025-06-12,Night,Line3,M303,P104,895,814,7.21,37
2025-06-12,Day,Line3,M304,P103,1028,990,7.44,24
2025-06-12,Night,Line3,M304,P103,1037,909,7.47,26
2025-06-12,Day,Line4,M401,P104,930,864,6.98,20
2025-06-12,Night,Line4,M401,P102,1149,1115,7.16,43
2025-06-12,Day,Line4,M402,P102,868,822,6.51,34
2025-06-12,Night,Line4,M402,P103,874,831,6.56,24
2025-06-12,Day,Line4,M403,P101,931,880,7.3,15
2025-06-12,Night,Line4,M403,P101,978,910,7.79,15
2025-06-12,Day,Line4,M404,P103,1081,1010,7.1,19
2025-06-12,Night,Line4,M404,P103,922,886,7.26,37
2025-06-13,Day,Line1,M101,P103,945,919,7.86,24
2025-06-13,Night,Line1,M101,P104,1009,960,7.26,20
2025-06-13,Day,Line1,M102,P101,968,909,7.35,15
2025-06-13,Night,Line1,M102,P101,1143,1085,6.87,21
2025-06-13,Day,Line1,M103,P103,1130,1151,6.89,40
2025-06-13,Night,Line1,M103,P104,935,850,6.58,25
2025-06-13,Day,Line1,M104,P101,950,890,7.98,14
2025-06-13,Night,Line1,M104,P101,901,827,6.96,27
2025-06-13,Day,Line2,M201,P102,1123,1082,7.79,17
2025-06-13,Night,Line2,M201,P104,1133,1028,7.52,33
2025-06-13,Day,Line2,M202,P102,928,905,7.57,44
2025-06-13,Night,Line2,M202,P102,975,864,7.59,10
2025-06-13,Day,Line2,M203,P103,937,922,7.81,27
2025-06-13,Night,Line2,M203,P101,1106,1052,7.37,42
2025-06-13,Day,Line2,M204,P101,1051,1069,7.73,18
2025-06-13,Night,Line2,M204,P102,874,796,6.51,40
2025-06-13,Day,Line3,M301,P102,917,864,6.84,25
2025-06-13,Night,Line3,M301,P103,1143,1014,7.22,27
2025-06-13,Day,Line3,M302,P104,975,878,6.77,39
2025-06-13,Night,Line3,M302,P102,906,779,7.05,25
2025-06-13,Day,Line3,M303,P102,1177,1055,6.86,12
2025-06-13,Night,Line3,M303,P101,1043,915,7.27,18
2025-06-13,Day,Line3,M304,P101,997,864,7.63,39
2025-06-13,Night,Line3,M304,P104,1196,1077,6.96,35
2025-06-13,Day,Line4,M401,P104,1118,1080,7.15,39
2025-06-13,Night,Line4,M401,P103,1160,1111,7.68,35
2025-06-13,Day,Line4,M402,P103,1118,1054,7.01,36
2025-06-13,Night,Line4,M402,P102,1107,1069,7.9,41
2025-06-13,Day,Line4,M403,P102,868,869,7.66,23
2025-06-13,Night,Line4,M403,P101,1157,1080,7.88,33
2025-06-13,Day,Line4,M404,P103,909,847,7.38,36
2025-06-13,Night,Line4,M404,P104,1042,981,7.67,29
2025-06-14,Day,Line1,M101,P103,862,828,7.83,30
2025-06-14,Night,Line1,M101,P104,951,889,7.51,11
2025-06-14,Day,Line1,M102,P102,1072,1048,7.82,19
2025-06-14,Night,Line1,M102,P104,1152,1071,7.64,18
2025-06-14,Day,Line1,M103,P103,1052,978,7.3,25
2025-06-14,Night,Line1,M103,P102,858,810,7.04,24
2025-06-14,Day,Line1,M104,P104,979,959,7.87,41
2025-06-14,Night,Line1,M104,P104,1088,1047,6.52,39
2025-06-14,Day,Line2,M201,P103,954,904,6.62,39
2025-06-14,Night,Line2,M201,P102,1062,1008,6.53,13
2025-06-14,Day,Line2,M202,P102,924,926,7.98,16
2025-06-14,Night,Line2,M202,P103,1041,1022,7.1,13
2025-06-14,Day,Line2,M203,P103,1088,1080,7.74,34
2025-06-14,Night,Line2,M203,P104,889,795,7.91,28
2025-06-14,Day,Line2,M204,P103,1112,1056,7.45,45
2025-06-14,Night,Line2,M204,P104,870,852,7.78,40
2025-06-14,Day,Line3,M301,P101,1030,890,6.75,31
2025-06-14,Night,Line3,M301,P102,1008,895,6.5,42
2025-06-14,Day,Line3,M302,P102,855,762,6.87,16
2025-06-14,Night,Line3,M302,P102,1137,1023,6.95,27
2025-06-14,Day,Line3,M303,P101,862,731,7.51,42
2025-06-14,Night,Line3,M303,P102,1172,1086,6.58,43
2025-06-14,Day,Line3,M304,P103,862,784,7.01,38
2025-06-14,Night,Line3,M304,P104,1021,875,6.94,39
2025-06-14,Day,Line4,M401,P103,1168,1095,6.6,30
2025-06-14,Night,Line4,M401,P103,1038,987,7.96,13
2025-06-14,Day,Line4,M402,P101,1074,1005,7.55,41
2025-06-14,Night,Line4,M402,P104,1113,1104,7.63,12
2025-06-14,Day,Line4,M403,P101,928,887,7.14,34
2025-06-14,Night,Line4,M403,P103,1188,1170,6.52,38
2025-06-14,Day,Line4,M404,P103,923,890,6.8,19
2025-06-14,Night,Line4,M404,P102,897,862,7.88,34
2025-06-15,Day,Line1,M101,P103,1051,1029,7.73,24
2025-06-15,Night,Line1,M101,P101,872,807,6.85,29
2025-06-15,Day,Line1,M102,P101,918,900,6.51,22
2025-06-15,Night,Line1,M102,P104,1141,1059,6.53,22
2025-06-15,Day,Line1,M103,P104,927,845,7.53,37
2025-06-15,Night,Line1,M103,P103,957,893,7.35,10
2025-06-15,Day,Line1,M104,P101,933,862,7.69,12
2025-06-15,Night,Line1,M104,P103,1097,1017,7.12,14
2025-06-15,Day,Line2,M201,P102,1089,1044,6.64,20
2025-06-15,Night,Line2,M201,P104,908,828,6.69,15
2025-06-15,Day,Line2,M202,P104,1025,1001,7.89,33
2025-06-15,Night,Line2,M202,P104,982,911,7.74,45
2025-06-15,Day,Line2,M203,P103,1173,1082,7.32,30
2025-06-15,Night,Line2,M203,P102,1191,1087,7.58,43
2025-06-15,Day,Line2,M204,P103,1154,1111,7.75,25
2025-06-15,Night,Line2,M204,P102,861,802,7.77,37
2025-06-15,Day,Line3,M301,P104,989,908,7.27,31
2025-06-15,Night,Line3,M301,P103,1105,987,7.87,35
2025-06-15,Day,Line3,M302,P101,1152,1014,7.32,29
2025-06-15,Night,Line3,M302,P103,904,787,7.18,19
2025-06-15,Day,Line3,M303,P102,962,900,6.64,25
2025-06-15,Night,Line3,M303,P104,928,802,6.98,16
2025-06-15,Day,Line3,M304,P103,1061,1014,6.74,35
2025-06-15,Night,Line3,M304,P104,1140,966,7.79,31
2025-06-15,Day,Line4,M401,P103,891,877,7.2,25
2025-06-15,Night,Line4,M401,P102,1169,1095,6.91,40
2025-06-15,Day,Line4,M402,P101,1010,940,7.09,13
2025-06-15,Night,Line4,M402,P104,1057,996,7.38,37
2025-06-15,Day,Line4,M403,P102,1062,994,7.66,40
2025-06-15,Night,Line4,M403,P101,1020,941,7.92,33
2025-06-15,Day,Line4,M404,P101,1007,955,7.91,25
2025-06-15,Night,Line4,M404,P104,1101,1059,6.98,35
2025-06-16,Day,Line1,M101,P102,1057,994,6.86,37
2025-06-16,Night,Line1,M101,P102,996,943,7.66,25
2025-06-16,Day,Line1,M102,P102,1022,1005,7.14,20
2025-06-16,Night,Line1,M102,P103,1153,1085,7.8,34
2025-06-16,Day,Line1,M103,P101,901,875,7.94,15
2025-06-16,Night,Line1,M103,P101,854,801,6.99,19
2025-06-16,Day,Line1,M104,P104,1102,1075,6.61,15
2025-06-16,Night,Line1,M104,P102,876,790,7.76,10
2025-06-16,Day,Line2,M201,P104,940,942,7.78,12
2025-06-16,Night,Line2,M201,P102,999,883,7.96,33
2025-06-16,Day,Line2,M202,P103,1191,1118,7.62,15
2025-06-16,Night,Line2,M202,P101,934,875,7.35,29
2025-06-16,Day,Line2,M203,P103,901,814,7.25,12
2025-06-16,Night,Line2,M203,P101,870,804,7.01,10
2025-06-16,Day,Line2,M204,P102,937,907,7.82,35
2025-06-16,Night,Line2,M204,P104,905,893,7.32,27
2025-06-16,Day,Line3,M301,P103,1165,1080,7.34,43
2025-06-16,Night,Line3,M301,P101,1163,1019,6.81,28
2025-06-16,Day,Line3,M302,P102,883,764,7.77,39
2025-06-16,Night,Line3,M302,P103,930,863,7.18,42
2025-06-16,Day,Line3,M303,P101,1104,988,7.09,24
2025-06-16,Night,Line3,M303,P103,866,777,7.97,35
2025-06-16,Day,Line3,M304,P103,1190,1067,6.92,20
2025-06-16,Night,Line3,M304,P104,1081,974,6.99,32
2025-06-16,Day,Line4,M401,P103,1000,997,7.62,35
2025-06-16,Night,Line4,M401,P104,970,932,7.26,29
2025-06-16,Day,Line4,M402,P103,957,911,6.69,25
2025-06-16,Night,Line4,M402,P104,926,907,7.35,19
2025-06-16,Day,Line4,M403,P101,890,903,7.9,13
2025-06-16,Night,Line4,M403,P101,925,896,7.14,16
2025-06-16,Day,Line4,M404,P104,914,866,7.2,19
2025-06-16,Night,Line4,M404,P101,994,959,7.12,31
2025-06-17,Day,Line1,M101,P103,1146,1133,6.78,25
2025-06-17,Night,Line1,M101,P104,1072,999,7.32,36
2025-06-17,Day,Line1,M102,P101,1179,1197,6.58,45
2025-06-17,Night,Line1,M102,P103,957,933,6.82,40
2025-06-17,Day,Line1,M103,P101,1036,988,7.44,20
2025-06-17,Night,Line1,M103,P104,948,879,7.35,32
2025-06-17,Day,Line1,M104,P101,875,865,6.91,12
2025-06-17,Night,Line1,M104,P103,1049,1054,6.87,21
2025-06-17,Day,Line2,M201,P104,1087,1004,6.77,35
2025-06-17,Night,Line2,M201,P103,1080,1029,7.81,18
2025-06-17,Day,Line2,M202,P103,1066,1049,7.11,30
2025-06-17,Night,Line2,M202,P102,853,833,6.89,20
2025-06-17,Day,Line2,M203,P103,1062,1045,7.64,15
2025-06-17,Night,Line2,M203,P104,1021,945,6.95,19
2025-06-17,Day,Line2,M204,P101,921,848,6.67,25
2025-06-17,Night,Line2,M204,P104,992,923,7.58,22
2025-06-17,Day,Line3,M301,P102,1063,992,7.99,12
2025-06-17,Night,Line3,M301,P101,1173,1023,6.61,33
2025-06-17,Day,Line3,M302,P103,1164,1108,7.68,33
2025-06-17,Night,Line3,M302,P103,851,754,7.64,16
2025-06-17,Day,Line3,M303,P104,1106,985,7.39,22
2025-06-17,Night,Line3,M303,P102,925,766,7.96,31
2025-06-17,Day,Line3,M304,P103,1121,1038,6.9,35
2025-06-17,Night,Line3,M304,P102,1072,946,7.98,12
2025-06-17,Day,Line4,M401,P104,1152,1091,7.42,45
2025-06-17,Night,Line4,M401,P103,1125,1125,6.91,39
2025-06-17,Day,Line4,M402,P101,995,938,6.67,31
2025-06-17,Night,Line4,M402,P101,1058,983,7.02,14
2025-06-17,Day,Line4,M403,P104,1063,1038,6.65,39
2025-06-17,Night,Line4,M403,P102,1011,992,7.78,24
2025-06-17,Day,Line4,M404,P104,985,959,7.51,29
2025-06-17,Night,Line4,M404,P101,967,911,6.76,26
2025-06-18,Day,Line1,M101,P104,985,1009,6.54,10
2025-06-18,Night,Line1,M101,P102,870,807,6.52,24
2025-06-18,Day,Line1,M102,P104,972,922,7.14,35
2025-06-18,Night,Line1,M102,P101,1070,987,7.23,13
2025-06-18,Day,Line1,M103,P101,990,962,7.39,44
2025-06-18,Night,Line1,M103,P104,858,784,6.94,42
2025-06-18,Day,Line1,M104,P103,1157,1073,7.07,13
2025-06-18,Night,Line1,M104,P104,1147,1066,7.44,23
2025-06-18,Day,Line2,M201,P103,909,830,7.02,25
2025-06-18,Night,Line2,M201,P104,1137,1077,7.42,31
2025-06-18,Day,Line2,M202,P102,1129,1097,7.33,22
2025-06-18,Night,Line2,M202,P101,1200,1148,7.04,37
2025-06-18,Day,Line2,M203,P101,1018,1004,6.56,25
2025-06-18,Night,Line2,M203,P104,860,800,7.98,16
2025-06-18,Day,Line2,M204,P102,982,979,6.56,20
2025-06-18,Night,Line2,M204,P103,1193,1162,7.41,26
2025-06-18,Day,Line3,M301,P104,932,820,6.92,37
2025-06-18,Night,Line3,M301,P102,933,829,7.84,33
2025-06-18,Day,Line3,M302,P101,997,841,6.61,29
2025-06-18,Night,Line3,M302,P101,889,825,7.57,19
2025-06-18,Day,Line3,M303,P101,851,796,7.27,25
2025-06-18,Night,Line3,M303,P101,988,924,7.15,21
2025-06-18,Day,Line3,M304,P101,1081,937,7.91,31
2025-06-18,Night,Line3,M304,P101,1106,1000,7.38,44
2025-06-18,Day,Line4,M401,P104,1111,1049,7.71,17
2025-06-18,Night,Line4,M401,P104,1192,1053,6.74,27
2025-06-18,Day,Line4,M402,P101,1032,1022,6.97,15
2025-06-18,Night,Line4,M402,P103,940,850,7.69,34
2025-06-18,Day,Line4,M403,P102,1129,1096,6.6,26
2025-06-18,Night,Line4,M403,P101,1167,1079,6.52,15
2025-06-18,Day,Line4,M404,P101,933,900,7.03,19
2025-06-18,Night,Line4,M404,P103,932,901,6.85,43
2025-06-19,Day,Line1,M101,P102,1095,1057,7.99,32
2025-06-19,Night,Line1,M101,P101,1024,1036,7.97,34
2025-06-19,Day,Line1,M102,P104,903,843,7.24,42
2025-06-19,Night,Line1,M102,P104,958,959,7.52,20
2025-06-19,Day,Line1,M103,P102,1167,1109,6.61,40
2025-06-19,Night,Line1,M103,P101,966,887,6.61,41
2025-06-19,Day,Line1,M104,P104,1048,1003,7.68,30
2025-06-19,Night,Line1,M104,P103,951,853,7.23,12
2025-06-19,Day,Line2,M201,P101,1081,1017,7.33,22
2025-06-19,Night,Line2,M201,P101,1142,1065,6.91,32
2025-06-19,Day,Line2,M202,P101,1190,1151,6.67,33
2025-06-19,Night,Line2,M202,P103,1062,1000,6.82,10
2025-06-19,Day,Line2,M203,P103,1087,1059,7.66,15
2025-06-19,Night,Line2,M203,P102,899,844,7.85,43
2025-06-19,Day,Line2,M204,P101,1153,1145,7.66,18
2025-06-19,Night,Line2,M204,P104,1103,1059,7.3,45
2025-06-19,Day,Line3,M301,P103,911,840,6.97,12
2025-06-19,Night,Line3,M301,P103,975,905,7.34,29
2025-06-19,Day,Line3,M302,P104,1000,949,7.97,12
2025-06-19,Night,Line3,M302,P101,878,784,7.12,29
2025-06-19,Day,Line3,M303,P102,982,883,7.67,34
2025-06-19,Night,Line3,M303,P102,993,890,7.06,31
2025-06-19,Day,Line3,M304,P104,888,805,7.42,43
2025-06-19,Night,Line3,M304,P103,888,780,6.68,41
2025-06-19,Day,Line4,M401,P103,1003,968,6.99,36
2025-06-19,Night,Line4,M401,P101,863,821,7.09,28
2025-06-19,Day,Line4,M402,P103,944,923,7.51,15
2025-06-19,Night,Line4,M402,P102,1118,1100,7.08,16
2025-06-19,Day,Line4,M403,P103,908,879,6.82,16
2025-06-19,Night,Line4,M403,P103,1020,958,7.13,30
2025-06-19,Day,Line4,M404,P101,943,933,7.65,23
2025-06-19,Night,Line4,M404,P101,968,887,6.94,13
2025-06-20,Day,Line1,M101,P103,1009,911,7.98,45
2025-06-20,Night,Line1,M101,P101,1131,1011,7.2,44
2025-06-20,Day,Line1,M102,P103,1132,1103,7.24,29
2025-06-20,Night,Line1,M102,P101,1056,983,7.4,12
2025-06-20,Day,Line1,M103,P103,1065,1015,7.92,15
2025-06-20,Night,Line1,M103,P103,987,904,7.38,13
2025-06-20,Day,Line1,M104,P102,885,881,7.87,16
2025-06-20,Night,Line1,M104,P101,904,809,6.91,40
2025-06-20,Day,Line2,M201,P101,1090,1065,6.76,33
2025-06-20,Night,Line2,M201,P104,1127,1059,7.58,16
2025-06-20,Day,Line2,M202,P103,931,937,7.03,45
2025-06-20,Night,Line2,M202,P102,891,864,6.97,31
2025-06-20,Day,Line2,M203,P102,944,876,7.13,16
2025-06-20,Night,Line2,M203,P101,1090,1046,6.78,23
2025-06-20,Day,Line2,M204,P102,936,911,6.71,42
2025-06-20,Night,Line2,M204,P102,1058,992,7.38,10
2025-06-20,Day,Line3,M301,P103,1145,1062,7.68,22
2025-06-20,Night,Line3,M301,P104,1130,984,6.67,25
2025-06-20,Day,Line3,M302,P101,1070,977,7.82,23
2025-06-20,Night,Line3,M302,P104,948,844,7.93,43
2025-06-20,Day,Line3,M303,P103,1026,910,6.78,18
2025-06-20,Night,Line3,M303,P104,1152,1014,7.25,36
2025-06-20,Day,Line3,M304,P103,987,884,7.49,25
2025-06-20,Night,Line3,M304,P101,1065,960,6.99,26
2025-06-20,Day,Line4,M401,P104,850,848,7.2,17
2025-06-20,Night,Line4,M401,P104,1152,1039,7.72,22
2025-06-20,Day,Line4,M402,P103,915,889,6.6,21
2025-06-20,Night,Line4,M402,P101,1193,1103,6.79,25
2025-06-20,Day,Line4,M403,P102,870,859,6.88,24
2025-06-20,Night,Line4,M403,P102,873,831,6.99,14
2025-06-20,Day,Line4,M404,P104,918,841,7.72,23
2025-06-20,Night,Line4,M404,P103,907,857,7.66,10
2025-06-21,Day,Line1,M101,P102,906,866,7.66,10
2025-06-21,Night,Line1,M101,P104,904,818,7.01,31
2025-06-21,Day,Line1,M102,P102,1078,1019,7.41,19
2025-06-21,Night,Line1,M102,P102,1181,1115,6.73,17
2025-06-21,Day,Line1,M103,P103,1016,961,6.92,36
2025-06-21,Night,Line1,M103,P104,1187,1153,7.76,43
2025-06-21,Day,Line1,M104,P103,1077,1029,7.06,22
2025-06-21,Night,Line1,M104,P102,955,881,6.93,34
2025-06-21,Day,Line2,M201,P103,946,913,6.6,25
2025-06-21,Night,Line2,M201,P104,1100,1044,7.57,27
2025-06-21,Day,Line2,M202,P104,875,864,6.97,26
2025-06-21,Night,Line2,M202,P101,1071,1008,7.36,39
2025-06-21,Day,Line2,M203,P102,881,742,7.18,13
2025-06-21,Night,Line2,M203,P104,1118,1060,6.81,28
2025-06-21,Day,Line2,M204,P102,1061,1008,7.94,17
2025-06-21,Night,Line2,M204,P103,922,910,6.89,28
2025-06-21,Day,Line3,M301,P103,940,866,7.5,37
2025-06-21,Night,Line3,M301,P101,1092,977,7.81,43
2025-06-21,Day,Line3,M302,P101,1150,1030,7.4,39
2025-06-21,Night,Line3,M302,P103,1005,926,6.73,24
2025-06-21,Day,Line3,M303,P104,952,822,7.62,27
2025-06-21,Night,Line3,M303,P104,1049,940,7.29,27
2025-06-21,Day,Line3,M304,P102,1095,945,8.0,24
2025-06-21,Night,Line3,M304,P104,918,800,6.61,11
2025-06-21,Day,Line4,M401,P102,1180,1161,6.82,41
2025-06-21,Night,Line4,M401,P104,962,913,7.96,45
2025-06-21,Day,Line4,M402,P102,906,874,7.67,27
2025-06-21,Night,Line4,M402,P103,1117,1017,7.05,26
2025-06-21,Day,Line4,M403,P101,989,947,6.73,43
2025-06-21,Night,Line4,M403,P103,1056,1004,7.2,11
2025-06-21,Day,Line4,M404,P101,1140,1126,7.19,16
2025-06-21,Night,Line4,M404,P102,994,949,7.39,26
2025-06-22,Day,Line1,M101,P102,1192,1173,7.98,45
2025-06-22,Night,Line1,M101,P102,1171,1054,6.57,41
2025-06-22,Day,Line1,M102,P101,926,893,6.88,11
2025-06-22,Night,Line1,M102,P103,1133,1098,7.93,36
2025-06-22,Day,Line1,M103,P103,850,763,6.77,40
2025-06-22,Night,Line1,M103,P102,945,882,6.87,16
2025-06-22,Day,Line1,M104,P103,1067,1036,7.87,26
2025-06-22,Night,Line1,M104,P103,1150,1119,6.85,22
2025-06-22,Day,Line2,M201,P104,1192,1148,7.54,32
2025-06-22,Night,Line2,M201,P101,1044,981,6.96,40
2025-06-22,Day,Line2,M202,P102,975,944,6.52,30
2025-06-22,Night,Line2,M202,P101,1022,972,7.73,32
2025-06-22,Day,Line2,M203,P104,973,910,6.84,44
2025-06-22,Night,Line2,M203,P103,1102,1020,7.2,24
2025-06-22,Day,Line2,M204,P104,1137,1033,6.76,11
2025-06-22,Night,Line2,M204,P101,902,831,7.64,18
2025-06-22,Day,Line3,M301,P102,1060,932,6.83,12
2025-06-22,Night,Line3,M301,P102,1089,942,6.71,36
2025-06-22,Day,Line3,M302,P101,902,879,7.56,45
2025-06-22,Night,Line3,M302,P104,919,846,7.52,24
2025-06-22,Day,Line3,M303,P102,961,845,7.52,33
2025-06-22,Night,Line3,M303,P101,868,740,7.02,26
2025-06-22,Day,Line3,M304,P101,1150,1027,6.91,36
2025-06-22,Night,Line3,M304,P101,993,846,6.63,38
2025-06-22,Day,Line4,M401,P102,897,868,6.83,31
2025-06-22,Night,Line4,M401,P102,1163,1101,6.6,17
2025-06-22,Day,Line4,M402,P101,978,914,7.09,44
2025-06-22,Night,Line4,M402,P102,872,837,6.6,40
2025-06-22,Day,Line4,M403,P103,1127,1105,7.71,20
2025-06-22,Night,Line4,M403,P101,1100,1012,6.81,23
2025-06-22,Day,Line4,M404,P104,1019,952,6.61,16
2025-06-22,Night,Line4,M404,P101,1107,1027,7.99,24
2025-06-23,Day,Line1,M101,P103,850,830,7.65,37
2025-06-23,Night,Line1,M101,P103,1032,1033,7.76,38
2025-06-23,Day,Line1,M102,P102,863,842,7.06,16
2025-06-23,Night,Line1,M102,P101,1191,1081,7.97,27
2025-06-23,Day,Line1,M103,P102,938,909,6.8,20
2025-06-23,Night,Line1,M103,P102,873,823,7.8,21
2025-06-23,Day,Line1,M104,P102,957,920,7.69,22
2025-06-23,Night,Line1,M104,P102,1001,904,7.15,39
2025-06-23,Day,Line2,M201,P101,1188,1151,7.14,38
2025-06-23,Night,Line2,M201,P102,1166,1095,7.41,18
2025-06-23,Day,Line2,M202,P101,910,843,6.52,23
2025-06-23,Night,Line2,M202,P103,1171,1160,7.39,29
2025-06-23,Day,Line2,M203,P104,928,857,6.79,14
2025-06-23,Night,Line2,M203,P102,1092,1041,7.48,34
2025-06-23,Day,Line2,M204,P101,937,895,6.72,33
2025-06-23,Night,Line2,M204,P101,1122,1043,7.37,21
2025-06-23,Day,Line3,M301,P104,905,857,6.88,15
2025-06-23,Night,Line3,M301,P102,958,878,6.63,14
2025-06-23,Day,Line3,M302,P102,1062,962,7.92,16
2025-06-23,Night,Line3,M302,P104,967,838,6.83,20
2025-06-23,Day,Line3,M303,P103,1116,1000,7.41,45
2025-06-23,Night,Line3,M303,P103,1081,953,7.52,20
2025-06-23,Day,Line3,M304,P102,1079,1012,7.23,37
2025-06-23,Night,Line3,M304,P102,1162,1047,6.7,38
2025-06-23,Day,Line4,M401,P103,1011,999,7.42,26
2025-06-23,Night,Line4,M401,P102,860,775,7.3,22
2025-06-23,Day,Line4,M402,P104,1001,992,7.82,34
2025-06-23,Night,Line4,M402,P104,896,880,7.38,17
2025-06-23,Day,Line4,M403,P102,877,823,7.52,24
2025-06-23,Night,Line4,M403,P101,1136,1094,7.85,40
2025-06-23,Day,Line4,M404,P104,1182,1181,7.59,18
2025-06-23,Night,Line4,M404,P101,1115,1030,6.59,21
2025-06-24,Day,Line1,M101,P102,914,849,7.95,25
2025-06-24,Night,Line1,M101,P101,1110,1050,7.72,44
2025-06-24,Day,Line1,M102,P101,973,883,6.55,44
2025-06-24,Night,Line1,M102,P101,1023,993,7.31,43
2025-06-24,Day,Line1,M103,P101,982,918,7.7,26
2025-06-24,Night,Line1,M103,P103,1131,1055,7.87,18
2025-06-24,Day,Line1,M104,P102,872,855,6.82,37
2025-06-24,Night,Line1,M104,P104,955,913,6.9,18
2025-06-24,Day,Line2,M201,P102,1175,1151,7.92,15
2025-06-24,Night,Line2,M201,P102,1169,1073,7.58,38
2025-06-24,Day,Line2,M202,P101,1066,1033,7.08,44
2025-06-24,Night,Line2,M202,P101,1014,979,7.14,39
2025-06-24,Day,Line2,M203,P102,1198,1129,7.33,27
2025-06-24,Night,Line2,M203,P103,865,859,7.34,12
2025-06-24,Day,Line2,M204,P101,863,823,7.21,11
2025-06-24,Night,Line2,M204,P101,892,790,7.08,30
2025-06-24,Day,Line3,M301,P102,1176,1063,7.41,15
2025-06-24,Night,Line3,M301,P101,947,879,7.84,40
2025-06-24,Day,Line3,M302,P101,1074,948,7.86,44
2025-06-24,Night,Line3,M302,P103,879,756,7.47,11
2025-06-24,Day,Line3,M303,P102,1030,949,7.6,30
2025-06-24,Night,Line3,M303,P104,1194,1025,7.79,17
2025-06-24,Day,Line3,M304,P103,999,877,7.04,26
2025-06-24,Night,Line3,M304,P102,893,773,7.87,44
2025-06-24,Day,Line4,M401,P102,1157,1165,7.24,44
2025-06-24,Night,Line4,M401,P104,997,952,6.54,41
2025-06-24,Day,Line4,M402,P101,927,891,7.58,21
2025-06-24,Night,Line4,M402,P103,1106,1015,6.82,12
2025-06-24,Day,Line4,M403,P103,1044,1028,7.12,40
2025-06-24,Night,Line4,M403,P101,1109,1062,7.62,37
2025-06-24,Day,Line4,M404,P104,863,871,7.65,12
2025-06-24,Night,Line4,M404,P101,851,776,7.99,26
2025-06-25,Day,Line1,M101,P102,1043,969,6.75,32
2025-06-25,Night,Line1,M101,P103,895,794,6.81,33
2025-06-25,Day,Line1,M102,P103,1121,1093,7.09,19
2025-06-25,Night,Line1,M102,P104,1043,988,6.77,17
2025-06-25,Day,Line1,M103,P102,1061,1006,6.94,19
2025-06-25,Night,Line1,M103,P103,1111,985,6.85,24
2025-06-25,Day,Line1,M104,P103,1039,1042,6.9,13
2025-06-25,Night,Line1,M104,P103,1008,953,7.4,20
2025-06-25,Day,Line2,M201,P104,871,867,7.17,45
2025-06-25,Night,Line2,M201,P101,1170,1145,7.02,40
2025-06-25,Day,Line2,M202,P101,1058,1031,6.98,23
2025-06-25,Night,Line2,M202,P102,1060,1016,6.65,45
2025-06-25,Day,Line2,M203,P104,1166,1098,7.01,32
2025-06-25,Night,Line2,M203,P101,1169,1102,7.63,43
2025-06-25,Day,Line2,M204,P102,914,904,7.62,14
2025-06-25,Night,Line2,M204,P101,987,904,6.87,13
2025-06-25,Day,Line3,M301,P101,1050,984,7.1,26
2025-06-25,Night,Line3,M301,P101,1134,1038,6.82,43
2025-06-25,Day,Line3,M302,P101,983,918,7.46,26
2025-06-25,Night,Line3,M302,P102,1130,1007,6.76,40
2025-06-25,Day,Line3,M303,P104,977,868,7.39,43
2025-06-25,Night,Line3,M303,P102,1043,984,7.6,22
2025-06-25,Day,Line3,M304,P101,1054,1002,7.58,27
2025-06-25,Night,Line3,M304,P102,929,828,7.42,14
2025-06-25,Day,Line4,M401,P102,1054,1019,7.9,28
2025-06-25,Night,Line4,M401,P102,1117,1041,6.71,29
2025-06-25,Day,Line4,M402,P104,1002,910,7.63,20
2025-06-25,Night,Line4,M402,P101,974,913,7.58,36
2025-06-25,Day,Line4,M403,P102,1038,1012,7.19,43
2025-06-25,Night,Line4,M403,P104,959,885,6.99,16
2025-06-25,Day,Line4,M404,P103,978,929,7.49,15
2025-06-25,Night,Line4,M404,P104,870,809,7.33,34
2025-06-26,Day,Line1,M101,P103,1173,1130,7.57,34
2025-06-26,Night,Line1,M101,P102,1031,962,6.59,33
2025-06-26,Day,Line1,M102,P103,871,814,7.86,21
2025-06-26,Night,Line1,M102,P104,967,912,7.86,33
2025-06-26,Day,Line1,M103,P103,1128,1098,7.72,21
2025-06-26,Night,Line1,M103,P103,948,897,7.74,11
2025-06-26,Day,Line1,M104,P101,1090,988,6.83,34
2025-06-26,Night,Line1,M104,P103,1060,1016,6.99,27
2025-06-26,Day,Line2,M201,P103,1112,1030,6.89,43
2025-06-26,Night,Line2,M201,P101,965,919,7.2,16
2025-06-26,Day,Line2,M202,P103,973,948,7.88,45
2025-06-26,Night,Line2,M202,P102,991,888,7.62,31
2025-06-26,Day,Line2,M203,P102,1088,1073,7.23,13
2025-06-26,Night,Line2,M203,P103,869,863,6.78,28
2025-06-26,Day,Line2,M204,P101,999,950,6.64,25
2025-06-26,Night,Line2,M204,P102,960,914,7.63,23
2025-06-26,Day,Line3,M301,P103,949,851,6.54,43
2025-06-26,Night,Line3,M301,P103,1150,984,6.71,30
2025-06-26,Day,Line3,M302,P101,1052,988,7.06,24
2025-06-26,Night,Line3,M302,P102,902,815,7.81,15
2025-06-26,Day,Line3,M303,P101,1157,1030,6.73,39
2025-06-26,Night,Line3,M303,P104,913,783,7.43,44
2025-06-26,Day,Line3,M304,P101,1160,1119,7.64,22
2025-06-26,Night,Line3,M304,P102,1153,980,7.32,15
2025-06-26,Day,Line4,M401,P102,1102,1077,6.95,23
2025-06-26,Night,Line4,M401,P102,1057,999,7.04,30
2025-06-26,Day,Line4,M402,P102,870,855,6.77,36
2025-06-26,Night,Line4,M402,P101,889,875,7.06,15
2025-06-26,Day,Line4,M403,P104,1017,901,6.77,34
2025-06-26,Night,Line4,M403,P101,1086,988,7.89,42
2025-06-26,Day,Line4,M404,P104,1132,1082,7.52,43
2025-06-26,Night,Line4,M404,P101,855,844,7.85,21
2025-06-27,Day,Line1,M101,P102,863,818,7.31,11
2025-06-27,Night,Line1,M101,P101,1021,941,7.7,36
2025-06-27,Day,Line1,M102,P101,1131,1014,6.94,18
2025-06-27,Night,Line1,M102,P101,975,896,6.76,34
2025-06-27,Day,Line1,M103,P103,1091,1065,7.74,41
2025-06-27,Night,Line1,M103,P103,995,932,7.22,17
2025-06-27,Day,Line1,M104,P104,851,799,7.34,23
2025-06-27,Night,Line1,M104,P104,1038,1033,6.59,32
2025-06-27,Day,Line2,M201,P102,879,836,7.73,14
2025-06-27,Night,Line2,M201,P103,1159,1093,7.74,14
2025-06-27,Day,Line2,M202,P101,1119,1048,7.22,28
2025-06-27,Night,Line2,M202,P101,1126,1020,7.39,28
2025-06-27,Day,Line2,M203,P102,968,949,6.95,35
2025-06-27,Night,Line2,M203,P104,1025,914,6.58,11
2025-06-27,Day,Line2,M204,P102,1058,1030,6.72,22
2025-06-27,Night,Line2,M204,P102,930,798,7.33,23
2025-06-27,Day,Line3,M301,P102,887,815,7.9,25
2025-06-27,Night,Line3,M301,P104,990,850,6.79,31
2025-06-27,Day,Line3,M302,P103,1064,940,7.03,14
2025-06-27,Night,Line3,M302,P101,980,864,6.76,12
2025-06-27,Day,Line3,M303,P103,916,800,6.95,43
2025-06-27,Night,Line3,M303,P104,871,727,7.48,33
2025-06-27,Day,Line3,M304,P101,1022,924,6.79,25
2025-06-27,Night,Line3,M304,P104,1052,960,6.91,37
2025-06-27,Day,Line4,M401,P104,873,844,7.18,43
2025-06-27,Night,Line4,M401,P101,909,884,6.72,18
2025-06-27,Day,Line4,M402,P104,859,779,7.91,12
2025-06-27,Night,Line4,M402,P102,878,814,7.83,43
2025-06-27,Day,Line4,M403,P102,1034,993,6.84,34
2025-06-27,Night,Line4,M403,P104,1161,1061,7.12,15
2025-06-27,Day,Line4,M404,P101,1047,1007,7.0,19
2025-06-27,Night,Line4,M404,P104,887,861,6.81,30
2025-06-28,Day,Line1,M101,P102,901,878,7.2,21
2025-06-28,Night,Line1,M101,P102,980,956,6.83,31
2025-06-28,Day,Line1,M102,P103,876,848,7.28,37
2025-06-28,Night,Line1,M102,P102,1073,1005,7.1,16
2025-06-28,Day,Line1,M103,P104,1170,1176,7.01,41
2025-06-28,Night,Line1,M103,P104,1137,1072,6.77,19
2025-06-28,Day,Line1,M104,P102,1118,1132,7.57,26
2025-06-28,Night,Line1,M104,P103,870,841,7.82,17
2025-06-28,Day,Line2,M201,P102,1005,944,7.94,45
2025-06-28,Night,Line2,M201,P101,1120,1046,7.15,38
2025-06-28,Day,Line2,M202,P102,1025,1030,7.32,29
2025-06-28,Night,Line2,M202,P102,1094,1065,6.81,45
2025-06-28,Day,Line2,M203,P102,1058,1039,7.33,12
2025-06-28,Night,Line2,M203,P102,969,928,7.23,33
2025-06-28,Day,Line2,M204,P101,877,808,7.93,16
2025-06-28,Night,Line2,M204,P103,1081,981,7.68,11
2025-06-28,Day,Line3,M301,P101,1109,1016,6.75,33
2025-06-28,Night,Line3,M301,P101,998,951,7.97,28
2025-06-28,Day,Line3,M302,P102,858,759,7.24,38
2025-06-28,Night,Line3,M302,P103,1148,1012,7.81,20
2025-06-28,Day,Line3,M303,P104,1156,1040,6.56,36
2025-06-28,Night,Line3,M303,P104,1186,1075,7.77,28
2025-06-28,Day,Line3,M304,P104,895,821,7.36,43
2025-06-28,Night,Line3,M304,P103,924,850,7.72,44
2025-06-28,Day,Line4,M401,P103,1146,1110,7.33,34
2025-06-28,Night,Line4,M401,P102,925,875,7.95,31
2025-06-28,Day,Line4,M402,P101,1000,959,7.08,11
2025-06-28,Night,Line4,M402,P103,1141,1113,7.42,22
2025-06-28,Day,Line4,M403,P102,947,909,7.81,16
2025-06-28,Night,Line4,M403,P102,964,886,6.82,28
2025-06-28,Day,Line4,M404,P102,1070,1048,7.14,35
2025-06-28,Night,Line4,M404,P101,1058,990,7.04,11
2025-06-29,Day,Line1,M101,P104,929,916,7.45,35
2025-06-29,Night,Line1,M101,P101,1084,929,7.7,36
2025-06-29,Day,Line1,M102,P101,1178,1177,7.3,38
2025-06-29,Night,Line1,M102,P102,960,896,7.01,29
2025-06-29,Day,Line1,M103,P102,1116,1114,7.34,24
2025-06-29,Night,Line1,M103,P103,1193,1154,6.58,33
2025-06-29,Day,Line1,M104,P102,1116,1053,6.92,18
2025-06-29,Night,Line1,M104,P101,995,910,7.51,10
2025-06-29,Day,Line2,M201,P103,1058,987,7.29,17
2025-06-29,Night,Line2,M201,P102,1139,1032,6.82,37
2025-06-29,Day,Line2,M202,P103,865,860,7.42,45
2025-06-29,Night,Line2,M202,P102,1057,987,6.94,32
2025-06-29,Day,Line2,M203,P102,1072,1083,7.96,27
2025-06-29,Night,Line2,M203,P101,1131,1041,7.84,34
2025-06-29,Day,Line2,M204,P104,1026,970,6.59,36
2025-06-29,Night,Line2,M204,P101,960,917,6.86,10
2025-06-29,Day,Line3,M301,P104,1068,1023,7.44,16
2025-06-29,Night,Line3,M301,P102,947,828,6.86,43
2025-06-29,Day,Line3,M302,P103,1142,1066,7.72,31
2025-06-29,Night,Line3,M302,P101,978,870,6.98,22
2025-06-29,Day,Line3,M303,P103,1054,975,6.78,44
2025-06-29,Night,Line3,M303,P102,973,843,7.27,29
2025-06-29,Day,Line3,M304,P103,1170,1088,7.92,12
2025-06-29,Night,Line3,M304,P101,934,823,6.51,40
2025-06-29,Day,Line4,M401,P102,850,804,7.86,10
2025-06-29,Night,Line4,M401,P104,1157,1086,7.28,35
2025-06-29,Day,Line4,M402,P104,882,862,7.54,13
2025-06-29,Night,Line4,M402,P101,1048,980,7.8,42
2025-06-29,Day,Line4,M403,P102,888,841,7.96,15
2025-06-29,Night,Line4,M403,P102,1163,1088,6.53,31
2025-06-29,Day,Line4,M404,P101,874,835,6.52,14
2025-06-29,Night,Line4,M404,P104,1120,1069,7.53,13
2025-06-30,Day,Line1,M101,P103,891,845,7.35,28
2025-06-30,Night,Line1,M101,P101,1014,941,7.46,13
2025-06-30,Day,Line1,M102,P104,1058,991,7.94,21
2025-06-30,Night,Line1,M102,P102,1148,1098,7.46,38
2025-06-30,Day,Line1,M103,P104,1171,1128,7.12,19
2025-06-30,Night,Line1,M103,P101,1038,1012,7.97,24
2025-06-30,Day,Line1,M104,P103,988,979,7.93,11
2025-06-30,Night,Line1,M104,P104,1075,1018,7.51,38
2025-06-30,Day,Line2,M201,P103,1050,1005,6.56,20
2025-06-30,Night,Line2,M201,P101,1079,1014,6.8,18
2025-06-30,Day,Line2,M202,P104,1060,998,6.96,18
2025-06-30,Night,Line2,M202,P102,1026,941,7.04,11
2025-06-30,Day,Line2,M203,P101,1101,1027,6.56,40
2025-06-30,Night,Line2,M203,P104,874,816,7.51,20
2025-06-30,Day,Line2,M204,P101,984,875,7.45,11
2025-06-30,Night,Line2,M204,P104,1118,1103,7.74,44
2025-06-30,Day,Line3,M301,P103,884,855,7.93,22
2025-06-30,Night,Line3,M301,P102,953,820,7.76,39
2025-06-30,Day,Line3,M302,P102,895,865,6.77,18
2025-06-30,Night,Line3,M302,P103,1033,889,7.34,20
2025-06-30,Day,Line3,M303,P102,1026,934,7.89,35
2025-06-30,Night,Line3,M303,P101,1089,981,7.11,44
2025-06-30,Day,Line3,M304,P101,1087,992,6.91,10
2025-06-30,Night,Line3,M304,P102,934,816,6.55,16
2025-06-30,Day,Line4,M401,P101,1158,1091,7.69,20
2025-06-30,Night,Line4,M401,P101,1044,1006,6.93,17
2025-06-30,Day,Line4,M402,P102,1066,1062,7.41,25
2025-06-30,Night,Line4,M402,P103,917,816,7.34,39
2025-06-30,Day,Line4,M403,P104,1129,1092,7.11,32
2025-06-30,Night,Line4,M403,P104,912,873,7.79,22
2025-06-30,Day,Line4,M404,P102,1079,1041,7.93,14
2025-06-30,Night,Line4,M404,P103,1007,906,7.44,26
2025-07-01,Day,Line1,M101,P101,936,913,7.76,30
2025-07-01,Night,Line1,M101,P101,922,896,7.92,35
2025-07-01,Day,Line1,M102,P103,1111,1040,7.23,12
2025-07-01,Night,Line1,M102,P101,1070,988,7.55,27
2025-07-01,Day,Line1,M103,P103,877,847,7.54,25
2025-07-01,Night,Line1,M103,P104,954,894,7.1,26
2025-07-01,Day,Line1,M104,P101,1053,994,6.75,40
2025-07-01,Night,Line1,M104,P101,922,835,6.66,39
2025-07-01,Day,Line2,M201,P104,1191,1127,6.81,42
2025-07-01,Night,Line2,M201,P102,945,831,6.95,14
2025-07-01,Day,Line2,M202,P101,932,911,7.57,15
2025-07-01,Night,Line2,M202,P104,1151,1058,7.45,44
2025-07-01,Day,Line2,M203,P102,902,887,7.95,22
2025-07-01,Night,Line2,M203,P103,1115,1040,6.76,36
2025-07-01,Day,Line2,M204,P102,1143,1102,6.64,44
2025-07-01,Night,Line2,M204,P103,1101,984,7.15,38
2025-07-01,Day,Line3,M301,P102,1068,994,7.0,24
2025-07-01,Night,Line3,M301,P102,908,878,7.31,42
2025-07-01,Day,Line3,M302,P102,1128,1014,6.6,30
2025-07-01,Night,Line3,M302,P104,864,772,7.33,31
2025-07-01,Day,Line3,M303,P102,1143,1048,7.56,38
2025-07-01,Night,Line3,M303,P101,1102,939,6.8,44
2025-07-01,Day,Line3,M304,P104,1056,928,7.42,17
2025-07-01,Night,Line3,M304,P104,1094,991,7.12,13
2025-07-01,Day,Line4,M401,P104,1104,1034,6.67,25
2025-07-01,Night,Line4,M401,P104,1115,1040,7.59,19
2025-07-01,Day,Line4,M402,P101,1036,999,7.57,10
2025-07-01,Night,Line4,M402,P104,1126,1077,7.64,19
2025-07-01,Day,Line4,M403,P101,1187,1133,7.87,20
2025-07-01,Night,Line4,M403,P102,964,901,6.71,32
2025-07-01,Day,Line4,M404,P103,1195,1231,7.32,20
2025-07-01,Night,Line4,M404,P101,1051,1017,6.65,33
2025-07-02,Day,Line1,M101,P101,1021,969,7.09,44
2025-07-02,Night,Line1,M101,P104,903,845,6.78,26
2025-07-02,Day,Line1,M102,P104,1141,1157,7.3,19
2025-07-02,Night,Line1,M102,P101,1117,1069,7.15,21
2025-07-02,Day,Line1,M103,P101,1142,1133,6.83,18
2025-07-02,Night,Line1,M103,P103,1140,1059,7.6,35
2025-07-02,Day,Line1,M104,P104,1154,1091,6.95,12
2025-07-02,Night,Line1,M104,P103,970,955,7.21,37
2025-07-02,Day,Line2,M201,P103,1129,1081,7.26,11
2025-07-02,Night,Line2,M201,P102,914,857,7.77,12
2025-07-02,Day,Line2,M202,P103,867,821,6.61,24
2025-07-02,Night,Line2,M202,P104,1156,1122,7.35,26
2025-07-02,Day,Line2,M203,P103,1181,1174,7.99,18
2025-07-02,Night,Line2,M203,P103,1160,1097,7.26,31
2025-07-02,Day,Line2,M204,P101,1181,1095,6.51,15
2025-07-02,Night,Line2,M204,P103,1027,949,7.26,38
2025-07-02,Day,Line3,M301,P104,868,823,7.26,38
2025-07-02,Night,Line3,M301,P101,1032,925,7.87,21
2025-07-02,Day,Line3,M302,P102,1128,1062,6.72,35
2025-07-02,Night,Line3,M302,P104,1049,946,7.78,40
2025-07-02,Day,Line3,M303,P102,1126,992,6.78,21
2025-07-02,Night,Line3,M303,P101,1165,1054,7.89,38
2025-07-02,Day,Line3,M304,P103,1044,948,6.97,14
2025-07-02,Night,Line3,M304,P101,1171,1024,7.5,39
2025-07-02,Day,Line4,M401,P104,1162,1100,7.14,44
2025-07-02,Night,Line4,M401,P104,1046,1015,7.97,44
2025-07-02,Day,Line4,M402,P102,1169,1131,7.16,37
2025-07-02,Night,Line4,M402,P104,928,877,6.85,18
2025-07-02,Day,Line4,M403,P103,1114,1123,6.66,22
2025-07-02,Night,Line4,M403,P104,869,799,6.91,44
2025-07-02,Day,Line4,M404,P103,1198,1146,7.74,43
2025-07-02,Night,Line4,M404,P101,1054,972,6.54,21
2025-07-03,Day,Line1,M101,P102,1038,1011,6.86,13
2025-07-03,Night,Line1,M101,P103,865,818,7.54,33
2025-07-03,Day,Line1,M102,P104,1045,992,6.72,31
2025-07-03,Night,Line1,M102,P104,1141,1064,7.55,12
2025-07-03,Day,Line1,M103,P101,1194,1179,7.0,17
2025-07-03,Night,Line1,M103,P102,993,968,6.75,44
2025-07-03,Day,Line1,M104,P102,1025,967,7.59,33
2025-07-03,Night,Line1,M104,P103,978,996,7.16,21
2025-07-03,Day,Line2,M201,P104,1085,1000,6.82,35
2025-07-03,Night,Line2,M201,P102,921,838,6.9,32
2025-07-03,Day,Line2,M202,P103,945,899,6.55,25
2025-07-03,Night,Line2,M202,P102,1199,1101,6.78,44
2025-07-03,Day,Line2,M203,P103,1050,982,7.5,24
2025-07-03,Night,Line2,M203,P102,1129,1100,7.58,16
2025-07-03,Day,Line2,M204,P103,1057,1031,6.53,20
2025-07-03,Night,Line2,M204,P103,890,839,7.61,30
2025-07-03,Day,Line3,M301,P102,1122,1004,6.76,31
2025-07-03,Night,Line3,M301,P104,941,810,7.4,31
2025-07-03,Day,Line3,M302,P104,935,822,7.31,20
2025-07-03,Night,Line3,M302,P104,1151,1064,7.54,24
2025-07-03,Day,Line3,M303,P102,1025,966,7.66,43
2025-07-03,Night,Line3,M303,P103,902,796,6.6,24
2025-07-03,Day,Line3,M304,P101,1136,988,7.34,35
2025-07-03,Night,Line3,M304,P103,1037,941,7.94,11
2025-07-03,Day,Line4,M401,P104,1115,1062,6.94,26
2025-07-03,Night,Line4,M401,P104,1136,1100,6.85,30
2025-07-03,Day,Line4,M402,P101,1162,1080,7.32,30
2025-07-03,Night,Line4,M402,P104,1198,1129,6.5,28
2025-07-03,Day,Line4,M403,P103,964,893,7.96,10
2025-07-03,Night,Line4,M403,P102,1006,924,7.59,17
2025-07-03,Day,Line4,M404,P101,907,851,7.28,40
2025-07-03,Night,Line4,M404,P104,934,870,6.82,13
2025-07-04,Day,Line1,M101,P102,1117,1114,7.42,31
2025-07-04,Night,Line1,M101,P102,987,931,7.45,12
2025-07-04,Day,Line1,M102,P101,1036,1018,7.9,23
2025-07-04,Night,Line1,M102,P104,1007,948,7.27,15
2025-07-04,Day,Line1,M103,P103,1000,948,6.78,39
2025-07-04,Night,Line1,M103,P101,1017,898,7.45,30
2025-07-04,Day,Line1,M104,P102,904,841,6.8,23
2025-07-04,Night,Line1,M104,P102,1037,974,7.22,23
2025-07-04,Day,Line2,M201,P104,1093,1054,7.52,43
2025-07-04,Night,Line2,M201,P101,971,940,7.01,37
2025-07-04,Day,Line2,M202,P104,1012,924,7.49,12
2025-07-04,Night,Line2,M202,P101,1167,1171,6.58,27
2025-07-04,Day,Line2,M203,P102,1179,1064,6.99,16
2025-07-04,Night,Line2,M203,P103,894,838,7.94,12
2025-07-04,Day,Line2,M204,P103,940,886,7.26,39
2025-07-04,Night,Line2,M204,P104,1165,1062,7.79,43
2025-07-04,Day,Line3,M301,P101,1152,1101,7.78,43
2025-07-04,Night,Line3,M301,P104,1137,993,6.97,13
2025-07-04,Day,Line3,M302,P102,1094,942,7.75,10
2025-07-04,Night,Line3,M302,P103,1034,882,6.57,18
2025-07-04,Day,Line3,M303,P102,1113,1049,7.35,43
2025-07-04,Night,Line3,M303,P103,1055,901,7.15,20
2025-07-04,Day,Line3,M304,P102,1019,884,7.15,45
2025-07-04,Night,Line3,M304,P104,1063,951,7.25,13
2025-07-04,Day,Line4,M401,P103,1148,1092,7.8,42
2025-07-04,Night,Line4,M401,P104,1080,1029,7.47,44
2025-07-04,Day,Line4,M402,P104,993,941,6.89,29
2025-07-04,Night,Line4,M402,P102,920,884,7.07,41
2025-07-04,Day,Line4,M403,P103,1111,1023,6.98,31
2025-07-04,Night,Line4,M403,P103,1127,1009,7.43,31
2025-07-04,Day,Line4,M404,P104,1036,1003,7.72,30
2025-07-04,Night,Line4,M404,P103,941,877,7.21,42
2025-07-05,Day,Line1,M101,P102,1005,951,6.53,17
2025-07-05,Night,Line1,M101,P101,1069,1024,7.43,31
2025-07-05,Day,Line1,M102,P101,919,945,7.85,10
2025-07-05,Night,Line1,M102,P101,871,781,7.95,19
2025-07-05,Day,Line1,M103,P103,1040,1038,6.63,24
2025-07-05,Night,Line1,M103,P102,887,851,6.74,25
2025-07-05,Day,Line1,M104,P102,1179,1114,7.17,17
2025-07-05,Night,Line1,M104,P103,1012,1000,6.96,14
2025-07-05,Day,Line2,M201,P102,852,787,7.44,30
2025-07-05,Night,Line2,M201,P103,1096,1043,6.76,12
2025-07-05,Day,Line2,M202,P102,1174,1120,6.85,37
2025-07-05,Night,Line2,M202,P102,1199,1109,7.83,16
2025-07-05,Day,Line2,M203,P103,1005,931,6.57,28
2025-07-05,Night,Line2,M203,P104,1047,1072,6.51,41
2025-07-05,Day,Line2,M204,P102,1105,1044,6.9,24
2025-07-05,Night,Line2,M204,P104,1079,942,7.02,38
2025-07-05,Day,Line3,M301,P103,1179,1102,6.78,36
2025-07-05,Night,Line3,M301,P102,853,767,7.76,18
2025-07-05,Day,Line3,M302,P103,1113,1003,6.56,20
2025-07-05,Night,Line3,M302,P103,997,876,6.71,23
2025-07-05,Day,Line3,M303,P101,1119,1015,6.62,23
2025-07-05,Night,Line3,M303,P102,1128,1032,7.94,16
2025-07-05,Day,Line3,M304,P102,947,871,7.9,14
2025-07-05,Night,Line3,M304,P102,952,861,6.83,19
2025-07-05,Day,Line4,M401,P101,1170,1140,7.8,29
2025-07-05,Night,Line4,M401,P101,880,850,7.7,34
2025-07-05,Day,Line4,M402,P101,896,892,6.89,43
2025-07-05,Night,Line4,M402,P102,1062,977,6.99,26
2025-07-05,Day,Line4,M403,P104,931,898,7.09,23
2025-07-05,Night,Line4,M403,P104,1026,907,7.94,11
2025-07-05,Day,Line4,M404,P102,1091,1084,7.78,35
2025-07-05,Night,Line4,M404,P101,1190,1094,7.15,39
2025-07-06,Day,Line1,M101,P102,942,943,7.87,32
2025-07-06,Night,Line1,M101,P104,1087,999,7.63,30
2025-07-06,Day,Line1,M102,P103,1035,1005,7.08,45
2025-07-06,Night,Line1,M102,P103,1097,1022,7.36,18
2025-07-06,Day,Line1,M103,P104,929,880,7.68,12
2025-07-06,Night,Line1,M103,P103,922,879,7.39,15
2025-07-06,Day,Line1,M104,P104,1045,1040,6.53,45
2025-07-06,Night,Line1,M104,P102,902,840,6.67,35
2025-07-06,Day,Line2,M201,P101,1131,1129,7.49,21
2025-07-06,Night,Line2,M201,P104,911,836,7.37,40
2025-07-06,Day,Line2,M202,P102,882,878,6.85,39
2025-07-06,Night,Line2,M202,P102,951,896,7.16,38
2025-07-06,Day,Line2,M203,P102,1139,1104,6.88,21
2025-07-06,Night,Line2,M203,P101,1016,921,7.0,21
2025-07-06,Day,Line2,M204,P102,929,879,6.64,23
2025-07-06,Night,Line2,M204,P104,937,879,7.53,16
2025-07-06,Day,Line3,M301,P104,1017,958,7.54,14
2025-07-06,Night,Line3,M301,P103,970,857,6.51,45
2025-07-06,Day,Line3,M302,P102,971,860,7.67,20
2025-07-06,Night,Line3,M302,P103,1184,1061,7.99,33
2025-07-06,Day,Line3,M303,P102,1145,1109,6.86,44
2025-07-06,Night,Line3,M303,P102,1013,911,7.16,45
2025-07-06,Day,Line3,M304,P103,986,890,6.9,36
2025-07-06,Night,Line3,M304,P101,1100,986,7.17,39
2025-07-06,Day,Line4,M401,P104,962,898,7.89,20
2025-07-06,Night,Line4,M401,P104,998,981,6.64,25
2025-07-06,Day,Line4,M402,P101,1142,1145,6.84,31
2025-07-06,Night,Line4,M402,P103,979,894,7.48,41
2025-07-06,Day,Line4,M403,P101,942,944,7.0,38
2025-07-06,Night,Line4,M403,P104,851,806,7.39,21
2025-07-06,Day,Line4,M404,P102,1075,1053,7.62,14
2025-07-06,Night,Line4,M404,P102,878,825,7.6,31
2025-07-07,Day,Line1,M101,P102,1191,1145,7.2,39
2025-07-07,Night,Line1,M101,P104,907,836,7.89,23
2025-07-07,Day,Line1,M102,P104,1017,949,7.12,18
2025-07-07,Night,Line1,M102,P102,916,835,6.87,19
2025-07-07,Day,Line1,M103,P101,1195,1186,7.75,16
2025-07-07,Night,Line1,M103,P102,1036,979,6.92,35
2025-07-07,Day,Line1,M104,P101,1130,1056,7.87,22
2025-07-07,Night,Line1,M104,P102,869,819,7.11,12
2025-07-07,Day,Line2,M201,P103,1133,1034,7.19,41
2025-07-07,Night,Line2,M201,P104,1115,1019,6.88,42
2025-07-07,Day,Line2,M202,P104,1028,1024,7.75,23
2025-07-07,Night,Line2,M202,P103,1191,1101,6.96,42
2025-07-07,Day,Line2,M203,P103,944,936,6.58,25
2025-07-07,Night,Line2,M203,P104,881,825,7.83,12
2025-07-07,Day,Line2,M204,P102,858,841,7.37,27
2025-07-07,Night,Line2,M204,P103,970,880,7.33,34
2025-07-07,Day,Line3,M301,P101,1143,1058,7.72,30
2025-07-07,Night,Line3,M301,P101,1085,897,6.82,14
2025-07-07,Day,Line3,M302,P103,933,837,6.78,23
2025-07-07,Night,Line3,M302,P101,861,799,7.64,19
2025-07-07,Day,Line3,M303,P102,1150,1047,6.6,32
2025-07-07,Night,Line3,M303,P101,897,774,7.03,29
2025-07-07,Day,Line3,M304,P102,1094,1034,7.11,27
2025-07-07,Night,Line3,M304,P102,879,838,7.14,22
2025-07-07,Day,Line4,M401,P101,1145,1090,7.93,36
2025-07-07,Night,Line4,M401,P104,892,797,7.78,23
2025-07-07,Day,Line4,M402,P104,897,862,7.31,17
2025-07-07,Night,Line4,M402,P102,1053,1013,7.67,13
2025-07-07,Day,Line4,M403,P102,927,884,7.95,17
2025-07-07,Night,Line4,M403,P102,930,819,7.51,17
2025-07-07,Day,Line4,M404,P104,1059,1036,6.94,39
2025-07-07,Night,Line4,M404,P102,877,805,6.53,17
2025-07-08,Day,Line1,M101,P101,909,860,7.88,17
2025-07-08,Night,Line1,M101,P104,1056,945,7.82,16
2025-07-08,Day,Line1,M102,P102,942,839,7.33,12
2025-07-08,Night,Line1,M102,P101,1166,1057,6.87,12
2025-07-08,Day,Line1,M103,P104,919,867,7.21,31
2025-07-08,Night,Line1,M103,P104,977,902,7.24,22
2025-07-08,Day,Line1,M104,P102,868,872,6.84,28
2025-07-08,Night,Line1,M104,P102,1070,973,7.13,34
2025-07-08,Day,Line2,M201,P103,956,945,6.99,44
2025-07-08,Night,Line2,M201,P101,1188,1121,6.7,21
2025-07-08,Day,Line2,M202,P104,1183,1195,6.66,29
2025-07-08,Night,Line2,M202,P101,926,868,7.14,28
2025-07-08,Day,Line2,M203,P102,901,813,7.77,15
2025-07-08,Night,Line2,M203,P103,861,805,7.4,45
2025-07-08,Day,Line2,M204,P104,1170,1044,7.25,43
2025-07-08,Night,Line2,M204,P102,1022,926,6.56,10
2025-07-08,Day,Line3,M301,P103,918,831,6.72,19
2025-07-08,Night,Line3,M301,P103,1042,923,7.49,18
2025-07-08,Day,Line3,M302,P101,1152,1080,7.63,22
2025-07-08,Night,Line3,M302,P103,1029,929,7.17,34
2025-07-08,Day,Line3,M303,P101,1185,1133,7.27,10
2025-07-08,Night,Line3,M303,P102,1191,1093,7.21,32
2025-07-08,Day,Line3,M304,P102,1148,1072,7.47,41
2025-07-08,Night,Line3,M304,P101,899,854,7.42,24
2025-07-08,Day,Line4,M401,P104,910,897,7.28,19
2025-07-08,Night,Line4,M401,P103,947,928,7.52,37
2025-07-08,Day,Line4,M402,P103,1131,1032,6.5,30
2025-07-08,Night,Line4,M402,P103,1048,975,7.34,29
2025-07-08,Day,Line4,M403,P102,958,930,7.04,11
2025-07-08,Night,Line4,M403,P103,888,836,7.09,19
2025-07-08,Day,Line4,M404,P101,922,864,7.41,40
2025-07-08,Night,Line4,M404,P101,1066,1027,7.53,17
2025-07-09,Day,Line1,M101,P103,1164,1154,7.17,20
2025-07-09,Night,Line1,M101,P104,968,907,6.93,45
2025-07-09,Day,Line1,M102,P104,992,944,7.96,13
2025-07-09,Night,Line1,M102,P102,1156,1069,7.34,13
2025-07-09,Day,Line1,M103,P104,893,880,7.18,37
2025-07-09,Night,Line1,M103,P104,1152,1073,6.97,11
2025-07-09,Day,Line1,M104,P104,966,928,7.68,18
2025-07-09,Night,Line1,M104,P102,994,970,6.77,43
2025-07-09,Day,Line2,M201,P101,1025,992,6.94,30
2025-07-09,Night,Line2,M201,P103,931,876,7.69,10
2025-07-09,Day,Line2,M202,P102,996,938,7.64,12
2025-07-09,Night,Line2,M202,P102,880,826,6.75,17
2025-07-09,Day,Line2,M203,P101,1165,1093,7.92,33
2025-07-09,Night,Line2,M203,P104,1104,1045,6.94,38
2025-07-09,Day,Line2,M204,P103,1066,1008,7.92,29
2025-07-09,Night,Line2,M204,P101,1039,966,7.57,38
2025-07-09,Day,Line3,M301,P103,1040,946,7.21,28
2025-07-09,Night,Line3,M301,P104,938,882,6.67,25
2025-07-09,Day,Line3,M302,P103,1095,944,7.97,16
2025-07-09,Night,Line3,M302,P102,978,881,7.69,39
2025-07-09,Day,Line3,M303,P104,851,745,7.68,17
2025-07-09,Night,Line3,M303,P101,1134,999,6.68,13
2025-07-09,Day,Line3,M304,P101,1113,994,7.34,17
2025-07-09,Night,Line3,M304,P101,956,833,7.68,11
2025-07-09,Day,Line4,M401,P104,1133,1068,7.2,24
2025-07-09,Night,Line4,M401,P101,1080,1007,7.62,35
2025-07-09,Day,Line4,M402,P103,896,841,7.92,41
2025-07-09,Night,Line4,M402,P102,1066,980,7.93,43
2025-07-09,Day,Line4,M403,P101,1128,1064,7.01,10
2025-07-09,Night,Line4,M403,P101,1193,1100,6.98,33
2025-07-09,Day,Line4,M404,P104,904,845,7.86,19
2025-07-09,Night,Line4,M404,P101,905,866,7.74,31
2025-07-10,Day,Line1,M101,P101,1087,1031,7.49,15
2025-07-10,Night,Line1,M101,P102,1110,1036,7.48,12
2025-07-10,Day,Line1,M102,P104,1081,1028,7.99,16
2025-07-10,Night,Line1,M102,P102,877,807,7.52,39
2025-07-10,Day,Line1,M103,P102,1020,952,6.62,15
2025-07-10,Night,Line1,M103,P101,997,957,6.92,33
2025-07-10,Day,Line1,M104,P103,1101,1030,6.79,29
2025-07-10,Night,Line1,M104,P102,1055,967,7.36,21
2025-07-10,Day,Line2,M201,P101,950,940,6.78,11
2025-07-10,Night,Line2,M201,P101,1139,1052,7.2,37
2025-07-10,Day,Line2,M202,P102,1028,986,6.58,44
2025-07-10,Night,Line2,M202,P103,1078,1002,7.97,37
2025-07-10,Day,Line2,M203,P104,1155,1107,6.63,26
2025-07-10,Night,Line2,M203,P104,865,851,7.39,23
2025-07-10,Day,Line2,M204,P101,1137,1067,7.35,10
2025-07-10,Night,Line2,M204,P103,951,910,7.72,22
2025-07-10,Day,Line3,M301,P104,930,865,7.82,38
2025-07-10,Night,Line3,M301,P103,1073,974,7.91,35
2025-07-10,Day,Line3,M302,P104,926,882,7.69,15
2025-07-10,Night,Line3,M302,P103,1149,955,7.55,14
2025-07-10,Day,Line3,M303,P102,920,800,6.89,40
2025-07-10,Night,Line3,M303,P101,866,747,6.83,13
2025-07-10,Day,Line3,M304,P103,1056,945,7.61,36
2025-07-10,Night,Line3,M304,P104,901,808,7.54,29
2025-07-10,Day,Line4,M401,P103,1170,1093,7.44,11
2025-07-10,Night,Line4,M401,P101,909,831,7.64,13
2025-07-10,Day,Line4,M402,P104,1151,1107,7.86,41
2025-07-10,Night,Line4,M402,P104,913,871,7.71,26
2025-07-10,Day,Line4,M403,P101,860,824,7.7,26
2025-07-10,Night,Line4,M403,P102,1128,1078,6.69,45
2025-07-10,Day,Line4,M404,P101,1138,1040,6.94,27
2025-07-10,Night,Line4,M404,P101,1011,929,6.68,25
2025-07-11,Day,Line1,M101,P101,1012,943,7.38,21
2025-07-11,Night,Line1,M101,P101,980,905,6.88,42
2025-07-11,Day,Line1,M102,P101,1151,1102,7.48,29
2025-07-11,Night,Line1,M102,P104,1052,935,6.68,43
2025-07-11,Day,Line1,M103,P104,1177,1110,7.96,24
2025-07-11,Night,Line1,M103,P101,951,874,7.1,39
2025-07-11,Day,Line1,M104,P104,1200,1100,7.24,17
2025-07-11,Night,Line1,M104,P104,1045,999,6.61,45
2025-07-11,Day,Line2,M201,P103,902,864,7.1,36
2025-07-11,Night,Line2,M201,P104,900,831,6.71,19
2025-07-11,Day,Line2,M202,P102,1098,1107,7.94,28
2025-07-11,Night,Line2,M202,P101,1098,987,7.75,40
2025-07-11,Day,Line2,M203,P103,977,987,6.69,24
2025-07-11,Night,Line2,M203,P102,1015,946,7.27,37
2025-07-11,Day,Line2,M204,P102,957,896,7.14,42
2025-07-11,Night,Line2,M204,P103,1148,1061,6.7,17
2025-07-11,Day,Line3,M301,P104,857,769,7.3,14
2025-07-11,Night,Line3,M301,P103,934,883,6.72,37
2025-07-11,Day,Line3,M302,P102,863,791,7.98,23
2025-07-11,Night,Line3,M302,P104,876,751,6.64,42
2025-07-11,Day,Line3,M303,P104,1126,1047,6.61,20
2025-07-11,Night,Line3,M303,P101,895,785,7.81,36
2025-07-11,Day,Line3,M304,P101,931,777,6.96,11
2025-07-11,Night,Line3,M304,P103,898,816,6.95,44
2025-07-11,Day,Line4,M401,P101,970,951,7.59,33
2025-07-11,Night,Line4,M401,P104,925,859,7.5,17
2025-07-11,Day,Line4,M402,P101,1077,1013,7.43,11
2025-07-11,Night,Line4,M402,P103,1188,1144,7.19,42
2025-07-11,Day,Line4,M403,P101,886,832,7.46,44
2025-07-11,Night,Line4,M403,P104,983,954,7.82,29
2025-07-11,Day,Line4,M404,P102,932,875,7.27,17
2025-07-11,Night,Line4,M404,P104,1032,965,7.02,43
2025-07-12,Day,Line1,M101,P102,1142,1108,7.23,38
2025-07-12,Night,Line1,M101,P103,1074,1013,7.2,10
2025-07-12,Day,Line1,M102,P102,881,825,6.88,11
2025-07-12,Night,Line1,M102,P103,1126,1068,7.88,12
2025-07-12,Day,Line1,M103,P104,1092,1069,7.65,30
2025-07-12,Night,Line1,M103,P104,1191,1082,7.76,15
2025-07-12,Day,Line1,M104,P102,946,918,7.33,34
2025-07-12,Night,Line1,M104,P101,1003,937,7.54,35
2025-07-12,Day,Line2,M201,P101,1181,1099,7.94,15
2025-07-12,Night,Line2,M201,P102,1111,1052,6.68,41
2025-07-12,Day,Line2,M202,P103,934,917,7.43,37
2025-07-12,Night,Line2,M202,P102,1087,1002,7.76,35
2025-07-12,Day,Line2,M203,P104,1190,1058,7.88,13
2025-07-12,Night,Line2,M203,P103,872,827,6.55,32
2025-07-12,Day,Line2,M204,P102,910,862,7.77,26
2025-07-12,Night,Line2,M204,P101,1147,1096,6.71,37
2025-07-12,Day,Line3,M301,P101,1031,967,7.21,37
2025-07-12,Night,Line3,M301,P101,1103,988,7.62,45
2025-07-12,Day,Line3,M302,P102,940,873,7.89,41
2025-07-12,Night,Line3,M302,P103,1195,1092,7.17,45
2025-07-12,Day,Line3,M303,P102,1020,910,7.34,34
2025-07-12,Night,Line3,M303,P103,904,793,6.78,39
2025-07-12,Day,Line3,M304,P104,943,867,7.04,28
2025-07-12,Night,Line3,M304,P101,1159,1072,7.84,36
2025-07-12,Day,Line4,M401,P103,1162,1074,7.52,34
2025-07-12,Night,Line4,M401,P104,1129,1075,7.65,25
2025-07-12,Day,Line4,M402,P103,1163,1154,6.73,37
2025-07-12,Night,Line4,M402,P101,986,920,6.92,38
2025-07-12,Day,Line4,M403,P103,927,888,6.86,14
2025-07-12,Night,Line4,M403,P104,855,801,7.88,19
2025-07-12,Day,Line4,M404,P103,902,862,7.3,34
2025-07-12,Night,Line4,M404,P102,931,853,7.85,32
2025-07-13,Day,Line1,M101,P102,1172,1118,7.47,36
2025-07-13,Night,Line1,M101,P103,1127,1034,7.03,44
2025-07-13,Day,Line1,M102,P102,850,830,7.9,42
2025-07-13,Night,Line1,M102,P102,986,878,6.55,44
2025-07-13,Day,Line1,M103,P104,1122,1102,7.95,42
2025-07-13,Night,Line1,M103,P102,1164,1126,7.9,12
2025-07-13,Day,Line1,M104,P104,920,886,6.81,26
2025-07-13,Night,Line1,M104,P104,1095,1081,7.32,19
2025-07-13,Day,Line2,M201,P104,1158,1124,7.68,14
2025-07-13,Night,Line2,M201,P104,861,815,6.79,14
2025-07-13,Day,Line2,M202,P101,1003,912,6.51,14
2025-07-13,Night,Line2,M202,P102,907,879,6.8,25
2025-07-13,Day,Line2,M203,P103,1188,1109,7.94,20
2025-07-13,Night,Line2,M203,P102,1058,963,7.07,16
2025-07-13,Day,Line2,M204,P102,959,925,6.78,40
2025-07-13,Night,Line2,M204,P104,850,780,7.04,31
2025-07-13,Day,Line3,M301,P102,977,882,7.87,12
2025-07-13,Night,Line3,M301,P103,1014,935,7.25,45
2025-07-13,Day,Line3,M302,P101,1055,1006,6.61,31
2025-07-13,Night,Line3,M302,P101,934,814,6.63,33
2025-07-13,Day,Line3,M303,P103,1004,908,7.69,41
2025-07-13,Night,Line3,M303,P102,984,939,7.87,17
2025-07-13,Day,Line3,M304,P101,1069,1019,7.25,30
2025-07-13,Night,Line3,M304,P101,948,796,7.97,28
2025-07-13,Day,Line4,M401,P103,864,850,6.9,36
2025-07-13,Night,Line4,M401,P104,882,809,6.81,40
2025-07-13,Day,Line4,M402,P104,883,832,7.03,43
2025-07-13,Night,Line4,M402,P102,982,947,6.83,44
2025-07-13,Day,Line4,M403,P101,1129,1023,7.49,44
2025-07-13,Night,Line4,M403,P101,1055,1023,6.52,39
2025-07-13,Day,Line4,M404,P102,899,897,7.83,27
2025-07-13,Night,Line4,M404,P101,1076,1000,6.87,27
2025-07-14,Day,Line1,M101,P104,1114,1118,6.93,16
2025-07-14,Night,Line1,M101,P102,1017,968,7.11,21
2025-07-14,Day,Line1,M102,P104,1170,1084,6.54,34
2025-07-14,Night,Line1,M102,P103,1129,1063,6.73,37
2025-07-14,Day,Line1,M103,P102,1147,1078,6.78,35
2025-07-14,Night,Line1,M103,P104,1009,954,7.01,42
2025-07-14,Day,Line1,M104,P104,1140,1054,7.51,29
2025-07-14,Night,Line1,M104,P101,1017,1003,7.38,31
2025-07-14,Day,Line2,M201,P103,1010,985,7.24,13
2025-07-14,Night,Line2,M201,P101,913,846,7.73,18
2025-07-14,Day,Line2,M202,P102,879,849,7.66,40
2025-07-14,Night,Line2,M202,P103,976,916,7.95,34
2025-07-14,Day,Line2,M203,P101,1029,896,7.63,17
2025-07-14,Night,Line2,M203,P101,1092,1079,7.82,15
2025-07-14,Day,Line2,M204,P104,1199,1148,7.7,13
2025-07-14,Night,Line2,M204,P102,1155,1091,6.82,44
2025-07-14,Day,Line3,M301,P104,956,832,7.02,36
2025-07-14,Night,Line3,M301,P103,977,874,7.9,36
2025-07-14,Day,Line3,M302,P102,901,829,7.39,42
2025-07-14,Night,Line3,M302,P103,1017,874,6.68,33
2025-07-14,Day,Line3,M303,P101,1044,971,6.78,41
2025-07-14,Night,Line3,M303,P101,875,729,7.7,11
2025-07-14,Day,Line3,M304,P103,919,830,7.62,29
2025-07-14,Night,Line3,M304,P103,941,799,6.92,13
2025-07-14,Day,Line4,M401,P103,1042,1001,7.93,34
2025-07-14,Night,Line4,M401,P103,1135,1053,7.09,37
2025-07-14,Day,Line4,M402,P104,1104,1074,7.54,36
2025-07-14,Night,Line4,M402,P101,1017,953,7.58,37
2025-07-14,Day,Line4,M403,P103,932,906,7.53,10
2025-07-14,Night,Line4,M403,P103,1011,951,7.84,37
2025-07-14,Day,Line4,M404,P103,1100,1091,6.94,38
2025-07-14,Night,Line4,M404,P103,1125,1087,6.96,11
2025-07-15,Day,Line1,M101,P104,1007,945,7.34,30
2025-07-15,Night,Line1,M101,P102,948,918,6.87,42
2025-07-15,Day,Line1,M102,P101,1067,1035,6.78,18
2025-07-15,Night,Line1,M102,P102,1039,1012,7.31,26
2025-07-15,Day,Line1,M103,P104,1045,973,7.03,18
2025-07-15,Night,Line1,M103,P102,1064,962,6.59,31
2025-07-15,Day,Line1,M104,P103,877,811,7.47,16
2025-07-15,Night,Line1,M104,P104,1173,1154,7.03,31
2025-07-15,Day,Line2,M201,P103,967,962,7.54,13
2025-07-15,Night,Line2,M201,P101,1195,1155,6.67,37
2025-07-15,Day,Line2,M202,P102,945,870,6.54,17
2025-07-15,Night,Line2,M202,P102,927,896,7.12,28
2025-07-15,Day,Line2,M203,P102,1081,998,7.56,37
2025-07-15,Night,Line2,M203,P104,1186,1026,6.96,40
2025-07-15,Day,Line2,M204,P103,1055,1000,7.53,18
2025-07-15,Night,Line2,M204,P103,1163,1087,7.35,14
2025-07-15,Day,Line3,M301,P104,864,820,7.31,16
2025-07-15,Night,Line3,M301,P101,940,809,7.2,27
2025-07-15,Day,Line3,M302,P101,897,877,7.49,33
2025-07-15,Night,Line3,M302,P103,1123,1005,6.93,43
2025-07-15,Day,Line3,M303,P104,880,797,7.46,10
2025-07-15,Night,Line3,M303,P101,905,802,7.81,40
2025-07-15,Day,Line3,M304,P104,1096,958,7.63,41
2025-07-15,Night,Line3,M304,P102,950,836,7.75,15
2025-07-15,Day,Line4,M401,P102,1145,1108,7.79,32
2025-07-15,Night,Line4,M401,P104,856,828,6.52,27
2025-07-15,Day,Line4,M402,P104,919,872,7.24,36
2025-07-15,Night,Line4,M402,P103,934,882,7.21,37
2025-07-15,Day,Line4,M403,P101,925,909,6.76,17
2025-07-15,Night,Line4,M403,P102,877,814,7.03,23
2025-07-15,Day,Line4,M404,P103,967,957,7.9,40
2025-07-15,Night,Line4,M404,P103,966,923,7.81,37
2025-07-16,Day,Line1,M101,P103,1151,1133,6.62,34
2025-07-16,Night,Line1,M101,P101,1086,964,6.89,45
2025-07-16,Day,Line1,M102,P103,1175,1118,7.81,20
2025-07-16,Night,Line1,M102,P103,985,907,7.02,42
2025-07-16,Day,Line1,M103,P102,1008,909,7.19,18
2025-07-16,Night,Line1,M103,P101,1193,1185,7.95,45
2025-07-16,Day,Line1,M104,P102,1107,1092,7.13,30
2025-07-16,Night,Line1,M104,P103,1035,927,6.59,27
2025-07-16,Day,Line2,M201,P101,866,866,6.65,37
2025-07-16,Night,Line2,M201,P103,1006,944,6.6,33
2025-07-16,Day,Line2,M202,P103,1183,1151,7.59,39
2025-07-16,Night,Line2,M202,P103,924,852,7.35,22
2025-07-16,Day,Line2,M203,P101,907,897,7.65,18
2025-07-16,Night,Line2,M203,P102,928,870,7.72,38
2025-07-16,Day,Line2,M204,P103,1125,1097,7.19,41
2025-07-16,Night,Line2,M204,P101,1080,1051,7.8,38
2025-07-16,Day,Line3,M301,P104,955,887,7.08,25
2025-07-16,Night,Line3,M301,P103,1180,1036,6.68,20
2025-07-16,Day,Line3,M302,P104,936,849,7.55,11
2025-07-16,Night,Line3,M302,P102,1134,952,7.98,44
2025-07-16,Day,Line3,M303,P104,1200,1122,7.28,20
2025-07-16,Night,Line3,M303,P101,1093,882,7.31,32
2025-07-16,Day,Line3,M304,P101,1185,1069,6.5,44
2025-07-16,Night,Line3,M304,P101,884,787,6.65,34
2025-07-16,Day,Line4,M401,P102,871,844,6.81,26
2025-07-16,Night,Line4,M401,P103,1175,1083,7.84,22
2025-07-16,Day,Line4,M402,P101,1047,1002,7.26,24
2025-07-16,Night,Line4,M402,P103,1129,1067,6.76,42
2025-07-16,Day,Line4,M403,P102,986,951,7.78,24
2025-07-16,Night,Line4,M403,P103,967,912,7.15,29
2025-07-16,Day,Line4,M404,P101,868,824,6.56,16
2025-07-16,Night,Line4,M404,P101,1052,996,7.63,38
2025-07-17,Day,Line1,M101,P104,1108,1106,7.73,28
2025-07-17,Night,Line1,M101,P101,1067,1000,7.87,32
2025-07-17,Day,Line1,M102,P102,992,958,6.73,26
2025-07-17,Night,Line1,M102,P103,1193,1117,6.62,33
2025-07-17,Day,Line1,M103,P103,984,981,7.21,37
2025-07-17,Night,Line1,M103,P101,1122,1046,7.74,23
2025-07-17,Day,Line1,M104,P103,883,824,7.92,40
2025-07-17,Night,Line1,M104,P102,1080,1037,6.59,45
2025-07-17,Day,Line2,M201,P101,857,814,7.25,30
2025-07-17,Night,Line2,M201,P102,1179,1130,7.13,17
2025-07-17,Day,Line2,M202,P102,1124,1063,6.79,39
2025-07-17,Night,Line2,M202,P103,1125,1021,6.81,34
2025-07-17,Day,Line2,M203,P104,1150,1102,7.7,43
2025-07-17,Night,Line2,M203,P102,1156,1039,7.35,13
2025-07-17,Day,Line2,M204,P103,1011,979,7.53,40
2025-07-17,Night,Line2,M204,P102,1095,1055,7.5,16
2025-07-17,Day,Line3,M301,P103,1080,1043,6.6,18
2025-07-17,Night,Line3,M301,P103,1042,911,7.79,24
2025-07-17,Day,Line3,M302,P101,895,795,7.65,44
2025-07-17,Night,Line3,M302,P104,979,894,6.52,21
2025-07-17,Day,Line3,M303,P103,917,853,7.72,23
2025-07-17,Night,Line3,M303,P102,1153,1053,6.51,38
2025-07-17,Day,Line3,M304,P102,1116,1078,6.73,25
2025-07-17,Night,Line3,M304,P102,1140,1014,7.47,16
2025-07-17,Day,Line4,M401,P102,907,928,6.72,45
2025-07-17,Night,Line4,M401,P104,865,804,6.78,35
2025-07-17,Day,Line4,M402,P102,1140,1072,6.84,23
2025-07-17,Night,Line4,M402,P102,1114,1022,7.09,42
2025-07-17,Day,Line4,M403,P101,1145,1072,7.66,45
2025-07-17,Night,Line4,M403,P102,935,933,7.58,19
2025-07-17,Day,Line4,M404,P101,872,867,7.98,17
2025-07-17,Night,Line4,M404,P101,944,939,7.83,24
2025-07-18,Day,Line1,M101,P102,851,771,6.95,11
2025-07-18,Night,Line1,M101,P101,1117,1008,6.73,34
2025-07-18,Day,Line1,M102,P104,1072,1019,6.96,34
2025-07-18,Night,Line1,M102,P101,873,808,7.94,11
2025-07-18,Day,Line1,M103,P104,1047,1012,7.06,17
2025-07-18,Night,Line1,M103,P101,1130,1063,7.19,15
2025-07-18,Day,Line1,M104,P103,946,879,6.71,33
2025-07-18,Night,Line1,M104,P104,897,828,7.92,28
2025-07-18,Day,Line2,M201,P101,970,924,6.78,45
2025-07-18,Night,Line2,M201,P103,1013,917,7.05,25
2025-07-18,Day,Line2,M202,P101,1151,1100,6.91,42
2025-07-18,Night,Line2,M202,P101,1097,995,7.03,27
2025-07-18,Day,Line2,M203,P104,1131,1080,7.97,18
2025-07-18,Night,Line2,M203,P102,1011,924,6.99,29
2025-07-18,Day,Line2,M204,P104,1151,1136,6.61,30
2025-07-18,Night,Line2,M204,P101,867,825,7.19,10
2025-07-18,Day,Line3,M301,P102,858,790,7.64,39
2025-07-18,Night,Line3,M301,P104,943,858,7.28,10
2025-07-18,Day,Line3,M302,P103,992,916,6.96,31
2025-07-18,Night,Line3,M302,P104,1074,985,6.55,14
2025-07-18,Day,Line3,M303,P103,860,786,6.95,12
2025-07-18,Night,Line3,M303,P104,1071,974,6.72,34
2025-07-18,Day,Line3,M304,P104,987,908,7.72,15
2025-07-18,Night,Line3,M304,P101,856,770,7.47,35
2025-07-18,Day,Line4,M401,P103,1003,920,6.51,15
2025-07-18,Night,Line4,M401,P101,965,878,7.75,28
2025-07-18,Day,Line4,M402,P101,1078,1042,7.26,44
2025-07-18,Night,Line4,M402,P103,901,827,7.29,35
2025-07-18,Day,Line4,M403,P103,1166,1116,6.59,40
2025-07-18,Night,Line4,M403,P101,1117,1032,7.68,10
2025-07-18,Day,Line4,M404,P103,1137,1075,6.56,22
2025-07-18,Night,Line4,M404,P104,1064,1001,7.42,45
2025-07-19,Day,Line1,M101,P102,1000,951,7.33,45
2025-07-19,Night,Line1,M101,P102,1043,1022,7.7,44
2025-07-19,Day,Line1,M102,P104,931,856,7.42,34
2025-07-19,Night,Line1,M102,P104,857,819,7.44,43
2025-07-19,Day,Line1,M103,P102,1126,1105,7.95,37
2025-07-19,Night,Line1,M103,P101,1091,1072,6.8,43
2025-07-19,Day,Line1,M104,P104,1164,1119,7.51,14
2025-07-19,Night,Line1,M104,P103,865,829,6.65,33
2025-07-19,Day,Line2,M201,P104,942,941,7.56,33
2025-07-19,Night,Line2,M201,P104,889,819,6.56,39
2025-07-19,Day,Line2,M202,P104,861,804,7.99,25
2025-07-19,Night,Line2,M202,P102,861,811,7.85,15
2025-07-19,Day,Line2,M203,P102,1070,1019,7.58,32
2025-07-19,Night,Line2,M203,P104,1173,1125,7.16,43
2025-07-19,Day,Line2,M204,P102,1044,961,6.98,10
2025-07-19,Night,Line2,M204,P103,890,870,7.14,45
2025-07-19,Day,Line3,M301,P101,1142,1047,7.02,33
2025-07-19,Night,Line3,M301,P102,887,782,7.1,39
2025-07-19,Day,Line3,M302,P103,1021,928,7.32,42
2025-07-19,Night,Line3,M302,P103,910,836,7.93,39
2025-07-19,Day,Line3,M303,P104,1083,1001,7.06,28
2025-07-19,Night,Line3,M303,P101,1193,1060,7.06,18
2025-07-19,Day,Line3,M304,P104,1001,904,7.61,34
2025-07-19,Night,Line3,M304,P102,888,786,7.66,16
2025-07-19,Day,Line4,M401,P102,993,971,7.38,15
2025-07-19,Night,Line4,M401,P104,920,857,6.82,37
2025-07-19,Day,Line4,M402,P103,940,917,7.87,20
2025-07-19,Night,Line4,M402,P102,1158,1005,7.96,40
2025-07-19,Day,Line4,M403,P103,1112,1039,6.62,14
2025-07-19,Night,Line4,M403,P104,877,806,7.34,26
2025-07-19,Day,Line4,M404,P103,986,945,6.61,18
2025-07-19,Night,Line4,M404,P101,1133,1057,7.11,32
2025-07-20,Day,Line1,M101,P103,1040,978,7.81,41
2025-07-20,Night,Line1,M101,P101,1013,919,7.62,37
2025-07-20,Day,Line1,M102,P102,851,797,7.65,19
2025-07-20,Night,Line1,M102,P102,1037,1022,7.17,41
2025-07-20,Day,Line1,M103,P101,1144,1076,7.62,11
2025-07-20,Night,Line1,M103,P101,882,775,7.85,35
2025-07-20,Day,Line1,M104,P102,1025,985,6.55,36
2025-07-20,Night,Line1,M104,P103,877,807,7.2,39
2025-07-20,Day,Line2,M201,P102,958,910,7.9,18
2025-07-20,Night,Line2,M201,P103,1090,1052,7.45,21
2025-07-20,Day,Line2,M202,P102,1136,1082,7.09,30
2025-07-20,Night,Line2,M202,P103,852,792,6.76,13
2025-07-20,Day,Line2,M203,P101,1098,944,7.93,43
2025-07-20,Night,Line2,M203,P102,932,859,7.15,26
2025-07-20,Day,Line2,M204,P104,973,926,7.24,15
2025-07-20,Night,Line2,M204,P102,1064,1011,7.02,14
2025-07-20,Day,Line3,M301,P104,1127,968,7.74,33
2025-07-20,Night,Line3,M301,P101,1096,935,7.18,14
2025-07-20,Day,Line3,M302,P101,1029,947,6.59,45
2025-07-20,Night,Line3,M302,P101,896,797,7.23,17
2025-07-20,Day,Line3,M303,P103,850,759,7.42,21
2025-07-20,Night,Line3,M303,P104,905,817,6.86,15
2025-07-20,Day,Line3,M304,P103,945,848,6.99,37
2025-07-20,Night,Line3,M304,P101,872,797,7.4,33
2025-07-20,Day,Line4,M401,P102,1075,1013,7.12,13
2025-07-20,Night,Line4,M401,P102,952,870,7.03,12
2025-07-20,Day,Line4,M402,P101,1086,1122,7.35,14
2025-07-20,Night,Line4,M402,P104,1153,1104,7.48,30
2025-07-20,Day,Line4,M403,P101,852,798,7.64,40
2025-07-20,Night,Line4,M403,P103,1184,1099,7.78,15
2025-07-20,Day,Line4,M404,P103,1137,1071,7.25,30
2025-07-20,Night,Line4,M404,P103,966,864,7.3,19
2025-07-21,Day,Line1,M101,P104,1061,1008,7.58,45
2025-07-21,Night,Line1,M101,P102,1061,1000,6.59,32
2025-07-21,Day,Line1,M102,P102,1154,1152,7.18,26
2025-07-21,Night,Line1,M102,P103,1091,1021,6.72,17
2025-07-21,Day,Line1,M103,P104,895,846,6.78,42
2025-07-21,Night,Line1,M103,P102,1092,1073,7.91,22
2025-07-21,Day,Line1,M104,P103,1125,1119,7.01,15
2025-07-21,Night,Line1,M104,P102,886,835,7.0,12
2025-07-21,Day,Line2,M201,P103,1020,979,6.71,12
2025-07-21,Night,Line2,M201,P102,1030,978,6.83,45
2025-07-21,Day,Line2,M202,P104,963,907,7.19,21
2025-07-21,Night,Line2,M202,P101,1089,1022,7.13,28
2025-07-21,Day,Line2,M203,P102,1034,973,7.97,38
2025-07-21,Night,Line2,M203,P103,1118,1091,6.77,25
2025-07-21,Day,Line2,M204,P103,927,867,7.6,36
2025-07-21,Night,Line2,M204,P101,1057,999,7.99,27
2025-07-21,Day,Line3,M301,P104,869,796,7.23,37
2025-07-21,Night,Line3,M301,P104,949,881,7.75,45
2025-07-21,Day,Line3,M302,P102,978,876,6.63,29
2025-07-21,Night,Line3,M302,P102,1130,983,6.91,29
2025-07-21,Day,Line3,M303,P102,1012,937,7.67,24
2025-07-21,Night,Line3,M303,P104,1172,1057,7.45,29
2025-07-21,Day,Line3,M304,P104,920,888,7.09,44
2025-07-21,Night,Line3,M304,P101,1019,910,7.76,31
2025-07-21,Day,Line4,M401,P101,1078,1073,7.3,38
2025-07-21,Night,Line4,M401,P103,875,850,7.83,35
2025-07-21,Day,Line4,M402,P103,1079,1014,7.67,31
2025-07-21,Night,Line4,M402,P103,890,799,7.24,33
2025-07-21,Day,Line4,M403,P104,931,885,7.05,23
2025-07-21,Night,Line4,M403,P102,854,822,7.83,12
2025-07-21,Day,Line4,M404,P103,1016,1015,7.0,16
2025-07-21,Night,Line4,M404,P101,1102,939,6.92,29
2025-07-22,Day,Line1,M101,P101,1191,1114,7.82,16
2025-07-22,Night,Line1,M101,P102,901,856,7.67,15
2025-07-22,Day,Line1,M102,P101,1086,1061,7.4,42
2025-07-22,Night,Line1,M102,P104,898,818,6.78,11
2025-07-22,Day,Line1,M103,P102,1018,958,7.55,28
2025-07-22,Night,Line1,M103,P104,1199,1070,7.46,34
2025-07-22,Day,Line1,M104,P101,940,946,7.64,20
2025-07-22,Night,Line1,M104,P101,1057,999,7.43,33
2025-07-22,Day,Line2,M201,P102,1011,951,7.82,27
2025-07-22,Night,Line2,M201,P101,1199,1167,7.42,21
2025-07-22,Day,Line2,M202,P101,892,861,6.83,18
2025-07-22,Night,Line2,M202,P102,1074,1051,7.31,30
2025-07-22,Day,Line2,M203,P103,880,883,7.21,10
2025-07-22,Night,Line2,M203,P102,1063,969,7.75,13
2025-07-22,Day,Line2,M204,P101,1013,1008,6.83,17
2025-07-22,Night,Line2,M204,P103,959,934,7.98,21
2025-07-22,Day,Line3,M301,P103,1185,1093,7.0,26
2025-07-22,Night,Line3,M301,P104,1174,1062,7.3,31
2025-07-22,Day,Line3,M302,P101,1074,981,6.72,28
2025-07-22,Night,Line3,M302,P101,1102,943,7.33,16
2025-07-22,Day,Line3,M303,P104,947,828,7.25,18
2025-07-22,Night,Line3,M303,P104,1154,1082,7.81,45
2025-07-22,Day,Line3,M304,P101,1031,943,6.76,33
2025-07-22,Night,Line3,M304,P101,968,854,6.56,14
2025-07-22,Day,Line4,M401,P101,854,834,7.11,35
2025-07-22,Night,Line4,M401,P103,1196,1099,7.81,23
2025-07-22,Day,Line4,M402,P103,856,810,7.58,23
2025-07-22,Night,Line4,M402,P101,851,800,6.67,27
2025-07-22,Day,Line4,M403,P103,914,862,7.02,12
2025-07-22,Night,Line4,M403,P102,1069,1019,7.64,12
2025-07-22,Day,Line4,M404,P103,882,843,7.74,14
2025-07-22,Night,Line4,M404,P103,1170,1115,6.79,16
2025-07-23,Day,Line1,M101,P102,1184,1156,6.79,31
2025-07-23,Night,Line1,M101,P102,1129,1097,6.95,32
2025-07-23,Day,Line1,M102,P103,974,926,6.81,33
2025-07-23,Night,Line1,M102,P103,925,842,7.47,12
2025-07-23,Day,Line1,M103,P103,1048,1079,7.87,14
2025-07-23,Night,Line1,M103,P101,880,861,7.26,36
2025-07-23,Day,Line1,M104,P104,1141,1039,6.9,10
2025-07-23,Night,Line1,M104,P101,1053,1069,6.58,37
2025-07-23,Day,Line2,M201,P101,887,835,7.33,44
2025-07-23,Night,Line2,M201,P104,1074,1005,6.96,40
2025-07-23,Day,Line2,M202,P103,872,808,7.9,25
2025-07-23,Night,Line2,M202,P104,1106,1043,7.84,27
2025-07-23,Day,Line2,M203,P102,961,906,7.42,22
2025-07-23,Night,Line2,M203,P103,1007,914,6.64,33
2025-07-23,Day,Line2,M204,P102,860,792,7.87,10
2025-07-23,Night,Line2,M204,P104,1101,1010,7.78,39
2025-07-23,Day,Line3,M301,P104,930,864,7.9,31
2025-07-23,Night,Line3,M301,P103,854,826,7.9,23
2025-07-23,Day,Line3,M302,P102,1174,1085,7.31,32
2025-07-23,Night,Line3,M302,P101,887,765,6.53,41
2025-07-23,Day,Line3,M303,P102,1044,939,7.84,30
2025-07-23,Night,Line3,M303,P103,916,840,7.39,35
2025-07-23,Day,Line3,M304,P102,996,896,6.67,16
2025-07-23,Night,Line3,M304,P104,1125,1045,7.15,26
2025-07-23,Day,Line4,M401,P102,1148,1177,6.66,13
2025-07-23,Night,Line4,M401,P102,1188,1051,7.99,19
2025-07-23,Day,Line4,M402,P102,963,903,7.29,29
2025-07-23,Night,Line4,M402,P103,898,827,7.31,14
2025-07-23,Day,Line4,M403,P101,866,870,7.27,12
2025-07-23,Night,Line4,M403,P104,1196,1112,7.41,12
2025-07-23,Day,Line4,M404,P103,975,964,6.53,10
2025-07-23,Night,Line4,M404,P104,1111,1050,7.11,26
2025-07-24,Day,Line1,M101,P102,857,817,7.19,19
2025-07-24,Night,Line1,M101,P101,895,857,7.97,34
2025-07-24,Day,Line1,M102,P104,1077,1082,7.75,24
2025-07-24,Night,Line1,M102,P102,1165,991,7.61,10
2025-07-24,Day,Line1,M103,P103,1197,1190,7.84,31
2025-07-24,Night,Line1,M103,P104,1021,957,7.93,45
2025-07-24,Day,Line1,M104,P104,1015,980,7.17,21
2025-07-24,Night,Line1,M104,P101,937,908,7.66,37
2025-07-24,Day,Line2,M201,P103,935,905,6.63,35
2025-07-24,Night,Line2,M201,P101,968,958,7.89,25
2025-07-24,Day,Line2,M202,P104,1193,1069,7.44,21
2025-07-24,Night,Line2,M202,P101,922,847,7.51,39
2025-07-24,Day,Line2,M203,P103,1031,1005,6.93,43
2025-07-24,Night,Line2,M203,P102,889,823,6.78,26
2025-07-24,Day,Line2,M204,P104,1087,1094,7.95,11
2025-07-24,Night,Line2,M204,P102,850,782,7.71,38
2025-07-24,Day,Line3,M301,P101,896,818,6.94,32
2025-07-24,Night,Line3,M301,P102,965,837,7.74,45
2025-07-24,Day,Line3,M302,P101,942,854,7.25,22
2025-07-24,Night,Line3,M302,P104,936,785,6.86,16
2025-07-24,Day,Line3,M303,P102,884,769,7.17,32
2025-07-24,Night,Line3,M303,P101,1117,1064,7.04,41
2025-07-24,Day,Line3,M304,P101,1037,944,7.0,16
2025-07-24,Night,Line3,M304,P104,904,794,6.5,17
2025-07-24,Day,Line4,M401,P104,958,887,7.09,44
2025-07-24,Night,Line4,M401,P103,1020,929,6.7,45
2025-07-24,Day,Line4,M402,P101,1151,1172,7.45,30
2025-07-24,Night,Line4,M402,P104,1090,1027,7.71,20
2025-07-24,Day,Line4,M403,P101,1045,1038,7.72,45
2025-07-24,Night,Line4,M403,P101,875,749,7.14,31
2025-07-24,Day,Line4,M404,P102,1095,1032,7.13,44
2025-07-24,Night,Line4,M404,P102,884,877,7.64,45
2025-07-25,Day,Line1,M101,P104,1161,1097,6.84,19
2025-07-25,Night,Line1,M101,P104,938,853,7.04,42
2025-07-25,Day,Line1,M102,P103,1019,991,7.7,29
2025-07-25,Night,Line1,M102,P101,1186,1063,7.68,16
2025-07-25,Day,Line1,M103,P102,936,851,7.75,40
2025-07-25,Night,Line1,M103,P102,850,838,7.59,13
2025-07-25,Day,Line1,M104,P102,1132,1060,7.2,23
2025-07-25,Night,Line1,M104,P103,1124,1077,7.79,18
2025-07-25,Day,Line2,M201,P102,919,937,7.38,19
2025-07-25,Night,Line2,M201,P101,979,921,7.76,15
2025-07-25,Day,Line2,M202,P103,992,969,6.68,41
2025-07-25,Night,Line2,M202,P103,1185,1054,7.54,23
2025-07-25,Day,Line2,M203,P102,1118,1044,6.69,17
2025-07-25,Night,Line2,M203,P101,1065,1056,7.13,33
2025-07-25,Day,Line2,M204,P102,855,811,7.08,18
2025-07-25,Night,Line2,M204,P101,915,824,7.61,12
2025-07-25,Day,Line3,M301,P102,875,810,6.53,27
2025-07-25,Night,Line3,M301,P102,962,895,7.9,18
2025-07-25,Day,Line3,M302,P102,1074,961,7.37,41
2025-07-25,Night,Line3,M302,P103,915,828,7.2,16
2025-07-25,Day,Line3,M303,P102,1040,975,7.16,22
2025-07-25,Night,Line3,M303,P101,916,809,6.61,42
2025-07-25,Day,Line3,M304,P101,1063,956,6.64,31
2025-07-25,Night,Line3,M304,P101,1058,1003,7.69,26
2025-07-25,Day,Line4,M401,P104,950,877,6.51,10
2025-07-25,Night,Line4,M401,P101,1026,968,7.13,24
2025-07-25,Day,Line4,M402,P104,1083,1036,6.62,39
2025-07-25,Night,Line4,M402,P103,1053,986,6.81,16
2025-07-25,Day,Line4,M403,P102,917,904,7.18,14
2025-07-25,Night,Line4,M403,P101,1183,1133,7.26,20
2025-07-25,Day,Line4,M404,P101,1062,1029,7.61,14
2025-07-25,Night,Line4,M404,P104,1002,892,7.41,34
2025-07-26,Day,Line1,M101,P101,931,867,7.67,43
2025-07-26,Night,Line1,M101,P102,911,849,7.05,11
2025-07-26,Day,Line1,M102,P103,976,939,7.61,44
2025-07-26,Night,Line1,M102,P103,884,876,7.86,34
2025-07-26,Day,Line1,M103,P104,933,897,7.27,19
2025-07-26,Night,Line1,M103,P101,953,919,6.9,17
2025-07-26,Day,Line1,M104,P104,1099,1052,6.69,10
2025-07-26,Night,Line1,M104,P101,1037,997,7.15,35
2025-07-26,Day,Line2,M201,P103,1063,1020,7.34,35
2025-07-26,Night,Line2,M201,P104,870,789,7.01,34
2025-07-26,Day,Line2,M202,P102,1051,1027,7.05,19
2025-07-26,Night,Line2,M202,P101,1142,1089,7.64,42
2025-07-26,Day,Line2,M203,P104,1035,949,6.69,33
2025-07-26,Night,Line2,M203,P101,1005,942,7.02,28
2025-07-26,Day,Line2,M204,P103,1003,960,7.18,12
2025-07-26,Night,Line2,M204,P104,1070,986,6.95,35
2025-07-26,Day,Line3,M301,P102,1200,1051,7.68,29
2025-07-26,Night,Line3,M301,P102,965,865,7.0,36
2025-07-26,Day,Line3,M302,P103,854,818,7.83,29
2025-07-26,Night,Line3,M302,P104,935,851,7.75,39
2025-07-26,Day,Line3,M303,P102,916,790,7.25,20
2025-07-26,Night,Line3,M303,P104,918,858,7.65,37
2025-07-26,Day,Line3,M304,P101,895,849,7.15,28
2025-07-26,Night,Line3,M304,P102,980,855,7.0,23
2025-07-26,Day,Line4,M401,P104,1190,1204,8.0,18
2025-07-26,Night,Line4,M401,P103,1185,1060,7.24,45
2025-07-26,Day,Line4,M402,P103,986,931,6.56,19
2025-07-26,Night,Line4,M402,P101,1197,1109,7.34,42
2025-07-26,Day,Line4,M403,P101,1123,1030,7.54,41
2025-07-26,Night,Line4,M403,P101,1168,1105,7.61,36
2025-07-26,Day,Line4,M404,P102,1177,1101,7.99,25
2025-07-26,Night,Line4,M404,P103,893,805,7.06,34
2025-07-27,Day,Line1,M101,P103,962,915,7.69,22
2025-07-27,Night,Line1,M101,P103,972,959,7.65,18
2025-07-27,Day,Line1,M102,P103,1085,1070,7.91,21
2025-07-27,Night,Line1,M102,P103,1191,1134,7.37,13
2025-07-27,Day,Line1,M103,P103,1122,1058,7.64,25
2025-07-27,Night,Line1,M103,P102,975,875,7.48,26
2025-07-27,Day,Line1,M104,P102,867,803,7.25,25
2025-07-27,Night,Line1,M104,P101,890,858,7.62,33
2025-07-27,Day,Line2,M201,P104,1057,988,6.78,11
2025-07-27,Night,Line2,M201,P103,986,930,6.83,33
2025-07-27,Day,Line2,M202,P104,1049,1020,7.26,27
2025-07-27,Night,Line2,M202,P104,1019,908,6.8,39
2025-07-27,Day,Line2,M203,P104,1150,1103,7.8,27
2025-07-27,Night,Line2,M203,P103,952,904,7.77,33
2025-07-27,Day,Line2,M204,P102,1073,1090,6.79,33
2025-07-27,Night,Line2,M204,P104,988,931,7.53,35
2025-07-27,Day,Line3,M301,P104,1154,1076,6.63,42
2025-07-27,Night,Line3,M301,P104,882,771,7.66,37
2025-07-27,Day,Line3,M302,P102,993,934,7.23,18
2025-07-27,Night,Line3,M302,P101,940,799,7.05,31
2025-07-27,Day,Line3,M303,P103,1039,960,6.56,11
2025-07-27,Night,Line3,M303,P101,1143,1022,7.88,31
2025-07-27,Day,Line3,M304,P103,1110,1051,7.08,15
2025-07-27,Night,Line3,M304,P103,944,852,7.21,35
2025-07-27,Day,Line4,M401,P102,1015,967,7.3,33
2025-07-27,Night,Line4,M401,P104,1053,1022,6.53,29
2025-07-27,Day,Line4,M402,P104,943,917,7.58,17
2025-07-27,Night,Line4,M402,P102,856,778,7.37,39
2025-07-27,Day,Line4,M403,P103,919,877,7.03,25
2025-07-27,Night,Line4,M403,P103,1151,1042,7.24,17
2025-07-27,Day,Line4,M404,P103,942,913,6.63,34
2025-07-27,Night,Line4,M404,P101,996,949,7.84,13
2025-07-28,Day,Line1,M101,P103,1183,1195,6.71,44
2025-07-28,Night,Line1,M101,P102,976,911,7.51,20
2025-07-28,Day,Line1,M102,P104,909,862,6.53,29
2025-07-28,Night,Line1,M102,P103,1008,901,6.73,23
2025-07-28,Day,Line1,M103,P101,1081,1031,6.65,36
2025-07-28,Night,Line1,M103,P102,1186,1103,7.54,39
2025-07-28,Day,Line1,M104,P102,903,869,6.71,11
2025-07-28,Night,Line1,M104,P101,1123,1044,7.92,17
2025-07-28,Day,Line2,M201,P104,1121,1065,7.9,32
2025-07-28,Night,Line2,M201,P102,922,868,7.28,17
2025-07-28,Day,Line2,M202,P101,1038,992,6.62,45
2025-07-28,Night,Line2,M202,P104,897,833,7.09,45
2025-07-28,Day,Line2,M203,P103,1012,960,7.08,20
2025-07-28,Night,Line2,M203,P102,1035,1035,6.68,27
2025-07-28,Day,Line2,M204,P102,1071,1015,7.71,42
2025-07-28,Night,Line2,M204,P104,982,915,6.7,27
2025-07-28,Day,Line3,M301,P104,874,750,6.84,17
2025-07-28,Night,Line3,M301,P104,949,874,7.46,20
2025-07-28,Day,Line3,M302,P101,1120,942,7.39,36
2025-07-28,Night,Line3,M302,P103,925,796,7.24,24
2025-07-28,Day,Line3,M303,P104,1086,1005,7.5,38
2025-07-28,Night,Line3,M303,P102,1145,956,6.54,37
2025-07-28,Day,Line3,M304,P104,1199,1066,6.78,30
2025-07-28,Night,Line3,M304,P104,946,840,7.34,22
2025-07-28,Day,Line4,M401,P104,851,813,7.37,17
2025-07-28,Night,Line4,M401,P103,881,809,6.72,12
2025-07-28,Day,Line4,M402,P103,928,912,7.86,38
2025-07-28,Night,Line4,M402,P101,862,832,6.51,33
2025-07-28,Day,Line4,M403,P103,1182,1155,7.51,43
2025-07-28,Night,Line4,M403,P101,868,802,7.84,11
2025-07-28,Day,Line4,M404,P102,1097,1057,7.35,21
2025-07-28,Night,Line4,M404,P102,883,813,6.55,29
2025-07-29,Day,Line1,M101,P102,1013,1046,6.79,39
2025-07-29,Night,Line1,M101,P102,911,864,6.91,37
2025-07-29,Day,Line1,M102,P101,1159,1095,7.79,29
2025-07-29,Night,Line1,M102,P102,1143,1149,7.01,17
2025-07-29,Day,Line1,M103,P102,1053,999,6.54,43
2025-07-29,Night,Line1,M103,P101,1103,1045,6.91,20
2025-07-29,Day,Line1,M104,P101,951,935,7.57,17
2025-07-29,Night,Line1,M104,P102,1043,962,7.97,32
2025-07-29,Day,Line2,M201,P103,928,873,7.55,43
2025-07-29,Night,Line2,M201,P104,940,930,8.0,11
2025-07-29,Day,Line2,M202,P102,1144,1132,7.91,41
2025-07-29,Night,Line2,M202,P102,1026,988,6.67,18
2025-07-29,Day,Line2,M203,P103,1165,1145,7.93,32
2025-07-29,Night,Line2,M203,P102,970,925,6.82,19
2025-07-29,Day,Line2,M204,P102,927,946,6.87,38
2025-07-29,Night,Line2,M204,P102,1165,1096,7.4,22
2025-07-29,Day,Line3,M301,P102,850,752,7.16,28
2025-07-29,Night,Line3,M301,P103,1092,932,7.29,24
2025-07-29,Day,Line3,M302,P103,965,866,6.95,18
2025-07-29,Night,Line3,M302,P102,1066,853,6.74,37
2025-07-29,Day,Line3,M303,P101,1109,1055,6.75,32
2025-07-29,Night,Line3,M303,P101,1090,983,6.66,35
2025-07-29,Day,Line3,M304,P101,875,774,7.93,45
2025-07-29,Night,Line3,M304,P104,873,804,7.57,42
2025-07-29,Day,Line4,M401,P102,1049,969,7.29,41
2025-07-29,Night,Line4,M401,P101,1108,1008,6.62,20
2025-07-29,Day,Line4,M402,P102,1045,1005,6.52,12
2025-07-29,Night,Line4,M402,P101,857,845,7.51,41
2025-07-29,Day,Line4,M403,P101,929,902,6.82,35
2025-07-29,Night,Line4,M403,P101,1031,885,7.33,45
2025-07-29,Day,Line4,M404,P102,1135,1056,6.87,45
2025-07-29,Night,Line4,M404,P102,895,819,7.07,41
2025-07-30,Day,Line1,M101,P104,984,950,7.46,44
2025-07-30,Night,Line1,M101,P103,1056,947,7.28,40
2025-07-30,Day,Line1,M102,P102,1016,934,7.23,38
2025-07-30,Night,Line1,M102,P103,917,854,7.1,19
2025-07-30,Day,Line1,M103,P102,960,940,6.7,19
2025-07-30,Night,Line1,M103,P102,932,896,6.63,42
2025-07-30,Day,Line1,M104,P101,1174,1129,7.79,16
2025-07-30,Night,Line1,M104,P103,979,946,6.59,19
2025-07-30,Day,Line2,M201,P103,1136,1177,7.79,19
2025-07-30,Night,Line2,M201,P102,941,932,6.65,32
2025-07-30,Day,Line2,M202,P104,879,830,7.8,34
2025-07-30,Night,Line2,M202,P102,1166,1045,7.91,31
2025-07-30,Day,Line2,M203,P102,1040,985,7.74,13
2025-07-30,Night,Line2,M203,P104,974,887,7.84,40
2025-07-30,Day,Line2,M204,P102,884,860,7.88,17
2025-07-30,Night,Line2,M204,P101,989,894,7.2,35
2025-07-30,Day,Line3,M301,P104,991,898,7.06,16
2025-07-30,Night,Line3,M301,P102,853,734,7.37,41
2025-07-30,Day,Line3,M302,P103,967,870,7.99,45
2025-07-30,Night,Line3,M302,P103,912,810,7.32,45
2025-07-30,Day,Line3,M303,P103,926,859,6.73,10
2025-07-30,Night,Line3,M303,P101,962,855,6.78,34
2025-07-30,Day,Line3,M304,P102,1055,940,7.7,13
2025-07-30,Night,Line3,M304,P103,1189,1086,6.91,35
2025-07-30,Day,Line4,M401,P102,1142,1096,6.8,40
2025-07-30,Night,Line4,M401,P103,1047,967,7.64,14
2025-07-30,Day,Line4,M402,P103,991,970,7.67,40
2025-07-30,Night,Line4,M402,P101,1035,979,6.77,30
2025-07-30,Day,Line4,M403,P103,1141,1114,7.5,14
2025-07-30,Night,Line4,M403,P102,1170,1140,7.75,14
2025-07-30,Day,Line4,M404,P103,894,827,7.45,37
2025-07-30,Night,Line4,M404,P103,886,897,6.95,14
2025-07-31,Day,Line1,M101,P103,1018,990,6.85,37
2025-07-31,Night,Line1,M101,P103,858,776,6.62,15
2025-07-31,Day,Line1,M102,P104,1153,1152,7.06,23
2025-07-31,Night,Line1,M102,P103,1080,992,7.23,45
2025-07-31,Day,Line1,M103,P104,1033,1045,7.03,21
2025-07-31,Night,Line1,M103,P101,1094,993,7.95,10
2025-07-31,Day,Line1,M104,P102,859,822,7.3,26
2025-07-31,Night,Line1,M104,P102,1072,1033,7.61,20
2025-07-31,Day,Line2,M201,P101,886,867,7.57,41
2025-07-31,Night,Line2,M201,P101,919,872,8.0,15
2025-07-31,Day,Line2,M202,P102,1007,997,7.55,14
2025-07-31,Night,Line2,M202,P102,1142,1057,7.54,25
2025-07-31,Day,Line2,M203,P104,1167,1158,7.85,35
2025-07-31,Night,Line2,M203,P104,1122,1032,6.83,39
2025-07-31,Day,Line2,M204,P104,868,797,7.98,43
2025-07-31,Night,Line2,M204,P104,960,948,7.22,14
2025-07-31,Day,Line3,M301,P102,1068,953,7.48,41
2025-07-31,Night,Line3,M301,P104,968,822,6.61,15
2025-07-31,Day,Line3,M302,P102,917,852,7.78,38
2025-07-31,Night,Line3,M302,P104,1195,1069,6.6,11
2025-07-31,Day,Line3,M303,P104,1023,941,6.53,43
2025-07-31,Night,Line3,M303,P104,1182,1040,6.85,44
2025-07-31,Day,Line3,M304,P104,1030,952,7.67,25
2025-07-31,Night,Line3,M304,P102,1173,1096,7.62,29
2025-07-31,Day,Line4,M401,P102,909,880,7.47,15
2025-07-31,Night,Line4,M401,P104,1018,911,6.75,29
2025-07-31,Day,Line4,M402,P102,865,830,6.59,42
2025-07-31,Night,Line4,M402,P103,943,898,7.91,24
2025-07-31,Day,Line4,M403,P101,924,933,7.29,12
2025-07-31,Night,Line4,M403,P102,911,876,7.75,14
2025-07-31,Day,Line4,M404,P103,862,806,7.56,32
2025-07-31,Night,Line4,M404,P104,1043,978,7.09,27
2025-08-01,Day,Line1,M101,P103,1138,1119,7.09,39
2025-08-01,Night,Line1,M101,P103,1095,1046,7.35,10
2025-08-01,Day,Line1,M102,P101,850,830,6.52,18
2025-08-01,Night,Line1,M102,P104,1137,1024,7.23,39
2025-08-01,Day,Line1,M103,P104,1006,985,7.07,29
2025-08-01,Night,Line1,M103,P104,1104,1045,7.65,35
2025-08-01,Day,Line1,M104,P103,1143,1121,7.1,38
2025-08-01,Night,Line1,M104,P104,1008,952,6.98,15
2025-08-01,Day,Line2,M201,P104,953,910,6.51,34
2025-08-01,Night,Line2,M201,P103,1068,1039,7.1,12
2025-08-01,Day,Line2,M202,P103,1019,992,7.52,12
2025-08-01,Night,Line2,M202,P101,1058,957,7.23,25
2025-08-01,Day,Line2,M203,P103,1011,973,7.76,24
2025-08-01,Night,Line2,M203,P104,951,884,7.58,12
2025-08-01,Day,Line2,M204,P104,989,935,7.83,37
2025-08-01,Night,Line2,M204,P102,1087,1038,6.98,38
2025-08-01,Day,Line3,M301,P101,906,829,6.85,32
2025-08-01,Night,Line3,M301,P102,1141,1031,6.88,34
2025-08-01,Day,Line3,M302,P102,1014,951,6.72,23
2025-08-01,Night,Line3,M302,P101,1039,922,7.74,39
2025-08-01,Day,Line3,M303,P101,941,881,7.88,33
2025-08-01,Night,Line3,M303,P103,906,789,7.14,20
2025-08-01,Day,Line3,M304,P102,1086,1026,7.29,36
2025-08-01,Night,Line3,M304,P102,1068,933,7.53,29
2025-08-01,Day,Line4,M401,P102,890,826,7.77,30
2025-08-01,Night,Line4,M401,P103,1118,1063,6.79,45
2025-08-01,Day,Line4,M402,P103,1163,1114,7.6,35
2025-08-01,Night,Line4,M402,P103,994,936,6.93,36
2025-08-01,Day,Line4,M403,P104,976,903,7.62,29
2025-08-01,Night,Line4,M403,P103,984,892,7.34,28
2025-08-01,Day,Line4,M404,P102,1007,956,7.54,26
2025-08-01,Night,Line4,M404,P101,1006,966,7.63,17
2025-08-02,Day,Line1,M101,P104,1141,1084,7.22,25
2025-08-02,Night,Line1,M101,P102,982,890,7.03,27
2025-08-02,Day,Line1,M102,P104,995,990,6.82,24
2025-08-02,Night,Line1,M102,P103,1059,959,7.56,26
2025-08-02,Day,Line1,M103,P101,1119,1077,7.42,45
2025-08-02,Night,Line1,M103,P102,924,888,6.6,24
2025-08-02,Day,Line1,M104,P101,1153,1092,7.42,31
2025-08-02,Night,Line1,M104,P104,915,879,7.97,40
2025-08-02,Day,Line2,M201,P102,1144,1151,7.17,44
2025-08-02,Night,Line2,M201,P103,901,864,6.59,25
2025-08-02,Day,Line2,M202,P102,903,864,7.27,10
2025-08-02,Night,Line2,M202,P104,916,863,7.4,13
2025-08-02,Day,Line2,M203,P102,908,816,7.2,40
2025-08-02,Night,Line2,M203,P101,1095,1011,6.97,30
2025-08-02,Day,Line2,M204,P103,1115,1003,7.35,32
2025-08-02,Night,Line2,M204,P102,996,910,6.86,36
2025-08-02,Day,Line3,M301,P103,1022,930,6.79,40
2025-08-02,Night,Line3,M301,P102,914,821,7.22,12
2025-08-02,Day,Line3,M302,P102,855,791,6.75,12
2025-08-02,Night,Line3,M302,P103,992,940,7.73,37
2025-08-02,Day,Line3,M303,P103,1045,906,7.74,14
2025-08-02,Night,Line3,M303,P102,1162,1002,7.46,24
2025-08-02,Day,Line3,M304,P101,864,793,7.61,19
2025-08-02,Night,Line3,M304,P103,904,826,7.75,18
2025-08-02,Day,Line4,M401,P101,954,896,7.26,39
2025-08-02,Night,Line4,M401,P103,1051,993,6.62,32
2025-08-02,Day,Line4,M402,P104,947,918,7.93,31
2025-08-02,Night,Line4,M402,P103,1171,1159,6.77,40
2025-08-02,Day,Line4,M403,P101,1134,1044,7.42,37
2025-08-02,Night,Line4,M403,P101,1143,1090,7.58,23
2025-08-02,Day,Line4,M404,P101,983,968,7.78,33
2025-08-02,Night,Line4,M404,P103,946,905,6.62,26
2025-08-03,Day,Line1,M101,P103,1053,1051,7.25,34
2025-08-03,Night,Line1,M101,P102,893,810,6.79,14
2025-08-03,Day,Line1,M102,P102,1127,1008,7.09,45
2025-08-03,Night,Line1,M102,P103,874,853,7.71,23
2025-08-03,Day,Line1,M103,P103,943,894,6.59,22
2025-08-03,Night,Line1,M103,P104,930,872,7.78,18
2025-08-03,Day,Line1,M104,P101,977,939,7.05,22
2025-08-03,Night,Line1,M104,P103,1084,1023,7.91,28
2025-08-03,Day,Line2,M201,P102,985,973,7.65,36
2025-08-03,Night,Line2,M201,P102,1185,1129,7.07,16
2025-08-03,Day,Line2,M202,P101,1004,922,6.94,24
2025-08-03,Night,Line2,M202,P104,1146,1074,7.67,36
2025-08-03,Day,Line2,M203,P104,1126,1091,7.2,11
2025-08-03,Night,Line2,M203,P101,1132,1082,6.63,30
2025-08-03,Day,Line2,M204,P102,1141,1090,7.2,27
2025-08-03,Night,Line2,M204,P104,1148,1060,7.41,13
2025-08-03,Day,Line3,M301,P102,1184,1113,7.3,15
2025-08-03,Night,Line3,M301,P104,1074,943,6.7,28
2025-08-03,Day,Line3,M302,P101,1088,1011,7.29,26
2025-08-03,Night,Line3,M302,P102,869,797,7.27,29
2025-08-03,Day,Line3,M303,P102,1013,929,7.87,13
2025-08-03,Night,Line3,M303,P102,966,840,6.64,44
2025-08-03,Day,Line3,M304,P103,874,807,6.93,20
2025-08-03,Night,Line3,M304,P102,1136,1001,7.48,27
2025-08-03,Day,Line4,M401,P104,1050,1082,7.12,31
2025-08-03,Night,Line4,M401,P102,1079,1041,6.95,31
2025-08-03,Day,Line4,M402,P102,951,936,7.47,22
2025-08-03,Night,Line4,M402,P102,1116,1088,6.87,19
2025-08-03,Day,Line4,M403,P102,854,769,6.65,18
2025-08-03,Night,Line4,M403,P101,918,860,6.59,31
2025-08-03,Day,Line4,M404,P104,1143,1135,7.88,16
2025-08-03,Night,Line4,M404,P102,954,880,7.85,10
2025-08-04,Day,Line1,M101,P102,861,787,7.7,24
2025-08-04,Night,Line1,M101,P102,979,924,6.82,36
2025-08-04,Day,Line1,M102,P104,1075,1003,7.27,14
2025-08-04,Night,Line1,M102,P101,1193,1093,6.98,37
2025-08-04,Day,Line1,M103,P104,1036,989,7.81,10
2025-08-04,Night,Line1,M103,P104,1068,965,7.36,19
2025-08-04,Day,Line1,M104,P104,1162,1108,6.75,32
2025-08-04,Night,Line1,M104,P103,977,926,7.36,13
2025-08-04,Day,Line2,M201,P102,992,1013,7.69,33
2025-08-04,Night,Line2,M201,P102,878,812,7.63,15
2025-08-04,Day,Line2,M202,P102,968,925,6.81,45
2025-08-04,Night,Line2,M202,P103,1099,1053,7.33,20
2025-08-04,Day,Line2,M203,P102,864,820,6.81,23
2025-08-04,Night,Line2,M203,P103,917,845,7.09,12
2025-08-04,Day,Line2,M204,P102,1126,1119,7.56,28
2025-08-04,Night,Line2,M204,P104,884,873,7.49,11
2025-08-04,Day,Line3,M301,P101,1082,973,6.69,20
2025-08-04,Night,Line3,M301,P102,1188,1034,7.76,18
2025-08-04,Day,Line3,M302,P103,876,776,7.01,33
2025-08-04,Night,Line3,M302,P101,1074,976,7.95,36
2025-08-04,Day,Line3,M303,P103,1188,1127,6.9,44
2025-08-04,Night,Line3,M303,P104,902,813,6.82,40
2025-08-04,Day,Line3,M304,P104,1014,943,7.52,26
2025-08-04,Night,Line3,M304,P104,904,832,7.33,21
2025-08-04,Day,Line4,M401,P103,875,882,6.91,34
2025-08-04,Night,Line4,M401,P103,1177,1121,7.03,44
2025-08-04,Day,Line4,M402,P102,1124,1065,7.32,38
2025-08-04,Night,Line4,M402,P102,1196,1151,7.55,40
2025-08-04,Day,Line4,M403,P102,1023,1017,7.71,42
2025-08-04,Night,Line4,M403,P101,942,878,7.6,19
2025-08-04,Day,Line4,M404,P103,1156,1041,7.41,12
2025-08-04,Night,Line4,M404,P103,1047,971,7.81,35
2025-08-05,Day,Line1,M101,P103,980,905,7.97,42
2025-08-05,Night,Line1,M101,P102,976,846,7.52,41
2025-08-05,Day,Line1,M102,P102,1171,1111,7.35,22
2025-08-05,Night,Line1,M102,P104,1143,1071,6.64,14
2025-08-05,Day,Line1,M103,P102,901,878,7.19,18
2025-08-05,Night,Line1,M103,P101,894,858,7.14,13
2025-08-05,Day,Line1,M104,P101,1121,1065,6.87,39
2025-08-05,Night,Line1,M104,P101,970,928,7.91,32
2025-08-05,Day,Line2,M201,P104,1164,1134,6.79,13
2025-08-05,Night,Line2,M201,P101,1082,1032,6.71,13
2025-08-05,Day,Line2,M202,P104,999,937,7.59,12
2025-08-05,Night,Line2,M202,P102,1156,1113,6.88,19
2025-08-05,Day,Line2,M203,P103,903,872,6.87,26
2025-08-05,Night,Line2,M203,P103,941,883,7.06,30
2025-08-05,Day,Line2,M204,P101,1102,1036,7.23,16
2025-08-05,Night,Line2,M204,P102,939,873,7.07,19
2025-08-05,Day,Line3,M301,P104,1048,982,7.32,26
2025-08-05,Night,Line3,M301,P102,962,872,6.55,45
2025-08-05,Day,Line3,M302,P104,943,842,7.42,20
2025-08-05,Night,Line3,M302,P101,1034,924,7.53,28
2025-08-05,Day,Line3,M303,P102,923,854,7.87,17
2025-08-05,Night,Line3,M303,P104,940,822,7.72,34
2025-08-05,Day,Line3,M304,P103,1200,1118,7.87,26
2025-08-05,Night,Line3,M304,P104,948,795,6.98,22
2025-08-05,Day,Line4,M401,P101,1126,1105,7.9,22
2025-08-05,Night,Line4,M401,P102,998,958,6.68,28
2025-08-05,Day,Line4,M402,P103,1076,1042,6.77,11
2025-08-05,Night,Line4,M402,P103,1107,1034,7.52,43
2025-08-05,Day,Line4,M403,P104,1110,1037,6.93,31
2025-08-05,Night,Line4,M403,P101,988,930,7.28,39
2025-08-05,Day,Line4,M404,P101,935,910,7.43,10
2025-08-05,Night,Line4,M404,P103,1164,1121,7.24,34
2025-08-06,Day,Line1,M101,P103,886,832,7.11,30
2025-08-06,Night,Line1,M101,P102,1199,1114,6.54,38
2025-08-06,Day,Line1,M102,P104,981,932,7.13,21
2025-08-06,Night,Line1,M102,P104,1068,958,6.57,23
2025-08-06,Day,Line1,M103,P102,1156,1152,6.62,30
2025-08-06,Night,Line1,M103,P104,969,974,7.91,27
2025-08-06,Day,Line1,M104,P102,1081,1081,7.1,41
2025-08-06,Night,Line1,M104,P104,1013,928,6.61,20
2025-08-06,Day,Line2,M201,P102,1033,1046,7.09,19
2025-08-06,Night,Line2,M201,P101,1064,994,6.83,15
2025-08-06,Day,Line2,M202,P104,1028,1010,7.88,44
2025-08-06,Night,Line2,M202,P101,922,885,7.06,18
2025-08-06,Day,Line2,M203,P101,1184,1055,6.89,33
2025-08-06,Night,Line2,M203,P102,927,874,7.63,28
2025-08-06,Day,Line2,M204,P101,886,828,7.11,30
2025-08-06,Night,Line2,M204,P104,961,849,7.57,12
2025-08-06,Day,Line3,M301,P102,1152,1056,7.21,30
2025-08-06,Night,Line3,M301,P103,1190,1080,7.67,35
2025-08-06,Day,Line3,M302,P102,1073,959,6.64,25
2025-08-06,Night,Line3,M302,P104,1192,1067,6.56,19
2025-08-06,Day,Line3,M303,P104,938,889,6.97,28
2025-08-06,Night,Line3,M303,P102,871,770,7.08,37
2025-08-06,Day,Line3,M304,P104,888,775,6.68,31
2025-08-06,Night,Line3,M304,P103,1169,1070,6.52,42
2025-08-06,Day,Line4,M401,P101,1180,1121,7.33,45
2025-08-06,Night,Line4,M401,P103,899,828,6.6,22
2025-08-06,Day,Line4,M402,P102,904,861,7.45,24
2025-08-06,Night,Line4,M402,P101,872,812,7.42,27
2025-08-06,Day,Line4,M403,P102,930,847,7.06,14
2025-08-06,Night,Line4,M403,P101,940,892,6.65,19
2025-08-06,Day,Line4,M404,P101,938,909,7.97,14
2025-08-06,Night,Line4,M404,P103,1001,934,7.47,42
2025-08-07,Day,Line1,M101,P101,1040,1005,6.55,44
2025-08-07,Night,Line1,M101,P102,1072,1029,8.0,44
2025-08-07,Day,Line1,M102,P104,1124,1088,6.88,41
2025-08-07,Night,Line1,M102,P104,1002,922,7.09,10
2025-08-07,Day,Line1,M103,P101,1148,1072,6.88,17
2025-08-07,Night,Line1,M103,P103,984,982,7.0,45
2025-08-07,Day,Line1,M104,P101,1049,1017,7.7,29
2025-08-07,Night,Line1,M104,P103,918,859,7.19,10
2025-08-07,Day,Line2,M201,P101,1048,1023,6.74,21
2025-08-07,Night,Line2,M201,P104,1076,994,6.82,43
2025-08-07,Day,Line2,M202,P104,975,961,6.7,30
2025-08-07,Night,Line2,M202,P103,1048,975,6.68,35
2025-08-07,Day,Line2,M203,P103,1054,955,7.35,29
2025-08-07,Night,Line2,M203,P101,1155,1084,7.18,37
2025-08-07,Day,Line2,M204,P102,961,894,6.71,28
2025-08-07,Night,Line2,M204,P102,907,848,7.73,19
2025-08-07,Day,Line3,M301,P104,924,832,6.67,21
2025-08-07,Night,Line3,M301,P101,948,855,6.58,21
2025-08-07,Day,Line3,M302,P101,1006,961,7.06,14
2025-08-07,Night,Line3,M302,P101,995,908,7.52,20
2025-08-07,Day,Line3,M303,P103,1122,1031,6.6,23
2025-08-07,Night,Line3,M303,P101,994,889,6.79,41
2025-08-07,Day,Line3,M304,P101,896,824,6.63,40
2025-08-07,Night,Line3,M304,P104,928,864,6.91,36
2025-08-07,Day,Line4,M401,P103,1144,1116,6.89,43
2025-08-07,Night,Line4,M401,P101,1183,1048,6.61,20
2025-08-07,Day,Line4,M402,P102,906,844,7.18,45
2025-08-07,Night,Line4,M402,P101,879,854,6.69,24
2025-08-07,Day,Line4,M403,P104,1066,1032,7.85,36
2025-08-07,Night,Line4,M403,P101,936,917,7.24,10
2025-08-07,Day,Line4,M404,P101,852,835,6.98,32
2025-08-07,Night,Line4,M404,P102,932,879,7.05,44
2025-08-08,Day,Line1,M101,P103,949,914,7.58,44
2025-08-08,Night,Line1,M101,P104,946,873,7.66,16
2025-08-08,Day,Line1,M102,P101,1014,967,6.77,12
2025-08-08,Night,Line1,M102,P103,941,851,7.49,27
2025-08-08,Day,Line1,M103,P102,1121,1050,7.78,25
2025-08-08,Night,Line1,M103,P101,1031,938,7.19,45
2025-08-08,Day,Line1,M104,P102,1063,1020,6.63,20
2025-08-08,Night,Line1,M104,P101,880,815,7.98,38
2025-08-08,Day,Line2,M201,P104,1123,1026,7.35,37
2025-08-08,Night,Line2,M201,P102,1084,1036,6.62,37
2025-08-08,Day,Line2,M202,P102,966,917,6.99,21
2025-08-08,Night,Line2,M202,P102,1106,1067,6.55,34
2025-08-08,Day,Line2,M203,P102,959,934,7.19,40
2025-08-08,Night,Line2,M203,P104,892,894,7.86,42
2025-08-08,Day,Line2,M204,P103,1175,1128,6.97,17
2025-08-08,Night,Line2,M204,P104,940,868,6.77,35
2025-08-08,Day,Line3,M301,P104,903,800,7.53,25
2025-08-08,Night,Line3,M301,P104,1132,1029,7.02,29
2025-08-08,Day,Line3,M302,P101,850,792,6.56,14
2025-08-08,Night,Line3,M302,P102,929,827,7.25,42
2025-08-08,Day,Line3,M303,P102,952,874,6.92,24
2025-08-08,Night,Line3,M303,P102,900,830,7.1,44
2025-08-08,Day,Line3,M304,P102,1028,957,6.56,21
2025-08-08,Night,Line3,M304,P104,1157,1040,6.61,14
2025-08-08,Day,Line4,M401,P104,1016,941,6.9,11
2025-08-08,Night,Line4,M401,P104,1096,1006,6.83,41
2025-08-08,Day,Line4,M402,P104,898,853,7.9,12
2025-08-08,Night,Line4,M402,P104,1172,1092,6.72,33
2025-08-08,Day,Line4,M403,P102,853,802,7.9,44
2025-08-08,Night,Line4,M403,P101,1184,1086,7.63,27
2025-08-08,Day,Line4,M404,P102,888,846,7.75,18
2025-08-08,Night,Line4,M404,P104,1160,1096,7.11,38
2025-08-09,Day,Line1,M101,P104,909,886,7.73,39
2025-08-09,Night,Line1,M101,P101,1030,919,7.67,36
2025-08-09,Day,Line1,M102,P102,1127,1067,6.52,29
2025-08-09,Night,Line1,M102,P103,1188,1063,7.82,41
2025-08-09,Day,Line1,M103,P102,1195,1147,6.99,11
2025-08-09,Night,Line1,M103,P102,1050,986,7.05,34
2025-08-09,Day,Line1,M104,P103,1054,1009,7.83,44
2025-08-09,Night,Line1,M104,P104,937,874,6.54,32
2025-08-09,Day,Line2,M201,P101,920,871,7.06,30
2025-08-09,Night,Line2,M201,P104,954,894,6.76,29
2025-08-09,Day,Line2,M202,P102,1025,1000,7.15,30
2025-08-09,Night,Line2,M202,P102,1158,1076,6.91,27
2025-08-09,Day,Line2,M203,P104,1171,1086,6.89,10
2025-08-09,Night,Line2,M203,P104,1002,949,7.32,18
2025-08-09,Day,Line2,M204,P101,1077,1058,7.24,27
2025-08-09,Night,Line2,M204,P104,923,836,7.66,36
2025-08-09,Day,Line3,M301,P104,1152,1005,6.73,29
2025-08-09,Night,Line3,M301,P101,1074,919,7.72,35
2025-08-09,Day,Line3,M302,P104,861,781,7.31,45
2025-08-09,Night,Line3,M302,P101,1133,1063,6.59,39
2025-08-09,Day,Line3,M303,P103,1198,1141,7.36,41
2025-08-09,Night,Line3,M303,P103,1136,1020,6.9,32
2025-08-09,Day,Line3,M304,P103,1057,924,7.32,27
2025-08-09,Night,Line3,M304,P101,1110,1034,7.23,22
2025-08-09,Day,Line4,M401,P103,907,910,7.83,36
2025-08-09,Night,Line4,M401,P104,974,892,6.51,28
2025-08-09,Day,Line4,M402,P104,1115,1071,7.55,31
2025-08-09,Night,Line4,M402,P102,1054,1014,7.78,44
2025-08-09,Day,Line4,M403,P101,1044,1041,6.77,28
2025-08-09,Night,Line4,M403,P101,985,922,6.74,28
2025-08-09,Day,Line4,M404,P103,855,842,7.84,20
2025-08-09,Night,Line4,M404,P104,855,813,7.47,30
2025-08-10,Day,Line1,M101,P102,910,817,7.97,12
2025-08-10,Night,Line1,M101,P102,1054,1000,6.98,18
2025-08-10,Day,Line1,M102,P104,870,840,7.41,35
2025-08-10,Night,Line1,M102,P104,998,988,7.09,45
2025-08-10,Day,Line1,M103,P101,859,826,7.91,44
2025-08-10,Night,Line1,M103,P102,988,943,6.51,44
2025-08-10,Day,Line1,M104,P103,1033,1043,7.62,43
2025-08-10,Night,Line1,M104,P101,963,921,7.86,10
2025-08-10,Day,Line2,M201,P102,1190,1125,7.96,12
2025-08-10,Night,Line2,M201,P103,1097,1030,6.83,29
2025-08-10,Day,Line2,M202,P102,1166,1094,7.28,40
2025-08-10,Night,Line2,M202,P103,904,848,7.07,45
2025-08-10,Day,Line2,M203,P103,1062,1015,7.09,25
2025-08-10,Night,Line2,M203,P101,926,861,7.98,38
2025-08-10,Day,Line2,M204,P103,856,827,7.98,13
2025-08-10,Night,Line2,M204,P101,958,859,7.69,12
2025-08-10,Day,Line3,M301,P103,1049,1015,6.67,35
2025-08-10,Night,Line3,M301,P101,1153,1022,7.16,32
2025-08-10,Day,Line3,M302,P102,858,781,7.55,32
2025-08-10,Night,Line3,M302,P104,999,930,7.62,16
2025-08-10,Day,Line3,M303,P103,1139,1055,7.19,22
2025-08-10,Night,Line3,M303,P104,1127,990,6.82,28
2025-08-10,Day,Line3,M304,P104,1079,974,7.63,13
2025-08-10,Night,Line3,M304,P104,859,791,7.32,17
2025-08-10,Day,Line4,M401,P104,932,928,7.38,36
2025-08-10,Night,Line4,M401,P101,865,801,7.09,17
2025-08-10,Day,Line4,M402,P102,1068,1068,7.88,33
2025-08-10,Night,Line4,M402,P101,874,785,6.73,24
2025-08-10,Day,Line4,M403,P103,1001,1006,7.64,29
2025-08-10,Night,Line4,M403,P103,917,872,7.29,12
2025-08-10,Day,Line4,M404,P104,1097,1097,7.76,27
2025-08-10,Night,Line4,M404,P103,1066,1022,7.64,45
2025-08-11,Day,Line1,M101,P104,1041,986,7.04,20
2025-08-11,Night,Line1,M101,P103,869,815,6.69,34
2025-08-11,Day,Line1,M102,P102,914,867,6.58,17
2025-08-11,Night,Line1,M102,P103,1026,944,7.53,37
2025-08-11,Day,Line1,M103,P104,920,897,7.95,30
2025-08-11,Night,Line1,M103,P104,941,838,7.81,21
2025-08-11,Day,Line1,M104,P102,913,873,6.9,10
2025-08-11,Night,Line1,M104,P103,970,915,6.61,23
2025-08-11,Day,Line2,M201,P103,1075,980,6.87,11
2025-08-11,Night,Line2,M201,P103,1105,1050,7.99,29
2025-08-11,Day,Line2,M202,P104,1049,1027,7.36,29
2025-08-11,Night,Line2,M202,P103,1200,1145,7.81,30
2025-08-11,Day,Line2,M203,P103,1155,1125,6.92,24
2025-08-11,Night,Line2,M203,P104,1017,960,7.39,20
2025-08-11,Day,Line2,M204,P101,968,903,7.82,44
2025-08-11,Night,Line2,M204,P102,1010,997,7.97,10
2025-08-11,Day,Line3,M301,P104,891,745,7.21,18
2025-08-11,Night,Line3,M301,P103,1020,903,7.78,32
2025-08-11,Day,Line3,M302,P102,902,809,7.31,20
2025-08-11,Night,Line3,M302,P101,851,760,6.53,25
2025-08-11,Day,Line3,M303,P104,915,813,7.21,21
2025-08-11,Night,Line3,M303,P101,884,816,7.7,40
2025-08-11,Day,Line3,M304,P102,1177,1022,7.01,19
2025-08-11,Night,Line3,M304,P104,1103,964,8.0,20
2025-08-11,Day,Line4,M401,P104,988,943,6.95,44
2025-08-11,Night,Line4,M401,P102,1166,1113,6.85,32
2025-08-11,Day,Line4,M402,P103,1195,1165,6.85,30
2025-08-11,Night,Line4,M402,P103,937,907,7.07,21
2025-08-11,Day,Line4,M403,P103,937,991,7.83,32
2025-08-11,Night,Line4,M403,P102,1010,973,7.07,16
2025-08-11,Day,Line4,M404,P104,909,869,7.62,42
2025-08-11,Night,Line4,M404,P103,1100,1062,7.9,33
2025-08-12,Day,Line1,M101,P101,1079,1032,7.15,14
2025-08-12,Night,Line1,M101,P101,1022,916,7.46,13
2025-08-12,Day,Line1,M102,P101,1035,951,7.84,29
2025-08-12,Night,Line1,M102,P101,982,916,7.95,38
2025-08-12,Day,Line1,M103,P104,1007,937,7.68,27
2025-08-12,Night,Line1,M103,P104,967,907,7.55,33
2025-08-12,Day,Line1,M104,P102,1032,1015,7.96,19
2025-08-12,Night,Line1,M104,P103,1074,999,7.34,43
2025-08-12,Day,Line2,M201,P103,907,822,7.38,39
2025-08-12,Night,Line2,M201,P101,1032,987,7.16,29
2025-08-12,Day,Line2,M202,P104,952,902,6.88,26
2025-08-12,Night,Line2,M202,P103,1158,1082,6.8,23
2025-08-12,Day,Line2,M203,P101,1020,1048,7.41,24
2025-08-12,Night,Line2,M203,P104,1111,1075,7.08,44
2025-08-12,Day,Line2,M204,P101,963,958,7.21,22
2025-08-12,Night,Line2,M204,P101,1121,1044,7.98,23
2025-08-12,Day,Line3,M301,P104,892,864,6.58,14
2025-08-12,Night,Line3,M301,P102,972,841,7.48,43
2025-08-12,Day,Line3,M302,P102,1068,925,7.35,12
2025-08-12,Night,Line3,M302,P104,1109,1059,6.74,44
2025-08-12,Day,Line3,M303,P102,1135,973,6.71,14
2025-08-12,Night,Line3,M303,P103,939,824,7.53,40
2025-08-12,Day,Line3,M304,P104,950,881,7.51,10
2025-08-12,Night,Line3,M304,P103,1134,1000,7.47,37
2025-08-12,Day,Line4,M401,P102,1011,952,7.9,14
2025-08-12,Night,Line4,M401,P103,942,887,7.44,17
2025-08-12,Day,Line4,M402,P104,1006,966,7.57,36
2025-08-12,Night,Line4,M402,P103,1188,1123,6.58,23
2025-08-12,Day,Line4,M403,P103,965,963,7.67,40
2025-08-12,Night,Line4,M403,P101,901,864,7.66,42
2025-08-12,Day,Line4,M404,P101,1032,985,7.53,37
2025-08-12,Night,Line4,M404,P104,946,898,7.01,28
2025-08-13,Day,Line1,M101,P103,1045,915,6.99,41
2025-08-13,Night,Line1,M101,P101,1095,1026,7.47,38
2025-08-13,Day,Line1,M102,P104,933,906,7.97,35
2025-08-13,Night,Line1,M102,P101,1008,926,7.71,24
2025-08-13,Day,Line1,M103,P102,1052,998,6.99,18
2025-08-13,Night,Line1,M103,P103,1042,1009,7.28,37
2025-08-13,Day,Line1,M104,P103,1024,953,7.57,13
2025-08-13,Night,Line1,M104,P101,868,841,7.33,17
2025-08-13,Day,Line2,M201,P101,1122,1133,7.25,45
2025-08-13,Night,Line2,M201,P103,1095,1018,7.41,24
2025-08-13,Day,Line2,M202,P101,1122,1044,7.31,24
2025-08-13,Night,Line2,M202,P103,933,859,7.16,16
2025-08-13,Day,Line2,M203,P101,1126,1134,7.54,36
2025-08-13,Night,Line2,M203,P103,997,906,6.57,20
2025-08-13,Day,Line2,M204,P103,1049,976,6.65,27
2025-08-13,Night,Line2,M204,P103,1167,1035,6.85,39
2025-08-13,Day,Line3,M301,P103,1074,964,6.53,20
2025-08-13,Night,Line3,M301,P103,1101,987,7.58,31
2025-08-13,Day,Line3,M302,P103,1116,1063,7.89,18
2025-08-13,Night,Line3,M302,P101,1153,1015,7.4,13
2025-08-13,Day,Line3,M303,P102,923,855,7.93,14
2025-08-13,Night,Line3,M303,P104,1148,1000,7.37,39
2025-08-13,Day,Line3,M304,P101,920,806,7.07,29
2025-08-13,Night,Line3,M304,P102,1177,1092,7.6,38
2025-08-13,Day,Line4,M401,P101,1086,1048,7.68,10
2025-08-13,Night,Line4,M401,P103,1147,1100,6.76,43
2025-08-13,Day,Line4,M402,P103,984,949,6.76,31
2025-08-13,Night,Line4,M402,P101,986,883,7.45,23
2025-08-13,Day,Line4,M403,P104,1104,1090,7.71,20
2025-08-13,Night,Line4,M403,P104,1117,1027,7.2,16
2025-08-13,Day,Line4,M404,P101,943,919,7.99,23
2025-08-13,Night,Line4,M404,P101,957,868,7.43,43
2025-08-14,Day,Line1,M101,P103,1072,996,7.72,44
2025-08-14,Night,Line1,M101,P101,891,821,7.77,25
2025-08-14,Day,Line1,M102,P104,1125,1051,6.85,15
2025-08-14,Night,Line1,M102,P103,1022,924,7.86,10
2025-08-14,Day,Line1,M103,P101,1166,1194,7.12,20
2025-08-14,Night,Line1,M103,P101,1077,1013,7.45,39
2025-08-14,Day,Line1,M104,P101,1039,948,7.45,30
2025-08-14,Night,Line1,M104,P102,1136,1029,7.39,37
2025-08-14,Day,Line2,M201,P104,1149,1076,7.05,23
2025-08-14,Night,Line2,M201,P102,1041,964,7.12,15
2025-08-14,Day,Line2,M202,P103,1108,1087,6.55,44
2025-08-14,Night,Line2,M202,P101,1087,1029,6.87,10
2025-08-14,Day,Line2,M203,P103,949,911,7.14,18
2025-08-14,Night,Line2,M203,P104,860,772,7.59,17
2025-08-14,Day,Line2,M204,P101,1144,1116,7.83,25
2025-08-14,Night,Line2,M204,P101,855,766,7.87,25
2025-08-14,Day,Line3,M301,P102,1143,1033,6.8,40
2025-08-14,Night,Line3,M301,P103,918,825,6.51,30
2025-08-14,Day,Line3,M302,P103,912,838,6.78,25
2025-08-14,Night,Line3,M302,P104,871,779,7.46,13
2025-08-14,Day,Line3,M303,P103,1123,1028,7.47,16
2025-08-14,Night,Line3,M303,P101,871,778,7.96,28
2025-08-14,Day,Line3,M304,P103,881,768,7.31,18
2025-08-14,Night,Line3,M304,P103,958,814,7.08,39
2025-08-14,Day,Line4,M401,P102,1055,1038,7.02,14
2025-08-14,Night,Line4,M401,P103,1121,1082,7.28,41
2025-08-14,Day,Line4,M402,P102,1044,970,6.62,35
2025-08-14,Night,Line4,M402,P102,1075,1015,7.63,15
2025-08-14,Day,Line4,M403,P102,1028,998,6.59,42
2025-08-14,Night,Line4,M403,P104,1140,1071,7.38,25
2025-08-14,Day,Line4,M404,P102,1030,1019,7.04,25
2025-08-14,Night,Line4,M404,P101,853,790,6.89,31
2025-08-15,Day,Line1,M101,P103,1070,1016,6.53,15
2025-08-15,Night,Line1,M101,P103,1174,1138,7.09,28
2025-08-15,Day,Line1,M102,P104,1190,1097,7.15,25
2025-08-15,Night,Line1,M102,P101,1183,1139,6.59,31
2025-08-15,Day,Line1,M103,P104,1042,1046,7.12,25
2025-08-15,Night,Line1,M103,P104,1140,1088,7.13,21
2025-08-15,Day,Line1,M104,P103,1027,983,7.29,17
2025-08-15,Night,Line1,M104,P101,1044,943,7.92,28
2025-08-15,Day,Line2,M201,P102,1051,1014,7.29,12
2025-08-15,Night,Line2,M201,P102,1110,1019,7.27,25
2025-08-15,Day,Line2,M202,P104,1098,1044,6.56,21
2025-08-15,Night,Line2,M202,P104,864,821,7.51,20
2025-08-15,Day,Line2,M203,P104,1182,1105,7.43,34
2025-08-15,Night,Line2,M203,P104,852,773,6.76,31
2025-08-15,Day,Line2,M204,P102,1001,945,7.19,21
2025-08-15,Night,Line2,M204,P101,1043,899,7.96,26
2025-08-15,Day,Line3,M301,P103,885,841,7.15,36
2025-08-15,Night,Line3,M301,P101,867,781,7.18,16
2025-08-15,Day,Line3,M302,P104,1015,901,7.24,23
2025-08-15,Night,Line3,M302,P103,1124,979,7.85,29
2025-08-15,Day,Line3,M303,P104,985,929,7.56,12
2025-08-15,Night,Line3,M303,P103,913,776,7.67,12
2025-08-15,Day,Line3,M304,P102,1192,1012,7.95,45
2025-08-15,Night,Line3,M304,P101,919,854,7.42,41
2025-08-15,Day,Line4,M401,P102,854,797,7.5,26
2025-08-15,Night,Line4,M401,P102,1099,1075,6.89,36
2025-08-15,Day,Line4,M402,P102,1066,1049,7.28,18
2025-08-15,Night,Line4,M402,P101,984,896,7.52,26
2025-08-15,Day,Line4,M403,P103,1082,1059,7.17,17
2025-08-15,Night,Line4,M403,P102,1153,1030,7.4,30
2025-08-15,Day,Line4,M404,P102,861,853,7.71,36
2025-08-15,Night,Line4,M404,P101,1064,968,6.89,41
2025-08-16,Day,Line1,M101,P104,983,973,7.54,10
2025-08-16,Night,Line1,M101,P102,938,845,7.56,42
2025-08-16,Day,Line1,M102,P103,1164,1084,7.09,42
2025-08-16,Night,Line1,M102,P104,988,976,6.88,30
2025-08-16,Day,Line1,M103,P103,907,883,6.64,25
2025-08-16,Night,Line1,M103,P103,1125,1028,7.91,39
2025-08-16,Day,Line1,M104,P102,1101,1065,7.86,17
2025-08-16,Night,Line1,M104,P104,986,933,7.11,22
2025-08-16,Day,Line2,M201,P101,1178,1122,6.53,37
2025-08-16,Night,Line2,M201,P101,904,856,7.68,34
2025-08-16,Day,Line2,M202,P103,867,862,6.87,22
2025-08-16,Night,Line2,M202,P103,956,921,7.51,42
2025-08-16,Day,Line2,M203,P101,1109,1082,6.84,41
2025-08-16,Night,Line2,M203,P102,1130,1032,6.6,40
2025-08-16,Day,Line2,M204,P104,1183,1090,7.59,32
2025-08-16,Night,Line2,M204,P102,969,908,6.86,23
2025-08-16,Day,Line3,M301,P104,995,929,6.93,40
2025-08-16,Night,Line3,M301,P104,857,713,7.07,26
2025-08-16,Day,Line3,M302,P101,969,868,6.62,10
2025-08-16,Night,Line3,M302,P101,1168,1055,6.99,17
2025-08-16,Day,Line3,M303,P103,948,899,7.06,42
2025-08-16,Night,Line3,M303,P104,861,706,7.68,21
2025-08-16,Day,Line3,M304,P102,1052,954,7.07,18
2025-08-16,Night,Line3,M304,P103,985,861,7.47,20
2025-08-16,Day,Line4,M401,P101,984,944,7.98,14
2025-08-16,Night,Line4,M401,P102,969,926,6.95,15
2025-08-16,Day,Line4,M402,P101,1184,1079,6.65,32
2025-08-16,Night,Line4,M402,P104,1086,990,7.15,18
2025-08-16,Day,Line4,M403,P101,987,923,6.94,27
2025-08-16,Night,Line4,M403,P101,860,799,7.83,13
2025-08-16,Day,Line4,M404,P104,1152,1143,7.42,27
2025-08-16,Night,Line4,M404,P101,1139,1036,7.14,23
2025-08-17,Day,Line1,M101,P102,988,928,7.39,33
2025-08-17,Night,Line1,M101,P102,1132,1019,7.03,14
2025-08-17,Day,Line1,M102,P101,1168,1109,7.82,40
2025-08-17,Night,Line1,M102,P103,900,839,7.16,19
2025-08-17,Day,Line1,M103,P102,991,946,7.81,44
2025-08-17,Night,Line1,M103,P104,864,872,7.32,45
2025-08-17,Day,Line1,M104,P104,927,912,7.58,34
2025-08-17,Night,Line1,M104,P103,1144,1074,6.67,36
2025-08-17,Day,Line2,M201,P102,943,919,7.75,21
2025-08-17,Night,Line2,M201,P103,890,821,7.32,41
2025-08-17,Day,Line2,M202,P103,923,943,7.16,21
2025-08-17,Night,Line2,M202,P103,857,827,7.52,26
2025-08-17,Day,Line2,M203,P102,938,920,6.97,36
2025-08-17,Night,Line2,M203,P101,905,887,6.74,44
2025-08-17,Day,Line2,M204,P101,868,878,7.45,22
2025-08-17,Night,Line2,M204,P103,1045,951,7.07,43
2025-08-17,Day,Line3,M301,P104,900,851,6.54,34
2025-08-17,Night,Line3,M301,P102,875,790,7.18,40
2025-08-17,Day,Line3,M302,P101,926,850,7.48,44
2025-08-17,Night,Line3,M302,P104,1079,1011,7.28,20
2025-08-17,Day,Line3,M303,P101,927,818,6.74,12
2025-08-17,Night,Line3,M303,P101,1154,1026,7.07,31
2025-08-17,Day,Line3,M304,P102,1050,950,7.46,36
2025-08-17,Night,Line3,M304,P102,885,798,7.3,33
2025-08-17,Day,Line4,M401,P102,1059,1031,6.5,44
2025-08-17,Night,Line4,M401,P101,855,833,7.64,31
2025-08-17,Day,Line4,M402,P104,1093,1051,7.85,30
2025-08-17,Night,Line4,M402,P101,880,871,7.86,16
2025-08-17,Day,Line4,M403,P104,974,1005,7.99,18
2025-08-17,Night,Line4,M403,P103,1138,1087,6.95,10
2025-08-17,Day,Line4,M404,P101,1086,1010,7.84,23
2025-08-17,Night,Line4,M404,P104,895,826,7.62,22
2025-08-18,Day,Line1,M101,P101,1185,1162,6.57,38
2025-08-18,Night,Line1,M101,P102,932,888,7.26,15
2025-08-18,Day,Line1,M102,P101,954,927,7.5,44
2025-08-18,Night,Line1,M102,P104,1139,1134,7.73,12
2025-08-18,Day,Line1,M103,P104,888,879,6.74,34
2025-08-18,Night,Line1,M103,P104,922,856,6.91,21
2025-08-18,Day,Line1,M104,P101,862,824,7.07,26
2025-08-18,Night,Line1,M104,P103,993,920,7.71,36
2025-08-18,Day,Line2,M201,P101,1103,1032,7.48,17
2025-08-18,Night,Line2,M201,P102,1130,1128,6.58,14
2025-08-18,Day,Line2,M202,P104,853,830,7.46,39
2025-08-18,Night,Line2,M202,P103,1006,911,7.66,25
2025-08-18,Day,Line2,M203,P104,877,882,7.53,19
2025-08-18,Night,Line2,M203,P102,1004,923,7.95,28
2025-08-18,Day,Line2,M204,P102,944,913,7.4,33
2025-08-18,Night,Line2,M204,P102,897,804,8.0,35
2025-08-18,Day,Line3,M301,P101,923,842,7.02,31
2025-08-18,Night,Line3,M301,P102,959,812,7.29,27
2025-08-18,Day,Line3,M302,P101,922,787,6.77,11
2025-08-18,Night,Line3,M302,P103,1006,920,6.99,38
2025-08-18,Day,Line3,M303,P104,942,893,7.13,34
2025-08-18,Night,Line3,M303,P101,956,860,7.85,21
2025-08-18,Day,Line3,M304,P104,1178,1166,7.24,32
2025-08-18,Night,Line3,M304,P103,898,782,7.6,24
2025-08-18,Day,Line4,M401,P102,1090,992,6.72,36
2025-08-18,Night,Line4,M401,P101,1183,1129,7.41,39
2025-08-18,Day,Line4,M402,P103,1135,1058,7.09,11
2025-08-18,Night,Line4,M402,P102,988,927,7.27,32
2025-08-18,Day,Line4,M403,P103,1149,1139,7.47,44
2025-08-18,Night,Line4,M403,P103,907,839,6.93,34
2025-08-18,Day,Line4,M404,P101,917,879,7.25,16
2025-08-18,Night,Line4,M404,P101,1144,1117,7.96,17
2025-08-19,Day,Line1,M101,P103,1124,1073,6.71,15
2025-08-19,Night,Line1,M101,P102,1070,1021,6.99,44
2025-08-19,Day,Line1,M102,P104,996,974,7.81,44
2025-08-19,Night,Line1,M102,P104,980,916,7.27,40
2025-08-19,Day,Line1,M103,P104,1113,1064,6.82,36
2025-08-19,Night,Line1,M103,P102,959,901,6.54,39
2025-08-19,Day,Line1,M104,P104,880,828,7.8,10
2025-08-19,Night,Line1,M104,P103,1009,961,7.46,39
2025-08-19,Day,Line2,M201,P103,862,812,7.44,42
2025-08-19,Night,Line2,M201,P102,1074,994,7.85,45
2025-08-19,Day,Line2,M202,P101,1139,1062,7.38,17
2025-08-19,Night,Line2,M202,P101,1101,1078,6.97,28
2025-08-19,Day,Line2,M203,P102,893,823,7.43,37
2025-08-19,Night,Line2,M203,P103,872,869,7.01,13
2025-08-19,Day,Line2,M204,P104,1142,1093,7.9,43
2025-08-19,Night,Line2,M204,P102,1051,976,7.44,18
2025-08-19,Day,Line3,M301,P102,1016,896,6.95,24
2025-08-19,Night,Line3,M301,P103,1126,974,7.37,27
2025-08-19,Day,Line3,M302,P104,988,881,7.58,38
2025-08-19,Night,Line3,M302,P101,1108,1087,6.97,20
2025-08-19,Day,Line3,M303,P101,964,860,7.67,43
2025-08-19,Night,Line3,M303,P104,1013,917,7.5,27
2025-08-19,Day,Line3,M304,P104,945,854,7.5,19
2025-08-19,Night,Line3,M304,P101,936,888,6.62,14
2025-08-19,Day,Line4,M401,P102,952,920,7.61,41
2025-08-19,Night,Line4,M401,P102,857,776,6.61,32
2025-08-19,Day,Line4,M402,P103,850,804,7.61,23
2025-08-19,Night,Line4,M402,P102,851,862,6.99,13
2025-08-19,Day,Line4,M403,P101,859,846,7.93,45
2025-08-19,Night,Line4,M403,P104,977,917,7.89,28
2025-08-19,Day,Line4,M404,P104,1082,1010,6.95,25
2025-08-19,Night,Line4,M404,P101,1163,1066,7.16,10
2025-08-20,Day,Line1,M101,P101,1114,1035,7.43,43
2025-08-20,Night,Line1,M101,P101,912,816,7.64,26
2025-08-20,Day,Line1,M102,P101,1057,1039,6.55,10
2025-08-20,Night,Line1,M102,P101,1146,1097,6.57,15
2025-08-20,Day,Line1,M103,P104,1140,1100,7.37,19
2025-08-20,Night,Line1,M103,P102,921,906,6.58,41
2025-08-20,Day,Line1,M104,P102,1083,1063,7.79,44
2025-08-20,Night,Line1,M104,P104,1166,1049,7.88,12
2025-08-20,Day,Line2,M201,P104,854,899,7.75,44
2025-08-20,Night,Line2,M201,P103,1003,943,7.31,44
2025-08-20,Day,Line2,M202,P101,1130,1115,7.68,37
2025-08-20,Night,Line2,M202,P104,982,924,7.86,34
2025-08-20,Day,Line2,M203,P102,870,838,7.76,13
2025-08-20,Night,Line2,M203,P101,1155,1033,6.67,42
2025-08-20,Day,Line2,M204,P103,1200,1131,7.71,24
2025-08-20,Night,Line2,M204,P102,1072,1024,7.42,17
2025-08-20,Day,Line3,M301,P101,975,883,7.52,38
2025-08-20,Night,Line3,M301,P101,899,762,7.45,43
2025-08-20,Day,Line3,M302,P101,1012,948,7.28,15
2025-08-20,Night,Line3,M302,P103,982,869,7.26,31
2025-08-20,Day,Line3,M303,P102,1143,1044,7.71,29
2025-08-20,Night,Line3,M303,P102,859,730,6.82,22
2025-08-20,Day,Line3,M304,P103,1190,1025,7.64,10
2025-08-20,Night,Line3,M304,P101,1035,926,7.35,23
2025-08-20,Day,Line4,M401,P103,972,971,7.32,27
2025-08-20,Night,Line4,M401,P104,1060,1023,7.08,11
2025-08-20,Day,Line4,M402,P104,1014,994,7.13,34
2025-08-20,Night,Line4,M402,P103,995,942,6.97,27
2025-08-20,Day,Line4,M403,P104,1071,990,6.61,38
2025-08-20,Night,Line4,M403,P102,877,771,7.25,16
2025-08-20,Day,Line4,M404,P101,1131,1174,7.04,18
2025-08-20,Night,Line4,M404,P103,1179,1102,7.42,11
2025-08-21,Day,Line1,M101,P102,1126,1063,7.95,15
2025-08-21,Night,Line1,M101,P102,920,867,7.56,24
2025-08-21,Day,Line1,M102,P104,1155,1077,6.72,28
2025-08-21,Night,Line1,M102,P101,926,858,6.75,35
2025-08-21,Day,Line1,M103,P102,867,880,7.74,43
2025-08-21,Night,Line1,M103,P103,1106,1052,7.69,14
2025-08-21,Day,Line1,M104,P104,984,962,7.58,30
2025-08-21,Night,Line1,M104,P102,1089,1020,6.61,24
2025-08-21,Day,Line2,M201,P103,1176,1169,7.86,22
2025-08-21,Night,Line2,M201,P104,1009,982,7.06,20
2025-08-21,Day,Line2,M202,P102,1026,978,7.0,39
2025-08-21,Night,Line2,M202,P101,854,803,6.59,28
2025-08-21,Day,Line2,M203,P101,931,931,6.81,16
2025-08-21,Night,Line2,M203,P102,1132,1067,7.29,31
2025-08-21,Day,Line2,M204,P101,1131,1075,7.27,17
2025-08-21,Night,Line2,M204,P104,885,825,6.62,21
2025-08-21,Day,Line3,M301,P103,1027,921,6.66,11
2025-08-21,Night,Line3,M301,P103,1190,1061,7.32,35
2025-08-21,Day,Line3,M302,P101,866,777,7.36,13
2025-08-21,Night,Line3,M302,P104,1158,1033,7.76,21
2025-08-21,Day,Line3,M303,P102,878,781,7.39,26
2025-08-21,Night,Line3,M303,P104,1059,955,7.51,11
2025-08-21,Day,Line3,M304,P101,893,827,7.45,18
2025-08-21,Night,Line3,M304,P102,1117,1018,7.52,19
2025-08-21,Day,Line4,M401,P104,894,873,6.99,11
2025-08-21,Night,Line4,M401,P101,939,912,7.06,22
2025-08-21,Day,Line4,M402,P102,1140,1099,7.56,37
2025-08-21,Night,Line4,M402,P101,1029,969,7.99,15
2025-08-21,Day,Line4,M403,P102,865,816,7.17,26
2025-08-21,Night,Line4,M403,P103,855,824,6.97,41
2025-08-21,Day,Line4,M404,P104,1072,1013,7.07,30
2025-08-21,Night,Line4,M404,P102,982,874,7.45,29
2025-08-22,Day,Line1,M101,P104,873,822,6.82,29
2025-08-22,Night,Line1,M101,P102,923,892,7.5,38
2025-08-22,Day,Line1,M102,P104,962,943,6.52,29
2025-08-22,Night,Line1,M102,P104,862,817,7.78,16
2025-08-22,Day,Line1,M103,P101,1020,1050,6.64,25
2025-08-22,Night,Line1,M103,P101,1037,987,7.15,41
2025-08-22,Day,Line1,M104,P102,1008,945,7.26,41
2025-08-22,Night,Line1,M104,P102,982,898,7.72,25
2025-08-22,Day,Line2,M201,P103,1135,1108,7.31,36
2025-08-22,Night,Line2,M201,P101,1101,1084,7.14,36
2025-08-22,Day,Line2,M202,P102,933,897,6.88,30
2025-08-22,Night,Line2,M202,P101,1197,1140,6.85,18
2025-08-22,Day,Line2,M203,P104,1192,1161,6.51,21
2025-08-22,Night,Line2,M203,P104,1081,1093,7.75,10
2025-08-22,Day,Line2,M204,P104,1064,1053,6.6,34
2025-08-22,Night,Line2,M204,P103,1054,1030,7.04,19
2025-08-22,Day,Line3,M301,P102,991,878,7.17,14
2025-08-22,Night,Line3,M301,P104,1059,926,7.03,44
2025-08-22,Day,Line3,M302,P104,1111,992,7.85,27
2025-08-22,Night,Line3,M302,P103,1092,966,6.56,39
2025-08-22,Day,Line3,M303,P101,1189,1086,7.91,20
2025-08-22,Night,Line3,M303,P101,1177,1060,6.8,23
2025-08-22,Day,Line3,M304,P103,857,779,7.18,12
2025-08-22,Night,Line3,M304,P104,905,789,7.0,42
2025-08-22,Day,Line4,M401,P103,1106,1029,7.6,40
2025-08-22,Night,Line4,M401,P103,924,881,7.59,18
2025-08-22,Day,Line4,M402,P102,1010,992,6.75,27
2025-08-22,Night,Line4,M402,P102,1007,942,6.9,13
2025-08-22,Day,Line4,M403,P103,1064,973,6.75,34
2025-08-22,Night,Line4,M403,P102,906,878,6.56,19
2025-08-22,Day,Line4,M404,P101,1022,975,6.87,37
2025-08-22,Night,Line4,M404,P103,1159,1046,6.89,32
2025-08-23,Day,Line1,M101,P102,1032,992,7.59,26
2025-08-23,Night,Line1,M101,P102,858,833,6.55,35
2025-08-23,Day,Line1,M102,P103,994,943,6.78,15
2025-08-23,Night,Line1,M102,P101,901,786,6.68,41
2025-08-23,Day,Line1,M103,P102,1129,1076,7.94,45
2025-08-23,Night,Line1,M103,P101,1121,1032,6.62,19
2025-08-23,Day,Line1,M104,P104,977,944,7.97,10
2025-08-23,Night,Line1,M104,P104,969,912,7.21,29
2025-08-23,Day,Line2,M201,P102,1022,967,7.83,28
2025-08-23,Night,Line2,M201,P102,883,817,7.87,43
2025-08-23,Day,Line2,M202,P103,1150,1151,7.61,36
2025-08-23,Night,Line2,M202,P101,1057,1011,7.49,35
2025-08-23,Day,Line2,M203,P103,859,838,7.3,32
2025-08-23,Night,Line2,M203,P101,901,872,6.86,12
2025-08-23,Day,Line2,M204,P102,896,855,6.94,20
2025-08-23,Night,Line2,M204,P103,1009,999,7.7,22
2025-08-23,Day,Line3,M301,P103,892,821,6.75,21
2025-08-23,Night,Line3,M301,P102,865,774,7.47,17
2025-08-23,Day,Line3,M302,P104,876,806,6.65,29
2025-08-23,Night,Line3,M302,P104,852,752,7.48,25
2025-08-23,Day,Line3,M303,P104,922,822,7.93,16
2025-08-23,Night,Line3,M303,P104,877,811,7.78,13
2025-08-23,Day,Line3,M304,P102,933,819,7.83,13
2025-08-23,Night,Line3,M304,P102,903,777,7.95,38
2025-08-23,Day,Line4,M401,P101,891,853,7.32,15
2025-08-23,Night,Line4,M401,P103,866,793,6.64,10
2025-08-23,Day,Line4,M402,P102,1002,916,7.3,40
2025-08-23,Night,Line4,M402,P101,973,885,7.49,16
2025-08-23,Day,Line4,M403,P104,900,843,7.72,39
2025-08-23,Night,Line4,M403,P104,873,831,7.52,16
2025-08-23,Day,Line4,M404,P104,929,888,7.84,32
2025-08-23,Night,Line4,M404,P101,1109,1074,7.8,26
2025-08-24,Day,Line1,M101,P101,1147,1030,7.9,28
2025-08-24,Night,Line1,M101,P104,1118,1015,7.57,31
2025-08-24,Day,Line1,M102,P103,854,796,6.94,17
2025-08-24,Night,Line1,M102,P101,955,905,7.95,38
2025-08-24,Day,Line1,M103,P103,964,907,7.56,31
2025-08-24,Night,Line1,M103,P102,911,848,7.6,11
2025-08-24,Day,Line1,M104,P104,935,869,7.2,45
2025-08-24,Night,Line1,M104,P104,1117,1014,6.53,10
2025-08-24,Day,Line2,M201,P104,920,865,7.78,39
2025-08-24,Night,Line2,M201,P101,966,938,7.7,39
2025-08-24,Day,Line2,M202,P101,1062,979,7.27,16
2025-08-24,Night,Line2,M202,P104,864,842,7.17,45
2025-08-24,Day,Line2,M203,P101,1165,1151,7.23,40
2025-08-24,Night,Line2,M203,P102,916,849,7.75,22
2025-08-24,Day,Line2,M204,P104,978,940,7.26,40
2025-08-24,Night,Line2,M204,P104,911,865,7.28,44
2025-08-24,Day,Line3,M301,P102,1098,1022,6.63,31
2025-08-24,Night,Line3,M301,P102,870,750,7.36,38
2025-08-24,Day,Line3,M302,P104,1136,1061,7.29,16
2025-08-24,Night,Line3,M302,P101,943,843,6.71,28
2025-08-24,Day,Line3,M303,P101,1194,1056,6.81,45
2025-08-24,Night,Line3,M303,P103,1030,921,6.55,39
2025-08-24,Day,Line3,M304,P101,857,757,7.2,20
2025-08-24,Night,Line3,M304,P103,1192,1061,7.9,28
2025-08-24,Day,Line4,M401,P102,919,871,6.84,23
2025-08-24,Night,Line4,M401,P104,945,894,7.51,20
2025-08-24,Day,Line4,M402,P101,1050,1016,7.32,12
2025-08-24,Night,Line4,M402,P104,1158,1134,7.94,34
2025-08-24,Day,Line4,M403,P103,1083,1060,7.03,26
2025-08-24,Night,Line4,M403,P104,1191,1135,7.33,40
2025-08-24,Day,Line4,M404,P101,1049,958,7.36,38
2025-08-24,Night,Line4,M404,P103,883,856,6.85,37
2025-08-25,Day,Line1,M101,P101,975,925,7.61,33
2025-08-25,Night,Line1,M101,P102,895,814,7.87,30
2025-08-25,Day,Line1,M102,P101,909,930,6.65,36
2025-08-25,Night,Line1,M102,P103,924,851,7.86,34
2025-08-25,Day,Line1,M103,P101,852,854,7.69,40
2025-08-25,Night,Line1,M103,P101,961,913,6.88,22
2025-08-25,Day,Line1,M104,P103,873,852,6.63,43
2025-08-25,Night,Line1,M104,P103,930,875,7.52,28
2025-08-25,Day,Line2,M201,P102,907,848,7.0,44
2025-08-25,Night,Line2,M201,P102,1145,1102,6.55,18
2025-08-25,Day,Line2,M202,P103,1127,1091,7.45,28
2025-08-25,Night,Line2,M202,P101,962,911,7.03,11
2025-08-25,Day,Line2,M203,P101,1004,967,7.59,16
2025-08-25,Night,Line2,M203,P104,1157,1080,7.87,14
2025-08-25,Day,Line2,M204,P101,1011,993,7.62,24
2025-08-25,Night,Line2,M204,P101,925,884,7.45,16
2025-08-25,Day,Line3,M301,P103,886,829,7.48,34
2025-08-25,Night,Line3,M301,P104,1036,917,7.1,45
2025-08-25,Day,Line3,M302,P104,998,901,7.32,35
2025-08-25,Night,Line3,M302,P102,968,847,6.91,31
2025-08-25,Day,Line3,M303,P102,1008,921,6.75,45
2025-08-25,Night,Line3,M303,P101,897,757,7.7,10
2025-08-25,Day,Line3,M304,P103,858,850,6.72,17
2025-08-25,Night,Line3,M304,P103,1105,964,6.99,36
2025-08-25,Day,Line4,M401,P103,929,927,7.66,41
2025-08-25,Night,Line4,M401,P104,912,847,6.83,30
2025-08-25,Day,Line4,M402,P104,976,896,7.98,45
2025-08-25,Night,Line4,M402,P103,1014,972,7.93,17
2025-08-25,Day,Line4,M403,P102,1129,1144,7.7,14
2025-08-25,Night,Line4,M403,P104,1102,1054,7.58,31
2025-08-25,Day,Line4,M404,P101,918,928,7.77,24
2025-08-25,Night,Line4,M404,P103,1138,1111,7.5,41
2025-08-26,Day,Line1,M101,P101,1024,955,7.06,33
2025-08-26,Night,Line1,M101,P103,929,894,6.72,34
2025-08-26,Day,Line1,M102,P101,1193,1034,8.0,39
2025-08-26,Night,Line1,M102,P102,966,919,7.42,34
2025-08-26,Day,Line1,M103,P101,928,872,7.75,28
2025-08-26,Night,Line1,M103,P103,1072,1043,7.42,33
2025-08-26,Day,Line1,M104,P103,1066,988,7.32,39
2025-08-26,Night,Line1,M104,P104,922,895,7.45,12
2025-08-26,Day,Line2,M201,P103,883,868,7.85,38
2025-08-26,Night,Line2,M201,P101,863,815,7.96,39
2025-08-26,Day,Line2,M202,P102,881,831,7.14,42
2025-08-26,Night,Line2,M202,P104,912,878,6.86,33
2025-08-26,Day,Line2,M203,P104,984,892,7.64,40
2025-08-26,Night,Line2,M203,P102,1096,1007,7.75,13
2025-08-26,Day,Line2,M204,P102,900,865,7.19,41
2025-08-26,Night,Line2,M204,P103,1007,951,6.96,24
2025-08-26,Day,Line3,M301,P101,945,840,7.11,38
2025-08-26,Night,Line3,M301,P103,887,771,7.99,29
2025-08-26,Day,Line3,M302,P103,1085,1006,7.03,21
2025-08-26,Night,Line3,M302,P104,875,756,7.19,20
2025-08-26,Day,Line3,M303,P102,1020,919,6.65,26
2025-08-26,Night,Line3,M303,P104,1200,1028,7.3,43
2025-08-26,Day,Line3,M304,P104,925,844,7.35,38
2025-08-26,Night,Line3,M304,P102,1134,1004,7.59,43
2025-08-26,Day,Line4,M401,P103,873,789,6.65,38
2025-08-26,Night,Line4,M401,P104,1069,964,7.29,26
2025-08-26,Day,Line4,M402,P102,855,744,7.61,38
2025-08-26,Night,Line4,M402,P104,1199,1175,7.75,23
2025-08-26,Day,Line4,M403,P102,1094,1030,7.43,14
2025-08-26,Night,Line4,M403,P102,1023,974,6.62,23
2025-08-26,Day,Line4,M404,P104,1093,1019,6.7,36
2025-08-26,Night,Line4,M404,P102,1033,1018,7.79,18
2025-08-27,Day,Line1,M101,P102,1120,1022,6.55,37
2025-08-27,Night,Line1,M101,P104,1160,1133,7.31,13
2025-08-27,Day,Line1,M102,P104,1193,1151,7.96,11
2025-08-27,Night,Line1,M102,P103,1114,1071,6.7,43
2025-08-27,Day,Line1,M103,P104,1152,1153,7.29,24
2025-08-27,Night,Line1,M103,P102,879,834,6.64,31
2025-08-27,Day,Line1,M104,P103,970,984,7.59,26
2025-08-27,Night,Line1,M104,P101,1027,1006,7.64,11
2025-08-27,Day,Line2,M201,P102,1092,1071,6.82,22
2025-08-27,Night,Line2,M201,P104,892,869,7.11,30
2025-08-27,Day,Line2,M202,P104,1069,1028,6.97,26
2025-08-27,Night,Line2,M202,P101,1010,924,6.84,22
2025-08-27,Day,Line2,M203,P103,1060,1096,6.51,38
2025-08-27,Night,Line2,M203,P101,1092,1030,7.67,42
2025-08-27,Day,Line2,M204,P104,1105,1072,7.14,31
2025-08-27,Night,Line2,M204,P103,980,885,7.0,20
2025-08-27,Day,Line3,M301,P104,889,847,6.53,11
2025-08-27,Night,Line3,M301,P102,1119,1007,7.95,26
2025-08-27,Day,Line3,M302,P102,942,874,7.64,40
2025-08-27,Night,Line3,M302,P102,1056,963,7.08,18
2025-08-27,Day,Line3,M303,P104,955,850,7.85,21
2025-08-27,Night,Line3,M303,P101,940,876,6.77,21
2025-08-27,Day,Line3,M304,P102,1096,1011,6.98,16
2025-08-27,Night,Line3,M304,P101,888,742,7.14,39
2025-08-27,Day,Line4,M401,P103,1183,1176,7.28,41
2025-08-27,Night,Line4,M401,P104,1160,1089,7.04,17
2025-08-27,Day,Line4,M402,P104,904,853,7.27,37
2025-08-27,Night,Line4,M402,P102,879,787,7.62,28
2025-08-27,Day,Line4,M403,P102,1165,1108,7.07,44
2025-08-27,Night,Line4,M403,P103,908,842,7.04,28
2025-08-27,Day,Line4,M404,P103,1132,1130,6.99,35
2025-08-27,Night,Line4,M404,P102,866,801,7.25,33
2025-08-28,Day,Line1,M101,P102,903,831,7.58,37
2025-08-28,Night,Line1,M101,P101,956,916,7.32,21
2025-08-28,Day,Line1,M102,P102,865,865,6.87,21
2025-08-28,Night,Line1,M102,P104,1141,1064,7.82,45
2025-08-28,Day,Line1,M103,P101,898,917,7.81,27
2025-08-28,Night,Line1,M103,P102,1197,1166,7.73,35
2025-08-28,Day,Line1,M104,P103,1103,1106,7.15,14
2025-08-28,Night,Line1,M104,P101,1066,1020,7.32,44
2025-08-28,Day,Line2,M201,P101,886,862,6.5,38
2025-08-28,Night,Line2,M201,P104,859,794,6.92,23
2025-08-28,Day,Line2,M202,P101,1054,1067,7.67,22
2025-08-28,Night,Line2,M202,P104,870,858,7.26,31
2025-08-28,Day,Line2,M203,P101,866,877,7.25,28
2025-08-28,Night,Line2,M203,P102,956,900,7.41,21
2025-08-28,Day,Line2,M204,P104,1084,1033,7.08,21
2025-08-28,Night,Line2,M204,P103,993,959,6.51,34
2025-08-28,Day,Line3,M301,P102,907,815,7.26,38
2025-08-28,Night,Line3,M301,P102,1138,1015,7.71,27
2025-08-28,Day,Line3,M302,P104,1071,920,7.68,25
2025-08-28,Night,Line3,M302,P101,1126,1014,6.9,24
2025-08-28,Day,Line3,M303,P101,1053,980,6.75,30
2025-08-28,Night,Line3,M303,P103,881,822,7.86,20
2025-08-28,Day,Line3,M304,P103,1165,1091,7.69,45
2025-08-28,Night,Line3,M304,P103,905,835,6.89,24
2025-08-28,Day,Line4,M401,P102,915,932,7.16,39
2025-08-28,Night,Line4,M401,P102,1102,1013,7.55,21
2025-08-28,Day,Line4,M402,P101,931,869,7.67,17
2025-08-28,Night,Line4,M402,P104,963,913,7.58,32
2025-08-28,Day,Line4,M403,P101,1002,933,6.9,37
2025-08-28,Night,Line4,M403,P101,914,871,7.09,37
2025-08-28,Day,Line4,M404,P104,1081,1007,7.71,35
2025-08-28,Night,Line4,M404,P103,937,859,7.46,39
2025-08-29,Day,Line1,M101,P102,1133,1037,7.88,29
2025-08-29,Night,Line1,M101,P103,955,907,6.79,41
2025-08-29,Day,Line1,M102,P103,1169,1080,6.81,33
2025-08-29,Night,Line1,M102,P101,1081,1036,6.99,10
2025-08-29,Day,Line1,M103,P104,1004,987,7.04,10
2025-08-29,Night,Line1,M103,P104,1103,1017,7.22,33
2025-08-29,Day,Line1,M104,P104,861,851,6.83,20
2025-08-29,Night,Line1,M104,P101,1129,1089,7.25,10
2025-08-29,Day,Line2,M201,P101,1139,1134,7.43,20
2025-08-29,Night,Line2,M201,P101,934,859,7.21,21
2025-08-29,Day,Line2,M202,P101,1040,976,7.63,29
2025-08-29,Night,Line2,M202,P102,1167,1122,7.8,12
2025-08-29,Day,Line2,M203,P103,982,951,7.11,44
2025-08-29,Night,Line2,M203,P101,1149,1093,7.97,24
2025-08-29,Day,Line2,M204,P102,930,934,6.74,32
2025-08-29,Night,Line2,M204,P102,976,879,7.97,23
2025-08-29,Day,Line3,M301,P102,853,802,6.6,20
2025-08-29,Night,Line3,M301,P102,1033,944,7.65,14
2025-08-29,Day,Line3,M302,P101,928,863,6.94,33
2025-08-29,Night,Line3,M302,P103,1026,947,7.23,13
2025-08-29,Day,Line3,M303,P101,1166,1058,6.87,24
2025-08-29,Night,Line3,M303,P103,995,855,7.02,31
2025-08-29,Day,Line3,M304,P101,965,864,6.61,35
2025-08-29,Night,Line3,M304,P103,956,833,7.88,22
2025-08-29,Day,Line4,M401,P102,948,842,7.3,20
2025-08-29,Night,Line4,M401,P103,976,937,7.44,35
2025-08-29,Day,Line4,M402,P102,1153,1099,6.72,37
2025-08-29,Night,Line4,M402,P102,853,800,6.54,44
2025-08-29,Day,Line4,M403,P101,1027,972,6.62,44
2025-08-29,Night,Line4,M403,P102,912,859,7.22,18
2025-08-29,Day,Line4,M404,P103,988,998,7.16,15
2025-08-29,Night,Line4,M404,P102,1146,1026,7.9,13
2025-08-30,Day,Line1,M101,P104,1020,1037,7.84,35
2025-08-30,Night,Line1,M101,P103,1163,1105,6.72,18
2025-08-30,Day,Line1,M102,P101,910,863,6.71,19
2025-08-30,Night,Line1,M102,P102,1104,1029,7.27,35
2025-08-30,Day,Line1,M103,P102,888,832,7.97,40
2025-08-30,Night,Line1,M103,P104,1008,893,6.74,33
2025-08-30,Day,Line1,M104,P103,931,867,6.98,14
2025-08-30,Night,Line1,M104,P101,1046,986,7.29,21
2025-08-30,Day,Line2,M201,P103,1178,1126,6.6,15
2025-08-30,Night,Line2,M201,P102,1079,1032,7.08,31
2025-08-30,Day,Line2,M202,P101,1150,1089,7.43,18
2025-08-30,Night,Line2,M202,P102,1052,971,6.6,38
2025-08-30,Day,Line2,M203,P101,967,995,7.13,16
2025-08-30,Night,Line2,M203,P104,1040,954,6.53,24
2025-08-30,Day,Line2,M204,P104,915,859,7.21,37
2025-08-30,Night,Line2,M204,P103,1092,1062,7.08,30
2025-08-30,Day,Line3,M301,P102,1191,1113,7.54,42
2025-08-30,Night,Line3,M301,P104,978,861,6.72,34
2025-08-30,Day,Line3,M302,P101,922,864,7.55,11
2025-08-30,Night,Line3,M302,P104,911,816,6.72,38
2025-08-30,Day,Line3,M303,P102,863,774,7.18,10
2025-08-30,Night,Line3,M303,P102,1187,1082,7.29,44
2025-08-30,Day,Line3,M304,P103,1011,923,7.22,18
2025-08-30,Night,Line3,M304,P103,881,738,7.41,22
2025-08-30,Day,Line4,M401,P102,904,888,6.86,14
2025-08-30,Night,Line4,M401,P103,967,907,6.91,31
2025-08-30,Day,Line4,M402,P103,855,861,7.26,30
2025-08-30,Night,Line4,M402,P101,988,957,7.54,23
2025-08-30,Day,Line4,M403,P102,901,872,6.71,16
2025-08-30,Night,Line4,M403,P103,971,904,7.1,13
2025-08-30,Day,Line4,M404,P104,1098,1056,7.5,39
2025-08-30,Night,Line4,M404,P102,983,900,7.91,39
2025-08-31,Day,Line1,M101,P102,1041,1008,7.9,26
2025-08-31,Night,Line1,M101,P102,928,918,7.22,15
2025-08-31,Day,Line1,M102,P102,980,1001,7.11,30
2025-08-31,Night,Line1,M102,P101,1152,1128,7.76,21
2025-08-31,Day,Line1,M103,P101,1004,970,7.58,44
2025-08-31,Night,Line1,M103,P104,1102,992,7.86,12
2025-08-31,Day,Line1,M104,P104,1102,1058,7.46,34
2025-08-31,Night,Line1,M104,P102,956,928,7.09,25
2025-08-31,Day,Line2,M201,P102,1151,1136,7.9,45
2025-08-31,Night,Line2,M201,P104,1031,966,7.84,16
2025-08-31,Day,Line2,M202,P103,1166,1114,7.28,13
2025-08-31,Night,Line2,M202,P102,1024,977,7.67,39
2025-08-31,Day,Line2,M203,P103,1071,1032,7.18,27
2025-08-31,Night,Line2,M203,P101,1116,1049,7.57,31
2025-08-31,Day,Line2,M204,P103,1119,1073,7.79,43
2025-08-31,Night,Line2,M204,P102,1127,1108,7.32,20
2025-08-31,Day,Line3,M301,P103,1073,947,7.09,40
2025-08-31,Night,Line3,M301,P102,1057,934,7.6,21
2025-08-31,Day,Line3,M302,P101,1110,1005,7.03,27
2025-08-31,Night,Line3,M302,P104,1096,983,6.73,18
2025-08-31,Day,Line3,M303,P102,1035,945,7.46,29
2025-08-31,Night,Line3,M303,P102,1176,1048,7.43,30
2025-08-31,Day,Line3,M304,P103,891,787,7.59,35
2025-08-31,Night,Line3,M304,P102,1134,1013,7.4,20
2025-08-31,Day,Line4,M401,P102,943,925,7.68,32
2025-08-31,Night,Line4,M401,P101,904,857,7.67,44
2025-08-31,Day,Line4,M402,P102,1030,960,7.19,35
2025-08-31,Night,Line4,M402,P102,1003,948,7.68,38
2025-08-31,Day,Line4,M403,P102,1132,1091,7.25,36
2025-08-31,Night,Line4,M403,P102,1151,1073,7.05,26
2025-08-31,Day,Line4,M404,P102,1180,1143,6.98,10
2025-08-31,Night,Line4,M404,P101,936,865,6.9,20
2025-09-01,Day,Line1,M101,P102,990,973,7.04,15
2025-09-01,Night,Line1,M101,P103,1141,1140,7.46,21
2025-09-01,Day,Line1,M102,P101,856,843,6.84,36
2025-09-01,Night,Line1,M102,P104,937,862,6.74,38
2025-09-01,Day,Line1,M103,P101,918,900,6.77,36
2025-09-01,Night,Line1,M103,P104,850,823,6.67,26
2025-09-01,Day,Line1,M104,P103,876,853,6.99,33
2025-09-01,Night,Line1,M104,P104,949,908,7.49,21
2025-09-01,Day,Line2,M201,P101,1094,1050,6.53,28
2025-09-01,Night,Line2,M201,P101,859,779,7.09,24
2025-09-01,Day,Line2,M202,P101,875,838,7.13,15
2025-09-01,Night,Line2,M202,P102,975,893,7.17,33
2025-09-01,Day,Line2,M203,P102,1125,1075,7.63,21
2025-09-01,Night,Line2,M203,P102,932,864,7.05,29
2025-09-01,Day,Line2,M204,P104,897,837,7.13,15
2025-09-01,Night,Line2,M204,P102,1045,1026,7.35,10
2025-09-01,Day,Line3,M301,P101,1064,971,7.92,11
2025-09-01,Night,Line3,M301,P102,1086,953,7.98,41
2025-09-01,Day,Line3,M302,P101,1014,834,7.47,35
2025-09-01,Night,Line3,M302,P103,1054,892,7.33,17
2025-09-01,Day,Line3,M303,P104,878,822,7.62,40
2025-09-01,Night,Line3,M303,P104,916,824,7.25,35
2025-09-01,Day,Line3,M304,P103,961,936,7.18,43
2025-09-01,Night,Line3,M304,P103,855,745,7.19,10
2025-09-01,Day,Line4,M401,P103,966,965,6.92,39
2025-09-01,Night,Line4,M401,P102,952,893,7.28,27
2025-09-01,Day,Line4,M402,P104,896,839,7.94,38
2025-09-01,Night,Line4,M402,P104,1187,1105,7.78,19
2025-09-01,Day,Line4,M403,P102,1194,1153,7.02,17
2025-09-01,Night,Line4,M403,P102,951,882,7.99,36
2025-09-01,Day,Line4,M404,P101,856,795,7.35,26
2025-09-01,Night,Line4,M404,P103,897,822,7.75,37
2025-09-02,Day,Line1,M101,P103,920,900,6.59,22
2025-09-02,Night,Line1,M101,P101,1049,957,7.88,32
2025-09-02,Day,Line1,M102,P103,997,868,7.96,17
2025-09-02,Night,Line1,M102,P102,1085,1002,7.99,21
2025-09-02,Day,Line1,M103,P104,1090,1018,7.26,34
2025-09-02,Night,Line1,M103,P103,1094,1039,7.29,36
2025-09-02,Day,Line1,M104,P101,1066,1110,6.53,23
2025-09-02,Night,Line1,M104,P103,1159,1109,7.57,28
2025-09-02,Day,Line2,M201,P102,1169,1100,7.36,12
2025-09-02,Night,Line2,M201,P103,1069,1016,7.35,14
2025-09-02,Day,Line2,M202,P104,1017,958,7.44,31
2025-09-02,Night,Line2,M202,P101,1111,1052,6.92,45
2025-09-02,Day,Line2,M203,P104,860,865,7.56,15
2025-09-02,Night,Line2,M203,P104,1167,1098,6.68,22
2025-09-02,Day,Line2,M204,P102,1003,975,6.74,21
2025-09-02,Night,Line2,M204,P101,936,882,7.78,28
2025-09-02,Day,Line3,M301,P102,1077,1012,6.92,29
2025-09-02,Night,Line3,M301,P103,986,899,6.93,14
2025-09-02,Day,Line3,M302,P104,936,844,6.59,24
2025-09-02,Night,Line3,M302,P103,1026,935,7.4,37
2025-09-02,Day,Line3,M303,P103,950,871,7.46,42
2025-09-02,Night,Line3,M303,P104,1143,1005,7.81,26
2025-09-02,Day,Line3,M304,P104,1141,1027,7.07,10
2025-09-02,Night,Line3,M304,P102,1033,926,7.66,28
2025-09-02,Day,Line4,M401,P103,965,938,7.6,34
2025-09-02,Night,Line4,M401,P102,1064,997,6.52,45
2025-09-02,Day,Line4,M402,P101,993,965,7.8,39
2025-09-02,Night,Line4,M402,P102,951,875,7.3,43
2025-09-02,Day,Line4,M403,P104,986,918,7.01,14
2025-09-02,Night,Line4,M403,P101,851,766,6.99,31
2025-09-02,Day,Line4,M404,P102,1106,1081,7.85,31
2025-09-02,Night,Line4,M404,P103,1096,984,6.96,27
2025-09-03,Day,Line1,M101,P102,896,871,7.61,35
2025-09-03,Night,Line1,M101,P103,970,900,7.9,30
2025-09-03,Day,Line1,M102,P101,866,825,7.31,24
2025-09-03,Night,Line1,M102,P104,1123,1048,7.42,14
2025-09-03,Day,Line1,M103,P103,1194,1235,6.77,37
2025-09-03,Night,Line1,M103,P101,1006,930,7.22,41
2025-09-03,Day,Line1,M104,P104,898,840,7.52,28
2025-09-03,Night,Line1,M104,P102,1083,1079,7.18,42
2025-09-03,Day,Line2,M201,P103,991,914,7.12,23
2025-09-03,Night,Line2,M201,P104,876,795,6.53,35
2025-09-03,Day,Line2,M202,P104,892,881,7.03,44
2025-09-03,Night,Line2,M202,P104,1183,1128,6.57,32
2025-09-03,Day,Line2,M203,P104,981,932,7.61,36
2025-09-03,Night,Line2,M203,P104,917,836,6.94,34
2025-09-03,Day,Line2,M204,P102,1056,955,6.68,45
2025-09-03,Night,Line2,M204,P101,1038,1026,7.0,29
2025-09-03,Day,Line3,M301,P101,1115,1039,6.68,33
2025-09-03,Night,Line3,M301,P101,880,822,6.74,19
2025-09-03,Day,Line3,M302,P104,1093,1031,7.02,20
2025-09-03,Night,Line3,M302,P101,855,773,7.39,43
2025-09-03,Day,Line3,M303,P103,1021,913,6.53,12
2025-09-03,Night,Line3,M303,P104,1182,1019,7.65,45
2025-09-03,Day,Line3,M304,P104,860,814,7.56,28
2025-09-03,Night,Line3,M304,P102,1036,910,7.74,36
2025-09-03,Day,Line4,M401,P104,867,809,7.96,31
2025-09-03,Night,Line4,M401,P101,966,891,7.58,25
2025-09-03,Day,Line4,M402,P104,986,984,6.62,37
2025-09-03,Night,Line4,M402,P102,958,878,7.35,11
2025-09-03,Day,Line4,M403,P104,1097,1042,6.85,38
2025-09-03,Night,Line4,M403,P102,861,808,6.93,35
2025-09-03,Day,Line4,M404,P104,911,882,6.86,45
2025-09-03,Night,Line4,M404,P102,943,862,6.92,21
2025-09-04,Day,Line1,M101,P104,1060,1015,7.09,40
2025-09-04,Night,Line1,M101,P103,891,862,7.59,11
2025-09-04,Day,Line1,M102,P104,1110,1137,6.98,42
2025-09-04,Night,Line1,M102,P104,1018,926,7.66,23
2025-09-04,Day,Line1,M103,P103,1196,1116,7.94,12
2025-09-04,Night,Line1,M103,P104,1091,1001,7.19,23
2025-09-04,Day,Line1,M104,P104,954,935,6.93,29
2025-09-04,Night,Line1,M104,P102,1113,1014,6.9,42
2025-09-04,Day,Line2,M201,P104,1054,1008,7.41,11
2025-09-04,Night,Line2,M201,P103,1176,1098,6.68,30
2025-09-04,Day,Line2,M202,P101,1193,1226,7.77,29
2025-09-04,Night,Line2,M202,P102,921,851,6.84,17
2025-09-04,Day,Line2,M203,P104,880,830,7.52,26
2025-09-04,Night,Line2,M203,P104,889,853,7.15,44
2025-09-04,Day,Line2,M204,P104,1199,1163,6.83,38
2025-09-04,Night,Line2,M204,P101,1058,974,6.76,35
2025-09-04,Day,Line3,M301,P102,945,898,6.85,13
2025-09-04,Night,Line3,M301,P101,1055,898,6.78,20
2025-09-04,Day,Line3,M302,P101,1092,993,7.14,22
2025-09-04,Night,Line3,M302,P102,1110,978,6.85,15
2025-09-04,Day,Line3,M303,P102,1101,998,7.68,17
2025-09-04,Night,Line3,M303,P102,1064,926,7.57,30
2025-09-04,Day,Line3,M304,P102,969,879,7.99,39
2025-09-04,Night,Line3,M304,P101,1084,972,6.88,10
2025-09-04,Day,Line4,M401,P104,1007,901,7.03,26
2025-09-04,Night,Line4,M401,P102,1057,980,7.76,28
2025-09-04,Day,Line4,M402,P102,865,811,6.64,23
2025-09-04,Night,Line4,M402,P102,894,901,7.99,25
2025-09-04,Day,Line4,M403,P103,1004,1018,7.11,11
2025-09-04,Night,Line4,M403,P101,994,948,7.32,32
2025-09-04,Day,Line4,M404,P104,1080,1011,7.69,11
2025-09-04,Night,Line4,M404,P104,1156,1070,6.59,21
2025-09-05,Day,Line1,M101,P101,1165,1110,7.27,31
2025-09-05,Night,Line1,M101,P104,947,876,7.11,10
2025-09-05,Day,Line1,M102,P103,982,958,6.86,43
2025-09-05,Night,Line1,M102,P102,989,977,6.89,24
2025-09-05,Day,Line1,M103,P103,1187,1044,6.94,25
2025-09-05,Night,Line1,M103,P101,925,861,7.71,14
2025-09-05,Day,Line1,M104,P104,1125,1152,6.78,17
2025-09-05,Night,Line1,M104,P104,1091,1017,7.3,42
2025-09-05,Day,Line2,M201,P101,1047,1014,7.67,34
2025-09-05,Night,Line2,M201,P103,1189,1047,7.65,24
2025-09-05,Day,Line2,M202,P101,1025,1025,7.91,43
2025-09-05,Night,Line2,M202,P101,902,820,7.44,34
2025-09-05,Day,Line2,M203,P103,1147,1116,6.66,19
2025-09-05,Night,Line2,M203,P101,1018,930,7.81,10
2025-09-05,Day,Line2,M204,P102,1079,958,6.59,12
2025-09-05,Night,Line2,M204,P101,1093,1038,7.07,13
2025-09-05,Day,Line3,M301,P102,1061,989,7.09,29
2025-09-05,Night,Line3,M301,P101,1078,957,7.14,13
2025-09-05,Day,Line3,M302,P102,865,757,6.75,42
2025-09-05,Night,Line3,M302,P101,1115,1072,6.53,14
2025-09-05,Day,Line3,M303,P104,931,867,6.66,35
2025-09-05,Night,Line3,M303,P102,1120,1003,6.82,20
2025-09-05,Day,Line3,M304,P104,1131,1068,6.9,21
2025-09-05,Night,Line3,M304,P103,1003,877,7.82,43
2025-09-05,Day,Line4,M401,P103,865,880,7.05,11
2025-09-05,Night,Line4,M401,P104,925,890,7.67,43
2025-09-05,Day,Line4,M402,P103,1139,1129,7.63,21
2025-09-05,Night,Line4,M402,P104,1173,1091,7.28,27
2025-09-05,Day,Line4,M403,P101,888,824,7.76,36
2025-09-05,Night,Line4,M403,P101,1066,1008,7.68,17
2025-09-05,Day,Line4,M404,P104,906,857,7.95,20
2025-09-05,Night,Line4,M404,P104,1057,1059,7.82,35
2025-09-06,Day,Line1,M101,P102,857,789,7.43,45
2025-09-06,Night,Line1,M101,P101,1121,1102,7.36,18
2025-09-06,Day,Line1,M102,P101,972,886,7.11,17
2025-09-06,Night,Line1,M102,P104,879,803,7.36,21
2025-09-06,Day,Line1,M103,P104,949,865,7.64,26
2025-09-06,Night,Line1,M103,P103,987,913,7.3,23
2025-09-06,Day,Line1,M104,P103,1154,1101,7.83,34
2025-09-06,Night,Line1,M104,P102,1178,1085,7.63,26
2025-09-06,Day,Line2,M201,P103,1117,1087,6.61,41
2025-09-06,Night,Line2,M201,P101,891,832,7.94,21
2025-09-06,Day,Line2,M202,P101,1001,902,7.31,19
2025-09-06,Night,Line2,M202,P103,933,851,7.7,33
2025-09-06,Day,Line2,M203,P102,1058,1005,7.14,11
2025-09-06,Night,Line2,M203,P101,929,904,6.72,24
2025-09-06,Day,Line2,M204,P104,1036,998,6.6,25
2025-09-06,Night,Line2,M204,P101,943,873,7.6,45
2025-09-06,Day,Line3,M301,P103,1141,990,7.31,38
2025-09-06,Night,Line3,M301,P104,880,787,6.77,25
2025-09-06,Day,Line3,M302,P104,1182,1124,7.19,38
2025-09-06,Night,Line3,M302,P101,917,808,6.72,28
2025-09-06,Day,Line3,M303,P102,1042,922,7.61,30
2025-09-06,Night,Line3,M303,P102,1007,914,7.22,12
2025-09-06,Day,Line3,M304,P103,1031,974,7.56,24
2025-09-06,Night,Line3,M304,P104,980,867,6.55,42
2025-09-06,Day,Line4,M401,P101,1122,1101,6.53,38
2025-09-06,Night,Line4,M401,P103,992,920,7.32,11
2025-09-06,Day,Line4,M402,P102,1054,1036,7.64,27
2025-09-06,Night,Line4,M402,P102,910,894,7.59,32
2025-09-06,Day,Line4,M403,P104,1105,1091,7.47,25
2025-09-06,Night,Line4,M403,P103,991,947,7.1,35
2025-09-06,Day,Line4,M404,P104,927,940,7.81,22
2025-09-06,Night,Line4,M404,P102,968,903,6.91,37
2025-09-07,Day,Line1,M101,P101,1045,1020,7.37,35
2025-09-07,Night,Line1,M101,P104,1159,1082,6.77,43
2025-09-07,Day,Line1,M102,P104,995,971,6.81,14
2025-09-07,Night,Line1,M102,P102,1040,1000,7.81,29
2025-09-07,Day,Line1,M103,P104,1191,1178,6.99,21
2025-09-07,Night,Line1,M103,P102,875,824,6.59,26
2025-09-07,Day,Line1,M104,P102,1159,1051,7.57,43
2025-09-07,Night,Line1,M104,P104,944,882,7.94,20
2025-09-07,Day,Line2,M201,P104,1138,1115,7.18,18
2025-09-07,Night,Line2,M201,P101,1046,993,7.66,36
2025-09-07,Day,Line2,M202,P104,887,864,7.26,39
2025-09-07,Night,Line2,M202,P104,940,905,7.44,22
2025-09-07,Day,Line2,M203,P103,1043,968,7.71,19
2025-09-07,Night,Line2,M203,P102,960,926,7.93,30
2025-09-07,Day,Line2,M204,P104,1054,1070,7.61,45
2025-09-07,Night,Line2,M204,P104,1103,1026,7.49,38
2025-09-07,Day,Line3,M301,P102,1040,978,7.17,37
2025-09-07,Night,Line3,M301,P101,1004,897,6.59,17
2025-09-07,Day,Line3,M302,P102,980,905,7.77,43
2025-09-07,Night,Line3,M302,P102,875,802,6.71,43
2025-09-07,Day,Line3,M303,P103,1161,1068,7.73,25
2025-09-07,Night,Line3,M303,P101,1017,893,7.56,22
2025-09-07,Day,Line3,M304,P102,1156,1065,7.83,15
2025-09-07,Night,Line3,M304,P102,914,790,7.14,35
2025-09-07,Day,Line4,M401,P101,865,794,6.62,10
2025-09-07,Night,Line4,M401,P101,998,875,7.84,29
2025-09-07,Day,Line4,M402,P101,1184,1190,6.8,39
2025-09-07,Night,Line4,M402,P104,925,883,7.5,14
2025-09-07,Day,Line4,M403,P103,1183,1161,7.75,24
2025-09-07,Night,Line4,M403,P101,995,943,7.91,14
2025-09-07,Day,Line4,M404,P102,1003,915,6.58,17
2025-09-07,Night,Line4,M404,P101,954,937,7.52,43
2025-09-08,Day,Line1,M101,P104,1014,961,7.52,19
2025-09-08,Night,Line1,M101,P104,917,806,7.87,12
2025-09-08,Day,Line1,M102,P104,1179,1124,7.08,30
2025-09-08,Night,Line1,M102,P104,1002,980,6.86,20
2025-09-08,Day,Line1,M103,P102,1001,935,7.96,10
2025-09-08,Night,Line1,M103,P103,1167,1087,7.36,19
2025-09-08,Day,Line1,M104,P101,1115,1058,7.32,21
2025-09-08,Night,Line1,M104,P102,1022,933,7.3,24
2025-09-08,Day,Line2,M201,P101,1141,1100,6.71,41
2025-09-08,Night,Line2,M201,P104,1069,980,6.56,16
2025-09-08,Day,Line2,M202,P103,1136,1140,6.67,35
2025-09-08,Night,Line2,M202,P102,1141,1023,6.97,44
2025-09-08,Day,Line2,M203,P101,1182,1093,7.26,33
2025-09-08,Night,Line2,M203,P104,1123,1046,6.63,18
2025-09-08,Day,Line2,M204,P101,893,858,6.87,40
2025-09-08,Night,Line2,M204,P103,975,898,6.64,10
2025-09-08,Day,Line3,M301,P104,1165,1088,7.59,36
2025-09-08,Night,Line3,M301,P104,901,797,7.72,43
2025-09-08,Day,Line3,M302,P104,1142,1058,7.05,31
2025-09-08,Night,Line3,M302,P104,928,864,6.77,28
2025-09-08,Day,Line3,M303,P101,1008,970,7.24,25
2025-09-08,Night,Line3,M303,P103,1101,971,7.15,26
2025-09-08,Day,Line3,M304,P101,933,852,7.05,30
2025-09-08,Night,Line3,M304,P102,887,719,7.62,22
2025-09-08,Day,Line4,M401,P104,1188,1152,7.01,30
2025-09-08,Night,Line4,M401,P104,899,838,6.96,10
2025-09-08,Day,Line4,M402,P101,1104,1028,6.58,41
2025-09-08,Night,Line4,M402,P104,950,923,7.06,20
2025-09-08,Day,Line4,M403,P101,1104,1028,7.44,32
2025-09-08,Night,Line4,M403,P101,965,941,7.49,36
2025-09-08,Day,Line4,M404,P101,1144,1115,7.15,21
2025-09-08,Night,Line4,M404,P101,925,877,6.75,31
2025-09-09,Day,Line1,M101,P101,1152,1082,7.57,22
2025-09-09,Night,Line1,M101,P104,949,840,6.52,23
2025-09-09,Day,Line1,M102,P104,870,862,7.51,22
2025-09-09,Night,Line1,M102,P103,944,867,7.6,28
2025-09-09,Day,Line1,M103,P103,990,966,7.52,38
2025-09-09,Night,Line1,M103,P103,1131,1083,7.16,10
2025-09-09,Day,Line1,M104,P103,1102,1059,6.8,37
2025-09-09,Night,Line1,M104,P101,1077,1022,6.94,44
2025-09-09,Day,Line2,M201,P104,915,891,6.77,24
2025-09-09,Night,Line2,M201,P103,883,835,6.62,10
2025-09-09,Day,Line2,M202,P104,1061,993,7.49,30
2025-09-09,Night,Line2,M202,P101,1161,1041,6.99,14
2025-09-09,Day,Line2,M203,P104,1172,1103,6.6,12
2025-09-09,Night,Line2,M203,P103,895,832,7.63,40
2025-09-09,Day,Line2,M204,P102,1186,1190,6.84,20
2025-09-09,Night,Line2,M204,P103,890,806,6.86,27
2025-09-09,Day,Line3,M301,P103,1046,1002,7.65,22
2025-09-09,Night,Line3,M301,P103,868,824,7.64,14
2025-09-09,Day,Line3,M302,P103,1110,990,7.84,10
2025-09-09,Night,Line3,M302,P103,1027,974,7.43,44
2025-09-09,Day,Line3,M303,P101,898,814,7.36,30
2025-09-09,Night,Line3,M303,P104,983,866,7.58,27
2025-09-09,Day,Line3,M304,P104,1192,1136,6.92,33
2025-09-09,Night,Line3,M304,P102,1158,1039,6.78,17
2025-09-09,Day,Line4,M401,P104,874,841,7.53,41
2025-09-09,Night,Line4,M401,P104,851,783,6.99,13
2025-09-09,Day,Line4,M402,P103,855,806,6.65,25
2025-09-09,Night,Line4,M402,P101,1009,952,7.55,30
2025-09-09,Day,Line4,M403,P103,910,913,7.75,44
2025-09-09,Night,Line4,M403,P103,859,778,7.78,25
2025-09-09,Day,Line4,M404,P102,941,901,7.6,15
2025-09-09,Night,Line4,M404,P101,1198,1079,7.66,23
2025-09-10,Day,Line1,M101,P104,1051,987,6.79,20
2025-09-10,Night,Line1,M101,P101,972,934,7.39,42
2025-09-10,Day,Line1,M102,P103,1128,1053,6.66,45
2025-09-10,Night,Line1,M102,P104,1200,1168,7.58,27
2025-09-10,Day,Line1,M103,P101,1187,1108,6.72,38
2025-09-10,Night,Line1,M103,P101,927,857,6.97,35
2025-09-10,Day,Line1,M104,P103,930,844,6.53,31
2025-09-10,Night,Line1,M104,P101,1045,1018,6.65,28
2025-09-10,Day,Line2,M201,P104,1157,1144,6.65,23
2025-09-10,Night,Line2,M201,P102,971,875,7.34,31
2025-09-10,Day,Line2,M202,P104,917,873,6.76,22
2025-09-10,Night,Line2,M202,P101,947,880,6.6,39
2025-09-10,Day,Line2,M203,P103,984,932,7.75,11
2025-09-10,Night,Line2,M203,P101,1071,1071,6.65,41
2025-09-10,Day,Line2,M204,P101,1108,1049,7.65,45
2025-09-10,Night,Line2,M204,P104,871,797,6.96,20
2025-09-10,Day,Line3,M301,P101,1197,1029,6.62,17
2025-09-10,Night,Line3,M301,P101,1126,976,7.91,28
2025-09-10,Day,Line3,M302,P102,890,848,7.49,15
2025-09-10,Night,Line3,M302,P102,1198,1074,7.27,19
2025-09-10,Day,Line3,M303,P104,1043,956,6.73,16
2025-09-10,Night,Line3,M303,P101,1021,886,7.12,44
2025-09-10,Day,Line3,M304,P103,1133,1073,7.53,31
2025-09-10,Night,Line3,M304,P101,1025,929,7.51,20
2025-09-10,Day,Line4,M401,P104,973,921,6.56,21
2025-09-10,Night,Line4,M401,P101,907,826,7.58,35
2025-09-10,Day,Line4,M402,P101,1001,959,7.79,39
2025-09-10,Night,Line4,M402,P102,925,845,7.33,11
2025-09-10,Day,Line4,M403,P103,965,921,7.88,40
2025-09-10,Night,Line4,M403,P101,1093,1032,7.18,40
2025-09-10,Day,Line4,M404,P103,1036,973,7.75,27
2025-09-10,Night,Line4,M404,P103,1095,957,7.49,13
2025-09-11,Day,Line1,M101,P102,1177,1145,7.45,22
2025-09-11,Night,Line1,M101,P101,1077,991,6.78,14
2025-09-11,Day,Line1,M102,P103,1049,1011,7.13,14
2025-09-11,Night,Line1,M102,P103,974,911,7.48,27
2025-09-11,Day,Line1,M103,P104,1098,1112,7.22,34
2025-09-11,Night,Line1,M103,P104,917,862,6.93,36
2025-09-11,Day,Line1,M104,P102,977,966,7.2,30
2025-09-11,Night,Line1,M104,P104,851,790,6.82,33
2025-09-11,Day,Line2,M201,P102,856,799,6.86,18
2025-09-11,Night,Line2,M201,P104,887,846,7.54,44
2025-09-11,Day,Line2,M202,P103,858,805,6.89,18
2025-09-11,Night,Line2,M202,P103,1098,1057,6.96,45
2025-09-11,Day,Line2,M203,P104,853,788,6.66,23
2025-09-11,Night,Line2,M203,P104,1114,1058,7.52,35
2025-09-11,Day,Line2,M204,P101,1019,978,7.05,13
2025-09-11,Night,Line2,M204,P104,971,957,7.15,12
2025-09-11,Day,Line3,M301,P104,1052,971,7.65,25
2025-09-11,Night,Line3,M301,P104,854,757,6.81,33
2025-09-11,Day,Line3,M302,P101,916,856,7.42,43
2025-09-11,Night,Line3,M302,P101,1181,972,7.2,37
2025-09-11,Day,Line3,M303,P103,854,792,7.26,44
2025-09-11,Night,Line3,M303,P101,855,778,7.78,23
2025-09-11,Day,Line3,M304,P101,1153,1076,7.93,17
2025-09-11,Night,Line3,M304,P102,880,802,6.9,25
2025-09-11,Day,Line4,M401,P101,923,901,7.66,33
2025-09-11,Night,Line4,M401,P102,861,801,7.89,26
2025-09-11,Day,Line4,M402,P103,930,897,6.72,22
2025-09-11,Night,Line4,M402,P104,1039,958,7.26,39
2025-09-11,Day,Line4,M403,P103,968,906,6.98,17
2025-09-11,Night,Line4,M403,P102,1050,978,6.75,12
2025-09-11,Day,Line4,M404,P101,1169,1116,7.0,44
2025-09-11,Night,Line4,M404,P104,872,830,7.76,18
2025-09-12,Day,Line1,M101,P104,1028,1028,7.45,41
2025-09-12,Night,Line1,M101,P103,1188,1150,7.92,30
2025-09-12,Day,Line1,M102,P103,989,958,7.49,18
2025-09-12,Night,Line1,M102,P101,1013,988,7.47,28
2025-09-12,Day,Line1,M103,P103,996,957,7.07,31
2025-09-12,Night,Line1,M103,P102,1113,1064,7.64,15
2025-09-12,Day,Line1,M104,P101,1135,1078,7.6,11
2025-09-12,Night,Line1,M104,P101,1130,1062,7.6,34
2025-09-12,Day,Line2,M201,P103,1172,1117,6.67,32
2025-09-12,Night,Line2,M201,P102,995,890,7.4,28
2025-09-12,Day,Line2,M202,P103,1053,963,7.74,35
2025-09-12,Night,Line2,M202,P102,935,843,6.51,33
2025-09-12,Day,Line2,M203,P102,913,885,7.98,41
2025-09-12,Night,Line2,M203,P104,876,859,7.38,30
2025-09-12,Day,Line2,M204,P104,1044,1039,7.23,10
2025-09-12,Night,Line2,M204,P102,1059,946,7.95,16
2025-09-12,Day,Line3,M301,P104,921,853,7.56,29
2025-09-12,Night,Line3,M301,P104,865,757,7.94,38
2025-09-12,Day,Line3,M302,P101,1001,886,7.4,38
2025-09-12,Night,Line3,M302,P102,1065,952,7.53,35
2025-09-12,Day,Line3,M303,P101,917,820,7.4,22
2025-09-12,Night,Line3,M303,P103,882,749,7.06,33
2025-09-12,Day,Line3,M304,P103,863,760,7.91,14
2025-09-12,Night,Line3,M304,P103,951,837,7.63,10
2025-09-12,Day,Line4,M401,P101,1075,1074,7.18,24
2025-09-12,Night,Line4,M401,P101,1066,950,7.67,41
2025-09-12,Day,Line4,M402,P101,1011,935,7.96,37
2025-09-12,Night,Line4,M402,P101,1027,957,6.86,43
2025-09-12,Day,Line4,M403,P104,1142,1071,6.99,13
2025-09-12,Night,Line4,M403,P103,916,873,7.16,21
2025-09-12,Day,Line4,M404,P103,1004,957,6.74,14
2025-09-12,Night,Line4,M404,P102,975,876,7.34,30
2025-09-13,Day,Line1,M101,P103,1076,1017,7.81,26
2025-09-13,Night,Line1,M101,P101,1042,985,6.78,26
2025-09-13,Day,Line1,M102,P103,959,940,7.2,16
2025-09-13,Night,Line1,M102,P103,1089,985,7.25,13
2025-09-13,Day,Line1,M103,P103,1085,1049,7.43,17
2025-09-13,Night,Line1,M103,P101,1179,1097,6.7,43
2025-09-13,Day,Line1,M104,P104,1072,1066,7.35,29
2025-09-13,Night,Line1,M104,P104,1147,1061,6.66,23
2025-09-13,Day,Line2,M201,P104,1019,937,7.28,34
2025-09-13,Night,Line2,M201,P101,1133,1042,7.77,25
2025-09-13,Day,Line2,M202,P102,1015,917,7.86,41
2025-09-13,Night,Line2,M202,P103,1171,1037,7.36,45
2025-09-13,Day,Line2,M203,P104,1052,958,7.41,45
2025-09-13,Night,Line2,M203,P101,1041,992,7.36,39
2025-09-13,Day,Line2,M204,P101,945,916,7.31,25
2025-09-13,Night,Line2,M204,P104,1092,1043,7.19,15
2025-09-13,Day,Line3,M301,P103,975,870,7.66,10
2025-09-13,Night,Line3,M301,P101,1138,980,7.18,21
2025-09-13,Day,Line3,M302,P102,863,842,7.28,33
2025-09-13,Night,Line3,M302,P104,1100,983,7.83,25
2025-09-13,Day,Line3,M303,P102,947,832,7.6,19
2025-09-13,Night,Line3,M303,P104,958,895,7.11,18
2025-09-13,Day,Line3,M304,P102,1139,1080,7.32,35
2025-09-13,Night,Line3,M304,P103,982,892,7.31,12
2025-09-13,Day,Line4,M401,P102,1137,1085,7.32,18
2025-09-13,Night,Line4,M401,P103,972,890,7.19,20
2025-09-13,Day,Line4,M402,P104,1085,1027,7.58,34
2025-09-13,Night,Line4,M402,P102,982,956,7.09,20
2025-09-13,Day,Line4,M403,P104,1092,1025,6.61,25
2025-09-13,Night,Line4,M403,P102,964,871,7.0,44
2025-09-13,Day,Line4,M404,P103,1183,1156,6.97,19
2025-09-13,Night,Line4,M404,P101,919,862,7.85,25
2025-09-14,Day,Line1,M101,P102,861,809,7.28,16
2025-09-14,Night,Line1,M101,P103,850,784,7.51,14
2025-09-14,Day,Line1,M102,P104,1165,1049,7.57,22
2025-09-14,Night,Line1,M102,P102,939,868,7.27,43
2025-09-14,Day,Line1,M103,P103,1000,990,7.67,18
2025-09-14,Night,Line1,M103,P102,1002,914,7.94,41
2025-09-14,Day,Line1,M104,P101,1159,1196,7.0,43
2025-09-14,Night,Line1,M104,P102,1161,1090,7.52,10
2025-09-14,Day,Line2,M201,P104,1019,904,7.78,30
2025-09-14,Night,Line2,M201,P101,1018,913,6.58,27
2025-09-14,Day,Line2,M202,P103,914,788,7.04,34
2025-09-14,Night,Line2,M202,P101,1076,1079,7.99,30
2025-09-14,Day,Line2,M203,P104,1141,1102,7.52,14
2025-09-14,Night,Line2,M203,P102,1132,1032,7.9,24
2025-09-14,Day,Line2,M204,P101,865,846,6.68,10
2025-09-14,Night,Line2,M204,P104,995,971,7.06,25
2025-09-14,Day,Line3,M301,P102,1194,1116,7.48,19
2025-09-14,Night,Line3,M301,P102,1071,978,7.26,19
2025-09-14,Day,Line3,M302,P102,1102,988,6.71,38
2025-09-14,Night,Line3,M302,P104,1089,939,7.59,23
2025-09-14,Day,Line3,M303,P102,888,821,7.54,36
2025-09-14,Night,Line3,M303,P101,1053,910,7.19,35
2025-09-14,Day,Line3,M304,P103,1094,982,6.98,11
2025-09-14,Night,Line3,M304,P104,851,736,7.55,23
2025-09-14,Day,Line4,M401,P103,876,822,7.58,25
2025-09-14,Night,Line4,M401,P104,867,829,7.5,31
2025-09-14,Day,Line4,M402,P103,936,877,6.74,42
2025-09-14,Night,Line4,M402,P103,919,880,6.85,28
2025-09-14,Day,Line4,M403,P101,869,865,7.61,40
2025-09-14,Night,Line4,M403,P103,877,809,7.89,18
2025-09-14,Day,Line4,M404,P104,988,916,7.0,11
2025-09-14,Night,Line4,M404,P104,1092,1058,7.32,33
2025-09-15,Day,Line1,M101,P102,1069,1035,6.99,39
2025-09-15,Night,Line1,M101,P104,920,843,7.45,33
2025-09-15,Day,Line1,M102,P101,1070,1015,7.9,20
2025-09-15,Night,Line1,M102,P101,870,827,7.3,25
2025-09-15,Day,Line1,M103,P104,947,865,7.66,42
2025-09-15,Night,Line1,M103,P103,1174,1161,7.41,35
2025-09-15,Day,Line1,M104,P103,1060,1045,7.07,14
2025-09-15,Night,Line1,M104,P103,1143,1074,6.83,38
2025-09-15,Day,Line2,M201,P103,1011,1018,7.16,41
2025-09-15,Night,Line2,M201,P102,903,886,7.23,43
2025-09-15,Day,Line2,M202,P102,1150,1096,7.96,41
2025-09-15,Night,Line2,M202,P103,1156,1076,7.59,14
2025-09-15,Day,Line2,M203,P103,1156,1101,7.61,42
2025-09-15,Night,Line2,M203,P104,867,828,7.57,30
2025-09-15,Day,Line2,M204,P103,857,834,7.44,28
2025-09-15,Night,Line2,M204,P102,923,817,7.22,36
2025-09-15,Day,Line3,M301,P104,1001,922,7.78,23
2025-09-15,Night,Line3,M301,P102,917,826,7.71,24
2025-09-15,Day,Line3,M302,P103,1045,876,7.75,16
2025-09-15,Night,Line3,M302,P102,901,795,7.24,20
2025-09-15,Day,Line3,M303,P101,1188,1082,6.71,16
2025-09-15,Night,Line3,M303,P103,1165,979,7.54,28
2025-09-15,Day,Line3,M304,P103,966,843,7.93,26
2025-09-15,Night,Line3,M304,P101,852,736,7.67,14
2025-09-15,Day,Line4,M401,P102,1200,1171,7.76,38
2025-09-15,Night,Line4,M401,P104,933,912,7.64,18
2025-09-15,Day,Line4,M402,P102,1152,1122,6.79,43
2025-09-15,Night,Line4,M402,P103,1104,1041,7.92,29
2025-09-15,Day,Line4,M403,P102,1176,1153,6.68,20
2025-09-15,Night,Line4,M403,P103,1053,913,7.31,39
2025-09-15,Day,Line4,M404,P104,882,877,6.82,42
2025-09-15,Night,Line4,M404,P102,915,856,7.26,23
2025-09-16,Day,Line1,M101,P104,1119,1108,6.76,44
2025-09-16,Night,Line1,M101,P104,879,842,7.58,31
2025-09-16,Day,Line1,M102,P103,884,828,6.67,34
2025-09-16,Night,Line1,M102,P101,1046,990,6.66,14
2025-09-16,Day,Line1,M103,P102,980,920,7.2,33
2025-09-16,Night,Line1,M103,P104,1006,958,7.04,39
2025-09-16,Day,Line1,M104,P103,1050,1064,7.53,11
2025-09-16,Night,Line1,M104,P103,1113,1060,7.27,37
2025-09-16,Day,Line2,M201,P104,1169,1040,7.79,27
2025-09-16,Night,Line2,M201,P104,948,867,7.0,44
2025-09-16,Day,Line2,M202,P102,851,839,7.04,38
2025-09-16,Night,Line2,M202,P102,953,871,7.77,35
2025-09-16,Day,Line2,M203,P101,875,871,6.57,44
2025-09-16,Night,Line2,M203,P101,1143,1039,7.08,19
2025-09-16,Day,Line2,M204,P104,892,884,7.95,34
2025-09-16,Night,Line2,M204,P104,917,847,7.19,10
2025-09-16,Day,Line3,M301,P101,1064,985,7.95,30
2025-09-16,Night,Line3,M301,P103,1013,928,7.72,38
2025-09-16,Day,Line3,M302,P104,992,909,7.3,31
2025-09-16,Night,Line3,M302,P104,1190,1044,6.52,43
2025-09-16,Day,Line3,M303,P104,1015,931,7.89,30
2025-09-16,Night,Line3,M303,P103,1102,975,7.7,32
2025-09-16,Day,Line3,M304,P101,938,854,7.77,26
2025-09-16,Night,Line3,M304,P104,1070,903,7.79,27
2025-09-16,Day,Line4,M401,P101,853,835,7.25,13
2025-09-16,Night,Line4,M401,P104,1118,1056,7.83,38
2025-09-16,Day,Line4,M402,P103,1116,1013,7.87,36
2025-09-16,Night,Line4,M402,P102,999,928,7.08,13
2025-09-16,Day,Line4,M403,P103,886,795,7.49,36
2025-09-16,Night,Line4,M403,P104,1030,969,7.99,26
2025-09-16,Day,Line4,M404,P103,904,881,6.58,19
2025-09-16,Night,Line4,M404,P102,981,902,7.33,29
2025-09-17,Day,Line1,M101,P103,885,830,7.66,42
2025-09-17,Night,Line1,M101,P104,1001,928,6.83,10
2025-09-17,Day,Line1,M102,P102,953,893,7.38,22
2025-09-17,Night,Line1,M102,P104,1123,1025,7.49,37
2025-09-17,Day,Line1,M103,P101,1112,1005,7.83,24
2025-09-17,Night,Line1,M103,P103,1090,999,7.68,12
2025-09-17,Day,Line1,M104,P101,1081,989,7.55,11
2025-09-17,Night,Line1,M104,P102,1059,1032,7.77,22
2025-09-17,Day,Line2,M201,P101,1168,1168,7.62,29
2025-09-17,Night,Line2,M201,P103,928,884,7.36,23
2025-09-17,Day,Line2,M202,P104,881,874,6.81,21
2025-09-17,Night,Line2,M202,P101,1020,933,7.67,13
2025-09-17,Day,Line2,M203,P102,865,843,7.21,27
2025-09-17,Night,Line2,M203,P101,958,914,6.79,27
2025-09-17,Day,Line2,M204,P101,1148,1111,7.83,37
2025-09-17,Night,Line2,M204,P101,1160,1075,7.48,40
2025-09-17,Day,Line3,M301,P104,1144,1039,7.39,41
2025-09-17,Night,Line3,M301,P102,989,886,7.67,31
2025-09-17,Day,Line3,M302,P102,1134,1038,7.54,27
2025-09-17,Night,Line3,M302,P101,957,824,7.84,33
2025-09-17,Day,Line3,M303,P104,1162,1102,7.14,27
2025-09-17,Night,Line3,M303,P101,1002,893,7.13,30
2025-09-17,Day,Line3,M304,P101,1087,1013,7.98,23
2025-09-17,Night,Line3,M304,P103,1043,910,6.88,41
2025-09-17,Day,Line4,M401,P103,1110,1080,6.88,10
2025-09-17,Night,Line4,M401,P103,1105,1042,6.61,24
2025-09-17,Day,Line4,M402,P103,1196,1117,6.89,11
2025-09-17,Night,Line4,M402,P103,1149,1079,6.69,45
2025-09-17,Day,Line4,M403,P101,921,875,7.93,37
2025-09-17,Night,Line4,M403,P101,936,873,6.92,26
2025-09-17,Day,Line4,M404,P103,925,913,7.52,12
2025-09-17,Night,Line4,M404,P102,896,838,7.43,32
2025-09-18,Day,Line1,M101,P102,1020,1005,7.82,43
2025-09-18,Night,Line1,M101,P103,1162,1110,7.46,11
2025-09-18,Day,Line1,M102,P104,947,911,6.92,29
2025-09-18,Night,Line1,M102,P102,870,843,7.82,24
2025-09-18,Day,Line1,M103,P101,1138,1123,6.56,38
2025-09-18,Night,Line1,M103,P104,1091,1028,7.1,28
2025-09-18,Day,Line1,M104,P104,1085,1047,7.47,33
2025-09-18,Night,Line1,M104,P103,908,880,7.8,29
2025-09-18,Day,Line2,M201,P101,1112,1087,7.97,37
2025-09-18,Night,Line2,M201,P103,1117,1092,7.53,20
2025-09-18,Day,Line2,M202,P102,851,813,7.08,42
2025-09-18,Night,Line2,M202,P102,1160,1051,7.67,30
2025-09-18,Day,Line2,M203,P104,1113,1045,6.91,27
2025-09-18,Night,Line2,M203,P101,1142,1011,7.37,36
2025-09-18,Day,Line2,M204,P102,975,914,6.85,24
2025-09-18,Night,Line2,M204,P102,1069,1023,7.69,11
2025-09-18,Day,Line3,M301,P103,1130,1023,6.53,34
2025-09-18,Night,Line3,M301,P103,934,806,7.02,39
2025-09-18,Day,Line3,M302,P104,1096,979,7.83,28
2025-09-18,Night,Line3,M302,P102,900,808,7.86,38
2025-09-18,Day,Line3,M303,P102,851,761,6.51,34
2025-09-18,Night,Line3,M303,P104,943,832,7.11,23
2025-09-18,Day,Line3,M304,P101,1040,900,7.76,15
2025-09-18,Night,Line3,M304,P101,1089,1006,7.57,44
2025-09-18,Day,Line4,M401,P102,1000,998,7.91,19
2025-09-18,Night,Line4,M401,P104,1035,947,6.64,31
2025-09-18,Day,Line4,M402,P103,1062,1008,7.25,45
2025-09-18,Night,Line4,M402,P101,1065,940,7.31,19
2025-09-18,Day,Line4,M403,P102,918,909,7.47,39
2025-09-18,Night,Line4,M403,P102,962,868,7.37,40
2025-09-18,Day,Line4,M404,P101,1080,1034,7.03,42
2025-09-18,Night,Line4,M404,P101,927,843,7.24,20
2025-09-19,Day,Line1,M101,P102,1091,1046,6.52,13
2025-09-19,Night,Line1,M101,P101,1069,1031,7.16,30
2025-09-19,Day,Line1,M102,P103,1127,1099,7.27,38
2025-09-19,Night,Line1,M102,P101,1193,1143,6.87,45
2025-09-19,Day,Line1,M103,P103,1088,1123,8.0,38
2025-09-19,Night,Line1,M103,P103,982,883,7.47,14
2025-09-19,Day,Line1,M104,P104,1065,1019,7.03,41
2025-09-19,Night,Line1,M104,P103,1010,1008,7.72,22
2025-09-19,Day,Line2,M201,P101,1128,1089,7.19,44
2025-09-19,Night,Line2,M201,P101,1081,1016,6.6,23
2025-09-19,Day,Line2,M202,P104,1113,1059,6.88,14
2025-09-19,Night,Line2,M202,P103,1148,1083,7.03,14
2025-09-19,Day,Line2,M203,P103,1102,1056,6.54,13
2025-09-19,Night,Line2,M203,P103,1039,1030,7.43,42
2025-09-19,Day,Line2,M204,P104,935,918,7.25,35
2025-09-19,Night,Line2,M204,P102,1108,1036,7.56,26
2025-09-19,Day,Line3,M301,P104,1060,986,7.58,23
2025-09-19,Night,Line3,M301,P101,929,805,7.86,11
2025-09-19,Day,Line3,M302,P104,1054,957,7.52,15
2025-09-19,Night,Line3,M302,P102,971,849,6.64,35
2025-09-19,Day,Line3,M303,P101,942,874,7.15,17
2025-09-19,Night,Line3,M303,P101,1173,1039,7.98,31
2025-09-19,Day,Line3,M304,P101,1130,1031,7.37,44
2025-09-19,Night,Line3,M304,P101,929,821,7.25,44
2025-09-19,Day,Line4,M401,P104,1185,1148,6.89,16
2025-09-19,Night,Line4,M401,P102,863,827,7.85,41
2025-09-19,Day,Line4,M402,P101,1055,1053,7.08,34
2025-09-19,Night,Line4,M402,P101,910,847,7.78,13
2025-09-19,Day,Line4,M403,P104,1150,1070,7.47,18
2025-09-19,Night,Line4,M403,P102,1096,1042,6.79,19
2025-09-19,Day,Line4,M404,P102,1048,968,6.53,45
2025-09-19,Night,Line4,M404,P102,964,896,6.82,27
2025-09-20,Day,Line1,M101,P104,1188,1089,7.25,29
2025-09-20,Night,Line1,M101,P104,873,894,6.87,25
2025-09-20,Day,Line1,M102,P103,872,867,7.04,36
2025-09-20,Night,Line1,M102,P104,1017,987,7.82,39
2025-09-20,Day,Line1,M103,P104,1115,1115,6.92,24
2025-09-20,Night,Line1,M103,P102,1023,989,6.5,32
2025-09-20,Day,Line1,M104,P104,856,827,6.68,41
2025-09-20,Night,Line1,M104,P104,970,918,7.06,16
2025-09-20,Day,Line2,M201,P102,1186,1182,7.79,23
2025-09-20,Night,Line2,M201,P101,1015,994,6.71,31
2025-09-20,Day,Line2,M202,P103,1173,1094,7.08,12
2025-09-20,Night,Line2,M202,P103,1075,1005,6.52,12
2025-09-20,Day,Line2,M203,P103,915,880,7.77,15
2025-09-20,Night,Line2,M203,P104,1166,1129,6.59,24
2025-09-20,Day,Line2,M204,P103,993,931,7.08,26
2025-09-20,Night,Line2,M204,P101,1009,922,7.7,33
2025-09-20,Day,Line3,M301,P102,903,787,6.6,14
2025-09-20,Night,Line3,M301,P103,882,772,6.62,29
2025-09-20,Day,Line3,M302,P104,876,788,7.59,16
2025-09-20,Night,Line3,M302,P102,966,904,7.52,30
2025-09-20,Day,Line3,M303,P101,951,888,7.07,35
2025-09-20,Night,Line3,M303,P104,908,833,6.62,30
2025-09-20,Day,Line3,M304,P104,1123,988,6.66,14
2025-09-20,Night,Line3,M304,P101,1148,1014,7.84,38
2025-09-20,Day,Line4,M401,P104,1166,1143,7.02,38
2025-09-20,Night,Line4,M401,P101,922,870,7.52,24
2025-09-20,Day,Line4,M402,P103,1171,1141,6.69,27
2025-09-20,Night,Line4,M402,P103,1068,963,6.5,42
2025-09-20,Day,Line4,M403,P103,984,947,7.89,36
2025-09-20,Night,Line4,M403,P104,1144,1100,7.0,28
2025-09-20,Day,Line4,M404,P101,968,901,7.56,37
2025-09-20,Night,Line4,M404,P104,1002,891,7.35,11
2025-09-21,Day,Line1,M101,P101,1071,996,6.77,23
2025-09-21,Night,Line1,M101,P102,1163,1135,7.27,30
2025-09-21,Day,Line1,M102,P104,961,889,6.8,41
2025-09-21,Night,Line1,M102,P102,910,855,7.11,32
2025-09-21,Day,Line1,M103,P104,1037,942,6.72,38
2025-09-21,Night,Line1,M103,P102,1157,1058,6.51,19
2025-09-21,Day,Line1,M104,P104,969,935,7.51,16
2025-09-21,Night,Line1,M104,P104,1136,1067,6.6,23
2025-09-21,Day,Line2,M201,P101,919,910,7.85,15
2025-09-21,Night,Line2,M201,P103,1136,1081,7.17,33
2025-09-21,Day,Line2,M202,P103,1178,1096,6.75,20
2025-09-21,Night,Line2,M202,P102,966,901,7.17,21
2025-09-21,Day,Line2,M203,P103,896,848,7.14,34
2025-09-21,Night,Line2,M203,P103,885,776,7.47,45
2025-09-21,Day,Line2,M204,P103,1170,1178,6.82,26
2025-09-21,Night,Line2,M204,P102,1148,1080,7.74,37
2025-09-21,Day,Line3,M301,P104,862,789,6.66,39
2025-09-21,Night,Line3,M301,P102,1003,912,7.84,28
2025-09-21,Day,Line3,M302,P104,1091,1014,6.56,26
2025-09-21,Night,Line3,M302,P104,940,858,7.7,17
2025-09-21,Day,Line3,M303,P103,1173,1054,7.37,32
2025-09-21,Night,Line3,M303,P103,1182,1034,6.9,15
2025-09-21,Day,Line3,M304,P104,987,930,6.66,17
2025-09-21,Night,Line3,M304,P104,882,827,7.48,38
2025-09-21,Day,Line4,M401,P101,1022,929,7.19,10
2025-09-21,Night,Line4,M401,P102,934,907,6.93,14
2025-09-21,Day,Line4,M402,P101,1057,1007,7.97,45
2025-09-21,Night,Line4,M402,P101,1180,1106,7.44,28
2025-09-21,Day,Line4,M403,P101,966,857,7.31,29
2025-09-21,Night,Line4,M403,P103,1191,1120,7.07,40
2025-09-21,Day,Line4,M404,P104,879,829,6.91,26
2025-09-21,Night,Line4,M404,P102,1099,961,6.77,38
2025-09-22,Day,Line1,M101,P103,863,859,6.73,18
2025-09-22,Night,Line1,M101,P102,1124,1063,6.55,35
2025-09-22,Day,Line1,M102,P103,1190,1154,7.89,25
2025-09-22,Night,Line1,M102,P102,864,842,7.17,19
2025-09-22,Day,Line1,M103,P104,1174,1151,7.07,32
2025-09-22,Night,Line1,M103,P101,1144,1031,7.44,34
2025-09-22,Day,Line1,M104,P102,909,897,6.91,45
2025-09-22,Night,Line1,M104,P102,1062,949,6.58,34
2025-09-22,Day,Line2,M201,P104,1085,1061,6.69,17
2025-09-22,Night,Line2,M201,P104,1062,1057,6.78,36
2025-09-22,Day,Line2,M202,P104,889,869,6.76,10
2025-09-22,Night,Line2,M202,P102,1010,939,7.88,35
2025-09-22,Day,Line2,M203,P102,992,1006,6.67,21
2025-09-22,Night,Line2,M203,P101,918,868,6.9,18
2025-09-22,Day,Line2,M204,P102,1198,1116,6.69,24
2025-09-22,Night,Line2,M204,P103,1164,1072,6.85,44
2025-09-22,Day,Line3,M301,P101,887,789,7.33,23
2025-09-22,Night,Line3,M301,P104,1066,1015,6.68,45
2025-09-22,Day,Line3,M302,P102,1065,988,6.53,41
2025-09-22,Night,Line3,M302,P103,1166,1059,7.08,11
2025-09-22,Day,Line3,M303,P101,1092,1008,6.85,38
2025-09-22,Night,Line3,M303,P101,1017,913,7.18,19
2025-09-22,Day,Line3,M304,P103,991,887,7.28,35
2025-09-22,Night,Line3,M304,P101,990,847,6.58,28
2025-09-22,Day,Line4,M401,P101,1165,1130,7.74,20
2025-09-22,Night,Line4,M401,P102,975,968,6.91,32
2025-09-22,Day,Line4,M402,P101,1084,1050,6.79,29
2025-09-22,Night,Line4,M402,P104,1034,1012,7.52,37
2025-09-22,Day,Line4,M403,P103,921,836,7.53,34
2025-09-22,Night,Line4,M403,P101,906,860,7.97,45
2025-09-22,Day,Line4,M404,P104,976,921,7.31,41
2025-09-22,Night,Line4,M404,P102,1044,950,6.76,23
2025-09-23,Day,Line1,M101,P101,1140,1145,7.93,32
2025-09-23,Night,Line1,M101,P104,1163,1078,7.98,31
2025-09-23,Day,Line1,M102,P103,1148,1122,6.55,20
2025-09-23,Night,Line1,M102,P102,1098,1028,7.62,38
2025-09-23,Day,Line1,M103,P104,984,906,7.26,15
2025-09-23,Night,Line1,M103,P103,1161,1116,6.69,12
2025-09-23,Day,Line1,M104,P101,960,911,7.44,45
2025-09-23,Night,Line1,M104,P103,851,822,6.74,21
2025-09-23,Day,Line2,M201,P103,1025,958,7.25,14
2025-09-23,Night,Line2,M201,P102,988,913,7.24,28
2025-09-23,Day,Line2,M202,P103,1131,1104,7.04,35
2025-09-23,Night,Line2,M202,P104,922,845,6.78,21
2025-09-23,Day,Line2,M203,P102,1143,1121,7.59,10
2025-09-23,Night,Line2,M203,P103,1090,962,7.22,25
2025-09-23,Day,Line2,M204,P102,883,817,7.87,26
2025-09-23,Night,Line2,M204,P103,991,933,7.89,34
2025-09-23,Day,Line3,M301,P101,1041,1016,7.99,40
2025-09-23,Night,Line3,M301,P103,1147,1042,7.99,22
2025-09-23,Day,Line3,M302,P102,1033,943,7.7,15
2025-09-23,Night,Line3,M302,P101,983,889,7.11,39
2025-09-23,Day,Line3,M303,P104,1151,1033,6.72,30
2025-09-23,Night,Line3,M303,P102,882,733,7.04,18
2025-09-23,Day,Line3,M304,P101,998,899,7.87,10
2025-09-23,Night,Line3,M304,P103,996,878,7.82,25
2025-09-23,Day,Line4,M401,P104,1103,1098,7.24,37
2025-09-23,Night,Line4,M401,P104,898,862,7.99,42
2025-09-23,Day,Line4,M402,P102,876,813,7.88,43
2025-09-23,Night,Line4,M402,P103,1107,968,7.34,13
2025-09-23,Day,Line4,M403,P101,901,862,7.12,44
2025-09-23,Night,Line4,M403,P104,974,899,7.95,15
2025-09-23,Day,Line4,M404,P103,955,965,7.57,15
2025-09-23,Night,Line4,M404,P103,897,876,7.66,14
2025-09-24,Day,Line1,M101,P103,967,890,7.81,37
2025-09-24,Night,Line1,M101,P104,1123,1077,7.6,36
2025-09-24,Day,Line1,M102,P102,1173,1143,7.93,16
2025-09-24,Night,Line1,M102,P101,1098,1047,6.73,45
2025-09-24,Day,Line1,M103,P101,1130,1176,6.99,39
2025-09-24,Night,Line1,M103,P101,873,818,7.76,35
2025-09-24,Day,Line1,M104,P103,1066,1048,8.0,29
2025-09-24,Night,Line1,M104,P102,1019,986,6.89,39
2025-09-24,Day,Line2,M201,P101,1058,1027,6.97,45
2025-09-24,Night,Line2,M201,P101,923,913,6.74,37
2025-09-24,Day,Line2,M202,P102,975,942,7.74,14
2025-09-24,Night,Line2,M202,P103,984,950,7.32,21
2025-09-24,Day,Line2,M203,P102,856,804,7.07,35
2025-09-24,Night,Line2,M203,P101,877,794,7.96,21
2025-09-24,Day,Line2,M204,P102,877,856,7.09,21
2025-09-24,Night,Line2,M204,P104,1021,958,6.54,31
2025-09-24,Day,Line3,M301,P101,1195,1088,6.61,30
2025-09-24,Night,Line3,M301,P102,936,824,6.93,28
2025-09-24,Day,Line3,M302,P101,899,841,7.53,28
2025-09-24,Night,Line3,M302,P102,863,773,7.96,35
2025-09-24,Day,Line3,M303,P104,1095,1070,7.36,12
2025-09-24,Night,Line3,M303,P101,1011,904,7.23,14
2025-09-24,Day,Line3,M304,P103,1013,934,7.7,19
2025-09-24,Night,Line3,M304,P101,898,825,7.68,35
2025-09-24,Day,Line4,M401,P104,977,953,6.8,23
2025-09-24,Night,Line4,M401,P102,915,829,7.37,18
2025-09-24,Day,Line4,M402,P102,992,947,7.73,12
2025-09-24,Night,Line4,M402,P101,1013,930,7.77,24
2025-09-24,Day,Line4,M403,P102,944,919,6.98,21
2025-09-24,Night,Line4,M403,P101,1040,986,6.63,34
2025-09-24,Day,Line4,M404,P102,1185,1170,7.01,11
2025-09-24,Night,Line4,M404,P101,1189,1155,7.07,12
2025-09-25,Day,Line1,M101,P101,908,851,6.56,23
2025-09-25,Night,Line1,M101,P103,1123,1090,7.61,29
2025-09-25,Day,Line1,M102,P102,964,960,7.56,16
2025-09-25,Night,Line1,M102,P102,966,881,7.3,21
2025-09-25,Day,Line1,M103,P103,942,916,6.93,43
2025-09-25,Night,Line1,M103,P104,909,893,7.6,23
2025-09-25,Day,Line1,M104,P102,974,929,7.85,26
2025-09-25,Night,Line1,M104,P103,1060,997,7.32,28
2025-09-25,Day,Line2,M201,P103,914,888,7.12,23
2025-09-25,Night,Line2,M201,P103,945,805,7.17,42
2025-09-25,Day,Line2,M202,P104,1002,967,6.69,29
2025-09-25,Night,Line2,M202,P104,1069,1012,7.42,10
2025-09-25,Day,Line2,M203,P102,985,965,7.03,42
2025-09-25,Night,Line2,M203,P104,1069,1027,7.06,22
2025-09-25,Day,Line2,M204,P103,939,901,7.36,13
2025-09-25,Night,Line2,M204,P103,976,969,7.57,37
2025-09-25,Day,Line3,M301,P104,1175,1043,6.72,40
2025-09-25,Night,Line3,M301,P102,991,908,6.94,45
2025-09-25,Day,Line3,M302,P103,940,794,7.35,40
2025-09-25,Night,Line3,M302,P102,1032,921,6.58,35
2025-09-25,Day,Line3,M303,P101,1021,858,7.3,21
2025-09-25,Night,Line3,M303,P104,1056,945,7.13,33
2025-09-25,Day,Line3,M304,P103,1138,1053,6.78,14
2025-09-25,Night,Line3,M304,P103,1099,968,7.52,34
2025-09-25,Day,Line4,M401,P102,1039,999,7.81,25
2025-09-25,Night,Line4,M401,P101,1167,1124,6.69,36
2025-09-25,Day,Line4,M402,P104,1003,869,6.51,16
2025-09-25,Night,Line4,M402,P103,1092,1011,7.16,33
2025-09-25,Day,Line4,M403,P102,977,980,7.91,35
2025-09-25,Night,Line4,M403,P103,931,843,6.63,28
2025-09-25,Day,Line4,M404,P104,988,930,7.18,35
2025-09-25,Night,Line4,M404,P104,1012,893,7.66,24
2025-09-26,Day,Line1,M101,P103,956,905,7.57,45
2025-09-26,Night,Line1,M101,P104,915,858,7.83,45
2025-09-26,Day,Line1,M102,P103,977,1015,6.74,19
2025-09-26,Night,Line1,M102,P103,953,908,6.83,34
2025-09-26,Day,Line1,M103,P104,1153,1093,7.89,19
2025-09-26,Night,Line1,M103,P103,902,807,7.28,31
2025-09-26,Day,Line1,M104,P104,891,838,7.08,20
2025-09-26,Night,Line1,M104,P104,1180,1080,7.43,36
2025-09-26,Day,Line2,M201,P102,1170,1050,7.35,45
2025-09-26,Night,Line2,M201,P102,1015,918,6.86,27
2025-09-26,Day,Line2,M202,P102,1187,1126,7.0,28
2025-09-26,Night,Line2,M202,P104,1130,1054,7.66,31
2025-09-26,Day,Line2,M203,P104,976,959,7.78,11
2025-09-26,Night,Line2,M203,P104,901,887,6.92,35
2025-09-26,Day,Line2,M204,P102,1001,953,7.1,40
2025-09-26,Night,Line2,M204,P102,1165,1127,7.11,44
2025-09-26,Day,Line3,M301,P101,1062,953,6.98,16
2025-09-26,Night,Line3,M301,P103,964,832,6.61,42
2025-09-26,Day,Line3,M302,P101,901,839,7.01,35
2025-09-26,Night,Line3,M302,P102,1086,953,6.69,15
2025-09-26,Day,Line3,M303,P101,975,864,7.96,11
2025-09-26,Night,Line3,M303,P104,956,824,6.77,40
2025-09-26,Day,Line3,M304,P102,1044,899,7.9,13
2025-09-26,Night,Line3,M304,P104,935,834,7.97,10
2025-09-26,Day,Line4,M401,P101,990,933,7.11,44
2025-09-26,Night,Line4,M401,P104,1096,1062,6.86,45
2025-09-26,Day,Line4,M402,P101,1134,1150,6.75,18
2025-09-26,Night,Line4,M402,P104,990,902,7.15,23
2025-09-26,Day,Line4,M403,P101,917,843,7.04,17
2025-09-26,Night,Line4,M403,P103,1053,1038,6.5,22
2025-09-26,Day,Line4,M404,P103,1076,1038,7.95,35
2025-09-26,Night,Line4,M404,P102,1015,958,7.58,27
2025-09-27,Day,Line1,M101,P102,1146,1041,8.0,20
2025-09-27,Night,Line1,M101,P104,1001,951,7.38,32
2025-09-27,Day,Line1,M102,P104,955,949,7.77,22
2025-09-27,Night,Line1,M102,P101,1085,1057,6.51,18
2025-09-27,Day,Line1,M103,P103,855,837,7.84,23
2025-09-27,Night,Line1,M103,P104,1143,1035,7.53,26
2025-09-27,Day,Line1,M104,P101,1191,1079,7.61,17
2025-09-27,Night,Line1,M104,P102,1178,1067,7.61,36
2025-09-27,Day,Line2,M201,P104,999,912,7.89,39
2025-09-27,Night,Line2,M201,P101,1167,1124,7.33,36
2025-09-27,Day,Line2,M202,P104,1194,1123,7.02,11
2025-09-27,Night,Line2,M202,P104,1199,1150,7.81,45
2025-09-27,Day,Line2,M203,P102,961,923,7.22,31
2025-09-27,Night,Line2,M203,P102,1157,1065,7.63,17
2025-09-27,Day,Line2,M204,P101,903,841,7.89,34
2025-09-27,Night,Line2,M204,P101,936,859,7.36,32
2025-09-27,Day,Line3,M301,P101,908,789,7.83,35
2025-09-27,Night,Line3,M301,P102,1140,1077,7.63,27
2025-09-27,Day,Line3,M302,P101,891,808,7.82,22
2025-09-27,Night,Line3,M302,P102,968,862,7.17,27
2025-09-27,Day,Line3,M303,P103,960,873,7.54,40
2025-09-27,Night,Line3,M303,P104,1096,1000,6.6,23
2025-09-27,Day,Line3,M304,P103,1123,994,7.03,16
2025-09-27,Night,Line3,M304,P103,873,808,6.68,44
2025-09-27,Day,Line4,M401,P103,895,850,6.99,13
2025-09-27,Night,Line4,M401,P101,1072,996,7.84,41
2025-09-27,Day,Line4,M402,P102,869,870,6.62,14
2025-09-27,Night,Line4,M402,P103,1128,1032,7.39,15
2025-09-27,Day,Line4,M403,P101,1055,1026,7.77,10
2025-09-27,Night,Line4,M403,P103,1146,1076,7.18,15
2025-09-27,Day,Line4,M404,P101,874,821,7.34,29
2025-09-27,Night,Line4,M404,P102,869,832,6.61,19
2025-09-28,Day,Line1,M101,P104,1063,982,7.58,17
2025-09-28,Night,Line1,M101,P104,1128,1037,7.24,12
2025-09-28,Day,Line1,M102,P101,1167,1123,6.63,12
2025-09-28,Night,Line1,M102,P102,999,988,7.6,19
2025-09-28,Day,Line1,M103,P101,952,957,7.63,26
2025-09-28,Night,Line1,M103,P103,1004,956,6.73,45
2025-09-28,Day,Line1,M104,P103,929,883,8.0,13
2025-09-28,Night,Line1,M104,P102,1013,891,7.15,22
2025-09-28,Day,Line2,M201,P101,1067,1054,6.81,13
2025-09-28,Night,Line2,M201,P104,1139,1108,6.59,16
2025-09-28,Day,Line2,M202,P104,1152,1169,8.0,16
2025-09-28,Night,Line2,M202,P102,1128,1074,7.04,34
2025-09-28,Day,Line2,M203,P101,890,847,7.53,30
2025-09-28,Night,Line2,M203,P104,900,868,7.4,15
2025-09-28,Day,Line2,M204,P104,909,871,7.62,23
2025-09-28,Night,Line2,M204,P102,900,841,6.76,29
2025-09-28,Day,Line3,M301,P101,919,793,7.7,29
2025-09-28,Night,Line3,M301,P104,1192,1088,7.7,10
2025-09-28,Day,Line3,M302,P102,1116,1020,6.93,45
2025-09-28,Night,Line3,M302,P101,998,934,7.71,15
2025-09-28,Day,Line3,M303,P101,917,818,6.78,44
2025-09-28,Night,Line3,M303,P104,1173,1013,7.51,29
2025-09-28,Day,Line3,M304,P103,919,866,7.12,41
2025-09-28,Night,Line3,M304,P101,1161,1079,6.65,23
2025-09-28,Day,Line4,M401,P104,1093,1049,7.11,42
2025-09-28,Night,Line4,M401,P103,1101,1064,7.38,34
2025-09-28,Day,Line4,M402,P103,1069,1016,7.11,22
2025-09-28,Night,Line4,M402,P101,972,905,6.84,45
2025-09-28,Day,Line4,M403,P101,869,845,7.3,41
2025-09-28,Night,Line4,M403,P103,1164,1084,7.23,17
2025-09-28,Day,Line4,M404,P104,912,882,6.67,28
2025-09-28,Night,Line4,M404,P102,977,921,7.75,19
2025-09-29,Day,Line1,M101,P101,1028,953,6.95,28
2025-09-29,Night,Line1,M101,P101,888,841,7.22,25
2025-09-29,Day,Line1,M102,P101,1021,947,7.3,23
2025-09-29,Night,Line1,M102,P103,876,844,7.53,36
2025-09-29,Day,Line1,M103,P104,1188,1179,7.8,21
2025-09-29,Night,Line1,M103,P104,884,826,7.21,36
2025-09-29,Day,Line1,M104,P103,1026,1036,7.21,31
2025-09-29,Night,Line1,M104,P102,1015,993,6.69,21
2025-09-29,Day,Line2,M201,P104,1009,977,7.8,14
2025-09-29,Night,Line2,M201,P101,921,858,7.51,33
2025-09-29,Day,Line2,M202,P103,1099,1088,6.8,14
2025-09-29,Night,Line2,M202,P104,1148,1137,7.14,44
2025-09-29,Day,Line2,M203,P103,1116,1083,6.53,43
2025-09-29,Night,Line2,M203,P103,1068,1064,7.93,34
2025-09-29,Day,Line2,M204,P103,1109,1048,7.42,24
2025-09-29,Night,Line2,M204,P101,865,830,7.88,33
2025-09-29,Day,Line3,M301,P101,1152,1048,7.18,31
2025-09-29,Night,Line3,M301,P104,1081,932,7.12,32
2025-09-29,Day,Line3,M302,P104,956,858,6.6,33
2025-09-29,Night,Line3,M302,P103,1108,1022,6.6,28
2025-09-29,Day,Line3,M303,P102,944,856,7.58,38
2025-09-29,Night,Line3,M303,P101,1083,947,6.81,19
2025-09-29,Day,Line3,M304,P104,1056,1003,6.88,18
2025-09-29,Night,Line3,M304,P103,1057,974,7.4,33
2025-09-29,Day,Line4,M401,P101,982,932,7.01,34
2025-09-29,Night,Line4,M401,P101,1093,1091,7.43,11
2025-09-29,Day,Line4,M402,P101,892,854,7.09,28
2025-09-29,Night,Line4,M402,P103,906,861,7.2,24
2025-09-29,Day,Line4,M403,P101,1043,1004,6.99,42
2025-09-29,Night,Line4,M403,P104,942,863,6.68,26
2025-09-29,Day,Line4,M404,P101,1112,1063,7.1,38
2025-09-29,Night,Line4,M404,P101,852,800,6.66,10
2025-09-30,Day,Line1,M101,P104,1059,960,7.24,44
2025-09-30,Night,Line1,M101,P101,1194,1133,7.15,27
2025-09-30,Day,Line1,M102,P101,1098,1084,6.69,18
2025-09-30,Night,Line1,M102,P102,853,774,6.58,40
2025-09-30,Day,Line1,M103,P104,936,918,7.25,22
2025-09-30,Night,Line1,M103,P101,912,888,7.2,32
2025-09-30,Day,Line1,M104,P102,921,804,7.09,24
2025-09-30,Night,Line1,M104,P102,1132,1060,7.25,19
2025-09-30,Day,Line2,M201,P102,939,955,7.57,45
2025-09-30,Night,Line2,M201,P102,995,943,7.07,10
2025-09-30,Day,Line2,M202,P103,1091,988,7.3,30
2025-09-30,Night,Line2,M202,P102,1119,1010,7.18,22
2025-09-30,Day,Line2,M203,P103,1160,1125,7.85,29
2025-09-30,Night,Line2,M203,P101,850,815,7.56,27
2025-09-30,Day,Line2,M204,P101,869,836,7.95,45
2025-09-30,Night,Line2,M204,P103,1081,1024,6.74,17
2025-09-30,Day,Line3,M301,P102,1040,949,7.98,16
2025-09-30,Night,Line3,M301,P101,976,850,7.13,32
2025-09-30,Day,Line3,M302,P101,1010,922,7.47,22
2025-09-30,Night,Line3,M302,P103,1076,909,6.97,19
2025-09-30,Day,Line3,M303,P102,1179,1062,6.99,43
2025-09-30,Night,Line3,M303,P102,853,774,7.06,37
2025-09-30,Day,Line3,M304,P103,910,805,7.64,33
2025-09-30,Night,Line3,M304,P104,1134,1001,7.05,12
2025-09-30,Day,Line4,M401,P104,1118,1079,7.08,25
2025-09-30,Night,Line4,M401,P101,915,910,7.28,44
2025-09-30,Day,Line4,M402,P101,887,879,6.64,11
2025-09-30,Night,Line4,M402,P103,902,807,7.43,28
2025-09-30,Day,Line4,M403,P103,974,997,7.14,29
2025-09-30,Night,Line4,M403,P101,1163,1143,6.61,31
2025-09-30,Day,Line4,M404,P102,1111,1074,6.67,16
2025-09-30,Night,Line4,M404,P103,997,963,7.27,40
2025-10-01,Day,Line1,M101,P104,1082,1015,7.41,28
2025-10-01,Night,Line1,M101,P102,1131,1062,7.71,12
2025-10-01,Day,Line1,M102,P102,893,836,7.79,42
2025-10-01,Night,Line1,M102,P102,861,826,7.01,34
2025-10-01,Day,Line1,M103,P102,1026,1062,6.87,41
2025-10-01,Night,Line1,M103,P101,1194,1109,7.66,24
2025-10-01,Day,Line1,M104,P104,1135,1085,7.41,17
2025-10-01,Night,Line1,M104,P102,899,845,7.24,24
2025-10-01,Day,Line2,M201,P104,978,929,7.31,25
2025-10-01,Night,Line2,M201,P104,1155,1106,6.97,10
2025-10-01,Day,Line2,M202,P103,1019,1013,7.25,45
2025-10-01,Night,Line2,M202,P103,1026,948,7.09,41
2025-10-01,Day,Line2,M203,P103,1153,1107,7.2,29
2025-10-01,Night,Line2,M203,P101,1128,1084,7.51,27
2025-10-01,Day,Line2,M204,P102,1144,1068,7.9,10
2025-10-01,Night,Line2,M204,P104,1158,1047,7.52,37
2025-10-01,Day,Line3,M301,P101,1002,895,7.32,32
2025-10-01,Night,Line3,M301,P102,1116,1019,7.96,44
2025-10-01,Day,Line3,M302,P104,857,756,7.27,34
2025-10-01,Night,Line3,M302,P101,874,765,7.08,34
2025-10-01,Day,Line3,M303,P103,1065,969,7.66,39
2025-10-01,Night,Line3,M303,P102,969,867,7.79,38
2025-10-01,Day,Line3,M304,P103,1040,942,6.74,38
2025-10-01,Night,Line3,M304,P101,892,795,6.61,35
2025-10-01,Day,Line4,M401,P103,923,847,6.6,38
2025-10-01,Night,Line4,M401,P104,897,827,7.29,24
2025-10-01,Day,Line4,M402,P104,1189,1172,6.51,45
2025-10-01,Night,Line4,M402,P101,1003,923,7.76,45
2025-10-01,Day,Line4,M403,P101,921,890,6.81,32
2025-10-01,Night,Line4,M403,P102,1175,1108,7.99,11
2025-10-01,Day,Line4,M404,P103,949,932,7.04,40
2025-10-01,Night,Line4,M404,P104,1165,1126,7.32,20
2025-10-02,Day,Line1,M101,P104,1001,996,7.56,27
2025-10-02,Night,Line1,M101,P103,1085,1069,6.62,41
2025-10-02,Day,Line1,M102,P102,1015,947,6.89,10
2025-10-02,Night,Line1,M102,P103,1195,1053,6.76,21
2025-10-02,Day,Line1,M103,P102,922,875,7.24,26
2025-10-02,Night,Line1,M103,P102,958,872,6.59,29
2025-10-02,Day,Line1,M104,P101,866,811,7.41,27
2025-10-02,Night,Line1,M104,P101,1082,1034,7.29,18
2025-10-02,Day,Line2,M201,P103,906,900,6.73,31
2025-10-02,Night,Line2,M201,P103,976,924,6.52,35
2025-10-02,Day,Line2,M202,P101,1017,957,6.67,44
2025-10-02,Night,Line2,M202,P103,1011,959,7.62,39
2025-10-02,Day,Line2,M203,P103,1149,1130,7.88,11
2025-10-02,Night,Line2,M203,P104,939,843,6.97,41
2025-10-02,Day,Line2,M204,P104,857,815,6.7,20
2025-10-02,Night,Line2,M204,P103,934,872,6.59,33
2025-10-02,Day,Line3,M301,P104,881,798,6.98,25
2025-10-02,Night,Line3,M301,P102,963,832,7.56,19
2025-10-02,Day,Line3,M302,P103,1195,1098,7.3,28
2025-10-02,Night,Line3,M302,P103,942,850,6.65,24
2025-10-02,Day,Line3,M303,P101,1014,895,6.63,44
2025-10-02,Night,Line3,M303,P102,1118,1041,7.76,34
2025-10-02,Day,Line3,M304,P102,873,764,7.81,27
2025-10-02,Night,Line3,M304,P101,921,801,7.85,37
2025-10-02,Day,Line4,M401,P104,944,871,7.37,15
2025-10-02,Night,Line4,M401,P104,930,836,7.6,16
2025-10-02,Day,Line4,M402,P104,1001,965,7.93,20
2025-10-02,Night,Line4,M402,P102,917,843,6.89,11
2025-10-02,Day,Line4,M403,P103,894,882,6.86,36
2025-10-02,Night,Line4,M403,P104,1127,1031,7.61,21
2025-10-02,Day,Line4,M404,P101,1033,971,7.57,25
2025-10-02,Night,Line4,M404,P102,1057,1017,7.72,34
2025-10-03,Day,Line1,M101,P102,1093,1014,6.64,10
2025-10-03,Night,Line1,M101,P104,963,892,7.36,18
2025-10-03,Day,Line1,M102,P103,866,866,6.92,23
2025-10-03,Night,Line1,M102,P101,968,840,6.74,20
2025-10-03,Day,Line1,M103,P101,1004,878,7.28,44
2025-10-03,Night,Line1,M103,P103,853,766,7.93,21
2025-10-03,Day,Line1,M104,P102,873,879,6.69,36
2025-10-03,Night,Line1,M104,P101,1193,1176,7.99,13
2025-10-03,Day,Line2,M201,P101,1145,1114,7.12,25
2025-10-03,Night,Line2,M201,P102,958,909,7.25,33
2025-10-03,Day,Line2,M202,P102,1100,1009,7.53,41
2025-10-03,Night,Line2,M202,P101,1159,1092,7.85,13
2025-10-03,Day,Line2,M203,P101,879,820,7.44,11
2025-10-03,Night,Line2,M203,P102,1147,1110,7.54,31
2025-10-03,Day,Line2,M204,P104,900,890,7.32,34
2025-10-03,Night,Line2,M204,P102,944,871,7.8,31
2025-10-03,Day,Line3,M301,P104,1196,1106,6.53,27
2025-10-03,Night,Line3,M301,P104,882,794,6.87,42
2025-10-03,Day,Line3,M302,P103,1031,934,7.83,29
2025-10-03,Night,Line3,M302,P101,1080,933,7.2,19
2025-10-03,Day,Line3,M303,P102,850,762,7.01,28
2025-10-03,Night,Line3,M303,P103,961,881,7.84,18
2025-10-03,Day,Line3,M304,P102,892,848,6.85,34
2025-10-03,Night,Line3,M304,P104,1088,956,7.92,44
2025-10-03,Day,Line4,M401,P101,995,1000,6.63,31
2025-10-03,Night,Line4,M401,P104,998,951,7.24,38
2025-10-03,Day,Line4,M402,P103,975,933,7.16,38
2025-10-03,Night,Line4,M402,P101,910,849,6.76,28
2025-10-03,Day,Line4,M403,P103,950,889,7.02,16
2025-10-03,Night,Line4,M403,P101,1193,1142,7.49,38
2025-10-03,Day,Line4,M404,P104,1069,1081,7.94,36
2025-10-03,Night,Line4,M404,P104,1024,958,6.67,13
2025-10-04,Day,Line1,M101,P103,940,874,7.12,40
2025-10-04,Night,Line1,M101,P104,884,851,6.55,18
2025-10-04,Day,Line1,M102,P101,1144,1084,7.01,20
2025-10-04,Night,Line1,M102,P101,1181,1081,7.85,30
2025-10-04,Day,Line1,M103,P104,1130,1036,6.99,13
2025-10-04,Night,Line1,M103,P104,1189,1137,6.98,14
2025-10-04,Day,Line1,M104,P101,929,925,7.3,18
2025-10-04,Night,Line1,M104,P102,885,800,7.08,17
2025-10-04,Day,Line2,M201,P104,1094,1040,7.68,45
2025-10-04,Night,Line2,M201,P104,862,804,6.67,34
2025-10-04,Day,Line2,M202,P104,1173,1099,6.61,37
2025-10-04,Night,Line2,M202,P102,1021,1004,7.72,25
2025-10-04,Day,Line2,M203,P102,927,848,7.84,22
2025-10-04,Night,Line2,M203,P104,913,870,6.57,44
2025-10-04,Day,Line2,M204,P103,1149,1125,7.56,19
2025-10-04,Night,Line2,M204,P101,920,843,6.93,34
2025-10-04,Day,Line3,M301,P103,1181,1039,7.27,42
2025-10-04,Night,Line3,M301,P103,1062,925,7.87,24
2025-10-04,Day,Line3,M302,P104,892,763,7.62,15
2025-10-04,Night,Line3,M302,P103,927,873,7.95,29
2025-10-04,Day,Line3,M303,P102,861,769,7.87,12
2025-10-04,Night,Line3,M303,P101,975,855,7.5,39
2025-10-04,Day,Line3,M304,P103,975,944,7.62,44
2025-10-04,Night,Line3,M304,P102,974,818,7.66,14
2025-10-04,Day,Line4,M401,P102,923,882,6.94,26
2025-10-04,Night,Line4,M401,P104,1026,988,7.46,42
2025-10-04,Day,Line4,M402,P104,1044,1057,7.13,23
2025-10-04,Night,Line4,M402,P102,1095,978,6.73,44
2025-10-04,Day,Line4,M403,P103,902,918,7.7,41
2025-10-04,Night,Line4,M403,P102,1199,1115,7.24,41
2025-10-04,Day,Line4,M404,P104,1025,974,7.68,14
2025-10-04,Night,Line4,M404,P103,957,865,7.12,43
2025-10-05,Day,Line1,M101,P102,871,838,6.86,16
2025-10-05,Night,Line1,M101,P101,990,987,7.69,11
2025-10-05,Day,Line1,M102,P104,1030,990,6.81,20
2025-10-05,Night,Line1,M102,P104,1051,961,6.6,28
2025-10-05,Day,Line1,M103,P102,1070,1005,7.56,38
2025-10-05,Night,Line1,M103,P102,1038,1115,7.62,14
2025-10-05,Day,Line1,M104,P102,1099,1034,7.45,21
2025-10-05,Night,Line1,M104,P103,1011,997,7.37,32
2025-10-05,Day,Line2,M201,P102,977,991,7.92,41
2025-10-05,Night,Line2,M201,P103,1194,1069,6.79,35
2025-10-05,Day,Line2,M202,P103,1047,970,7.44,40
2025-10-05,Night,Line2,M202,P104,983,894,6.7,43
2025-10-05,Day,Line2,M203,P104,1111,1047,7.9,28
2025-10-05,Night,Line2,M203,P104,931,933,7.75,20
2025-10-05,Day,Line2,M204,P103,1145,1164,7.35,28
2025-10-05,Night,Line2,M204,P103,911,856,7.38,11
2025-10-05,Day,Line3,M301,P103,1058,948,6.62,18
2025-10-05,Night,Line3,M301,P103,852,706,7.04,36
2025-10-05,Day,Line3,M302,P102,1140,1044,7.94,36
2025-10-05,Night,Line3,M302,P103,1046,933,7.33,44
2025-10-05,Day,Line3,M303,P103,906,791,7.54,19
2025-10-05,Night,Line3,M303,P101,1065,960,6.61,18
2025-10-05,Day,Line3,M304,P104,1063,997,6.97,41
2025-10-05,Night,Line3,M304,P102,1155,985,6.57,24
2025-10-05,Day,Line4,M401,P103,861,813,6.59,38
2025-10-05,Night,Line4,M401,P102,981,948,6.61,27
2025-10-05,Day,Line4,M402,P102,887,832,7.66,18
2025-10-05,Night,Line4,M402,P101,1004,927,6.98,37
2025-10-05,Day,Line4,M403,P103,852,805,7.24,21
2025-10-05,Night,Line4,M403,P102,950,906,7.53,28
2025-10-05,Day,Line4,M404,P104,1086,1078,7.89,45
2025-10-05,Night,Line4,M404,P101,996,986,6.84,32
2025-10-06,Day,Line1,M101,P104,1140,1129,6.62,39
2025-10-06,Night,Line1,M101,P102,1041,978,6.58,17
2025-10-06,Day,Line1,M102,P103,1185,1160,6.89,13
2025-10-06,Night,Line1,M102,P104,862,776,6.79,23
2025-10-06,Day,Line1,M103,P102,1182,1214,6.87,43
2025-10-06,Night,Line1,M103,P102,897,821,6.95,28
2025-10-06,Day,Line1,M104,P104,1134,1107,7.51,19
2025-10-06,Night,Line1,M104,P102,948,895,7.67,38
2025-10-06,Day,Line2,M201,P102,878,806,7.18,27
2025-10-06,Night,Line2,M201,P103,882,807,7.71,35
2025-10-06,Day,Line2,M202,P104,1054,1049,7.98,38
2025-10-06,Night,Line2,M202,P101,1052,984,6.61,22
2025-10-06,Day,Line2,M203,P104,1172,1091,7.81,24
2025-10-06,Night,Line2,M203,P102,1116,1038,6.53,37
2025-10-06,Day,Line2,M204,P102,852,793,7.9,17
2025-10-06,Night,Line2,M204,P101,920,849,7.5,19
2025-10-06,Day,Line3,M301,P101,875,754,6.79,43
2025-10-06,Night,Line3,M301,P103,1107,984,6.83,27
2025-10-06,Day,Line3,M302,P102,1048,957,7.46,26
2025-10-06,Night,Line3,M302,P102,954,833,7.5,23
2025-10-06,Day,Line3,M303,P104,1081,1022,7.3,34
2025-10-06,Night,Line3,M303,P101,1110,971,6.66,20
2025-10-06,Day,Line3,M304,P104,1105,1000,7.23,15
2025-10-06,Night,Line3,M304,P102,1045,910,6.72,10
2025-10-06,Day,Line4,M401,P103,1177,1115,7.67,26
2025-10-06,Night,Line4,M401,P103,1072,1029,7.51,18
2025-10-06,Day,Line4,M402,P101,1137,1048,6.83,33
2025-10-06,Night,Line4,M402,P104,993,945,6.57,13
2025-10-06,Day,Line4,M403,P101,946,887,7.75,19
2025-10-06,Night,Line4,M403,P103,1168,1055,7.05,33
2025-10-06,Day,Line4,M404,P101,1138,1079,7.68,23
2025-10-06,Night,Line4,M404,P103,875,863,7.96,10
2025-10-07,Day,Line1,M101,P101,905,883,7.43,31
2025-10-07,Night,Line1,M101,P103,1050,974,7.73,17
2025-10-07,Day,Line1,M102,P104,1026,956,6.84,43
2025-10-07,Night,Line1,M102,P101,1126,1121,6.61,13
2025-10-07,Day,Line1,M103,P102,1118,1081,7.61,42
2025-10-07,Night,Line1,M103,P101,996,936,6.99,26
2025-10-07,Day,Line1,M104,P101,881,859,6.92,28
2025-10-07,Night,Line1,M104,P101,989,948,6.52,25
2025-10-07,Day,Line2,M201,P101,1028,971,6.93,35
2025-10-07,Night,Line2,M201,P104,1110,1071,7.69,31
2025-10-07,Day,Line2,M202,P101,959,879,7.29,31
2025-10-07,Night,Line2,M202,P102,1117,1069,6.85,16
2025-10-07,Day,Line2,M203,P103,1113,1053,7.75,23
2025-10-07,Night,Line2,M203,P104,1008,984,7.07,39
2025-10-07,Day,Line2,M204,P103,1030,972,7.16,42
2025-10-07,Night,Line2,M204,P101,950,921,7.42,12
2025-10-07,Day,Line3,M301,P101,902,828,7.76,35
2025-10-07,Night,Line3,M301,P103,1045,1016,7.8,28
2025-10-07,Day,Line3,M302,P104,906,845,6.6,41
2025-10-07,Night,Line3,M302,P104,1131,1007,6.67,26
2025-10-07,Day,Line3,M303,P101,896,769,7.2,12
2025-10-07,Night,Line3,M303,P102,1086,1003,6.99,16
2025-10-07,Day,Line3,M304,P104,1160,1097,7.39,43
2025-10-07,Night,Line3,M304,P102,1097,964,8.0,16
2025-10-07,Day,Line4,M401,P104,897,842,6.9,16
2025-10-07,Night,Line4,M401,P103,1114,1076,7.0,34
2025-10-07,Day,Line4,M402,P104,1114,1078,7.46,37
2025-10-07,Night,Line4,M402,P101,893,834,6.84,40
2025-10-07,Day,Line4,M403,P104,1074,1046,7.84,32
2025-10-07,Night,Line4,M403,P102,1189,1104,6.88,22
2025-10-07,Day,Line4,M404,P102,1061,1056,7.66,14
2025-10-07,Night,Line4,M404,P104,871,811,7.72,30
2025-10-08,Day,Line1,M101,P101,1020,1006,6.99,44
2025-10-08,Night,Line1,M101,P102,1041,979,6.74,22
2025-10-08,Day,Line1,M102,P103,1032,1001,7.78,44
2025-10-08,Night,Line1,M102,P101,1151,1144,6.62,32
2025-10-08,Day,Line1,M103,P104,1017,961,7.48,38
2025-10-08,Night,Line1,M103,P102,1129,1088,6.56,33
2025-10-08,Day,Line1,M104,P102,1036,1041,7.05,25
2025-10-08,Night,Line1,M104,P102,1146,1103,6.82,42
2025-10-08,Day,Line2,M201,P102,994,991,6.99,20
2025-10-08,Night,Line2,M201,P104,1054,995,6.88,19
2025-10-08,Day,Line2,M202,P101,1089,1068,6.69,40
2025-10-08,Night,Line2,M202,P103,1136,1101,7.98,12
2025-10-08,Day,Line2,M203,P101,1198,1150,7.07,31
2025-10-08,Night,Line2,M203,P103,1067,1082,7.85,37
2025-10-08,Day,Line2,M204,P104,1159,1084,6.68,23
2025-10-08,Night,Line2,M204,P101,953,867,7.64,10
2025-10-08,Day,Line3,M301,P102,1113,1068,6.83,31
2025-10-08,Night,Line3,M301,P102,930,868,7.48,39
2025-10-08,Day,Line3,M302,P102,1095,974,7.7,34
2025-10-08,Night,Line3,M302,P104,1153,1069,7.02,45
2025-10-08,Day,Line3,M303,P102,980,905,7.97,30
2025-10-08,Night,Line3,M303,P101,1176,1048,6.92,33
2025-10-08,Day,Line3,M304,P101,934,830,7.81,30
2025-10-08,Night,Line3,M304,P102,1115,989,7.35,33
2025-10-08,Day,Line4,M401,P103,1068,996,7.92,16
2025-10-08,Night,Line4,M401,P102,852,794,7.3,44
2025-10-08,Day,Line4,M402,P104,947,883,6.91,10
2025-10-08,Night,Line4,M402,P104,914,823,7.4,10
2025-10-08,Day,Line4,M403,P104,964,962,7.13,45
2025-10-08,Night,Line4,M403,P102,1097,1026,6.88,40
2025-10-08,Day,Line4,M404,P104,1083,1051,7.9,17
2025-10-08,Night,Line4,M404,P101,1106,1021,7.27,28
2025-10-09,Day,Line1,M101,P102,1013,966,7.69,18
2025-10-09,Night,Line1,M101,P104,1184,1079,7.16,42
2025-10-09,Day,Line1,M102,P104,951,961,7.37,10
2025-10-09,Night,Line1,M102,P101,854,751,7.78,38
2025-10-09,Day,Line1,M103,P101,924,912,7.35,14
2025-10-09,Night,Line1,M103,P101,922,851,6.95,27
2025-10-09,Day,Line1,M104,P102,949,884,7.43,28
2025-10-09,Night,Line1,M104,P103,1100,988,6.85,23
2025-10-09,Day,Line2,M201,P101,1028,991,7.88,40
2025-10-09,Night,Line2,M201,P104,1090,1050,6.57,16
2025-10-09,Day,Line2,M202,P104,911,892,6.55,40
2025-10-09,Night,Line2,M202,P101,1042,966,7.15,33
2025-10-09,Day,Line2,M203,P104,1029,981,7.76,35
2025-10-09,Night,Line2,M203,P104,1083,986,7.43,36
2025-10-09,Day,Line2,M204,P103,870,813,7.92,34
2025-10-09,Night,Line2,M204,P102,949,928,7.56,28
2025-10-09,Day,Line3,M301,P103,858,737,7.88,11
2025-10-09,Night,Line3,M301,P103,927,774,7.36,20
2025-10-09,Day,Line3,M302,P103,920,818,6.84,34
2025-10-09,Night,Line3,M302,P103,950,893,7.59,39
2025-10-09,Day,Line3,M303,P102,943,859,7.44,18
2025-10-09,Night,Line3,M303,P101,1146,1105,6.81,14
2025-10-09,Day,Line3,M304,P103,974,876,7.11,10
2025-10-09,Night,Line3,M304,P104,860,783,7.71,33
2025-10-09,Day,Line4,M401,P103,1094,1086,7.89,25
2025-10-09,Night,Line4,M401,P104,875,880,7.3,17
2025-10-09,Day,Line4,M402,P103,1102,1038,6.6,17
2025-10-09,Night,Line4,M402,P101,1018,957,6.51,12
2025-10-09,Day,Line4,M403,P101,872,832,7.2,14
2025-10-09,Night,Line4,M403,P104,927,893,7.77,36
2025-10-09,Day,Line4,M404,P101,865,870,6.94,42
2025-10-09,Night,Line4,M404,P101,918,905,7.75,35
2025-10-10,Day,Line1,M101,P103,1136,1069,6.92,23
2025-10-10,Night,Line1,M101,P103,1089,997,7.51,31
2025-10-10,Day,Line1,M102,P104,1134,1111,6.64,23
2025-10-10,Night,Line1,M102,P102,1013,919,6.72,28
2025-10-10,Day,Line1,M103,P102,1033,1017,7.79,41
2025-10-10,Night,Line1,M103,P101,1157,1088,7.95,21
2025-10-10,Day,Line1,M104,P101,995,995,7.44,35
2025-10-10,Night,Line1,M104,P104,1141,1111,7.43,15
2025-10-10,Day,Line2,M201,P103,1046,1008,7.08,25
2025-10-10,Night,Line2,M201,P104,1174,1062,7.16,34
2025-10-10,Day,Line2,M202,P103,1197,1110,7.04,25
2025-10-10,Night,Line2,M202,P102,861,811,6.6,23
2025-10-10,Day,Line2,M203,P101,1103,1075,7.22,18
2025-10-10,Night,Line2,M203,P104,1066,992,6.7,33
2025-10-10,Day,Line2,M204,P102,1115,1040,6.8,19
2025-10-10,Night,Line2,M204,P103,1051,979,6.58,44
2025-10-10,Day,Line3,M301,P103,985,936,7.38,20
2025-10-10,Night,Line3,M301,P104,1192,1051,7.41,18
2025-10-10,Day,Line3,M302,P103,851,759,7.77,12
2025-10-10,Night,Line3,M302,P101,1195,1023,6.63,19
2025-10-10,Day,Line3,M303,P101,1129,1025,7.76,35
2025-10-10,Night,Line3,M303,P101,894,826,6.98,29
2025-10-10,Day,Line3,M304,P104,858,811,7.68,30
2025-10-10,Night,Line3,M304,P101,1151,997,6.84,11
2025-10-10,Day,Line4,M401,P103,993,957,7.58,23
2025-10-10,Night,Line4,M401,P102,1103,1014,7.94,17
2025-10-10,Day,Line4,M402,P104,1183,1123,7.4,22
2025-10-10,Night,Line4,M402,P101,1180,1106,6.93,22
2025-10-10,Day,Line4,M403,P102,1013,957,6.6,36
2025-10-10,Night,Line4,M403,P102,1045,895,7.23,22
2025-10-10,Day,Line4,M404,P101,895,904,7.47,13
2025-10-10,Night,Line4,M404,P101,869,801,6.78,13
2025-10-11,Day,Line1,M101,P102,883,830,6.77,45
2025-10-11,Night,Line1,M101,P104,1116,1022,7.49,17
2025-10-11,Day,Line1,M102,P101,1008,923,6.97,44
2025-10-11,Night,Line1,M102,P101,938,930,7.87,43
2025-10-11,Day,Line1,M103,P102,1021,980,6.94,27
2025-10-11,Night,Line1,M103,P101,1021,975,7.66,44
2025-10-11,Day,Line1,M104,P102,1169,1135,7.73,13
2025-10-11,Night,Line1,M104,P102,875,809,6.69,26
2025-10-11,Day,Line2,M201,P102,1174,1126,6.87,38
2025-10-11,Night,Line2,M201,P104,1067,1026,7.37,15
2025-10-11,Day,Line2,M202,P102,1063,977,7.14,35
2025-10-11,Night,Line2,M202,P102,1123,1043,7.5,11
2025-10-11,Day,Line2,M203,P101,921,878,6.53,18
2025-10-11,Night,Line2,M203,P104,1116,1031,7.62,14
2025-10-11,Day,Line2,M204,P103,1142,1077,7.95,29
2025-10-11,Night,Line2,M204,P104,981,927,6.53,39
2025-10-11,Day,Line3,M301,P101,1027,977,7.68,24
2025-10-11,Night,Line3,M301,P101,895,808,6.55,12
2025-10-11,Day,Line3,M302,P103,1198,1061,6.57,45
2025-10-11,Night,Line3,M302,P102,1195,1162,7.34,25
2025-10-11,Day,Line3,M303,P101,1163,1107,7.11,37
2025-10-11,Night,Line3,M303,P104,953,834,7.53,38
2025-10-11,Day,Line3,M304,P103,921,877,7.42,16
2025-10-11,Night,Line3,M304,P101,1007,902,7.36,18
2025-10-11,Day,Line4,M401,P104,1160,1074,7.04,24
2025-10-11,Night,Line4,M401,P104,1058,1035,6.97,32
2025-10-11,Day,Line4,M402,P101,903,845,6.52,35
2025-10-11,Night,Line4,M402,P104,1068,1020,7.39,40
2025-10-11,Day,Line4,M403,P101,1110,1070,7.67,41
2025-10-11,Night,Line4,M403,P104,1053,1008,7.51,18
2025-10-11,Day,Line4,M404,P102,1059,1074,7.74,25
2025-10-11,Night,Line4,M404,P104,1128,1059,6.84,43
2025-10-12,Day,Line1,M101,P103,862,797,7.18,15
2025-10-12,Night,Line1,M101,P104,1177,1082,7.83,20
2025-10-12,Day,Line1,M102,P104,1055,974,7.79,21
2025-10-12,Night,Line1,M102,P102,944,845,7.27,37
2025-10-12,Day,Line1,M103,P104,1072,1065,7.24,38
2025-10-12,Night,Line1,M103,P101,1141,1076,7.52,22
2025-10-12,Day,Line1,M104,P104,1179,1126,7.95,35
2025-10-12,Night,Line1,M104,P101,1052,907,7.96,30
2025-10-12,Day,Line2,M201,P102,945,894,7.95,45
2025-10-12,Night,Line2,M201,P101,1087,1049,7.53,28
2025-10-12,Day,Line2,M202,P102,1012,1019,6.52,44
2025-10-12,Night,Line2,M202,P101,919,840,6.72,30
2025-10-12,Day,Line2,M203,P103,1168,1137,7.05,40
2025-10-12,Night,Line2,M203,P104,1088,1056,7.25,19
2025-10-12,Day,Line2,M204,P104,1015,981,7.1,41
2025-10-12,Night,Line2,M204,P104,1001,963,6.68,11
2025-10-12,Day,Line3,M301,P102,1135,993,7.25,33
2025-10-12,Night,Line3,M301,P101,1012,822,7.83,11
2025-10-12,Day,Line3,M302,P101,998,956,7.08,17
2025-10-12,Night,Line3,M302,P104,905,828,6.54,34
2025-10-12,Day,Line3,M303,P103,1097,1016,7.77,45
2025-10-12,Night,Line3,M303,P102,1142,1049,7.4,14
2025-10-12,Day,Line3,M304,P102,1152,1038,7.96,32
2025-10-12,Night,Line3,M304,P104,1029,885,7.03,15
2025-10-12,Day,Line4,M401,P104,891,823,6.58,17
2025-10-12,Night,Line4,M401,P103,1119,1006,6.68,37
2025-10-12,Day,Line4,M402,P101,878,854,6.6,33
2025-10-12,Night,Line4,M402,P101,852,790,6.95,21
2025-10-12,Day,Line4,M403,P103,988,993,7.06,21
2025-10-12,Night,Line4,M403,P104,1137,1111,6.81,41
2025-10-12,Day,Line4,M404,P103,1177,1159,6.71,39
2025-10-12,Night,Line4,M404,P101,1170,1120,7.23,24
2025-10-13,Day,Line1,M101,P101,922,866,7.6,22
2025-10-13,Night,Line1,M101,P101,913,844,7.31,16
2025-10-13,Day,Line1,M102,P102,1024,961,7.95,10
2025-10-13,Night,Line1,M102,P101,1179,1071,7.77,42
2025-10-13,Day,Line1,M103,P104,1170,1119,7.44,12
2025-10-13,Night,Line1,M103,P104,990,961,7.07,20
2025-10-13,Day,Line1,M104,P101,1055,1007,7.39,32
2025-10-13,Night,Line1,M104,P102,942,864,6.93,20
2025-10-13,Day,Line2,M201,P102,946,903,7.05,36
2025-10-13,Night,Line2,M201,P102,910,860,6.69,45
2025-10-13,Day,Line2,M202,P101,1046,988,6.91,20
2025-10-13,Night,Line2,M202,P101,856,802,7.1,41
2025-10-13,Day,Line2,M203,P102,860,895,6.91,18
2025-10-13,Night,Line2,M203,P103,938,843,7.28,34
2025-10-13,Day,Line2,M204,P104,921,828,7.75,26
2025-10-13,Night,Line2,M204,P104,1036,976,7.32,25
2025-10-13,Day,Line3,M301,P104,1175,1083,7.77,28
2025-10-13,Night,Line3,M301,P101,1017,900,7.97,41
2025-10-13,Day,Line3,M302,P101,1178,1038,6.92,27
2025-10-13,Night,Line3,M302,P103,1050,981,7.49,33
2025-10-13,Day,Line3,M303,P104,1197,1090,7.82,41
2025-10-13,Night,Line3,M303,P103,875,782,6.99,34
2025-10-13,Day,Line3,M304,P104,956,893,7.64,33
2025-10-13,Night,Line3,M304,P103,979,865,7.97,33
2025-10-13,Day,Line4,M401,P102,980,932,7.3,31
2025-10-13,Night,Line4,M401,P101,993,978,7.85,34
2025-10-13,Day,Line4,M402,P104,1131,1030,7.15,44
2025-10-13,Night,Line4,M402,P104,1031,979,7.27,42
2025-10-13,Day,Line4,M403,P102,1191,1152,6.66,27
2025-10-13,Night,Line4,M403,P102,1001,928,7.11,45
2025-10-13,Day,Line4,M404,P102,1188,1135,7.76,32
2025-10-13,Night,Line4,M404,P104,1172,1150,7.01,20
2025-10-14,Day,Line1,M101,P104,1103,1032,7.98,23
2025-10-14,Night,Line1,M101,P104,1050,1010,7.25,29
2025-10-14,Day,Line1,M102,P103,973,934,7.21,19
2025-10-14,Night,Line1,M102,P101,1189,1140,7.17,39
2025-10-14,Day,Line1,M103,P104,1036,1007,7.18,43
2025-10-14,Night,Line1,M103,P104,852,748,6.56,42
2025-10-14,Day,Line1,M104,P103,974,910,7.8,20
2025-10-14,Night,Line1,M104,P104,1162,1068,7.4,45
2025-10-14,Day,Line2,M201,P102,1186,1104,7.1,26
2025-10-14,Night,Line2,M201,P103,974,898,7.21,37
2025-10-14,Day,Line2,M202,P103,1124,1083,6.94,12
2025-10-14,Night,Line2,M202,P103,862,834,7.61,29
2025-10-14,Day,Line2,M203,P103,880,811,7.37,33
2025-10-14,Night,Line2,M203,P101,1155,1086,7.87,21
2025-10-14,Day,Line2,M204,P103,1055,1021,7.07,39
2025-10-14,Night,Line2,M204,P102,854,832,6.63,13
2025-10-14,Day,Line3,M301,P104,950,911,7.04,27
2025-10-14,Night,Line3,M301,P102,1158,1023,6.85,22
2025-10-14,Day,Line3,M302,P101,1089,960,6.72,38
2025-10-14,Night,Line3,M302,P102,1100,990,6.65,19
2025-10-14,Day,Line3,M303,P103,988,872,7.76,32
2025-10-14,Night,Line3,M303,P101,973,873,7.99,45
2025-10-14,Day,Line3,M304,P101,882,783,7.57,36
2025-10-14,Night,Line3,M304,P102,1021,843,7.91,45
2025-10-14,Day,Line4,M401,P103,906,883,7.53,32
2025-10-14,Night,Line4,M401,P101,1196,1100,6.7,18
2025-10-14,Day,Line4,M402,P101,1003,1008,6.83,31
2025-10-14,Night,Line4,M402,P101,1186,1115,7.81,21
2025-10-14,Day,Line4,M403,P101,1009,921,7.58,23
2025-10-14,Night,Line4,M403,P103,966,936,7.67,14
2025-10-14,Day,Line4,M404,P102,1087,1037,7.53,26
2025-10-14,Night,Line4,M404,P102,964,923,7.4,41
2025-10-15,Day,Line1,M101,P103,946,936,6.5,15
2025-10-15,Night,Line1,M101,P101,907,854,6.92,19
2025-10-15,Day,Line1,M102,P102,1186,1092,7.86,32
2025-10-15,Night,Line1,M102,P101,990,935,7.47,20
2025-10-15,Day,Line1,M103,P104,1033,1033,7.18,21
2025-10-15,Night,Line1,M103,P104,985,923,7.34,19
2025-10-15,Day,Line1,M104,P104,1195,1162,7.22,34
2025-10-15,Night,Line1,M104,P102,1191,1091,6.95,32
2025-10-15,Day,Line2,M201,P101,876,802,7.89,43
2025-10-15,Night,Line2,M201,P103,1103,1031,6.58,24
2025-10-15,Day,Line2,M202,P102,1133,1088,7.43,32
2025-10-15,Night,Line2,M202,P103,999,972,6.95,31
2025-10-15,Day,Line2,M203,P101,982,945,7.99,37
2025-10-15,Night,Line2,M203,P101,1159,1125,7.55,15
2025-10-15,Day,Line2,M204,P102,1015,961,7.0,16
2025-10-15,Night,Line2,M204,P101,1094,984,7.02,29
2025-10-15,Day,Line3,M301,P103,1033,954,6.56,30
2025-10-15,Night,Line3,M301,P102,1082,1010,7.82,12
2025-10-15,Day,Line3,M302,P104,919,820,7.3,40
2025-10-15,Night,Line3,M302,P102,1128,1025,6.84,16
2025-10-15,Day,Line3,M303,P104,1083,1007,6.56,22
2025-10-15,Night,Line3,M303,P102,1076,910,7.95,26
2025-10-15,Day,Line3,M304,P104,898,811,7.27,18
2025-10-15,Night,Line3,M304,P101,1191,1085,7.2,30
2025-10-15,Day,Line4,M401,P104,1041,1010,6.92,37
2025-10-15,Night,Line4,M401,P102,1067,1025,7.17,26
2025-10-15,Day,Line4,M402,P101,938,915,6.76,37
2025-10-15,Night,Line4,M402,P101,1113,1043,6.63,26
2025-10-15,Day,Line4,M403,P101,1111,1067,7.49,38
2025-10-15,Night,Line4,M403,P104,931,905,7.35,10
2025-10-15,Day,Line4,M404,P101,1067,1029,6.52,24
2025-10-15,Night,Line4,M404,P101,1158,1064,6.99,37
2025-10-16,Day,Line1,M101,P102,860,820,7.91,25
2025-10-16,Night,Line1,M101,P103,887,844,6.88,37
2025-10-16,Day,Line1,M102,P104,880,871,7.64,29
2025-10-16,Night,Line1,M102,P103,866,775,7.25,31
2025-10-16,Day,Line1,M103,P102,914,870,7.75,36
2025-10-16,Night,Line1,M103,P104,966,935,7.51,16
2025-10-16,Day,Line1,M104,P102,960,898,7.72,27
2025-10-16,Night,Line1,M104,P102,1121,1026,6.66,45
2025-10-16,Day,Line2,M201,P101,1007,967,7.75,42
2025-10-16,Night,Line2,M201,P103,896,801,6.72,28
2025-10-16,Day,Line2,M202,P102,879,890,7.79,19
2025-10-16,Night,Line2,M202,P103,1161,1105,7.9,25
2025-10-16,Day,Line2,M203,P104,1002,980,7.15,33
2025-10-16,Night,Line2,M203,P101,1197,1166,6.67,19
2025-10-16,Day,Line2,M204,P102,971,1002,7.53,16
2025-10-16,Night,Line2,M204,P102,980,918,7.58,18
2025-10-16,Day,Line3,M301,P104,1035,895,7.91,33
2025-10-16,Night,Line3,M301,P104,1043,937,7.54,39
2025-10-16,Day,Line3,M302,P102,1160,1029,7.88,14
2025-10-16,Night,Line3,M302,P101,1019,872,7.83,28
2025-10-16,Day,Line3,M303,P101,996,892,6.57,26
2025-10-16,Night,Line3,M303,P102,893,792,6.93,43
2025-10-16,Day,Line3,M304,P102,1181,1116,7.45,29
2025-10-16,Night,Line3,M304,P102,1073,1013,7.58,33
2025-10-16,Day,Line4,M401,P102,893,830,6.61,12
2025-10-16,Night,Line4,M401,P102,1190,1104,7.46,40
2025-10-16,Day,Line4,M402,P104,910,889,7.73,16
2025-10-16,Night,Line4,M402,P103,858,825,7.5,36
2025-10-16,Day,Line4,M403,P102,1199,1118,7.99,17
2025-10-16,Night,Line4,M403,P104,1159,1121,6.77,18
2025-10-16,Day,Line4,M404,P104,1023,960,7.96,14
2025-10-16,Night,Line4,M404,P104,959,874,7.98,20
2025-10-17,Day,Line1,M101,P101,1068,1042,7.28,19
2025-10-17,Night,Line1,M101,P101,877,856,7.96,42
2025-10-17,Day,Line1,M102,P104,967,937,6.97,19
2025-10-17,Night,Line1,M102,P102,900,849,7.0,45
2025-10-17,Day,Line1,M103,P102,1053,1008,7.92,14
2025-10-17,Night,Line1,M103,P103,1076,1014,7.26,23
2025-10-17,Day,Line1,M104,P104,1072,1022,7.57,40
2025-10-17,Night,Line1,M104,P101,863,825,7.22,32
2025-10-17,Day,Line2,M201,P102,1139,1096,7.95,42
2025-10-17,Night,Line2,M201,P104,1099,1110,7.54,10
2025-10-17,Day,Line2,M202,P104,1179,1144,6.94,28
2025-10-17,Night,Line2,M202,P103,1154,1077,7.06,15
2025-10-17,Day,Line2,M203,P103,950,883,7.88,13
2025-10-17,Night,Line2,M203,P103,990,904,7.71,30
2025-10-17,Day,Line2,M204,P101,855,830,7.87,21
2025-10-17,Night,Line2,M204,P101,917,847,6.62,34
2025-10-17,Day,Line3,M301,P102,1136,1040,7.5,41
2025-10-17,Night,Line3,M301,P101,959,890,7.24,29
2025-10-17,Day,Line3,M302,P103,878,768,7.74,20
2025-10-17,Night,Line3,M302,P103,1107,980,6.97,35
2025-10-17,Day,Line3,M303,P104,1053,887,7.66,13
2025-10-17,Night,Line3,M303,P102,1182,1000,7.22,13
2025-10-17,Day,Line3,M304,P103,854,782,7.92,23
2025-10-17,Night,Line3,M304,P103,1058,898,6.61,39
2025-10-17,Day,Line4,M401,P103,1002,925,7.74,14
2025-10-17,Night,Line4,M401,P102,972,962,6.61,37
2025-10-17,Day,Line4,M402,P101,872,820,7.44,14
2025-10-17,Night,Line4,M402,P102,1131,1031,7.53,18
2025-10-17,Day,Line4,M403,P104,938,936,7.29,14
2025-10-17,Night,Line4,M403,P101,1010,920,6.83,16
2025-10-17,Day,Line4,M404,P102,975,945,7.09,27
2025-10-17,Night,Line4,M404,P104,880,836,7.38,16
2025-10-18,Day,Line1,M101,P103,931,917,6.96,19
2025-10-18,Night,Line1,M101,P101,900,816,7.77,25
2025-10-18,Day,Line1,M102,P102,1035,968,7.26,25
2025-10-18,Night,Line1,M102,P102,866,798,6.81,45
2025-10-18,Day,Line1,M103,P102,1200,1124,7.56,14
2025-10-18,Night,Line1,M103,P104,1117,1076,7.37,17
2025-10-18,Day,Line1,M104,P104,963,935,7.08,36
2025-10-18,Night,Line1,M104,P101,971,927,7.63,44
2025-10-18,Day,Line2,M201,P101,1182,1081,7.34,40
2025-10-18,Night,Line2,M201,P102,1044,987,7.2,10
2025-10-18,Day,Line2,M202,P104,1111,1115,7.94,29
2025-10-18,Night,Line2,M202,P104,1069,1074,7.33,40
2025-10-18,Day,Line2,M203,P102,873,826,7.16,12
2025-10-18,Night,Line2,M203,P101,1031,996,7.21,18
2025-10-18,Day,Line2,M204,P101,981,918,7.4,16
2025-10-18,Night,Line2,M204,P101,1092,978,7.37,10
2025-10-18,Day,Line3,M301,P104,908,788,6.97,37
2025-10-18,Night,Line3,M301,P102,987,916,7.42,45
2025-10-18,Day,Line3,M302,P103,864,776,6.56,44
2025-10-18,Night,Line3,M302,P103,903,787,6.61,21
2025-10-18,Day,Line3,M303,P102,1084,1010,6.59,10
2025-10-18,Night,Line3,M303,P103,891,760,7.16,17
2025-10-18,Day,Line3,M304,P101,1168,1079,6.99,26
2025-10-18,Night,Line3,M304,P103,1035,914,6.61,26
2025-10-18,Day,Line4,M401,P103,1065,1087,7.51,40
2025-10-18,Night,Line4,M401,P102,1165,1080,6.79,35
2025-10-18,Day,Line4,M402,P103,1023,977,7.87,34
2025-10-18,Night,Line4,M402,P101,1157,1038,6.51,21
2025-10-18,Day,Line4,M403,P104,1069,1097,7.53,41
2025-10-18,Night,Line4,M403,P101,970,901,6.59,38
2025-10-18,Day,Line4,M404,P104,1200,1214,6.6,17
2025-10-18,Night,Line4,M404,P104,922,820,6.7,37
2025-10-19,Day,Line1,M101,P102,1149,1112,6.74,32
2025-10-19,Night,Line1,M101,P104,904,906,7.3,18
2025-10-19,Day,Line1,M102,P104,1045,983,6.51,38
2025-10-19,Night,Line1,M102,P102,862,815,6.73,33
2025-10-19,Day,Line1,M103,P103,1103,1102,6.92,23
2025-10-19,Night,Line1,M103,P104,900,836,7.44,22
2025-10-19,Day,Line1,M104,P104,996,913,7.27,12
2025-10-19,Night,Line1,M104,P102,921,852,7.7,23
2025-10-19,Day,Line2,M201,P103,1191,1153,7.01,34
2025-10-19,Night,Line2,M201,P101,1004,952,7.69,29
2025-10-19,Day,Line2,M202,P104,1045,1024,7.92,21
2025-10-19,Night,Line2,M202,P104,1067,976,6.52,23
2025-10-19,Day,Line2,M203,P102,850,866,7.55,28
2025-10-19,Night,Line2,M203,P101,886,811,6.76,39
2025-10-19,Day,Line2,M204,P104,899,865,6.75,29
2025-10-19,Night,Line2,M204,P102,1170,1111,6.53,16
2025-10-19,Day,Line3,M301,P103,945,866,7.41,28
2025-10-19,Night,Line3,M301,P102,907,777,7.53,35
2025-10-19,Day,Line3,M302,P104,956,908,7.96,36
2025-10-19,Night,Line3,M302,P103,1095,957,6.91,11
2025-10-19,Day,Line3,M303,P103,1048,966,7.53,30
2025-10-19,Night,Line3,M303,P104,1125,1007,7.52,34
2025-10-19,Day,Line3,M304,P104,861,788,7.34,23
2025-10-19,Night,Line3,M304,P104,1132,955,7.55,45
2025-10-19,Day,Line4,M401,P102,851,801,7.43,11
2025-10-19,Night,Line4,M401,P103,1127,1073,6.99,24
2025-10-19,Day,Line4,M402,P104,1199,1098,7.8,24
2025-10-19,Night,Line4,M402,P104,966,901,7.38,15
2025-10-19,Day,Line4,M403,P103,1145,1102,6.69,21
2025-10-19,Night,Line4,M403,P102,1154,1106,6.76,17
2025-10-19,Day,Line4,M404,P102,1097,1055,7.12,13
2025-10-19,Night,Line4,M404,P104,1018,951,6.96,24
2025-10-20,Day,Line1,M101,P103,882,853,6.6,12
2025-10-20,Night,Line1,M101,P103,875,815,6.93,34
2025-10-20,Day,Line1,M102,P102,1146,1070,7.26,16
2025-10-20,Night,Line1,M102,P101,1128,1043,6.52,38
2025-10-20,Day,Line1,M103,P102,915,889,6.97,42
2025-10-20,Night,Line1,M103,P102,993,928,7.04,40
2025-10-20,Day,Line1,M104,P101,1115,1157,7.71,22
2025-10-20,Night,Line1,M104,P101,894,810,6.79,44
2025-10-20,Day,Line2,M201,P101,1078,1046,7.58,35
2025-10-20,Night,Line2,M201,P101,1095,1046,6.63,31
2025-10-20,Day,Line2,M202,P104,1119,1076,7.79,43
2025-10-20,Night,Line2,M202,P103,1145,1065,7.38,40
2025-10-20,Day,Line2,M203,P103,1147,1100,7.55,38
2025-10-20,Night,Line2,M203,P101,1011,949,7.58,20
2025-10-20,Day,Line2,M204,P102,904,910,7.56,41
2025-10-20,Night,Line2,M204,P101,906,803,7.71,27
2025-10-20,Day,Line3,M301,P104,1021,901,7.52,36
2025-10-20,Night,Line3,M301,P103,1114,999,7.98,16
2025-10-20,Day,Line3,M302,P101,854,804,7.78,37
2025-10-20,Night,Line3,M302,P101,1102,953,7.52,23
2025-10-20,Day,Line3,M303,P103,1058,928,6.66,25
2025-10-20,Night,Line3,M303,P101,1058,937,7.47,22
2025-10-20,Day,Line3,M304,P101,936,827,7.61,39
2025-10-20,Night,Line3,M304,P103,1030,912,7.7,38
2025-10-20,Day,Line4,M401,P102,1062,992,7.53,16
2025-10-20,Night,Line4,M401,P104,1155,1108,6.52,29
2025-10-20,Day,Line4,M402,P104,961,898,7.75,41
2025-10-20,Night,Line4,M402,P101,895,798,7.09,23
2025-10-20,Day,Line4,M403,P101,1050,1028,7.91,43
2025-10-20,Night,Line4,M403,P102,874,821,6.77,17
2025-10-20,Day,Line4,M404,P102,1179,1117,7.68,10
2025-10-20,Night,Line4,M404,P104,889,825,6.51,37
2025-10-21,Day,Line1,M101,P104,1028,990,6.87,22
2025-10-21,Night,Line1,M101,P102,908,824,6.64,34
2025-10-21,Day,Line1,M102,P102,949,872,7.27,36
2025-10-21,Night,Line1,M102,P101,973,890,7.97,14
2025-10-21,Day,Line1,M103,P104,1164,1106,7.9,43
2025-10-21,Night,Line1,M103,P103,987,900,7.82,12
2025-10-21,Day,Line1,M104,P101,1008,1015,6.63,13
2025-10-21,Night,Line1,M104,P102,1093,999,7.57,20
2025-10-21,Day,Line2,M201,P103,1001,962,7.25,33
2025-10-21,Night,Line2,M201,P103,1107,1055,6.78,24
2025-10-21,Day,Line2,M202,P103,1065,1060,7.48,25
2025-10-21,Night,Line2,M202,P101,928,921,6.54,40
2025-10-21,Day,Line2,M203,P103,961,986,6.81,19
2025-10-21,Night,Line2,M203,P102,1014,987,6.81,31
2025-10-21,Day,Line2,M204,P101,1074,1061,7.41,27
2025-10-21,Night,Line2,M204,P101,1157,1052,7.77,21
2025-10-21,Day,Line3,M301,P103,1135,1050,7.62,14
2025-10-21,Night,Line3,M301,P103,1102,972,7.09,36
2025-10-21,Day,Line3,M302,P102,904,815,7.94,21
2025-10-21,Night,Line3,M302,P102,1057,927,6.97,12
2025-10-21,Day,Line3,M303,P101,1127,990,7.71,35
2025-10-21,Night,Line3,M303,P102,1142,997,6.91,26
2025-10-21,Day,Line3,M304,P103,982,867,7.15,16
2025-10-21,Night,Line3,M304,P102,1134,949,7.12,26
2025-10-21,Day,Line4,M401,P103,969,969,7.73,16
2025-10-21,Night,Line4,M401,P103,1049,986,7.7,23
2025-10-21,Day,Line4,M402,P101,1158,1113,6.68,25
2025-10-21,Night,Line4,M402,P101,1090,1022,6.69,35
2025-10-21,Day,Line4,M403,P103,1168,1157,7.98,12
2025-10-21,Night,Line4,M403,P104,1188,1121,7.42,29
2025-10-21,Day,Line4,M404,P103,1146,1148,6.85,44
2025-10-21,Night,Line4,M404,P104,919,880,6.75,27
2025-10-22,Day,Line1,M101,P101,1137,1066,6.7,21
2025-10-22,Night,Line1,M101,P101,1085,1059,6.97,40
2025-10-22,Day,Line1,M102,P102,1018,987,7.55,15
2025-10-22,Night,Line1,M102,P104,1055,988,7.3,42
2025-10-22,Day,Line1,M103,P101,884,872,7.11,23
2025-10-22,Night,Line1,M103,P102,1168,1098,6.85,40
2025-10-22,Day,Line1,M104,P102,1069,1049,7.25,38
2025-10-22,Night,Line1,M104,P101,1094,989,7.49,18
2025-10-22,Day,Line2,M201,P101,1095,1052,6.79,24
2025-10-22,Night,Line2,M201,P103,855,786,7.45,21
2025-10-22,Day,Line2,M202,P103,917,939,6.95,20
2025-10-22,Night,Line2,M202,P102,988,967,7.46,16
2025-10-22,Day,Line2,M203,P102,881,851,6.79,36
2025-10-22,Night,Line2,M203,P102,944,921,7.52,25
2025-10-22,Day,Line2,M204,P104,1010,949,7.61,29
2025-10-22,Night,Line2,M204,P101,898,831,7.11,44
2025-10-22,Day,Line3,M301,P101,1182,1007,7.02,29
2025-10-22,Night,Line3,M301,P103,987,897,6.94,20
2025-10-22,Day,Line3,M302,P103,1133,962,7.32,27
2025-10-22,Night,Line3,M302,P102,1192,1041,7.66,11
2025-10-22,Day,Line3,M303,P102,993,867,7.29,25
2025-10-22,Night,Line3,M303,P103,853,785,7.76,29
2025-10-22,Day,Line3,M304,P104,1060,1029,6.82,32
2025-10-22,Night,Line3,M304,P101,910,832,7.62,42
2025-10-22,Day,Line4,M401,P104,1186,1160,6.75,14
2025-10-22,Night,Line4,M401,P103,1063,1006,7.63,27
2025-10-22,Day,Line4,M402,P101,1163,1120,7.33,28
2025-10-22,Night,Line4,M402,P101,1008,922,7.08,41
2025-10-22,Day,Line4,M403,P103,948,867,7.62,44
2025-10-22,Night,Line4,M403,P101,948,894,6.56,39
2025-10-22,Day,Line4,M404,P101,1013,982,7.75,29
2025-10-22,Night,Line4,M404,P102,1003,952,6.73,30
2025-10-23,Day,Line1,M101,P101,1200,1168,7.3,13
2025-10-23,Night,Line1,M101,P102,1047,1007,7.6,14
2025-10-23,Day,Line1,M102,P101,863,830,6.94,22
2025-10-23,Night,Line1,M102,P103,1046,954,7.96,30
2025-10-23,Day,Line1,M103,P103,942,916,7.9,21
2025-10-23,Night,Line1,M103,P101,1174,1127,7.02,21
2025-10-23,Day,Line1,M104,P102,1095,1041,7.6,34
2025-10-23,Night,Line1,M104,P104,1071,1028,7.6,37
2025-10-23,Day,Line2,M201,P102,935,900,7.69,32
2025-10-23,Night,Line2,M201,P102,968,879,6.8,44
2025-10-23,Day,Line2,M202,P104,897,927,6.74,26
2025-10-23,Night,Line2,M202,P101,883,820,7.67,44
2025-10-23,Day,Line2,M203,P102,1161,1080,7.34,11
2025-10-23,Night,Line2,M203,P102,1006,925,7.12,18
2025-10-23,Day,Line2,M204,P103,1184,1057,6.99,19
2025-10-23,Night,Line2,M204,P103,851,793,6.9,34
2025-10-23,Day,Line3,M301,P104,1194,1135,6.97,21
2025-10-23,Night,Line3,M301,P102,988,885,6.79,36
2025-10-23,Day,Line3,M302,P102,953,845,7.55,29
2025-10-23,Night,Line3,M302,P102,971,862,7.28,26
2025-10-23,Day,Line3,M303,P102,1091,930,7.86,33
2025-10-23,Night,Line3,M303,P101,1119,994,6.64,34
2025-10-23,Day,Line3,M304,P104,1163,1047,7.82,26
2025-10-23,Night,Line3,M304,P101,1109,1018,7.59,37
2025-10-23,Day,Line4,M401,P103,997,967,7.49,21
2025-10-23,Night,Line4,M401,P103,977,891,7.62,45
2025-10-23,Day,Line4,M402,P102,1046,1032,7.65,18
2025-10-23,Night,Line4,M402,P103,1025,1002,7.36,11
2025-10-23,Day,Line4,M403,P104,987,958,6.53,23
2025-10-23,Night,Line4,M403,P103,861,803,7.05,32
2025-10-23,Day,Line4,M404,P102,1136,1072,6.54,43
2025-10-23,Night,Line4,M404,P103,1161,1148,6.6,27
2025-10-24,Day,Line1,M101,P104,1173,1136,7.33,10
2025-10-24,Night,Line1,M101,P102,1141,1075,7.26,37
2025-10-24,Day,Line1,M102,P104,995,921,6.53,30
2025-10-24,Night,Line1,M102,P102,1015,928,6.91,16
2025-10-24,Day,Line1,M103,P104,1057,970,6.63,31
2025-10-24,Night,Line1,M103,P101,982,916,7.58,39
2025-10-24,Day,Line1,M104,P101,1131,1067,7.61,43
2025-10-24,Night,Line1,M104,P102,852,804,6.67,12
2025-10-24,Day,Line2,M201,P103,990,983,7.59,18
2025-10-24,Night,Line2,M201,P104,958,919,7.93,27
2025-10-24,Day,Line2,M202,P103,1162,1146,6.89,35
2025-10-24,Night,Line2,M202,P104,1114,1083,7.89,37
2025-10-24,Day,Line2,M203,P104,1080,1011,7.74,44
2025-10-24,Night,Line2,M203,P103,1083,1005,6.5,11
2025-10-24,Day,Line2,M204,P104,904,853,7.83,39
2025-10-24,Night,Line2,M204,P101,1071,1030,7.54,13
2025-10-24,Day,Line3,M301,P101,983,860,6.59,38
2025-10-24,Night,Line3,M301,P101,891,831,7.75,11
2025-10-24,Day,Line3,M302,P102,1118,1003,7.4,26
2025-10-24,Night,Line3,M302,P104,902,773,7.22,31
2025-10-24,Day,Line3,M303,P104,1095,983,6.68,32
2025-10-24,Night,Line3,M303,P104,1071,942,7.79,30
2025-10-24,Day,Line3,M304,P101,1184,1070,7.37,31
2025-10-24,Night,Line3,M304,P101,1127,998,6.62,42
2025-10-24,Day,Line4,M401,P104,860,853,6.57,16
2025-10-24,Night,Line4,M401,P104,1101,1045,7.7,28
2025-10-24,Day,Line4,M402,P103,1138,1054,6.76,21
2025-10-24,Night,Line4,M402,P102,995,925,7.88,23
2025-10-24,Day,Line4,M403,P103,1162,1096,7.2,37
2025-10-24,Night,Line4,M403,P103,859,808,7.73,27
2025-10-24,Day,Line4,M404,P103,858,821,7.79,31
2025-10-24,Night,Line4,M404,P104,1059,1051,6.68,24
2025-10-25,Day,Line1,M101,P104,1025,1010,7.32,29
2025-10-25,Night,Line1,M101,P101,919,879,7.51,26
2025-10-25,Day,Line1,M102,P102,1137,1023,7.35,37
2025-10-25,Night,Line1,M102,P101,1091,1052,6.89,44
2025-10-25,Day,Line1,M103,P102,1019,925,6.68,38
2025-10-25,Night,Line1,M103,P101,1003,928,6.98,12
2025-10-25,Day,Line1,M104,P102,1019,967,7.62,13
2025-10-25,Night,Line1,M104,P102,1125,1092,6.76,30
2025-10-25,Day,Line2,M201,P104,1069,995,6.71,21
2025-10-25,Night,Line2,M201,P104,1004,938,7.43,42
2025-10-25,Day,Line2,M202,P101,1172,1078,7.21,36
2025-10-25,Night,Line2,M202,P102,1114,1063,7.79,28
2025-10-25,Day,Line2,M203,P102,1058,1001,7.97,45
2025-10-25,Night,Line2,M203,P101,1193,1126,7.41,34
2025-10-25,Day,Line2,M204,P102,1015,897,7.36,42
2025-10-25,Night,Line2,M204,P103,963,874,6.64,11
2025-10-25,Day,Line3,M301,P101,861,788,6.78,15
2025-10-25,Night,Line3,M301,P102,1074,976,7.34,45
2025-10-25,Day,Line3,M302,P104,1157,1103,7.38,31
2025-10-25,Night,Line3,M302,P101,1162,1078,6.78,23
2025-10-25,Day,Line3,M303,P101,1000,892,7.41,42
2025-10-25,Night,Line3,M303,P103,925,827,7.33,41
2025-10-25,Day,Line3,M304,P104,1029,959,7.78,43
2025-10-25,Night,Line3,M304,P104,1093,982,7.97,13
2025-10-25,Day,Line4,M401,P102,1048,995,6.57,30
2025-10-25,Night,Line4,M401,P104,925,874,7.76,13
2025-10-25,Day,Line4,M402,P102,1066,1066,6.97,23
2025-10-25,Night,Line4,M402,P103,1005,943,7.1,28
2025-10-25,Day,Line4,M403,P102,1171,1142,6.63,26
2025-10-25,Night,Line4,M403,P104,1110,1051,7.79,34
2025-10-25,Day,Line4,M404,P102,969,911,7.03,16
2025-10-25,Night,Line4,M404,P101,1195,1160,6.57,19
2025-10-26,Day,Line1,M101,P102,963,923,6.64,33
2025-10-26,Night,Line1,M101,P104,1197,1112,6.79,36
2025-10-26,Day,Line1,M102,P101,1094,1057,7.45,13
2025-10-26,Night,Line1,M102,P104,962,937,6.78,17
2025-10-26,Day,Line1,M103,P104,1004,969,7.28,27
2025-10-26,Night,Line1,M103,P103,1086,1025,7.87,39
2025-10-26,Day,Line1,M104,P104,938,913,7.6,36
2025-10-26,Night,Line1,M104,P102,1048,1007,6.66,25
2025-10-26,Day,Line2,M201,P104,1077,1025,6.51,44
2025-10-26,Night,Line2,M201,P103,871,815,6.74,42
2025-10-26,Day,Line2,M202,P104,1103,1048,7.96,26
2025-10-26,Night,Line2,M202,P104,1041,993,7.4,27
2025-10-26,Day,Line2,M203,P103,1182,1134,6.83,25
2025-10-26,Night,Line2,M203,P103,1107,987,7.98,31
2025-10-26,Day,Line2,M204,P102,1150,1105,6.62,32
2025-10-26,Night,Line2,M204,P102,1078,1015,7.51,39
2025-10-26,Day,Line3,M301,P103,864,755,7.64,25
2025-10-26,Night,Line3,M301,P104,1049,953,6.63,39
2025-10-26,Day,Line3,M302,P104,1135,1023,7.95,40
2025-10-26,Night,Line3,M302,P103,862,767,7.63,26
2025-10-26,Day,Line3,M303,P102,861,771,6.74,40
2025-10-26,Night,Line3,M303,P104,1089,937,7.65,32
2025-10-26,Day,Line3,M304,P101,1007,921,6.82,38
2025-10-26,Night,Line3,M304,P103,952,859,7.04,29
2025-10-26,Day,Line4,M401,P101,888,917,7.5,30
2025-10-26,Night,Line4,M401,P104,956,883,7.33,23
2025-10-26,Day,Line4,M402,P101,1168,1148,6.62,13
2025-10-26,Night,Line4,M402,P101,1179,1097,7.2,12
2025-10-26,Day,Line4,M403,P103,867,855,7.49,36
2025-10-26,Night,Line4,M403,P103,1053,1007,6.52,32
2025-10-26,Day,Line4,M404,P102,973,919,6.85,28
2025-10-26,Night,Line4,M404,P103,1025,931,7.94,25
2025-10-27,Day,Line1,M101,P103,1185,1090,7.89,37
2025-10-27,Night,Line1,M101,P103,975,945,7.61,31
2025-10-27,Day,Line1,M102,P102,952,890,6.8,18
2025-10-27,Night,Line1,M102,P104,1070,958,7.96,12
2025-10-27,Day,Line1,M103,P101,868,858,7.02,26
2025-10-27,Night,Line1,M103,P104,864,813,7.79,15
2025-10-27,Day,Line1,M104,P101,880,838,7.66,25
2025-10-27,Night,Line1,M104,P103,1149,1104,7.63,33
2025-10-27,Day,Line2,M201,P104,889,845,7.2,15
2025-10-27,Night,Line2,M201,P104,1010,968,7.8,15
2025-10-27,Day,Line2,M202,P101,1130,1067,7.77,16
2025-10-27,Night,Line2,M202,P103,1107,1085,6.57,23
2025-10-27,Day,Line2,M203,P104,991,931,6.93,35
2025-10-27,Night,Line2,M203,P104,889,852,7.24,29
2025-10-27,Day,Line2,M204,P103,1090,1083,7.32,38
2025-10-27,Night,Line2,M204,P104,897,768,7.0,42
2025-10-27,Day,Line3,M301,P104,1111,1028,7.1,41
2025-10-27,Night,Line3,M301,P101,993,864,7.26,39
2025-10-27,Day,Line3,M302,P104,1054,981,7.56,34
2025-10-27,Night,Line3,M302,P102,1164,1044,6.57,11
2025-10-27,Day,Line3,M303,P103,918,848,7.32,33
2025-10-27,Night,Line3,M303,P104,1025,911,7.19,33
2025-10-27,Day,Line3,M304,P101,1119,1058,6.84,14
2025-10-27,Night,Line3,M304,P103,934,795,6.66,24
2025-10-27,Day,Line4,M401,P102,851,844,6.94,21
2025-10-27,Night,Line4,M401,P102,1104,966,7.98,37
2025-10-27,Day,Line4,M402,P103,858,810,6.65,30
2025-10-27,Night,Line4,M402,P103,1096,972,6.89,25
2025-10-27,Day,Line4,M403,P104,939,903,7.63,19
2025-10-27,Night,Line4,M403,P101,979,902,6.79,13
2025-10-27,Day,Line4,M404,P103,884,860,6.59,23
2025-10-27,Night,Line4,M404,P101,1122,1073,7.05,34
2025-10-28,Day,Line1,M101,P104,866,828,7.29,29
2025-10-28,Night,Line1,M101,P104,1007,961,7.03,38
2025-10-28,Day,Line1,M102,P102,959,929,8.0,45
2025-10-28,Night,Line1,M102,P101,979,922,7.66,39
2025-10-28,Day,Line1,M103,P103,935,893,7.04,26
2025-10-28,Night,Line1,M103,P104,1003,865,7.98,29
2025-10-28,Day,Line1,M104,P102,851,805,6.52,22
2025-10-28,Night,Line1,M104,P103,1160,1152,7.28,26
2025-10-28,Day,Line2,M201,P103,902,866,6.77,11
2025-10-28,Night,Line2,M201,P102,965,917,6.53,42
2025-10-28,Day,Line2,M202,P104,1180,1156,7.99,24
2025-10-28,Night,Line2,M202,P103,892,832,7.92,44
2025-10-28,Day,Line2,M203,P104,1061,1032,7.39,29
2025-10-28,Night,Line2,M203,P104,1095,1084,7.31,29
2025-10-28,Day,Line2,M204,P101,954,897,7.5,15
2025-10-28,Night,Line2,M204,P102,1037,1026,6.68,14
2025-10-28,Day,Line3,M301,P102,854,795,7.86,19
2025-10-28,Night,Line3,M301,P103,1113,973,7.31,33
2025-10-28,Day,Line3,M302,P102,986,876,7.4,36
2025-10-28,Night,Line3,M302,P103,1123,1055,7.14,15
2025-10-28,Day,Line3,M303,P103,957,899,6.74,43
2025-10-28,Night,Line3,M303,P103,1176,1043,6.66,20
2025-10-28,Day,Line3,M304,P101,1100,987,6.52,45
2025-10-28,Night,Line3,M304,P103,1025,896,6.84,13
2025-10-28,Day,Line4,M401,P103,1196,1143,7.41,14
2025-10-28,Night,Line4,M401,P102,1133,1063,7.35,34
2025-10-28,Day,Line4,M402,P103,1034,998,8.0,43
2025-10-28,Night,Line4,M402,P101,1042,953,7.92,39
2025-10-28,Day,Line4,M403,P103,1167,1101,6.94,21
2025-10-28,Night,Line4,M403,P102,1125,1051,6.98,23
2025-10-28,Day,Line4,M404,P101,1150,1176,7.62,24
2025-10-28,Night,Line4,M404,P103,1122,1064,6.87,15
2025-10-29,Day,Line1,M101,P101,878,811,7.04,22
2025-10-29,Night,Line1,M101,P101,982,890,8.0,34
2025-10-29,Day,Line1,M102,P102,982,919,7.08,18
2025-10-29,Night,Line1,M102,P102,1009,998,7.23,20
2025-10-29,Day,Line1,M103,P101,1161,1156,7.2,33
2025-10-29,Night,Line1,M103,P104,973,905,6.94,13
2025-10-29,Day,Line1,M104,P101,938,915,7.13,14
2025-10-29,Night,Line1,M104,P103,929,884,7.5,40
2025-10-29,Day,Line2,M201,P102,1001,962,6.57,15
2025-10-29,Night,Line2,M201,P101,1001,919,6.54,35
2025-10-29,Day,Line2,M202,P101,950,868,7.61,25
2025-10-29,Night,Line2,M202,P101,1020,985,7.84,32
2025-10-29,Day,Line2,M203,P103,950,924,7.27,13
2025-10-29,Night,Line2,M203,P101,1014,932,6.67,24
2025-10-29,Day,Line2,M204,P101,947,942,7.27,13
2025-10-29,Night,Line2,M204,P103,1001,989,7.89,10
2025-10-29,Day,Line3,M301,P104,1075,986,7.26,44
2025-10-29,Night,Line3,M301,P101,1193,1062,6.67,16
2025-10-29,Day,Line3,M302,P101,1165,1013,7.4,36
2025-10-29,Night,Line3,M302,P103,1164,1031,7.54,45
2025-10-29,Day,Line3,M303,P103,1189,1049,7.2,30
2025-10-29,Night,Line3,M303,P103,1083,961,6.62,36
2025-10-29,Day,Line3,M304,P104,971,913,7.94,29
2025-10-29,Night,Line3,M304,P103,1005,914,6.72,17
2025-10-29,Day,Line4,M401,P102,1155,1194,7.88,16
2025-10-29,Night,Line4,M401,P102,1058,1032,7.44,27
2025-10-29,Day,Line4,M402,P103,928,885,7.48,13
2025-10-29,Night,Line4,M402,P104,1007,912,7.55,15
2025-10-29,Day,Line4,M403,P101,861,820,7.93,36
2025-10-29,Night,Line4,M403,P101,1045,990,6.59,34
2025-10-29,Day,Line4,M404,P101,858,855,6.61,13
2025-10-29,Night,Line4,M404,P102,931,898,6.56,26
2025-10-30,Day,Line1,M101,P102,913,836,7.79,35
2025-10-30,Night,Line1,M101,P102,1063,1006,7.17,42
2025-10-30,Day,Line1,M102,P102,927,918,6.98,15
2025-10-30,Night,Line1,M102,P104,1032,1010,6.86,35
2025-10-30,Day,Line1,M103,P102,1182,1174,7.38,34
2025-10-30,Night,Line1,M103,P104,924,852,6.88,11
2025-10-30,Day,Line1,M104,P102,1173,1106,7.6,27
2025-10-30,Night,Line1,M104,P104,1143,1135,7.89,15
2025-10-30,Day,Line2,M201,P101,855,811,6.73,32
2025-10-30,Night,Line2,M201,P102,921,909,7.71,32
2025-10-30,Day,Line2,M202,P104,916,857,7.58,18
2025-10-30,Night,Line2,M202,P104,875,820,6.94,22
2025-10-30,Day,Line2,M203,P102,924,836,7.57,11
2025-10-30,Night,Line2,M203,P101,1180,1104,7.83,39
2025-10-30,Day,Line2,M204,P103,1136,1066,7.23,31
2025-10-30,Night,Line2,M204,P104,915,878,6.63,26
2025-10-30,Day,Line3,M301,P102,1134,1054,6.66,39
2025-10-30,Night,Line3,M301,P101,924,835,7.72,32
2025-10-30,Day,Line3,M302,P101,1001,890,7.54,31
2025-10-30,Night,Line3,M302,P102,872,807,6.5,31
2025-10-30,Day,Line3,M303,P101,925,844,7.43,43
2025-10-30,Night,Line3,M303,P104,858,782,7.5,34
2025-10-30,Day,Line3,M304,P101,997,940,7.41,45
2025-10-30,Night,Line3,M304,P101,938,840,7.86,21
2025-10-30,Day,Line4,M401,P103,856,790,7.87,36
2025-10-30,Night,Line4,M401,P103,1003,951,7.52,40
2025-10-30,Day,Line4,M402,P103,1080,1032,6.86,35
2025-10-30,Night,Line4,M402,P103,871,798,7.45,11
2025-10-30,Day,Line4,M403,P103,892,895,7.88,42
2025-10-30,Night,Line4,M403,P103,1073,1001,7.52,35
2025-10-30,Day,Line4,M404,P103,954,932,7.95,12
2025-10-30,Night,Line4,M404,P101,1049,941,7.98,31
2025-10-31,Day,Line1,M101,P103,1070,1053,6.8,18
2025-10-31,Night,Line1,M101,P102,1113,1056,6.87,45
2025-10-31,Day,Line1,M102,P104,1121,1064,7.38,42
2025-10-31,Night,Line1,M102,P104,1045,941,7.41,32
2025-10-31,Day,Line1,M103,P104,1164,1133,7.87,25
2025-10-31,Night,Line1,M103,P101,955,891,7.09,34
2025-10-31,Day,Line1,M104,P101,1063,1076,7.49,18
2025-10-31,Night,Line1,M104,P102,1152,1063,7.07,11
2025-10-31,Day,Line2,M201,P101,900,815,6.85,22
2025-10-31,Night,Line2,M201,P104,854,776,7.19,27
2025-10-31,Day,Line2,M202,P104,1151,1143,7.67,27
2025-10-31,Night,Line2,M202,P104,890,859,7.06,10
2025-10-31,Day,Line2,M203,P102,1110,1113,7.45,11
2025-10-31,Night,Line2,M203,P102,1018,953,7.21,17
2025-10-31,Day,Line2,M204,P103,1116,1095,7.35,30
2025-10-31,Night,Line2,M204,P102,1136,1076,7.7,20
2025-10-31,Day,Line3,M301,P103,1007,901,7.06,14
2025-10-31,Night,Line3,M301,P101,982,876,7.35,39
2025-10-31,Day,Line3,M302,P101,1035,932,7.94,24
2025-10-31,Night,Line3,M302,P103,1075,1001,6.91,18
2025-10-31,Day,Line3,M303,P102,1151,1029,7.23,32
2025-10-31,Night,Line3,M303,P101,1059,991,7.7,40
2025-10-31,Day,Line3,M304,P102,1177,1050,7.28,13
2025-10-31,Night,Line3,M304,P103,963,848,7.29,18
2025-10-31,Day,Line4,M401,P104,1102,1062,7.52,10
2025-10-31,Night,Line4,M401,P103,1111,1024,7.98,43
2025-10-31,Day,Line4,M402,P104,1170,1127,7.28,43
2025-10-31,Night,Line4,M402,P104,1019,965,6.74,34
2025-10-31,Day,Line4,M403,P102,1153,1152,7.59,20
2025-10-31,Night,Line4,M403,P103,1189,1053,7.45,44
2025-10-31,Day,Line4,M404,P102,931,878,7.59,43
2025-10-31,Night,Line4,M404,P102,1124,1113,6.72,10
2025-11-01,Day,Line1,M101,P101,1119,1063,7.84,23
2025-11-01,Night,Line1,M101,P102,975,907,6.61,33
2025-11-01,Day,Line1,M102,P102,871,820,7.2,37
2025-11-01,Night,Line1,M102,P103,1068,1026,7.87,44
2025-11-01,Day,Line1,M103,P103,1198,1101,6.93,37
2025-11-01,Night,Line1,M103,P104,1059,1008,7.88,41
2025-11-01,Day,Line1,M104,P101,1162,1180,7.19,35
2025-11-01,Night,Line1,M104,P103,1015,906,7.07,45
2025-11-01,Day,Line2,M201,P102,1095,1074,7.58,27
2025-11-01,Night,Line2,M201,P103,1144,1039,6.91,30
2025-11-01,Day,Line2,M202,P104,1021,994,7.88,19
2025-11-01,Night,Line2,M202,P101,968,920,6.74,32
2025-11-01,Day,Line2,M203,P102,891,876,6.8,40
2025-11-01,Night,Line2,M203,P103,1026,951,6.51,31
2025-11-01,Day,Line2,M204,P102,1107,1050,7.12,41
2025-11-01,Night,Line2,M204,P103,1125,1084,7.17,39
2025-11-01,Day,Line3,M301,P103,894,801,7.84,14
2025-11-01,Night,Line3,M301,P103,1119,1027,7.43,34
2025-11-01,Day,Line3,M302,P102,1069,908,6.87,38
2025-11-01,Night,Line3,M302,P103,911,819,7.44,17
2025-11-01,Day,Line3,M303,P104,1067,998,7.24,26
2025-11-01,Night,Line3,M303,P103,964,854,7.27,27
2025-11-01,Day,Line3,M304,P104,1032,981,7.14,30
2025-11-01,Night,Line3,M304,P101,1033,907,6.9,37
2025-11-01,Day,Line4,M401,P103,907,878,7.39,35
2025-11-01,Night,Line4,M401,P104,1121,1088,7.42,37
2025-11-01,Day,Line4,M402,P102,854,795,6.55,13
2025-11-01,Night,Line4,M402,P102,1029,1002,7.72,42
2025-11-01,Day,Line4,M403,P102,881,856,6.62,17
2025-11-01,Night,Line4,M403,P104,948,872,7.06,12
2025-11-01,Day,Line4,M404,P101,1017,977,7.48,40
2025-11-01,Night,Line4,M404,P102,938,861,6.76,27
2025-11-02,Day,Line1,M101,P102,914,894,7.16,43
2025-11-02,Night,Line1,M101,P103,1127,1053,7.7,23
2025-11-02,Day,Line1,M102,P103,1189,1130,7.94,20
2025-11-02,Night,Line1,M102,P104,1045,1003,7.72,36
2025-11-02,Day,Line1,M103,P101,1140,1089,6.85,43
2025-11-02,Night,Line1,M103,P103,1073,1011,7.94,13
2025-11-02,Day,Line1,M104,P101,1174,1038,7.76,42
2025-11-02,Night,Line1,M104,P101,990,931,6.63,10
2025-11-02,Day,Line2,M201,P102,950,859,7.02,29
2025-11-02,Night,Line2,M201,P101,886,800,6.96,31
2025-11-02,Day,Line2,M202,P102,1074,1013,7.46,25
2025-11-02,Night,Line2,M202,P103,1119,1035,7.88,35
2025-11-02,Day,Line2,M203,P104,1098,991,6.74,16
2025-11-02,Night,Line2,M203,P103,1017,958,7.75,26
2025-11-02,Day,Line2,M204,P103,1063,1018,6.94,11
2025-11-02,Night,Line2,M204,P103,975,922,7.4,19
2025-11-02,Day,Line3,M301,P104,870,785,7.45,37
2025-11-02,Night,Line3,M301,P104,986,922,7.57,35
2025-11-02,Day,Line3,M302,P102,1103,1021,7.23,18
2025-11-02,Night,Line3,M302,P101,1172,1101,7.55,31
2025-11-02,Day,Line3,M303,P102,1052,926,7.23,29
2025-11-02,Night,Line3,M303,P101,904,797,7.28,19
2025-11-02,Day,Line3,M304,P103,1059,948,6.73,38
2025-11-02,Night,Line3,M304,P102,1106,937,7.3,33
2025-11-02,Day,Line4,M401,P101,937,896,6.84,15
2025-11-02,Night,Line4,M401,P103,1014,893,6.58,23
2025-11-02,Day,Line4,M402,P102,860,841,7.01,41
2025-11-02,Night,Line4,M402,P104,1024,1000,6.57,30
2025-11-02,Day,Line4,M403,P102,895,854,7.9,20
2025-11-02,Night,Line4,M403,P104,943,891,7.22,36
2025-11-02,Day,Line4,M404,P103,961,958,7.82,33
2025-11-02,Night,Line4,M404,P104,1094,1001,7.06,42
2025-11-03,Day,Line1,M101,P103,997,914,7.88,35
2025-11-03,Night,Line1,M101,P101,1078,949,7.54,45
2025-11-03,Day,Line1,M102,P101,1096,1028,6.85,31
2025-11-03,Night,Line1,M102,P101,1191,1098,6.9,16
2025-11-03,Day,Line1,M103,P101,1083,1062,6.67,40
2025-11-03,Night,Line1,M103,P103,1039,939,7.08,14
2025-11-03,Day,Line1,M104,P102,1143,1047,6.6,27
2025-11-03,Night,Line1,M104,P103,899,868,6.62,29
2025-11-03,Day,Line2,M201,P102,1023,966,7.09,23
2025-11-03,Night,Line2,M201,P101,1069,1010,6.92,27
2025-11-03,Day,Line2,M202,P102,1116,1096,7.22,25
2025-11-03,Night,Line2,M202,P103,1189,1209,6.97,40
2025-11-03,Day,Line2,M203,P103,1075,1045,7.82,38
2025-11-03,Night,Line2,M203,P104,1029,948,7.92,34
2025-11-03,Day,Line2,M204,P103,1148,1131,6.58,12
2025-11-03,Night,Line2,M204,P104,859,785,7.45,33
2025-11-03,Day,Line3,M301,P103,1005,951,7.79,26
2025-11-03,Night,Line3,M301,P102,1176,1022,7.05,29
2025-11-03,Day,Line3,M302,P102,1071,941,7.13,44
2025-11-03,Night,Line3,M302,P104,1186,1057,7.04,41
2025-11-03,Day,Line3,M303,P101,1022,941,7.84,36
2025-11-03,Night,Line3,M303,P102,922,793,7.87,10
2025-11-03,Day,Line3,M304,P103,1163,1039,7.73,13
2025-11-03,Night,Line3,M304,P104,1057,956,6.91,25
2025-11-03,Day,Line4,M401,P103,907,876,7.68,32
2025-11-03,Night,Line4,M401,P102,1034,985,6.63,39
2025-11-03,Day,Line4,M402,P104,913,910,7.79,13
2025-11-03,Night,Line4,M402,P101,906,860,6.54,17
2025-11-03,Day,Line4,M403,P103,1179,1186,6.66,26
2025-11-03,Night,Line4,M403,P104,1082,1046,6.57,24
2025-11-03,Day,Line4,M404,P103,1164,1099,6.66,26
2025-11-03,Night,Line4,M404,P102,1189,1163,7.64,14
2025-11-04,Day,Line1,M101,P103,1124,1088,6.74,40
2025-11-04,Night,Line1,M101,P102,938,913,6.52,32
2025-11-04,Day,Line1,M102,P103,1089,1060,7.48,42
2025-11-04,Night,Line1,M102,P103,1055,1049,7.72,26
2025-11-04,Day,Line1,M103,P101,964,895,7.91,31
2025-11-04,Night,Line1,M103,P103,1181,1103,7.32,41
2025-11-04,Day,Line1,M104,P103,898,879,7.9,35
2025-11-04,Night,Line1,M104,P103,1182,1117,7.36,33
2025-11-04,Day,Line2,M201,P104,959,895,7.34,30
2025-11-04,Night,Line2,M201,P102,971,962,7.12,19
2025-11-04,Day,Line2,M202,P103,1040,996,7.74,32
2025-11-04,Night,Line2,M202,P101,1195,1159,7.76,32
2025-11-04,Day,Line2,M203,P104,1156,1128,7.78,29
2025-11-04,Night,Line2,M203,P104,1035,998,7.08,42
2025-11-04,Day,Line2,M204,P101,1184,1098,6.67,36
2025-11-04,Night,Line2,M204,P104,872,819,6.74,19
2025-11-04,Day,Line3,M301,P103,1171,1094,6.81,17
2025-11-04,Night,Line3,M301,P102,1060,975,7.77,20
2025-11-04,Day,Line3,M302,P102,959,898,7.23,29
2025-11-04,Night,Line3,M302,P104,850,739,7.6,29
2025-11-04,Day,Line3,M303,P101,1088,939,7.76,16
2025-11-04,Night,Line3,M303,P103,1055,901,6.55,38
2025-11-04,Day,Line3,M304,P101,980,893,7.15,41
2025-11-04,Night,Line3,M304,P104,975,871,7.44,28
2025-11-04,Day,Line4,M401,P101,1134,1089,7.98,32
2025-11-04,Night,Line4,M401,P103,1142,1037,6.85,31
2025-11-04,Day,Line4,M402,P101,1115,1053,7.48,23
2025-11-04,Night,Line4,M402,P104,995,985,6.81,33
2025-11-04,Day,Line4,M403,P104,868,843,6.79,17
2025-11-04,Night,Line4,M403,P104,863,810,7.45,22
2025-11-04,Day,Line4,M404,P104,901,909,7.42,11
2025-11-04,Night,Line4,M404,P101,1085,1082,7.25,32
2025-11-05,Day,Line1,M101,P101,1187,1125,7.12,12
2025-11-05,Night,Line1,M101,P101,1074,1022,7.66,12
2025-11-05,Day,Line1,M102,P104,1085,996,7.19,27
2025-11-05,Night,Line1,M102,P101,1100,980,7.48,44
2025-11-05,Day,Line1,M103,P104,1155,1102,6.92,21
2025-11-05,Night,Line1,M103,P103,1010,915,7.65,16
2025-11-05,Day,Line1,M104,P104,929,878,7.16,17
2025-11-05,Night,Line1,M104,P103,1146,1087,6.7,25
2025-11-05,Day,Line2,M201,P104,1077,1079,7.88,35
2025-11-05,Night,Line2,M201,P102,1030,981,7.63,22
2025-11-05,Day,Line2,M202,P104,1099,1042,7.41,25
2025-11-05,Night,Line2,M202,P103,1194,1193,6.64,32
2025-11-05,Day,Line2,M203,P104,873,841,6.56,41
2025-11-05,Night,Line2,M203,P101,1082,1049,7.88,18
2025-11-05,Day,Line2,M204,P102,1123,1115,7.79,44
2025-11-05,Night,Line2,M204,P102,988,927,7.72,15
2025-11-05,Day,Line3,M301,P102,968,814,6.76,32
2025-11-05,Night,Line3,M301,P101,949,799,7.95,10
2025-11-05,Day,Line3,M302,P101,989,882,7.49,22
2025-11-05,Night,Line3,M302,P101,1159,1011,6.86,39
2025-11-05,Day,Line3,M303,P103,934,849,7.23,41
2025-11-05,Night,Line3,M303,P103,1164,1028,6.75,24
2025-11-05,Day,Line3,M304,P104,1057,878,7.84,24
2025-11-05,Night,Line3,M304,P103,1095,969,6.51,36
2025-11-05,Day,Line4,M401,P104,882,848,6.73,27
2025-11-05,Night,Line4,M401,P101,950,899,6.57,10
2025-11-05,Day,Line4,M402,P101,1083,988,6.95,24
2025-11-05,Night,Line4,M402,P103,1171,1108,6.87,37
2025-11-05,Day,Line4,M403,P103,1137,1116,6.62,19
2025-11-05,Night,Line4,M403,P104,862,862,7.29,42
2025-11-05,Day,Line4,M404,P102,1025,989,7.93,21
2025-11-05,Night,Line4,M404,P104,971,940,6.72,40
2025-11-06,Day,Line1,M101,P103,884,865,6.54,19
2025-11-06,Night,Line1,M101,P104,1069,1092,7.91,16
2025-11-06,Day,Line1,M102,P101,914,857,6.53,18
2025-11-06,Night,Line1,M102,P102,935,885,6.58,14
2025-11-06,Day,Line1,M103,P103,1170,1177,7.25,20
2025-11-06,Night,Line1,M103,P103,931,916,6.96,34
2025-11-06,Day,Line1,M104,P101,905,909,6.53,41
2025-11-06,Night,Line1,M104,P102,1020,1047,6.92,29
2025-11-06,Day,Line2,M201,P104,1013,993,7.4,38
2025-11-06,Night,Line2,M201,P103,1172,1088,7.18,27
2025-11-06,Day,Line2,M202,P104,1040,1021,7.86,23
2025-11-06,Night,Line2,M202,P102,1041,952,6.85,30
2025-11-06,Day,Line2,M203,P103,996,972,7.97,14
2025-11-06,Night,Line2,M203,P101,1116,1018,7.62,16
2025-11-06,Day,Line2,M204,P103,893,840,7.08,23
2025-11-06,Night,Line2,M204,P104,1080,961,7.78,22
2025-11-06,Day,Line3,M301,P101,1023,945,6.91,19
2025-11-06,Night,Line3,M301,P101,955,890,7.91,45
2025-11-06,Day,Line3,M302,P101,1153,1055,7.37,23
2025-11-06,Night,Line3,M302,P104,1069,953,7.73,42
2025-11-06,Day,Line3,M303,P103,901,805,7.95,44
2025-11-06,Night,Line3,M303,P103,1104,1017,6.53,15
2025-11-06,Day,Line3,M304,P103,1045,989,7.34,18
2025-11-06,Night,Line3,M304,P102,864,734,7.64,14
2025-11-06,Day,Line4,M401,P103,1188,1150,7.72,43
2025-11-06,Night,Line4,M401,P102,951,922,6.97,25
2025-11-06,Day,Line4,M402,P103,986,935,7.52,13
2025-11-06,Night,Line4,M402,P101,906,811,6.78,21
2025-11-06,Day,Line4,M403,P104,936,872,7.69,44
2025-11-06,Night,Line4,M403,P102,1049,1036,6.56,10
2025-11-06,Day,Line4,M404,P102,850,846,7.91,42
2025-11-06,Night,Line4,M404,P104,1052,1030,7.57,28
2025-11-07,Day,Line1,M101,P104,1097,1013,7.8,12
2025-11-07,Night,Line1,M101,P101,1065,1032,7.62,40
2025-11-07,Day,Line1,M102,P104,905,914,7.8,44
2025-11-07,Night,Line1,M102,P102,1088,1002,7.96,34
2025-11-07,Day,Line1,M103,P102,1159,1108,7.13,33
2025-11-07,Night,Line1,M103,P101,1097,1041,6.66,36
2025-11-07,Day,Line1,M104,P104,883,860,7.04,36
2025-11-07,Night,Line1,M104,P102,898,835,7.43,41
2025-11-07,Day,Line2,M201,P102,871,865,6.77,28
2025-11-07,Night,Line2,M201,P104,1137,1091,6.96,13
2025-11-07,Day,Line2,M202,P103,902,809,7.97,42
2025-11-07,Night,Line2,M202,P104,1144,1048,7.75,24
2025-11-07,Day,Line2,M203,P101,965,956,7.02,20
2025-11-07,Night,Line2,M203,P104,1002,940,7.68,31
2025-11-07,Day,Line2,M204,P104,981,962,7.18,37
2025-11-07,Night,Line2,M204,P104,1002,920,6.66,16
2025-11-07,Day,Line3,M301,P101,1055,939,7.62,12
2025-11-07,Night,Line3,M301,P103,1200,1012,6.61,24
2025-11-07,Day,Line3,M302,P101,1048,993,7.48,26
2025-11-07,Night,Line3,M302,P101,1139,1045,7.64,41
2025-11-07,Day,Line3,M303,P101,967,889,7.91,29
2025-11-07,Night,Line3,M303,P102,1022,871,7.42,17
2025-11-07,Day,Line3,M304,P104,1199,1143,7.0,13
2025-11-07,Night,Line3,M304,P101,1132,1030,7.55,14
2025-11-07,Day,Line4,M401,P103,1136,1079,7.18,16
2025-11-07,Night,Line4,M401,P102,1053,1003,7.78,44
2025-11-07,Day,Line4,M402,P102,1146,1097,7.48,35
2025-11-07,Night,Line4,M402,P104,855,821,7.09,39
2025-11-07,Day,Line4,M403,P103,939,876,7.61,17
2025-11-07,Night,Line4,M403,P103,976,861,7.25,14
2025-11-07,Day,Line4,M404,P102,1176,1149,6.53,35
2025-11-07,Night,Line4,M404,P102,1024,985,7.45,20
2025-11-08,Day,Line1,M101,P104,851,777,7.73,18
2025-11-08,Night,Line1,M101,P102,907,791,7.32,37
2025-11-08,Day,Line1,M102,P101,1131,1097,7.33,42
2025-11-08,Night,Line1,M102,P104,1037,994,7.63,27
2025-11-08,Day,Line1,M103,P101,922,881,6.85,24
2025-11-08,Night,Line1,M103,P102,1038,950,7.98,44
2025-11-08,Day,Line1,M104,P102,1107,1129,6.92,29
2025-11-08,Night,Line1,M104,P102,1199,1145,6.98,15
2025-11-08,Day,Line2,M201,P101,1059,1056,7.21,33
2025-11-08,Night,Line2,M201,P104,972,883,7.28,30
2025-11-08,Day,Line2,M202,P101,1095,1097,6.64,29
2025-11-08,Night,Line2,M202,P103,979,934,7.67,34
2025-11-08,Day,Line2,M203,P102,1026,1043,6.99,17
2025-11-08,Night,Line2,M203,P101,933,896,7.11,15
2025-11-08,Day,Line2,M204,P103,874,843,7.23,15
2025-11-08,Night,Line2,M204,P102,1128,1060,6.83,25
2025-11-08,Day,Line3,M301,P102,894,798,7.86,31
2025-11-08,Night,Line3,M301,P103,1112,989,7.73,40
2025-11-08,Day,Line3,M302,P101,962,896,7.37,31
2025-11-08,Night,Line3,M302,P104,901,842,8.0,41
2025-11-08,Day,Line3,M303,P104,891,835,7.37,41
2025-11-08,Night,Line3,M303,P101,948,823,7.96,12
2025-11-08,Day,Line3,M304,P103,1060,922,7.26,42
2025-11-08,Night,Line3,M304,P104,879,792,7.57,29
2025-11-08,Day,Line4,M401,P101,916,835,7.81,26
2025-11-08,Night,Line4,M401,P104,852,801,6.73,31
2025-11-08,Day,Line4,M402,P101,1050,969,7.03,26
2025-11-08,Night,Line4,M402,P102,1174,1133,7.91,45
2025-11-08,Day,Line4,M403,P103,956,908,6.6,25
2025-11-08,Night,Line4,M403,P104,1047,977,7.26,45
2025-11-08,Day,Line4,M404,P103,909,834,7.54,45
2025-11-08,Night,Line4,M404,P104,1056,1028,6.59,39
2025-11-09,Day,Line1,M101,P104,1191,1153,7.98,37
2025-11-09,Night,Line1,M101,P101,854,811,7.9,34
2025-11-09,Day,Line1,M102,P103,964,891,7.62,29
2025-11-09,Night,Line1,M102,P103,1185,1054,6.7,39
2025-11-09,Day,Line1,M103,P102,890,834,7.18,40
2025-11-09,Night,Line1,M103,P102,872,810,7.33,24
2025-11-09,Day,Line1,M104,P102,940,881,6.59,26
2025-11-09,Night,Line1,M104,P104,1081,1077,7.21,31
2025-11-09,Day,Line2,M201,P104,985,980,7.6,31
2025-11-09,Night,Line2,M201,P101,850,800,6.62,29
2025-11-09,Day,Line2,M202,P103,1123,1055,6.67,12
2025-11-09,Night,Line2,M202,P103,1074,976,7.19,23
2025-11-09,Day,Line2,M203,P101,1127,1082,7.61,15
2025-11-09,Night,Line2,M203,P103,1048,996,7.52,11
2025-11-09,Day,Line2,M204,P103,998,945,7.63,20
2025-11-09,Night,Line2,M204,P104,876,836,7.82,39
2025-11-09,Day,Line3,M301,P103,1146,1026,7.96,29
2025-11-09,Night,Line3,M301,P104,1061,911,7.67,17
2025-11-09,Day,Line3,M302,P101,905,837,7.11,13
2025-11-09,Night,Line3,M302,P104,1144,959,7.23,40
2025-11-09,Day,Line3,M303,P104,1007,875,7.51,38
2025-11-09,Night,Line3,M303,P103,998,861,7.67,32
2025-11-09,Day,Line3,M304,P104,1024,914,7.14,39
2025-11-09,Night,Line3,M304,P102,1112,1014,7.85,39
2025-11-09,Day,Line4,M401,P102,935,858,6.74,34
2025-11-09,Night,Line4,M401,P102,1001,934,7.21,42
2025-11-09,Day,Line4,M402,P103,987,958,7.62,11
2025-11-09,Night,Line4,M402,P102,1146,1086,7.84,10
2025-11-09,Day,Line4,M403,P103,1200,1178,6.61,34
2025-11-09,Night,Line4,M403,P103,1063,993,7.57,10
2025-11-09,Day,Line4,M404,P104,1044,983,7.34,21
2025-11-09,Night,Line4,M404,P104,884,866,7.05,23
2025-11-10,Day,Line1,M101,P102,1059,996,6.83,45
2025-11-10,Night,Line1,M101,P104,867,795,7.32,38
2025-11-10,Day,Line1,M102,P104,1083,1013,6.64,38
2025-11-10,Night,Line1,M102,P103,1089,995,7.08,12
2025-11-10,Day,Line1,M103,P102,1141,1150,7.32,36
2025-11-10,Night,Line1,M103,P102,1042,1035,7.01,24
2025-11-10,Day,Line1,M104,P104,1089,1073,7.02,21
2025-11-10,Night,Line1,M104,P104,885,846,6.63,15
2025-11-10,Day,Line2,M201,P101,1074,1006,7.2,25
2025-11-10,Night,Line2,M201,P103,913,846,6.73,18
2025-11-10,Day,Line2,M202,P104,938,858,7.61,21
2025-11-10,Night,Line2,M202,P101,1058,988,6.54,44
2025-11-10,Day,Line2,M203,P102,997,919,6.5,22
2025-11-10,Night,Line2,M203,P102,968,915,7.8,22
2025-11-10,Day,Line2,M204,P102,876,823,7.5,19
2025-11-10,Night,Line2,M204,P102,1165,1105,7.42,24
2025-11-10,Day,Line3,M301,P103,993,828,7.83,34
2025-11-10,Night,Line3,M301,P101,1055,912,6.87,11
2025-11-10,Day,Line3,M302,P104,1139,980,7.66,26
2025-11-10,Night,Line3,M302,P102,1198,1030,7.87,10
2025-11-10,Day,Line3,M303,P104,1163,1071,7.98,32
2025-11-10,Night,Line3,M303,P102,947,855,7.55,31
2025-11-10,Day,Line3,M304,P104,1125,1035,7.83,35
2025-11-10,Night,Line3,M304,P103,921,825,7.76,29
2025-11-10,Day,Line4,M401,P101,919,883,6.51,42
2025-11-10,Night,Line4,M401,P103,974,934,6.52,40
2025-11-10,Day,Line4,M402,P101,866,773,7.18,34
2025-11-10,Night,Line4,M402,P103,979,965,7.1,43
2025-11-10,Day,Line4,M403,P103,997,950,7.78,44
2025-11-10,Night,Line4,M403,P104,1024,983,7.85,25
2025-11-10,Day,Line4,M404,P101,909,790,7.64,43
2025-11-10,Night,Line4,M404,P101,981,921,7.56,20
2025-11-11,Day,Line1,M101,P103,1029,966,6.9,29
2025-11-11,Night,Line1,M101,P102,1121,1043,6.7,10
2025-11-11,Day,Line1,M102,P103,976,906,7.46,38
2025-11-11,Night,Line1,M102,P104,1004,916,7.93,18
2025-11-11,Day,Line1,M103,P103,1020,994,7.68,11
2025-11-11,Night,Line1,M103,P104,1135,1074,7.59,37
2025-11-11,Day,Line1,M104,P104,1128,1023,7.77,35
2025-11-11,Night,Line1,M104,P101,1197,1094,7.86,21
2025-11-11,Day,Line2,M201,P101,967,921,7.69,18
2025-11-11,Night,Line2,M201,P102,912,856,6.93,25
2025-11-11,Day,Line2,M202,P101,1096,1117,7.87,12
2025-11-11,Night,Line2,M202,P101,1168,1104,7.31,30
2025-11-11,Day,Line2,M203,P104,1062,960,6.96,23
2025-11-11,Night,Line2,M203,P102,1126,1059,7.69,40
2025-11-11,Day,Line2,M204,P104,931,859,6.64,43
2025-11-11,Night,Line2,M204,P104,953,890,7.21,14
2025-11-11,Day,Line3,M301,P103,930,904,7.21,29
2025-11-11,Night,Line3,M301,P103,1059,927,6.72,21
2025-11-11,Day,Line3,M302,P101,1092,1023,6.74,35
2025-11-11,Night,Line3,M302,P103,1003,893,7.53,17
2025-11-11,Day,Line3,M303,P104,854,815,6.73,25
2025-11-11,Night,Line3,M303,P102,943,855,7.91,44
2025-11-11,Day,Line3,M304,P101,1091,1027,6.87,10
2025-11-11,Night,Line3,M304,P101,1015,914,7.61,15
2025-11-11,Day,Line4,M401,P101,941,889,7.08,43
2025-11-11,Night,Line4,M401,P104,1009,989,7.49,31
2025-11-11,Day,Line4,M402,P101,926,895,6.56,11
2025-11-11,Night,Line4,M402,P102,1198,1110,6.79,20
2025-11-11,Day,Line4,M403,P101,892,837,7.96,41
2025-11-11,Night,Line4,M403,P103,1002,950,7.8,33
2025-11-11,Day,Line4,M404,P103,884,878,7.83,35
2025-11-11,Night,Line4,M404,P103,1121,1068,6.89,41
2025-11-12,Day,Line1,M101,P102,1187,1126,7.12,14
2025-11-12,Night,Line1,M101,P101,987,939,7.34,35
2025-11-12,Day,Line1,M102,P104,917,902,7.04,39
2025-11-12,Night,Line1,M102,P103,1182,1056,7.66,11
2025-11-12,Day,Line1,M103,P101,1032,953,6.72,20
2025-11-12,Night,Line1,M103,P104,1198,1151,7.44,38
2025-11-12,Day,Line1,M104,P103,991,914,6.99,20
2025-11-12,Night,Line1,M104,P101,967,903,6.95,35
2025-11-12,Day,Line2,M201,P101,1096,1055,7.65,44
2025-11-12,Night,Line2,M201,P103,999,910,7.36,44
2025-11-12,Day,Line2,M202,P102,953,910,7.15,10
2025-11-12,Night,Line2,M202,P103,1109,1046,7.41,41
2025-11-12,Day,Line2,M203,P102,971,966,7.59,45
2025-11-12,Night,Line2,M203,P102,1053,1023,7.48,44
2025-11-12,Day,Line2,M204,P101,1068,1034,7.59,13
2025-11-12,Night,Line2,M204,P101,982,905,7.99,31
2025-11-12,Day,Line3,M301,P104,1154,1088,7.27,19
2025-11-12,Night,Line3,M301,P102,918,848,7.8,35
2025-11-12,Day,Line3,M302,P104,888,789,7.59,27
2025-11-12,Night,Line3,M302,P103,1106,990,7.56,16
2025-11-12,Day,Line3,M303,P104,853,765,7.48,16
2025-11-12,Night,Line3,M303,P103,872,784,6.94,16
2025-11-12,Day,Line3,M304,P104,1104,978,7.53,40
2025-11-12,Night,Line3,M304,P102,864,789,6.94,18
2025-11-12,Day,Line4,M401,P103,887,860,7.89,18
2025-11-12,Night,Line4,M401,P101,911,834,7.95,45
2025-11-12,Day,Line4,M402,P102,1131,1109,7.03,32
2025-11-12,Night,Line4,M402,P102,971,895,7.85,24
2025-11-12,Day,Line4,M403,P102,1139,1034,7.68,38
2025-11-12,Night,Line4,M403,P101,987,898,7.12,22
2025-11-12,Day,Line4,M404,P104,1149,1134,7.96,31
2025-11-12,Night,Line4,M404,P102,1153,1139,7.91,16
2025-11-13,Day,Line1,M101,P103,1124,1134,7.74,33
2025-11-13,Night,Line1,M101,P103,913,843,7.85,14
2025-11-13,Day,Line1,M102,P104,958,914,6.98,38
2025-11-13,Night,Line1,M102,P101,994,922,7.15,20
2025-11-13,Day,Line1,M103,P101,1088,1043,7.49,31
2025-11-13,Night,Line1,M103,P104,1004,905,7.25,17
2025-11-13,Day,Line1,M104,P103,943,890,7.81,29
2025-11-13,Night,Line1,M104,P104,971,918,7.91,36
2025-11-13,Day,Line2,M201,P102,1047,1033,6.7,18
2025-11-13,Night,Line2,M201,P103,1157,1097,7.7,15
2025-11-13,Day,Line2,M202,P102,885,843,6.99,21
2025-11-13,Night,Line2,M202,P103,1184,1078,7.38,40
2025-11-13,Day,Line2,M203,P104,970,959,7.05,37
2025-11-13,Night,Line2,M203,P104,1095,983,7.79,20
2025-11-13,Day,Line2,M204,P103,1002,924,7.0,22
2025-11-13,Night,Line2,M204,P103,951,910,7.77,31
2025-11-13,Day,Line3,M301,P103,1168,1088,7.47,39
2025-11-13,Night,Line3,M301,P104,934,767,7.02,34
2025-11-13,Day,Line3,M302,P103,1093,987,6.82,17
2025-11-13,Night,Line3,M302,P103,1057,881,6.93,29
2025-11-13,Day,Line3,M303,P102,1115,1009,6.98,12
2025-11-13,Night,Line3,M303,P102,1164,1023,7.94,13
2025-11-13,Day,Line3,M304,P102,988,939,6.57,44
2025-11-13,Night,Line3,M304,P101,1178,1063,6.66,28
2025-11-13,Day,Line4,M401,P102,1000,973,6.79,40
2025-11-13,Night,Line4,M401,P104,875,853,7.11,11
2025-11-13,Day,Line4,M402,P101,1140,1135,6.59,28
2025-11-13,Night,Line4,M402,P101,1157,1092,7.4,14
2025-11-13,Day,Line4,M403,P104,1031,970,7.56,40
2025-11-13,Night,Line4,M403,P102,1094,1056,7.64,36
2025-11-13,Day,Line4,M404,P102,997,980,7.86,20
2025-11-13,Night,Line4,M404,P104,1045,1000,6.65,18
2025-11-14,Day,Line1,M101,P102,1037,999,6.88,26
2025-11-14,Night,Line1,M101,P102,866,809,6.59,24
2025-11-14,Day,Line1,M102,P104,1156,1151,6.69,24
2025-11-14,Night,Line1,M102,P101,1154,1071,7.51,15
2025-11-14,Day,Line1,M103,P103,1172,1101,7.77,13
2025-11-14,Night,Line1,M103,P101,1197,1116,7.8,31
2025-11-14,Day,Line1,M104,P102,1088,1018,7.28,25
2025-11-14,Night,Line1,M104,P101,908,875,6.78,39
2025-11-14,Day,Line2,M201,P102,943,909,7.6,35
2025-11-14,Night,Line2,M201,P103,883,782,6.64,26
2025-11-14,Day,Line2,M202,P104,1018,990,7.14,36
2025-11-14,Night,Line2,M202,P101,855,798,7.91,14
2025-11-14,Day,Line2,M203,P103,914,877,6.93,24
2025-11-14,Night,Line2,M203,P102,1018,964,7.69,43
2025-11-14,Day,Line2,M204,P103,1079,1020,7.68,29
2025-11-14,Night,Line2,M204,P102,930,855,7.15,44
2025-11-14,Day,Line3,M301,P102,1181,1095,7.6,30
2025-11-14,Night,Line3,M301,P104,1200,1027,6.69,36
2025-11-14,Day,Line3,M302,P104,1094,965,7.07,15
2025-11-14,Night,Line3,M302,P103,977,848,7.65,11
2025-11-14,Day,Line3,M303,P102,935,877,6.51,37
2025-11-14,Night,Line3,M303,P102,1004,931,6.71,39
2025-11-14,Day,Line3,M304,P102,1056,937,6.72,30
2025-11-14,Night,Line3,M304,P101,871,751,7.12,22
2025-11-14,Day,Line4,M401,P102,1159,1116,7.68,11
2025-11-14,Night,Line4,M401,P101,1175,1097,7.36,13
2025-11-14,Day,Line4,M402,P104,1003,987,7.31,39
2025-11-14,Night,Line4,M402,P104,884,843,6.98,29
2025-11-14,Day,Line4,M403,P103,924,934,7.1,38
2025-11-14,Night,Line4,M403,P104,977,830,7.89,30
2025-11-14,Day,Line4,M404,P103,983,918,7.38,13
2025-11-14,Night,Line4,M404,P103,940,906,7.53,25
2025-11-15,Day,Line1,M101,P101,1055,1001,7.86,41
2025-11-15,Night,Line1,M101,P102,881,803,7.35,37
2025-11-15,Day,Line1,M102,P104,1036,982,7.28,27
2025-11-15,Night,Line1,M102,P102,1168,1087,7.32,22
2025-11-15,Day,Line1,M103,P103,968,962,6.6,35
2025-11-15,Night,Line1,M103,P101,991,888,6.72,30
2025-11-15,Day,Line1,M104,P102,1193,1119,7.82,21
2025-11-15,Night,Line1,M104,P103,939,884,6.71,42
2025-11-15,Day,Line2,M201,P104,1135,1055,7.1,24
2025-11-15,Night,Line2,M201,P103,1083,1070,7.65,22
2025-11-15,Day,Line2,M202,P102,1111,1126,7.26,16
2025-11-15,Night,Line2,M202,P102,976,917,7.39,11
2025-11-15,Day,Line2,M203,P104,969,946,7.42,27
2025-11-15,Night,Line2,M203,P103,977,959,7.68,23
2025-11-15,Day,Line2,M204,P101,942,900,7.37,24
2025-11-15,Night,Line2,M204,P104,1008,963,6.63,16
2025-11-15,Day,Line3,M301,P102,928,813,7.75,28
2025-11-15,Night,Line3,M301,P104,979,819,7.27,11
2025-11-15,Day,Line3,M302,P103,947,888,6.84,39
2025-11-15,Night,Line3,M302,P102,878,779,6.55,25
2025-11-15,Day,Line3,M303,P102,1027,988,7.18,12
2025-11-15,Night,Line3,M303,P103,887,774,7.19,35
2025-11-15,Day,Line3,M304,P101,914,799,7.63,25
2025-11-15,Night,Line3,M304,P102,1017,930,6.73,16
2025-11-15,Day,Line4,M401,P101,1099,1109,7.74,15
2025-11-15,Night,Line4,M401,P103,1032,936,7.69,30
2025-11-15,Day,Line4,M402,P104,877,819,6.68,27
2025-11-15,Night,Line4,M402,P101,989,969,6.83,19
2025-11-15,Day,Line4,M403,P102,1181,1208,7.57,29
2025-11-15,Night,Line4,M403,P103,1051,1004,7.47,29
2025-11-15,Day,Line4,M404,P101,890,837,6.77,20
2025-11-15,Night,Line4,M404,P103,1040,1016,6.81,15
2025-11-16,Day,Line1,M101,P102,1014,965,7.44,24
2025-11-16,Night,Line1,M101,P101,1098,1011,7.84,43
2025-11-16,Day,Line1,M102,P101,1150,1087,6.7,15
2025-11-16,Night,Line1,M102,P102,1026,985,6.79,11
2025-11-16,Day,Line1,M103,P103,964,926,6.77,29
2025-11-16,Night,Line1,M103,P103,885,844,7.76,40
2025-11-16,Day,Line1,M104,P101,1020,1005,6.89,41
2025-11-16,Night,Line1,M104,P103,1033,964,7.09,41
2025-11-16,Day,Line2,M201,P101,1050,1038,7.8,37
2025-11-16,Night,Line2,M201,P102,938,882,7.36,42
2025-11-16,Day,Line2,M202,P102,992,938,7.96,36
2025-11-16,Night,Line2,M202,P102,858,771,7.41,37
2025-11-16,Day,Line2,M203,P101,1060,1009,7.3,18
2025-11-16,Night,Line2,M203,P101,1193,1174,7.14,44
2025-11-16,Day,Line2,M204,P103,1071,1053,7.26,25
2025-11-16,Night,Line2,M204,P103,917,874,7.22,10
2025-11-16,Day,Line3,M301,P101,1084,953,7.91,37
2025-11-16,Night,Line3,M301,P101,1010,883,6.97,12
2025-11-16,Day,Line3,M302,P103,928,862,7.69,13
2025-11-16,Night,Line3,M302,P103,1160,1063,7.91,45
2025-11-16,Day,Line3,M303,P104,1106,1033,6.75,32
2025-11-16,Night,Line3,M303,P104,1154,1035,7.44,38
2025-11-16,Day,Line3,M304,P104,889,788,7.61,29
2025-11-16,Night,Line3,M304,P102,960,880,7.67,37
2025-11-16,Day,Line4,M401,P101,1108,1046,7.52,12
2025-11-16,Night,Line4,M401,P101,905,875,6.96,12
2025-11-16,Day,Line4,M402,P101,995,947,7.4,36
2025-11-16,Night,Line4,M402,P101,875,866,7.12,23
2025-11-16,Day,Line4,M403,P102,1098,1042,6.62,42
2025-11-16,Night,Line4,M403,P101,1125,1044,7.43,23
2025-11-16,Day,Line4,M404,P101,993,951,7.61,35
2025-11-16,Night,Line4,M404,P101,1047,961,6.74,25
2025-11-17,Day,Line1,M101,P101,1058,987,7.1,42
2025-11-17,Night,Line1,M101,P104,1124,1030,6.84,32
2025-11-17,Day,Line1,M102,P101,1120,1119,7.42,32
2025-11-17,Night,Line1,M102,P104,1155,1056,6.62,12
2025-11-17,Day,Line1,M103,P103,1171,1111,7.9,12
2025-11-17,Night,Line1,M103,P104,1021,1027,6.93,35
2025-11-17,Day,Line1,M104,P102,1044,1031,6.83,40
2025-11-17,Night,Line1,M104,P102,1118,1081,7.85,12
2025-11-17,Day,Line2,M201,P101,1095,1117,6.72,19
2025-11-17,Night,Line2,M201,P104,930,871,6.89,10
2025-11-17,Day,Line2,M202,P101,1194,1084,7.25,28
2025-11-17,Night,Line2,M202,P104,929,896,7.06,22
2025-11-17,Day,Line2,M203,P104,957,912,6.51,32
2025-11-17,Night,Line2,M203,P104,994,1001,7.47,11
2025-11-17,Day,Line2,M204,P104,1114,1008,6.64,24
2025-11-17,Night,Line2,M204,P101,1123,1025,6.83,24
2025-11-17,Day,Line3,M301,P101,1054,941,6.71,38
2025-11-17,Night,Line3,M301,P103,902,800,6.62,26
2025-11-17,Day,Line3,M302,P103,995,867,7.25,45
2025-11-17,Night,Line3,M302,P102,1060,954,7.06,39
2025-11-17,Day,Line3,M303,P101,983,876,7.19,34
2025-11-17,Night,Line3,M303,P104,984,905,7.58,12
2025-11-17,Day,Line3,M304,P104,1044,993,7.49,43
2025-11-17,Night,Line3,M304,P104,1080,950,7.12,33
2025-11-17,Day,Line4,M401,P101,1137,1109,7.49,31
2025-11-17,Night,Line4,M401,P104,901,847,7.86,15
2025-11-17,Day,Line4,M402,P104,1005,962,7.86,32
2025-11-17,Night,Line4,M402,P104,873,785,6.98,32
2025-11-17,Day,Line4,M403,P103,1055,1008,6.61,23
2025-11-17,Night,Line4,M403,P103,977,944,7.82,15
2025-11-17,Day,Line4,M404,P101,1170,1136,7.97,38
2025-11-17,Night,Line4,M404,P102,1151,1051,6.67,19
2025-11-18,Day,Line1,M101,P101,866,797,7.62,18
2025-11-18,Night,Line1,M101,P103,1120,1047,6.68,32
2025-11-18,Day,Line1,M102,P104,1019,956,7.33,23
2025-11-18,Night,Line1,M102,P102,1090,1004,7.81,40
2025-11-18,Day,Line1,M103,P104,973,913,7.35,11
2025-11-18,Night,Line1,M103,P102,900,846,7.7,34
2025-11-18,Day,Line1,M104,P104,1135,1109,7.39,40
2025-11-18,Night,Line1,M104,P101,1153,1057,7.31,20
2025-11-18,Day,Line2,M201,P104,905,847,7.95,33
2025-11-18,Night,Line2,M201,P103,1130,1022,6.86,40
2025-11-18,Day,Line2,M202,P102,856,826,6.68,16
2025-11-18,Night,Line2,M202,P102,984,950,7.2,13
2025-11-18,Day,Line2,M203,P102,1041,995,7.8,28
2025-11-18,Night,Line2,M203,P103,1014,971,6.88,11
2025-11-18,Day,Line2,M204,P101,1025,1019,7.88,28
2025-11-18,Night,Line2,M204,P101,1109,1050,7.23,12
2025-11-18,Day,Line3,M301,P102,1140,1008,6.64,41
2025-11-18,Night,Line3,M301,P104,1173,1010,6.92,39
2025-11-18,Day,Line3,M302,P102,1116,988,7.98,42
2025-11-18,Night,Line3,M302,P104,919,868,6.73,29
2025-11-18,Day,Line3,M303,P104,899,876,6.58,35
2025-11-18,Night,Line3,M303,P102,856,752,7.58,22
2025-11-18,Day,Line3,M304,P103,977,921,7.33,43
2025-11-18,Night,Line3,M304,P102,1193,1108,6.94,13
2025-11-18,Day,Line4,M401,P101,865,796,6.72,15
2025-11-18,Night,Line4,M401,P103,964,957,7.53,30
2025-11-18,Day,Line4,M402,P102,1164,1109,7.73,29
2025-11-18,Night,Line4,M402,P102,859,800,7.49,41
2025-11-18,Day,Line4,M403,P103,904,836,7.09,38
2025-11-18,Night,Line4,M403,P104,1010,1005,7.54,27
2025-11-18,Day,Line4,M404,P104,1048,1008,7.95,19
2025-11-18,Night,Line4,M404,P104,949,940,7.93,32
2025-11-19,Day,Line1,M101,P101,1117,1113,7.31,34
2025-11-19,Night,Line1,M101,P102,924,859,7.27,31
2025-11-19,Day,Line1,M102,P102,1081,1041,7.85,30
2025-11-19,Night,Line1,M102,P104,878,808,7.67,10
2025-11-19,Day,Line1,M103,P102,915,864,7.04,25
2025-11-19,Night,Line1,M103,P101,916,873,6.85,24
2025-11-19,Day,Line1,M104,P103,869,854,7.05,33
2025-11-19,Night,Line1,M104,P104,1089,966,7.34,38
2025-11-19,Day,Line2,M201,P101,944,857,6.64,33
2025-11-19,Night,Line2,M201,P101,1187,1098,7.84,33
2025-11-19,Day,Line2,M202,P101,984,953,6.86,16
2025-11-19,Night,Line2,M202,P102,1109,1086,6.52,10
2025-11-19,Day,Line2,M203,P103,885,851,6.53,36
2025-11-19,Night,Line2,M203,P104,1070,997,7.99,12
2025-11-19,Day,Line2,M204,P101,942,920,6.73,23
2025-11-19,Night,Line2,M204,P102,1099,1004,7.31,43
2025-11-19,Day,Line3,M301,P103,991,904,7.38,41
2025-11-19,Night,Line3,M301,P101,1148,1017,6.63,45
2025-11-19,Day,Line3,M302,P104,949,868,7.88,36
2025-11-19,Night,Line3,M302,P101,1017,940,7.87,18
2025-11-19,Day,Line3,M303,P104,1050,904,7.65,30
2025-11-19,Night,Line3,M303,P103,1005,892,6.9,29
2025-11-19,Day,Line3,M304,P102,857,799,7.68,19
2025-11-19,Night,Line3,M304,P102,982,888,6.91,45
2025-11-19,Day,Line4,M401,P102,978,893,7.24,44
2025-11-19,Night,Line4,M401,P104,947,840,6.75,14
2025-11-19,Day,Line4,M402,P102,1086,1064,7.3,25
2025-11-19,Night,Line4,M402,P104,889,756,7.73,29
2025-11-19,Day,Line4,M403,P103,871,795,7.49,24
2025-11-19,Night,Line4,M403,P101,906,854,7.7,44
2025-11-19,Day,Line4,M404,P101,928,921,6.72,34
2025-11-19,Night,Line4,M404,P104,1173,1054,7.01,17
2025-11-20,Day,Line1,M101,P103,912,922,7.78,25
2025-11-20,Night,Line1,M101,P104,853,818,7.94,34
2025-11-20,Day,Line1,M102,P101,862,901,7.12,26
2025-11-20,Night,Line1,M102,P104,897,830,6.61,42
2025-11-20,Day,Line1,M103,P101,902,903,7.71,18
2025-11-20,Night,Line1,M103,P103,1043,968,7.84,19
2025-11-20,Day,Line1,M104,P103,1098,1055,6.66,36
2025-11-20,Night,Line1,M104,P102,998,918,6.8,14
2025-11-20,Day,Line2,M201,P101,962,923,7.64,26
2025-11-20,Night,Line2,M201,P101,993,961,6.6,15
2025-11-20,Day,Line2,M202,P102,885,896,6.7,43
2025-11-20,Night,Line2,M202,P101,906,828,6.99,45
2025-11-20,Day,Line2,M203,P101,1009,974,7.96,10
2025-11-20,Night,Line2,M203,P103,893,824,7.74,24
2025-11-20,Day,Line2,M204,P102,1011,977,7.28,17
2025-11-20,Night,Line2,M204,P104,1150,1119,7.11,10
2025-11-20,Day,Line3,M301,P103,1009,904,6.58,38
2025-11-20,Night,Line3,M301,P101,1107,1000,7.92,33
2025-11-20,Day,Line3,M302,P104,850,750,7.55,27
2025-11-20,Night,Line3,M302,P101,1047,969,7.73,39
2025-11-20,Day,Line3,M303,P101,1001,934,7.71,42
2025-11-20,Night,Line3,M303,P104,1119,970,6.87,23
2025-11-20,Day,Line3,M304,P101,861,763,7.83,22
2025-11-20,Night,Line3,M304,P101,984,918,6.88,32
2025-11-20,Day,Line4,M401,P104,989,1011,7.82,30
2025-11-20,Night,Line4,M401,P104,914,839,7.29,19
2025-11-20,Day,Line4,M402,P104,1017,1005,6.97,40
2025-11-20,Night,Line4,M402,P103,877,815,6.62,39
2025-11-20,Day,Line4,M403,P103,863,865,6.55,24
2025-11-20,Night,Line4,M403,P102,1080,1006,7.38,26
2025-11-20,Day,Line4,M404,P103,1166,1144,6.93,43
2025-11-20,Night,Line4,M404,P104,851,803,6.92,24
2025-11-21,Day,Line1,M101,P102,1161,1044,7.6,16
2025-11-21,Night,Line1,M101,P102,1051,961,7.46,28
2025-11-21,Day,Line1,M102,P101,945,926,7.88,35
2025-11-21,Night,Line1,M102,P103,886,847,7.15,10
2025-11-21,Day,Line1,M103,P104,858,831,7.73,24
2025-11-21,Night,Line1,M103,P102,1068,1061,7.22,38
2025-11-21,Day,Line1,M104,P103,969,955,6.6,14
2025-11-21,Night,Line1,M104,P101,1028,989,6.81,41
2025-11-21,Day,Line2,M201,P104,973,875,6.57,15
2025-11-21,Night,Line2,M201,P101,891,862,7.05,11
2025-11-21,Day,Line2,M202,P104,1179,1079,6.76,31
2025-11-21,Night,Line2,M202,P103,1058,994,7.26,16
2025-11-21,Day,Line2,M203,P102,1014,928,7.38,24
2025-11-21,Night,Line2,M203,P104,869,829,7.85,34
2025-11-21,Day,Line2,M204,P103,860,855,7.89,13
2025-11-21,Night,Line2,M204,P103,1075,1007,6.64,28
2025-11-21,Day,Line3,M301,P104,1087,987,7.38,29
2025-11-21,Night,Line3,M301,P104,1175,1013,7.14,43
2025-11-21,Day,Line3,M302,P103,1110,1047,6.5,26
2025-11-21,Night,Line3,M302,P101,1089,923,7.95,10
2025-11-21,Day,Line3,M303,P102,1057,966,6.66,16
2025-11-21,Night,Line3,M303,P101,877,777,6.86,39
2025-11-21,Day,Line3,M304,P104,852,785,7.04,14
2025-11-21,Night,Line3,M304,P104,1098,1004,7.94,24
2025-11-21,Day,Line4,M401,P104,1010,964,7.36,29
2025-11-21,Night,Line4,M401,P102,953,922,7.95,12
2025-11-21,Day,Line4,M402,P104,1120,1073,7.77,16
2025-11-21,Night,Line4,M402,P101,887,842,6.95,38
2025-11-21,Day,Line4,M403,P101,1143,1060,6.81,37
2025-11-21,Night,Line4,M403,P101,868,805,7.49,27
2025-11-21,Day,Line4,M404,P101,937,855,7.1,15
2025-11-21,Night,Line4,M404,P103,996,938,7.06,28
2025-11-22,Day,Line1,M101,P101,1032,1014,7.01,31
2025-11-22,Night,Line1,M101,P104,1079,1007,7.5,27
2025-11-22,Day,Line1,M102,P102,968,926,7.52,24
2025-11-22,Night,Line1,M102,P103,1189,1131,6.94,36
2025-11-22,Day,Line1,M103,P103,1041,1015,7.97,20
2025-11-22,Night,Line1,M103,P102,1140,1016,7.18,16
2025-11-22,Day,Line1,M104,P104,1198,1128,7.46,11
2025-11-22,Night,Line1,M104,P102,969,867,7.28,33
2025-11-22,Day,Line2,M201,P102,850,806,7.43,13
2025-11-22,Night,Line2,M201,P103,1166,1150,6.63,21
2025-11-22,Day,Line2,M202,P104,1170,1150,7.84,35
2025-11-22,Night,Line2,M202,P103,959,901,7.01,34
2025-11-22,Day,Line2,M203,P101,1164,1183,7.01,40
2025-11-22,Night,Line2,M203,P104,970,920,6.6,16
2025-11-22,Day,Line2,M204,P104,960,994,6.51,29
2025-11-22,Night,Line2,M204,P104,929,877,6.64,27
2025-11-22,Day,Line3,M301,P104,927,827,7.31,22
2025-11-22,Night,Line3,M301,P103,1119,957,6.94,34
2025-11-22,Day,Line3,M302,P103,1188,1104,6.72,25
2025-11-22,Night,Line3,M302,P102,1095,961,7.24,34
2025-11-22,Day,Line3,M303,P104,1189,1086,7.58,15
2025-11-22,Night,Line3,M303,P103,890,804,7.15,25
2025-11-22,Day,Line3,M304,P103,1145,1013,7.19,22
2025-11-22,Night,Line3,M304,P101,1096,984,7.87,34
2025-11-22,Day,Line4,M401,P104,867,827,7.19,37
2025-11-22,Night,Line4,M401,P101,1037,930,7.72,33
2025-11-22,Day,Line4,M402,P101,1094,1067,7.05,24
2025-11-22,Night,Line4,M402,P103,1086,1042,6.61,18
2025-11-22,Day,Line4,M403,P101,912,912,7.55,34
2025-11-22,Night,Line4,M403,P102,1023,927,7.95,11
2025-11-22,Day,Line4,M404,P104,1150,1177,7.31,45
2025-11-22,Night,Line4,M404,P102,1039,953,6.73,26
2025-11-23,Day,Line1,M101,P104,1004,1030,7.93,35
2025-11-23,Night,Line1,M101,P102,1153,1017,7.05,44
2025-11-23,Day,Line1,M102,P104,857,823,6.86,16
2025-11-23,Night,Line1,M102,P103,1189,1131,6.79,30
2025-11-23,Day,Line1,M103,P103,1098,1049,6.53,10
2025-11-23,Night,Line1,M103,P102,1156,1047,7.17,25
2025-11-23,Day,Line1,M104,P103,1188,1123,7.21,18
2025-11-23,Night,Line1,M104,P104,900,854,6.93,44
2025-11-23,Day,Line2,M201,P104,1053,1084,7.27,19
2025-11-23,Night,Line2,M201,P103,1014,920,7.75,18
2025-11-23,Day,Line2,M202,P101,1018,958,7.69,11
2025-11-23,Night,Line2,M202,P102,1049,944,7.29,13
2025-11-23,Day,Line2,M203,P101,874,828,7.63,15
2025-11-23,Night,Line2,M203,P101,1191,1116,7.96,13
2025-11-23,Day,Line2,M204,P101,1017,1007,7.28,37
2025-11-23,Night,Line2,M204,P101,1062,1009,6.85,14
2025-11-23,Day,Line3,M301,P104,948,905,7.54,45
2025-11-23,Night,Line3,M301,P103,979,870,7.98,42
2025-11-23,Day,Line3,M302,P101,921,762,6.93,15
2025-11-23,Night,Line3,M302,P102,850,766,7.22,13
2025-11-23,Day,Line3,M303,P102,1185,1018,6.83,22
2025-11-23,Night,Line3,M303,P103,1190,1093,6.91,34
2025-11-23,Day,Line3,M304,P101,1198,1088,6.59,45
2025-11-23,Night,Line3,M304,P104,1094,952,7.58,18
2025-11-23,Day,Line4,M401,P102,1195,1104,7.32,23
2025-11-23,Night,Line4,M401,P101,881,814,7.96,26
2025-11-23,Day,Line4,M402,P103,1120,1072,7.67,17
2025-11-23,Night,Line4,M402,P104,1196,1193,7.61,39
2025-11-23,Day,Line4,M403,P102,1171,1118,7.79,36
2025-11-23,Night,Line4,M403,P103,1012,957,6.95,36
2025-11-23,Day,Line4,M404,P101,1160,1109,7.89,18
2025-11-23,Night,Line4,M404,P102,886,838,7.95,43
2025-11-24,Day,Line1,M101,P102,921,888,7.23,11
2025-11-24,Night,Line1,M101,P104,959,900,7.33,15
2025-11-24,Day,Line1,M102,P104,997,936,6.95,17
2025-11-24,Night,Line1,M102,P104,1046,1005,6.65,14
2025-11-24,Day,Line1,M103,P102,864,801,6.89,19
2025-11-24,Night,Line1,M103,P102,1061,1012,7.83,26
2025-11-24,Day,Line1,M104,P101,1171,1149,7.1,37
2025-11-24,Night,Line1,M104,P102,1066,942,6.61,42
2025-11-24,Day,Line2,M201,P102,1012,935,7.84,14
2025-11-24,Night,Line2,M201,P104,1086,963,6.99,37
2025-11-24,Day,Line2,M202,P103,857,855,7.64,25
2025-11-24,Night,Line2,M202,P102,965,891,7.7,14
2025-11-24,Day,Line2,M203,P102,1187,1182,7.26,21
2025-11-24,Night,Line2,M203,P103,921,856,6.92,44
2025-11-24,Day,Line2,M204,P102,1175,1092,6.72,35
2025-11-24,Night,Line2,M204,P104,902,828,6.78,21
2025-11-24,Day,Line3,M301,P104,1158,1058,7.76,25
2025-11-24,Night,Line3,M301,P104,1148,1045,6.78,26
2025-11-24,Day,Line3,M302,P103,934,850,6.6,21
2025-11-24,Night,Line3,M302,P103,944,866,6.71,36
2025-11-24,Day,Line3,M303,P103,982,888,6.96,29
2025-11-24,Night,Line3,M303,P103,977,867,6.59,37
2025-11-24,Day,Line3,M304,P104,1109,983,7.99,17
2025-11-24,Night,Line3,M304,P101,888,766,6.85,29
2025-11-24,Day,Line4,M401,P102,963,946,7.79,12
2025-11-24,Night,Line4,M401,P104,981,890,7.08,11
2025-11-24,Day,Line4,M402,P101,1014,962,6.8,45
2025-11-24,Night,Line4,M402,P104,1095,1056,6.99,15
2025-11-24,Day,Line4,M403,P103,1012,923,7.51,32
2025-11-24,Night,Line4,M403,P101,1177,1152,6.86,34
2025-11-24,Day,Line4,M404,P102,1096,1019,7.18,43
2025-11-24,Night,Line4,M404,P104,1162,1138,7.34,13
2025-11-25,Day,Line1,M101,P102,1032,957,7.75,16
2025-11-25,Night,Line1,M101,P102,858,826,7.58,27
2025-11-25,Day,Line1,M102,P104,970,914,6.74,39
2025-11-25,Night,Line1,M102,P102,909,908,7.3,36
2025-11-25,Day,Line1,M103,P102,1053,1002,7.11,35
2025-11-25,Night,Line1,M103,P101,960,867,7.58,19
2025-11-25,Day,Line1,M104,P102,1015,989,6.99,42
2025-11-25,Night,Line1,M104,P103,887,821,7.17,44
2025-11-25,Day,Line2,M201,P101,939,918,6.96,30
2025-11-25,Night,Line2,M201,P103,1186,1161,7.08,41
2025-11-25,Day,Line2,M202,P104,966,950,7.0,39
2025-11-25,Night,Line2,M202,P102,1158,1031,7.59,32
2025-11-25,Day,Line2,M203,P104,1146,1062,6.97,30
2025-11-25,Night,Line2,M203,P103,884,837,6.83,19
2025-11-25,Day,Line2,M204,P103,1081,1049,7.26,27
2025-11-25,Night,Line2,M204,P101,887,769,7.63,14
2025-11-25,Day,Line3,M301,P104,1195,1041,7.53,23
2025-11-25,Night,Line3,M301,P104,1083,930,7.71,10
2025-11-25,Day,Line3,M302,P102,1120,1065,7.83,37
2025-11-25,Night,Line3,M302,P102,1031,896,7.65,35
2025-11-25,Day,Line3,M303,P104,1070,996,7.64,16
2025-11-25,Night,Line3,M303,P101,932,860,7.97,33
2025-11-25,Day,Line3,M304,P103,932,828,7.19,23
2025-11-25,Night,Line3,M304,P102,865,766,6.57,10
2025-11-25,Day,Line4,M401,P101,1035,1015,6.96,35
2025-11-25,Night,Line4,M401,P102,866,771,7.53,42
2025-11-25,Day,Line4,M402,P102,1145,1088,7.85,20
2025-11-25,Night,Line4,M402,P103,1176,1149,6.62,45
2025-11-25,Day,Line4,M403,P102,1111,1077,6.98,39
2025-11-25,Night,Line4,M403,P102,937,890,6.95,17
2025-11-25,Day,Line4,M404,P101,1091,1078,7.75,43
2025-11-25,Night,Line4,M404,P102,892,822,6.99,20
2025-11-26,Day,Line1,M101,P104,967,897,7.2,37
2025-11-26,Night,Line1,M101,P103,998,946,8.0,44
2025-11-26,Day,Line1,M102,P103,926,874,6.53,21
2025-11-26,Night,Line1,M102,P101,1091,1006,7.59,18
2025-11-26,Day,Line1,M103,P101,882,818,7.69,38
2025-11-26,Night,Line1,M103,P101,1131,1079,6.95,28
2025-11-26,Day,Line1,M104,P102,1128,1075,6.64,40
2025-11-26,Night,Line1,M104,P103,1194,1084,6.89,14
2025-11-26,Day,Line2,M201,P104,1199,1187,7.69,20
2025-11-26,Night,Line2,M201,P104,1163,1080,7.16,37
2025-11-26,Day,Line2,M202,P102,1172,1142,7.01,35
2025-11-26,Night,Line2,M202,P103,883,874,7.59,20
2025-11-26,Day,Line2,M203,P103,1030,1019,7.43,31
2025-11-26,Night,Line2,M203,P101,1200,1182,7.52,11
2025-11-26,Day,Line2,M204,P101,1036,1024,6.74,15
2025-11-26,Night,Line2,M204,P101,1112,1035,7.83,17
2025-11-26,Day,Line3,M301,P103,1125,995,7.4,26
2025-11-26,Night,Line3,M301,P102,915,804,7.06,37
2025-11-26,Day,Line3,M302,P102,956,861,7.5,13
2025-11-26,Night,Line3,M302,P101,957,888,6.96,36
2025-11-26,Day,Line3,M303,P101,1081,967,7.41,18
2025-11-26,Night,Line3,M303,P102,973,828,7.49,30
2025-11-26,Day,Line3,M304,P101,928,850,7.54,43
2025-11-26,Night,Line3,M304,P102,851,758,7.9,22
2025-11-26,Day,Line4,M401,P103,1199,1122,7.29,19
2025-11-26,Night,Line4,M401,P103,951,882,7.28,39
2025-11-26,Day,Line4,M402,P103,954,960,7.96,17
2025-11-26,Night,Line4,M402,P104,1143,1090,7.82,19
2025-11-26,Day,Line4,M403,P101,1160,1101,6.88,17
2025-11-26,Night,Line4,M403,P104,1052,963,6.77,24
2025-11-26,Day,Line4,M404,P101,1066,1092,6.84,37
2025-11-26,Night,Line4,M404,P104,1135,1128,7.57,40
2025-11-27,Day,Line1,M101,P103,854,842,7.28,25
2025-11-27,Night,Line1,M101,P102,850,792,7.02,26
2025-11-27,Day,Line1,M102,P103,992,927,6.65,26
2025-11-27,Night,Line1,M102,P101,859,786,7.73,34
2025-11-27,Day,Line1,M103,P101,1073,1022,6.57,35
2025-11-27,Night,Line1,M103,P103,1147,1061,7.67,39
2025-11-27,Day,Line1,M104,P101,865,829,7.36,44
2025-11-27,Night,Line1,M104,P103,998,935,7.11,31
2025-11-27,Day,Line2,M201,P101,901,838,7.7,31
2025-11-27,Night,Line2,M201,P101,1100,1002,7.96,36
2025-11-27,Day,Line2,M202,P103,923,876,6.55,36
2025-11-27,Night,Line2,M202,P102,1114,1043,7.64,10
2025-11-27,Day,Line2,M203,P102,1001,1004,7.55,16
2025-11-27,Night,Line2,M203,P101,1033,979,7.86,10
2025-11-27,Day,Line2,M204,P103,859,830,7.21,36
2025-11-27,Night,Line2,M204,P104,900,854,6.96,22
2025-11-27,Day,Line3,M301,P101,1018,961,7.42,20
2025-11-27,Night,Line3,M301,P103,1040,1048,6.78,20
2025-11-27,Day,Line3,M302,P102,933,833,7.43,18
2025-11-27,Night,Line3,M302,P101,1016,966,6.86,42
2025-11-27,Day,Line3,M303,P102,1083,939,7.81,38
2025-11-27,Night,Line3,M303,P103,970,854,7.23,32
2025-11-27,Day,Line3,M304,P103,879,771,7.98,29
2025-11-27,Night,Line3,M304,P104,1057,961,7.3,21
2025-11-27,Day,Line4,M401,P103,1196,1182,6.91,22
2025-11-27,Night,Line4,M401,P103,873,787,7.73,16
2025-11-27,Day,Line4,M402,P101,909,902,6.61,31
2025-11-27,Night,Line4,M402,P102,1016,965,7.02,30
2025-11-27,Day,Line4,M403,P104,942,927,6.79,39
2025-11-27,Night,Line4,M403,P104,1128,1102,7.03,45
2025-11-27,Day,Line4,M404,P102,1055,1034,7.02,12
2025-11-27,Night,Line4,M404,P102,892,799,6.96,38
2025-11-28,Day,Line1,M101,P103,1122,1063,6.79,11
2025-11-28,Night,Line1,M101,P102,860,773,7.94,26
2025-11-28,Day,Line1,M102,P103,1123,1012,6.85,42
2025-11-28,Night,Line1,M102,P101,1153,1044,7.45,40
2025-11-28,Day,Line1,M103,P101,1128,1071,6.58,37
2025-11-28,Night,Line1,M103,P101,1008,1006,7.88,18
2025-11-28,Day,Line1,M104,P102,1161,1112,7.42,24
2025-11-28,Night,Line1,M104,P103,1018,967,7.18,28
2025-11-28,Day,Line2,M201,P103,1155,1090,7.18,21
2025-11-28,Night,Line2,M201,P101,1016,948,7.73,32
2025-11-28,Day,Line2,M202,P104,1076,1034,7.82,30
2025-11-28,Night,Line2,M202,P104,1103,1027,6.83,15
2025-11-28,Day,Line2,M203,P101,1198,1169,6.88,22
2025-11-28,Night,Line2,M203,P104,1153,1061,6.79,45
2025-11-28,Day,Line2,M204,P102,859,788,7.81,29
2025-11-28,Night,Line2,M204,P103,1089,971,7.43,36
2025-11-28,Day,Line3,M301,P102,1076,1007,7.93,26
2025-11-28,Night,Line3,M301,P103,1199,981,6.67,16
2025-11-28,Day,Line3,M302,P101,1049,946,6.57,10
2025-11-28,Night,Line3,M302,P103,1121,960,7.48,39
2025-11-28,Day,Line3,M303,P101,905,839,7.14,32
2025-11-28,Night,Line3,M303,P102,942,837,7.03,17
2025-11-28,Day,Line3,M304,P102,953,867,7.06,34
2025-11-28,Night,Line3,M304,P104,881,786,7.08,10
2025-11-28,Day,Line4,M401,P102,989,951,7.16,39
2025-11-28,Night,Line4,M401,P104,1198,1075,6.91,14
2025-11-28,Day,Line4,M402,P102,1193,1127,7.26,42
2025-11-28,Night,Line4,M402,P102,853,779,6.59,41
2025-11-28,Day,Line4,M403,P103,1049,984,7.54,16
2025-11-28,Night,Line4,M403,P101,976,919,6.59,40
2025-11-28,Day,Line4,M404,P102,1088,1073,7.48,16
2025-11-28,Night,Line4,M404,P103,1051,1014,7.6,13
2025-11-29,Day,Line1,M101,P102,958,926,6.71,43
2025-11-29,Night,Line1,M101,P104,1126,1043,7.01,43
2025-11-29,Day,Line1,M102,P103,924,887,7.95,42
2025-11-29,Night,Line1,M102,P103,1179,1132,6.63,45
2025-11-29,Day,Line1,M103,P104,1112,1043,7.45,16
2025-11-29,Night,Line1,M103,P103,970,910,6.62,39
2025-11-29,Day,Line1,M104,P104,974,918,7.62,13
2025-11-29,Night,Line1,M104,P101,1180,1083,6.75,10
2025-11-29,Day,Line2,M201,P104,971,929,7.97,41
2025-11-29,Night,Line2,M201,P103,1165,1080,6.67,29
2025-11-29,Day,Line2,M202,P103,1010,977,6.97,39
2025-11-29,Night,Line2,M202,P103,1008,934,7.58,27
2025-11-29,Day,Line2,M203,P101,872,832,6.9,38
2025-11-29,Night,Line2,M203,P104,1147,1029,7.18,20
2025-11-29,Day,Line2,M204,P104,919,902,7.27,34
2025-11-29,Night,Line2,M204,P103,995,958,7.89,24
2025-11-29,Day,Line3,M301,P103,1081,955,7.42,32
2025-11-29,Night,Line3,M301,P101,1050,909,7.43,11
2025-11-29,Day,Line3,M302,P103,977,892,7.06,31
2025-11-29,Night,Line3,M302,P102,1162,1016,7.62,43
2025-11-29,Day,Line3,M303,P103,1170,1072,6.5,13
2025-11-29,Night,Line3,M303,P104,1160,1079,7.45,37
2025-11-29,Day,Line3,M304,P103,1109,981,7.2,30
2025-11-29,Night,Line3,M304,P104,1109,1014,7.95,24
2025-11-29,Day,Line4,M401,P104,1018,946,6.82,36
2025-11-29,Night,Line4,M401,P101,1043,957,7.34,40
2025-11-29,Day,Line4,M402,P103,961,926,6.95,29
2025-11-29,Night,Line4,M402,P101,1100,1051,7.46,23
2025-11-29,Day,Line4,M403,P101,1076,1075,6.74,16
2025-11-29,Night,Line4,M403,P104,1088,1078,7.45,34
2025-11-29,Day,Line4,M404,P101,1176,1117,7.31,22
2025-11-29,Night,Line4,M404,P103,1186,1113,7.98,11
2025-11-30,Day,Line1,M101,P101,1101,1066,6.64,42
2025-11-30,Night,Line1,M101,P102,1048,982,7.6,20
2025-11-30,Day,Line1,M102,P102,947,899,7.36,22
2025-11-30,Night,Line1,M102,P103,994,917,7.39,10
2025-11-30,Day,Line1,M103,P102,946,923,7.39,36
2025-11-30,Night,Line1,M103,P103,916,897,7.87,45
2025-11-30,Day,Line1,M104,P103,1199,1096,6.74,12
2025-11-30,Night,Line1,M104,P102,964,898,7.1,15
2025-11-30,Day,Line2,M201,P102,1199,1097,6.75,35
2025-11-30,Night,Line2,M201,P103,950,907,7.39,20
2025-11-30,Day,Line2,M202,P104,971,910,7.37,30
2025-11-30,Night,Line2,M202,P103,910,887,6.65,28
2025-11-30,Day,Line2,M203,P104,929,886,8.0,26
2025-11-30,Night,Line2,M203,P101,946,903,7.97,18
2025-11-30,Day,Line2,M204,P102,975,910,7.84,27
2025-11-30,Night,Line2,M204,P104,1099,1036,7.68,14
2025-11-30,Day,Line3,M301,P103,1067,973,7.28,31
2025-11-30,Night,Line3,M301,P101,1149,1034,7.28,25
2025-11-30,Day,Line3,M302,P103,1010,899,7.45,33
2025-11-30,Night,Line3,M302,P103,1081,886,7.9,12
2025-11-30,Day,Line3,M303,P102,868,817,7.79,12
2025-11-30,Night,Line3,M303,P104,908,815,7.28,40
2025-11-30,Day,Line3,M304,P103,887,840,7.17,22
2025-11-30,Night,Line3,M304,P104,1008,855,6.62,26
2025-11-30,Day,Line4,M401,P103,1138,1095,7.76,27
2025-11-30,Night,Line4,M401,P104,1050,979,7.47,17
2025-11-30,Day,Line4,M402,P102,905,915,7.14,45
2025-11-30,Night,Line4,M402,P102,1189,1138,6.64,15
2025-11-30,Day,Line4,M403,P102,1094,1047,7.5,10
2025-11-30,Night,Line4,M403,P104,1016,970,7.3,11
2025-11-30,Day,Line4,M404,P104,1057,1000,7.97,16
2025-11-30,Night,Line4,M404,P102,936,890,7.61,19
2025-12-01,Day,Line1,M101,P102,1185,1221,6.66,11
2025-12-01,Night,Line1,M101,P103,1047,965,7.34,28
2025-12-01,Day,Line1,M102,P103,1064,1024,7.33,45
2025-12-01,Night,Line1,M102,P103,977,895,7.81,10
2025-12-01,Day,Line1,M103,P103,1039,968,7.83,33
2025-12-01,Night,Line1,M103,P103,1024,988,7.36,31
2025-12-01,Day,Line1,M104,P101,914,845,7.79,36
2025-12-01,Night,Line1,M104,P102,1020,970,7.9,37
2025-12-01,Day,Line2,M201,P101,1105,1086,7.23,41
2025-12-01,Night,Line2,M201,P104,1125,1043,6.75,29
2025-12-01,Day,Line2,M202,P102,968,964,6.93,18
2025-12-01,Night,Line2,M202,P104,1059,1031,6.54,22
2025-12-01,Day,Line2,M203,P101,984,931,6.75,36
2025-12-01,Night,Line2,M203,P101,864,778,6.79,43
2025-12-01,Day,Line2,M204,P102,975,949,7.65,35
2025-12-01,Night,Line2,M204,P104,1188,1112,6.98,19
2025-12-01,Day,Line3,M301,P104,1138,1040,7.18,11
2025-12-01,Night,Line3,M301,P102,944,852,7.2,19
2025-12-01,Day,Line3,M302,P101,1138,986,7.08,38
2025-12-01,Night,Line3,M302,P103,1022,894,7.29,11
2025-12-01,Day,Line3,M303,P104,903,864,7.04,39
2025-12-01,Night,Line3,M303,P101,1071,958,7.58,39
2025-12-01,Day,Line3,M304,P101,884,817,7.08,31
2025-12-01,Night,Line3,M304,P101,938,837,7.85,12
2025-12-01,Day,Line4,M401,P101,956,931,7.48,23
2025-12-01,Night,Line4,M401,P103,1008,980,6.63,12
2025-12-01,Day,Line4,M402,P104,1073,969,7.14,40
2025-12-01,Night,Line4,M402,P102,908,872,7.42,34
2025-12-01,Day,Line4,M403,P102,887,849,7.98,45
2025-12-01,Night,Line4,M403,P102,971,938,7.39,24
2025-12-01,Day,Line4,M404,P101,1155,1095,7.57,20
2025-12-01,Night,Line4,M404,P104,1182,1095,6.58,19
2025-12-02,Day,Line1,M101,P101,851,786,7.15,31
2025-12-02,Night,Line1,M101,P102,862,808,7.62,40
2025-12-02,Day,Line1,M102,P101,931,859,6.88,21
2025-12-02,Night,Line1,M102,P104,871,814,7.05,13
2025-12-02,Day,Line1,M103,P102,924,890,7.41,42
2025-12-02,Night,Line1,M103,P102,1184,1087,6.59,39
2025-12-02,Day,Line1,M104,P104,993,907,7.0,21
2025-12-02,Night,Line1,M104,P104,877,778,7.34,30
2025-12-02,Day,Line2,M201,P103,1167,1086,7.7,45
2025-12-02,Night,Line2,M201,P103,1101,975,6.74,44
2025-12-02,Day,Line2,M202,P104,935,900,6.96,45
2025-12-02,Night,Line2,M202,P102,881,891,7.59,35
2025-12-02,Day,Line2,M203,P102,927,856,7.5,20
2025-12-02,Night,Line2,M203,P101,890,908,7.7,20
2025-12-02,Day,Line2,M204,P104,1145,1101,7.81,45
2025-12-02,Night,Line2,M204,P101,999,947,6.5,26
2025-12-02,Day,Line3,M301,P104,1064,920,6.64,33
2025-12-02,Night,Line3,M301,P103,920,823,7.3,27
2025-12-02,Day,Line3,M302,P104,1059,946,7.51,10
2025-12-02,Night,Line3,M302,P104,859,803,7.23,37
2025-12-02,Day,Line3,M303,P103,1075,922,7.07,19
2025-12-02,Night,Line3,M303,P103,1025,896,7.02,21
2025-12-02,Day,Line3,M304,P103,1086,961,6.64,23
2025-12-02,Night,Line3,M304,P104,1131,1017,7.49,39
2025-12-02,Day,Line4,M401,P103,1090,973,6.73,41
2025-12-02,Night,Line4,M401,P103,857,843,7.12,38
2025-12-02,Day,Line4,M402,P101,1160,1123,7.55,27
2025-12-02,Night,Line4,M402,P104,1012,957,6.59,40
2025-12-02,Day,Line4,M403,P104,1084,1003,6.97,13
2025-12-02,Night,Line4,M403,P104,894,860,6.79,19
2025-12-02,Day,Line4,M404,P104,928,908,7.42,44
2025-12-02,Night,Line4,M404,P103,929,906,7.5,35
2025-12-03,Day,Line1,M101,P101,1156,1098,7.45,18
2025-12-03,Night,Line1,M101,P102,1055,942,7.45,14
2025-12-03,Day,Line1,M102,P104,981,921,7.66,17
2025-12-03,Night,Line1,M102,P104,863,835,7.16,10
2025-12-03,Day,Line1,M103,P103,950,897,7.92,41
2025-12-03,Night,Line1,M103,P101,1180,1179,6.77,43
2025-12-03,Day,Line1,M104,P104,867,852,6.76,31
2025-12-03,Night,Line1,M104,P104,1053,1046,6.6,44
2025-12-03,Day,Line2,M201,P101,953,901,6.78,14
2025-12-03,Night,Line2,M201,P104,1043,993,7.97,29
2025-12-03,Day,Line2,M202,P104,1145,1065,7.39,33
2025-12-03,Night,Line2,M202,P101,923,890,7.3,39
2025-12-03,Day,Line2,M203,P102,913,889,7.75,21
2025-12-03,Night,Line2,M203,P103,918,882,6.82,45
2025-12-03,Day,Line2,M204,P103,971,921,6.6,33
2025-12-03,Night,Line2,M204,P103,892,841,7.57,35
2025-12-03,Day,Line3,M301,P101,893,814,7.76,15
2025-12-03,Night,Line3,M301,P103,1134,996,7.07,11
2025-12-03,Day,Line3,M302,P104,851,778,7.37,17
2025-12-03,Night,Line3,M302,P104,850,765,6.85,42
2025-12-03,Day,Line3,M303,P104,1098,1016,7.2,16
2025-12-03,Night,Line3,M303,P103,937,822,7.3,12
2025-12-03,Day,Line3,M304,P104,1089,1016,7.46,16
2025-12-03,Night,Line3,M304,P101,1091,994,7.91,28
2025-12-03,Day,Line4,M401,P101,995,971,7.49,24
2025-12-03,Night,Line4,M401,P102,1067,1030,6.66,45
2025-12-03,Day,Line4,M402,P103,1076,1027,6.72,34
2025-12-03,Night,Line4,M402,P104,927,840,7.85,28
2025-12-03,Day,Line4,M403,P104,892,875,7.7,13
2025-12-03,Night,Line4,M403,P103,884,815,7.92,15
2025-12-03,Day,Line4,M404,P101,1142,1045,7.64,10
2025-12-03,Night,Line4,M404,P101,1196,1104,6.95,40
2025-12-04,Day,Line1,M101,P101,904,871,7.69,41
2025-12-04,Night,Line1,M101,P103,864,847,6.91,21
2025-12-04,Day,Line1,M102,P101,1040,1086,7.91,13
2025-12-04,Night,Line1,M102,P102,1028,977,6.9,28
2025-12-04,Day,Line1,M103,P104,933,919,7.41,24
2025-12-04,Night,Line1,M103,P102,866,832,6.87,15
2025-12-04,Day,Line1,M104,P101,1195,1158,7.59,21
2025-12-04,Night,Line1,M104,P104,1036,965,6.82,40
2025-12-04,Day,Line2,M201,P103,1181,1099,6.74,39
2025-12-04,Night,Line2,M201,P103,1177,1181,7.3,24
2025-12-04,Day,Line2,M202,P104,1014,957,7.2,38
2025-12-04,Night,Line2,M202,P103,980,913,7.39,20
2025-12-04,Day,Line2,M203,P103,927,886,6.89,34
2025-12-04,Night,Line2,M203,P103,1192,1101,6.55,20
2025-12-04,Day,Line2,M204,P101,994,969,7.16,15
2025-12-04,Night,Line2,M204,P104,995,919,6.72,17
2025-12-04,Day,Line3,M301,P103,958,863,7.7,38
2025-12-04,Night,Line3,M301,P103,870,758,7.05,33
2025-12-04,Day,Line3,M302,P101,946,851,7.33,25
2025-12-04,Night,Line3,M302,P104,1163,995,6.54,24
2025-12-04,Day,Line3,M303,P104,1066,927,6.51,35
2025-12-04,Night,Line3,M303,P104,1044,980,7.51,44
2025-12-04,Day,Line3,M304,P101,1196,1119,7.01,34
2025-12-04,Night,Line3,M304,P101,1121,1045,7.29,30
2025-12-04,Day,Line4,M401,P103,1104,1110,7.38,15
2025-12-04,Night,Line4,M401,P104,1004,917,6.62,12
2025-12-04,Day,Line4,M402,P103,1116,1117,7.06,29
2025-12-04,Night,Line4,M402,P104,1114,1082,7.81,42
2025-12-04,Day,Line4,M403,P101,990,940,7.86,27
2025-12-04,Night,Line4,M403,P101,1113,1057,7.16,13
2025-12-04,Day,Line4,M404,P102,1022,1006,7.26,42
2025-12-04,Night,Line4,M404,P104,937,897,7.1,28
2025-12-05,Day,Line1,M101,P101,1195,1143,6.89,32
2025-12-05,Night,Line1,M101,P104,980,926,7.04,26
2025-12-05,Day,Line1,M102,P103,863,840,6.89,45
2025-12-05,Night,Line1,M102,P104,957,889,7.96,21
2025-12-05,Day,Line1,M103,P103,1041,1017,6.83,25
2025-12-05,Night,Line1,M103,P103,924,849,7.95,38
2025-12-05,Day,Line1,M104,P101,899,901,6.83,17
2025-12-05,Night,Line1,M104,P101,879,852,7.84,43
2025-12-05,Day,Line2,M201,P103,886,873,7.93,44
2025-12-05,Night,Line2,M201,P103,1060,1008,6.69,37
2025-12-05,Day,Line2,M202,P103,1155,1117,7.05,24
2025-12-05,Night,Line2,M202,P102,889,863,7.48,25
2025-12-05,Day,Line2,M203,P103,1145,1063,7.23,36
2025-12-05,Night,Line2,M203,P101,1106,1013,6.82,23
2025-12-05,Day,Line2,M204,P101,1187,1160,7.76,39
2025-12-05,Night,Line2,M204,P102,1183,1111,7.91,27
2025-12-05,Day,Line3,M301,P101,870,777,7.72,19
2025-12-05,Night,Line3,M301,P102,1186,1095,7.88,36
2025-12-05,Day,Line3,M302,P103,929,849,6.82,32
2025-12-05,Night,Line3,M302,P104,1189,1070,6.56,18
2025-12-05,Day,Line3,M303,P101,1021,964,7.2,31
2025-12-05,Night,Line3,M303,P103,1129,1000,7.49,20
2025-12-05,Day,Line3,M304,P104,1130,1096,6.76,16
2025-12-05,Night,Line3,M304,P102,882,759,7.65,28
2025-12-05,Day,Line4,M401,P104,1199,1191,6.65,26
2025-12-05,Night,Line4,M401,P103,1078,997,7.52,29
2025-12-05,Day,Line4,M402,P104,852,841,7.1,28
2025-12-05,Night,Line4,M402,P102,1148,1056,7.5,25
2025-12-05,Day,Line4,M403,P104,903,830,7.24,40
2025-12-05,Night,Line4,M403,P103,1199,1161,6.56,40
2025-12-05,Day,Line4,M404,P102,891,846,7.75,26
2025-12-05,Night,Line4,M404,P104,890,801,7.22,39
2025-12-06,Day,Line1,M101,P102,1105,1094,6.96,31
2025-12-06,Night,Line1,M101,P101,988,935,7.55,32
2025-12-06,Day,Line1,M102,P102,1168,1109,7.03,21
2025-12-06,Night,Line1,M102,P104,1078,1026,7.97,37
2025-12-06,Day,Line1,M103,P104,1151,1100,7.1,44
2025-12-06,Night,Line1,M103,P104,1090,1016,7.16,31
2025-12-06,Day,Line1,M104,P103,992,976,7.0,31
2025-12-06,Night,Line1,M104,P103,1081,1024,7.77,28
2025-12-06,Day,Line2,M201,P101,970,910,7.09,27
2025-12-06,Night,Line2,M201,P101,909,854,7.85,18
2025-12-06,Day,Line2,M202,P102,1062,1045,6.95,10
2025-12-06,Night,Line2,M202,P103,1158,1053,6.57,37
2025-12-06,Day,Line2,M203,P102,1082,1078,7.11,31
2025-12-06,Night,Line2,M203,P101,1147,1085,7.43,23
2025-12-06,Day,Line2,M204,P103,1042,1004,6.79,25
2025-12-06,Night,Line2,M204,P101,906,856,7.6,19
2025-12-06,Day,Line3,M301,P103,1120,1075,7.24,28
2025-12-06,Night,Line3,M301,P103,1095,974,6.69,25
2025-12-06,Day,Line3,M302,P104,1192,1073,7.28,32
2025-12-06,Night,Line3,M302,P104,910,885,7.82,14
2025-12-06,Day,Line3,M303,P103,1059,960,7.18,45
2025-12-06,Night,Line3,M303,P104,919,844,7.27,18
2025-12-06,Day,Line3,M304,P102,881,818,7.47,39
2025-12-06,Night,Line3,M304,P101,1186,1056,6.92,36
2025-12-06,Day,Line4,M401,P103,1164,1195,7.46,26
2025-12-06,Night,Line4,M401,P101,1011,967,7.38,24
2025-12-06,Day,Line4,M402,P101,1043,975,6.59,12
2025-12-06,Night,Line4,M402,P102,916,809,7.72,38
2025-12-06,Day,Line4,M403,P103,973,953,6.73,25
2025-12-06,Night,Line4,M403,P101,959,894,6.59,38
2025-12-06,Day,Line4,M404,P102,1183,1086,7.91,41
2025-12-06,Night,Line4,M404,P101,1124,1053,6.52,36
2025-12-07,Day,Line1,M101,P102,995,976,7.08,29
2025-12-07,Night,Line1,M101,P104,1030,963,6.64,36
2025-12-07,Day,Line1,M102,P102,882,846,6.78,16
2025-12-07,Night,Line1,M102,P102,1170,1032,7.2,14
2025-12-07,Day,Line1,M103,P102,1128,1105,7.04,10
2025-12-07,Night,Line1,M103,P104,1128,1007,7.77,21
2025-12-07,Day,Line1,M104,P104,1126,1062,7.44,13
2025-12-07,Night,Line1,M104,P104,1063,1008,6.67,14
2025-12-07,Day,Line2,M201,P103,1002,939,6.76,32
2025-12-07,Night,Line2,M201,P103,1112,1026,7.42,35
2025-12-07,Day,Line2,M202,P104,968,892,7.99,32
2025-12-07,Night,Line2,M202,P104,1016,962,7.13,28
2025-12-07,Day,Line2,M203,P101,1117,1083,7.36,11
2025-12-07,Night,Line2,M203,P102,1171,1102,7.92,45
2025-12-07,Day,Line2,M204,P102,1023,920,7.25,18
2025-12-07,Night,Line2,M204,P101,937,831,7.55,43
2025-12-07,Day,Line3,M301,P104,1071,1005,6.54,12
2025-12-07,Night,Line3,M301,P103,1164,1023,7.16,27
2025-12-07,Day,Line3,M302,P104,1151,1132,6.91,43
2025-12-07,Night,Line3,M302,P103,939,842,7.14,44
2025-12-07,Day,Line3,M303,P102,1122,1087,7.66,28
2025-12-07,Night,Line3,M303,P104,868,768,7.61,31
2025-12-07,Day,Line3,M304,P102,872,781,6.79,25
2025-12-07,Night,Line3,M304,P101,1192,1084,6.97,24
2025-12-07,Day,Line4,M401,P102,1165,1159,7.67,44
2025-12-07,Night,Line4,M401,P104,896,837,7.78,20
2025-12-07,Day,Line4,M402,P102,931,911,6.92,11
2025-12-07,Night,Line4,M402,P102,1071,956,6.66,34
2025-12-07,Day,Line4,M403,P104,1000,935,7.5,18
2025-12-07,Night,Line4,M403,P104,1096,1044,7.47,44
2025-12-07,Day,Line4,M404,P104,919,872,7.68,37
2025-12-07,Night,Line4,M404,P103,945,896,8.0,40
2025-12-08,Day,Line1,M101,P102,1120,1090,7.49,39
2025-12-08,Night,Line1,M101,P104,864,828,7.13,25
2025-12-08,Day,Line1,M102,P102,853,842,7.45,42
2025-12-08,Night,Line1,M102,P104,1079,1045,7.69,45
2025-12-08,Day,Line1,M103,P102,987,917,7.34,38
2025-12-08,Night,Line1,M103,P101,853,798,6.9,36
2025-12-08,Day,Line1,M104,P102,1190,1136,7.07,44
2025-12-08,Night,Line1,M104,P102,963,904,7.71,27
2025-12-08,Day,Line2,M201,P103,1175,1119,7.2,33
2025-12-08,Night,Line2,M201,P104,974,916,6.94,31
2025-12-08,Day,Line2,M202,P104,938,830,7.9,22
2025-12-08,Night,Line2,M202,P102,1081,997,6.56,41
2025-12-08,Day,Line2,M203,P101,878,865,7.94,26
2025-12-08,Night,Line2,M203,P103,959,914,6.77,31
2025-12-08,Day,Line2,M204,P103,1149,1082,7.25,40
2025-12-08,Night,Line2,M204,P102,881,829,6.69,18
2025-12-08,Day,Line3,M301,P104,962,959,7.96,18
2025-12-08,Night,Line3,M301,P102,1131,1069,7.48,32
2025-12-08,Day,Line3,M302,P104,861,758,6.69,29
2025-12-08,Night,Line3,M302,P102,980,848,7.63,12
2025-12-08,Day,Line3,M303,P102,1019,954,6.56,31
2025-12-08,Night,Line3,M303,P103,998,935,7.64,36
2025-12-08,Day,Line3,M304,P102,1146,1054,7.38,38
2025-12-08,Night,Line3,M304,P104,1182,1055,6.96,12
2025-12-08,Day,Line4,M401,P103,903,835,7.58,16
2025-12-08,Night,Line4,M401,P104,1094,1014,7.56,45
2025-12-08,Day,Line4,M402,P101,1034,978,6.62,36
2025-12-08,Night,Line4,M402,P103,1054,977,7.87,39
2025-12-08,Day,Line4,M403,P102,1120,1051,6.92,35
2025-12-08,Night,Line4,M403,P103,1044,943,7.12,10
2025-12-08,Day,Line4,M404,P103,992,972,6.77,42
2025-12-08,Night,Line4,M404,P103,1193,1135,7.53,37
2025-12-09,Day,Line1,M101,P104,966,892,6.57,23
2025-12-09,Night,Line1,M101,P102,941,886,7.55,14
2025-12-09,Day,Line1,M102,P102,995,946,7.52,44
2025-12-09,Night,Line1,M102,P103,1030,1021,7.31,44
2025-12-09,Day,Line1,M103,P104,1074,1071,7.5,11
2025-12-09,Night,Line1,M103,P101,1187,1176,6.8,37
2025-12-09,Day,Line1,M104,P102,972,920,7.17,26
2025-12-09,Night,Line1,M104,P103,1148,1021,7.66,27
2025-12-09,Day,Line2,M201,P102,1065,988,6.88,27
2025-12-09,Night,Line2,M201,P101,1099,1019,6.82,36
2025-12-09,Day,Line2,M202,P101,1175,1120,7.56,45
2025-12-09,Night,Line2,M202,P103,955,947,7.12,13
2025-12-09,Day,Line2,M203,P101,915,901,7.26,13
2025-12-09,Night,Line2,M203,P102,975,928,7.9,42
2025-12-09,Day,Line2,M204,P101,910,908,7.31,25
2025-12-09,Night,Line2,M204,P104,896,857,6.89,34
2025-12-09,Day,Line3,M301,P102,1128,1053,6.58,24
2025-12-09,Night,Line3,M301,P102,1032,909,7.39,37
2025-12-09,Day,Line3,M302,P101,1014,880,7.83,45
2025-12-09,Night,Line3,M302,P101,869,732,7.78,44
2025-12-09,Day,Line3,M303,P101,909,785,7.21,33
2025-12-09,Night,Line3,M303,P102,955,869,7.11,39
2025-12-09,Day,Line3,M304,P103,951,843,7.31,30
2025-12-09,Night,Line3,M304,P104,1084,955,6.95,11
2025-12-09,Day,Line4,M401,P102,1175,1083,7.15,38
2025-12-09,Night,Line4,M401,P104,934,909,6.58,42
2025-12-09,Day,Line4,M402,P104,886,850,6.54,30
2025-12-09,Night,Line4,M402,P104,1037,982,7.31,37
2025-12-09,Day,Line4,M403,P103,1086,1053,7.55,28
2025-12-09,Night,Line4,M403,P103,1103,1052,6.71,31
2025-12-09,Day,Line4,M404,P103,1163,1158,7.36,33
2025-12-09,Night,Line4,M404,P103,863,829,7.84,31
2025-12-10,Day,Line1,M101,P103,1182,1101,7.8,25
2025-12-10,Night,Line1,M101,P104,918,840,7.44,15
2025-12-10,Day,Line1,M102,P104,908,947,7.0,29
2025-12-10,Night,Line1,M102,P103,996,965,6.87,14
2025-12-10,Day,Line1,M103,P102,1169,1202,6.66,32
2025-12-10,Night,Line1,M103,P102,1010,942,7.28,18
2025-12-10,Day,Line1,M104,P103,923,929,6.85,13
2025-12-10,Night,Line1,M104,P104,1192,1138,6.94,43
2025-12-10,Day,Line2,M201,P102,888,860,6.83,35
2025-12-10,Night,Line2,M201,P103,899,846,7.98,14
2025-12-10,Day,Line2,M202,P102,897,883,6.63,29
2025-12-10,Night,Line2,M202,P103,1101,1053,6.95,28
2025-12-10,Day,Line2,M203,P103,1013,967,7.97,19
2025-12-10,Night,Line2,M203,P101,954,880,6.66,12
2025-12-10,Day,Line2,M204,P102,1092,1044,7.57,34
2025-12-10,Night,Line2,M204,P103,1087,1022,6.8,22
2025-12-10,Day,Line3,M301,P101,1112,999,7.66,45
2025-12-10,Night,Line3,M301,P102,1003,867,6.66,13
2025-12-10,Day,Line3,M302,P102,1035,944,7.58,25
2025-12-10,Night,Line3,M302,P102,896,808,7.48,20
2025-12-10,Day,Line3,M303,P103,996,914,6.7,10
2025-12-10,Night,Line3,M303,P102,1148,984,7.1,22
2025-12-10,Day,Line3,M304,P104,969,931,6.68,28
2025-12-10,Night,Line3,M304,P101,1144,1086,6.55,26
2025-12-10,Day,Line4,M401,P101,940,920,6.62,15
2025-12-10,Night,Line4,M401,P101,1035,999,6.69,20
2025-12-10,Day,Line4,M402,P103,1094,1058,7.99,30
2025-12-10,Night,Line4,M402,P101,863,820,6.88,28
2025-12-10,Day,Line4,M403,P104,1161,1058,7.43,26
2025-12-10,Night,Line4,M403,P101,919,861,6.67,25
2025-12-10,Day,Line4,M404,P102,1016,973,7.43,29
2025-12-10,Night,Line4,M404,P104,854,852,7.82,15
2025-12-11,Day,Line1,M101,P101,908,864,7.98,23
2025-12-11,Night,Line1,M101,P103,969,959,7.18,26
2025-12-11,Day,Line1,M102,P103,1092,1049,6.96,14
2025-12-11,Night,Line1,M102,P102,959,889,7.26,37
2025-12-11,Day,Line1,M103,P102,1086,992,7.34,37
2025-12-11,Night,Line1,M103,P104,894,849,7.63,21
2025-12-11,Day,Line1,M104,P104,972,912,6.9,28
2025-12-11,Night,Line1,M104,P102,909,815,7.73,17
2025-12-11,Day,Line2,M201,P102,863,845,6.76,20
2025-12-11,Night,Line2,M201,P101,954,907,6.61,42
2025-12-11,Day,Line2,M202,P101,964,939,7.04,12
2025-12-11,Night,Line2,M202,P101,998,939,7.94,29
2025-12-11,Day,Line2,M203,P101,933,877,7.24,43
2025-12-11,Night,Line2,M203,P101,1134,1033,7.07,44
2025-12-11,Day,Line2,M204,P101,1146,1152,6.63,34
2025-12-11,Night,Line2,M204,P104,1004,965,7.44,33
2025-12-11,Day,Line3,M301,P102,946,889,7.08,17
2025-12-11,Night,Line3,M301,P101,1196,1060,7.52,12
2025-12-11,Day,Line3,M302,P102,885,785,7.06,23
2025-12-11,Night,Line3,M302,P102,1014,876,6.96,35
2025-12-11,Day,Line3,M303,P102,898,819,7.25,38
2025-12-11,Night,Line3,M303,P102,969,841,7.24,37
2025-12-11,Day,Line3,M304,P104,1100,945,7.49,13
2025-12-11,Night,Line3,M304,P103,885,803,7.25,40
2025-12-11,Day,Line4,M401,P101,855,846,7.59,23
2025-12-11,Night,Line4,M401,P101,1166,1078,7.09,17
2025-12-11,Day,Line4,M402,P104,998,913,7.87,12
2025-12-11,Night,Line4,M402,P103,865,818,6.78,17
2025-12-11,Day,Line4,M403,P102,955,913,7.59,20
2025-12-11,Night,Line4,M403,P101,977,908,7.88,27
2025-12-11,Day,Line4,M404,P103,1153,1122,6.64,33
2025-12-11,Night,Line4,M404,P104,864,815,6.59,41
2025-12-12,Day,Line1,M101,P101,981,954,7.25,43
2025-12-12,Night,Line1,M101,P104,1050,989,6.58,32
2025-12-12,Day,Line1,M102,P101,1103,1035,7.01,39
2025-12-12,Night,Line1,M102,P103,928,850,6.57,32
2025-12-12,Day,Line1,M103,P104,927,890,7.51,24
2025-12-12,Night,Line1,M103,P101,1043,1009,6.6,23
2025-12-12,Day,Line1,M104,P101,1051,1012,7.83,11
2025-12-12,Night,Line1,M104,P102,1189,1095,7.29,41
2025-12-12,Day,Line2,M201,P101,897,866,6.61,13
2025-12-12,Night,Line2,M201,P103,1075,1017,6.8,11
2025-12-12,Day,Line2,M202,P102,1143,1073,6.94,34
2025-12-12,Night,Line2,M202,P102,880,879,7.13,37
2025-12-12,Day,Line2,M203,P104,1086,1070,6.66,11
2025-12-12,Night,Line2,M203,P101,1026,960,6.92,27
2025-12-12,Day,Line2,M204,P104,1155,1173,7.45,35
2025-12-12,Night,Line2,M204,P104,1159,1101,7.91,25
2025-12-12,Day,Line3,M301,P102,976,896,6.82,23
2025-12-12,Night,Line3,M301,P104,880,820,7.18,11
2025-12-12,Day,Line3,M302,P104,905,847,7.94,30
2025-12-12,Night,Line3,M302,P101,863,780,7.41,41
2025-12-12,Day,Line3,M303,P101,990,889,6.61,13
2025-12-12,Night,Line3,M303,P104,951,846,6.73,25
2025-12-12,Day,Line3,M304,P102,960,869,7.01,29
2025-12-12,Night,Line3,M304,P102,865,754,7.46,35
2025-12-12,Day,Line4,M401,P103,1123,1157,7.21,41
2025-12-12,Night,Line4,M401,P103,996,962,6.92,44
2025-12-12,Day,Line4,M402,P102,1169,1116,7.27,20
2025-12-12,Night,Line4,M402,P102,1089,1036,6.66,31
2025-12-12,Day,Line4,M403,P101,1145,1095,7.61,41
2025-12-12,Night,Line4,M403,P102,922,846,6.9,43
2025-12-12,Day,Line4,M404,P103,1127,1024,7.08,19
2025-12-12,Night,Line4,M404,P103,1131,1079,7.86,31
2025-12-13,Day,Line1,M101,P103,1032,992,6.86,30
2025-12-13,Night,Line1,M101,P101,958,933,6.79,17
2025-12-13,Day,Line1,M102,P104,862,814,7.98,23
2025-12-13,Night,Line1,M102,P103,1115,1087,7.05,20
2025-12-13,Day,Line1,M103,P102,1069,1067,7.94,41
2025-12-13,Night,Line1,M103,P102,1130,1014,7.96,41
2025-12-13,Day,Line1,M104,P102,1052,1041,7.35,22
2025-12-13,Night,Line1,M104,P102,973,938,7.63,44
2025-12-13,Day,Line2,M201,P101,866,830,7.43,26
2025-12-13,Night,Line2,M201,P102,1060,1032,7.31,26
2025-12-13,Day,Line2,M202,P104,1036,1024,7.03,43
2025-12-13,Night,Line2,M202,P103,1061,1002,6.81,36
2025-12-13,Day,Line2,M203,P103,1114,1021,7.25,37
2025-12-13,Night,Line2,M203,P104,986,920,7.86,16
2025-12-13,Day,Line2,M204,P104,968,958,6.75,41
2025-12-13,Night,Line2,M204,P101,916,870,7.85,12
2025-12-13,Day,Line3,M301,P104,966,867,7.45,16
2025-12-13,Night,Line3,M301,P104,1020,910,7.93,32
2025-12-13,Day,Line3,M302,P102,1144,1046,7.87,38
2025-12-13,Night,Line3,M302,P104,1054,913,6.51,12
2025-12-13,Day,Line3,M303,P101,983,881,7.02,32
2025-12-13,Night,Line3,M303,P103,852,816,7.44,42
2025-12-13,Day,Line3,M304,P101,906,760,6.96,27
2025-12-13,Night,Line3,M304,P103,890,794,7.75,33
2025-12-13,Day,Line4,M401,P104,941,932,7.88,44
2025-12-13,Night,Line4,M401,P101,1009,950,7.11,23
2025-12-13,Day,Line4,M402,P104,885,835,7.22,14
2025-12-13,Night,Line4,M402,P104,1125,1047,7.92,34
2025-12-13,Day,Line4,M403,P101,902,917,6.67,29
2025-12-13,Night,Line4,M403,P104,865,831,6.72,22
2025-12-13,Day,Line4,M404,P104,888,869,7.04,15
2025-12-13,Night,Line4,M404,P102,1054,989,7.82,11
2025-12-14,Day,Line1,M101,P103,1024,991,7.4,31
2025-12-14,Night,Line1,M101,P103,1044,952,7.79,32
2025-12-14,Day,Line1,M102,P103,939,957,7.77,35
2025-12-14,Night,Line1,M102,P102,1044,1056,7.92,42
2025-12-14,Day,Line1,M103,P103,968,951,7.59,41
2025-12-14,Night,Line1,M103,P104,895,843,6.9,27
2025-12-14,Day,Line1,M104,P101,951,918,7.12,28
2025-12-14,Night,Line1,M104,P103,1173,1121,7.52,30
2025-12-14,Day,Line2,M201,P103,1023,953,7.58,32
2025-12-14,Night,Line2,M201,P104,1067,995,7.74,11
2025-12-14,Day,Line2,M202,P101,968,903,7.93,10
2025-12-14,Night,Line2,M202,P101,897,863,6.54,36
2025-12-14,Day,Line2,M203,P102,927,856,6.57,41
2025-12-14,Night,Line2,M203,P102,962,880,7.11,43
2025-12-14,Day,Line2,M204,P104,1150,1134,7.98,40
2025-12-14,Night,Line2,M204,P103,914,867,7.71,16
2025-12-14,Day,Line3,M301,P104,956,920,7.77,34
2025-12-14,Night,Line3,M301,P102,1123,991,7.2,33
2025-12-14,Day,Line3,M302,P101,1147,1040,7.08,30
2025-12-14,Night,Line3,M302,P104,860,803,7.29,22
2025-12-14,Day,Line3,M303,P103,865,817,7.04,15
2025-12-14,Night,Line3,M303,P104,1199,1099,7.36,33
2025-12-14,Day,Line3,M304,P101,1128,1004,7.52,17
2025-12-14,Night,Line3,M304,P101,946,825,7.12,36
2025-12-14,Day,Line4,M401,P103,859,824,7.71,25
2025-12-14,Night,Line4,M401,P103,1120,1051,7.7,26
2025-12-14,Day,Line4,M402,P103,946,813,7.37,40
2025-12-14,Night,Line4,M402,P104,867,798,6.83,10
2025-12-14,Day,Line4,M403,P104,938,892,7.21,41
2025-12-14,Night,Line4,M403,P103,1188,1117,7.0,31
2025-12-14,Day,Line4,M404,P101,1006,999,7.07,21
2025-12-14,Night,Line4,M404,P103,980,962,6.51,28
2025-12-15,Day,Line1,M101,P104,1069,1049,6.61,31
2025-12-15,Night,Line1,M101,P103,920,827,6.66,15
2025-12-15,Day,Line1,M102,P104,1031,1028,6.98,37
2025-12-15,Night,Line1,M102,P102,1093,1051,7.23,31
2025-12-15,Day,Line1,M103,P102,1106,1093,7.39,10
2025-12-15,Night,Line1,M103,P101,907,836,7.96,36
2025-12-15,Day,Line1,M104,P101,1181,1188,7.65,38
2025-12-15,Night,Line1,M104,P102,988,925,7.25,29
2025-12-15,Day,Line2,M201,P104,1146,1077,6.68,28
2025-12-15,Night,Line2,M201,P103,1149,1108,7.14,21
2025-12-15,Day,Line2,M202,P102,1010,969,7.45,17
2025-12-15,Night,Line2,M202,P104,958,920,7.44,45
2025-12-15,Day,Line2,M203,P102,933,887,7.56,37
2025-12-15,Night,Line2,M203,P103,1113,1013,7.96,41
2025-12-15,Day,Line2,M204,P101,1199,1139,6.64,12
2025-12-15,Night,Line2,M204,P101,896,810,6.86,38
2025-12-15,Day,Line3,M301,P101,1088,1013,6.85,45
2025-12-15,Night,Line3,M301,P101,914,752,6.84,28
2025-12-15,Day,Line3,M302,P103,1079,1020,6.89,35
2025-12-15,Night,Line3,M302,P101,972,832,7.89,12
2025-12-15,Day,Line3,M303,P103,1139,1072,6.57,29
2025-12-15,Night,Line3,M303,P103,896,813,7.4,28
2025-12-15,Day,Line3,M304,P102,1170,999,6.89,25
2025-12-15,Night,Line3,M304,P103,1029,923,7.37,19
2025-12-15,Day,Line4,M401,P102,1177,1086,6.71,23
2025-12-15,Night,Line4,M401,P104,936,886,7.43,44
2025-12-15,Day,Line4,M402,P104,1033,973,7.04,35
2025-12-15,Night,Line4,M402,P104,1143,1011,7.47,45
2025-12-15,Day,Line4,M403,P101,1187,1158,7.03,23
2025-12-15,Night,Line4,M403,P101,920,863,7.61,36
2025-12-15,Day,Line4,M404,P103,1043,1003,7.33,27
2025-12-15,Night,Line4,M404,P104,1091,969,6.99,16
2025-12-16,Day,Line1,M101,P101,1024,928,6.51,43
2025-12-16,Night,Line1,M101,P102,883,823,6.82,43
2025-12-16,Day,Line1,M102,P104,869,860,6.92,43
2025-12-16,Night,Line1,M102,P103,887,853,7.11,10
2025-12-16,Day,Line1,M103,P104,1145,1116,6.81,17
2025-12-16,Night,Line1,M103,P101,1063,1042,6.89,17
2025-12-16,Day,Line1,M104,P101,1003,947,7.0,35
2025-12-16,Night,Line1,M104,P103,980,938,7.5,34
2025-12-16,Day,Line2,M201,P101,902,825,7.85,42
2025-12-16,Night,Line2,M201,P102,880,888,6.83,39
2025-12-16,Day,Line2,M202,P103,1005,943,7.42,21
2025-12-16,Night,Line2,M202,P103,1100,1050,7.81,23
2025-12-16,Day,Line2,M203,P103,944,955,7.73,25
2025-12-16,Night,Line2,M203,P104,1192,1108,6.7,40
2025-12-16,Day,Line2,M204,P103,1136,1106,7.36,41
2025-12-16,Night,Line2,M204,P104,852,806,6.78,13
2025-12-16,Day,Line3,M301,P104,1136,1021,6.66,45
2025-12-16,Night,Line3,M301,P101,1173,1023,7.27,19
2025-12-16,Day,Line3,M302,P103,974,853,7.35,21
2025-12-16,Night,Line3,M302,P103,898,728,7.56,20
2025-12-16,Day,Line3,M303,P101,1182,1071,6.56,45
2025-12-16,Night,Line3,M303,P101,1131,983,7.62,20
2025-12-16,Day,Line3,M304,P102,1057,870,7.67,40
2025-12-16,Night,Line3,M304,P101,1164,1010,7.57,36
2025-12-16,Day,Line4,M401,P104,1060,1038,7.13,11
2025-12-16,Night,Line4,M401,P102,1127,1064,7.71,37
2025-12-16,Day,Line4,M402,P103,954,946,6.89,45
2025-12-16,Night,Line4,M402,P102,1142,1060,6.93,33
2025-12-16,Day,Line4,M403,P104,882,818,6.84,36
2025-12-16,Night,Line4,M403,P103,1056,1013,6.96,43
2025-12-16,Day,Line4,M404,P102,905,888,7.51,10
2025-12-16,Night,Line4,M404,P101,946,898,7.74,40
2025-12-17,Day,Line1,M101,P101,1153,1080,6.65,11
2025-12-17,Night,Line1,M101,P104,873,822,7.33,25
2025-12-17,Day,Line1,M102,P104,1116,1034,7.2,13
2025-12-17,Night,Line1,M102,P104,1072,985,7.5,24
2025-12-17,Day,Line1,M103,P102,868,865,7.61,41
2025-12-17,Night,Line1,M103,P101,1142,1057,7.6,42
2025-12-17,Day,Line1,M104,P102,989,977,7.37,42
2025-12-17,Night,Line1,M104,P103,1154,1098,7.68,19
2025-12-17,Day,Line2,M201,P104,1101,1113,6.58,29
2025-12-17,Night,Line2,M201,P104,1059,943,7.98,21
2025-12-17,Day,Line2,M202,P104,1027,996,7.54,13
2025-12-17,Night,Line2,M202,P104,996,944,6.78,27
2025-12-17,Day,Line2,M203,P103,1052,962,7.34,30
2025-12-17,Night,Line2,M203,P104,918,844,7.13,37
2025-12-17,Day,Line2,M204,P104,1052,1002,7.55,33
2025-12-17,Night,Line2,M204,P103,895,899,7.78,42
2025-12-17,Day,Line3,M301,P102,1107,987,7.16,16
2025-12-17,Night,Line3,M301,P104,1150,987,7.94,27
2025-12-17,Day,Line3,M302,P104,1094,951,7.48,32
2025-12-17,Night,Line3,M302,P101,870,734,7.13,22
2025-12-17,Day,Line3,M303,P103,1020,995,6.59,18
2025-12-17,Night,Line3,M303,P102,881,789,7.54,21
2025-12-17,Day,Line3,M304,P104,941,829,6.83,35
2025-12-17,Night,Line3,M304,P102,879,818,7.87,23
2025-12-17,Day,Line4,M401,P102,1049,1066,6.55,26
2025-12-17,Night,Line4,M401,P103,937,855,7.12,33
2025-12-17,Day,Line4,M402,P104,964,913,7.4,25
2025-12-17,Night,Line4,M402,P101,1163,1134,6.81,12
2025-12-17,Day,Line4,M403,P104,982,964,7.35,12
2025-12-17,Night,Line4,M403,P104,966,903,7.85,31
2025-12-17,Day,Line4,M404,P101,1071,1067,7.1,42
2025-12-17,Night,Line4,M404,P103,925,827,6.54,19
2025-12-18,Day,Line1,M101,P103,1088,957,7.64,35
2025-12-18,Night,Line1,M101,P104,1038,941,6.92,17
2025-12-18,Day,Line1,M102,P102,1025,962,6.96,45
2025-12-18,Night,Line1,M102,P102,1096,1003,7.4,11
2025-12-18,Day,Line1,M103,P101,1033,927,7.06,23
2025-12-18,Night,Line1,M103,P104,1058,983,7.06,23
2025-12-18,Day,Line1,M104,P102,919,898,6.51,41
2025-12-18,Night,Line1,M104,P104,968,935,7.99,23
2025-12-18,Day,Line2,M201,P103,916,901,7.11,19
2025-12-18,Night,Line2,M201,P103,1054,1025,7.33,20
2025-12-18,Day,Line2,M202,P102,1088,1059,7.61,18
2025-12-18,Night,Line2,M202,P102,1104,1020,6.77,21
2025-12-18,Day,Line2,M203,P102,1022,928,7.64,23
2025-12-18,Night,Line2,M203,P101,868,770,7.76,24
2025-12-18,Day,Line2,M204,P102,1091,1051,7.64,13
2025-12-18,Night,Line2,M204,P101,1128,1030,7.68,29
2025-12-18,Day,Line3,M301,P102,1185,1081,7.79,23
2025-12-18,Night,Line3,M301,P103,867,741,6.98,23
2025-12-18,Day,Line3,M302,P104,855,812,6.63,27
2025-12-18,Night,Line3,M302,P102,947,833,7.79,24
2025-12-18,Day,Line3,M303,P102,1199,1082,6.64,17
2025-12-18,Night,Line3,M303,P102,1123,994,7.54,27
2025-12-18,Day,Line3,M304,P103,1054,867,7.15,15
2025-12-18,Night,Line3,M304,P102,1034,957,7.54,41
2025-12-18,Day,Line4,M401,P101,987,915,7.82,39
2025-12-18,Night,Line4,M401,P102,1075,1006,7.14,16
2025-12-18,Day,Line4,M402,P103,1196,1150,7.47,17
2025-12-18,Night,Line4,M402,P104,1065,975,6.91,34
2025-12-18,Day,Line4,M403,P101,1184,1157,7.48,34
2025-12-18,Night,Line4,M403,P103,1039,1009,7.13,32
2025-12-18,Day,Line4,M404,P103,1004,911,7.62,19
2025-12-18,Night,Line4,M404,P101,1038,997,6.57,41
2025-12-19,Day,Line1,M101,P102,1087,981,7.41,20
2025-12-19,Night,Line1,M101,P104,998,914,7.55,11
2025-12-19,Day,Line1,M102,P103,955,901,7.94,19
2025-12-19,Night,Line1,M102,P104,951,879,7.38,37
2025-12-19,Day,Line1,M103,P103,1165,1162,7.29,23
2025-12-19,Night,Line1,M103,P103,917,849,6.86,43
2025-12-19,Day,Line1,M104,P102,1175,1111,7.79,12
2025-12-19,Night,Line1,M104,P102,1158,1043,6.59,39
2025-12-19,Day,Line2,M201,P104,1196,1158,6.68,43
2025-12-19,Night,Line2,M201,P102,1196,1116,7.44,23
2025-12-19,Day,Line2,M202,P101,1040,1013,7.07,11
2025-12-19,Night,Line2,M202,P102,934,841,6.65,16
2025-12-19,Day,Line2,M203,P103,1147,1161,7.52,36
2025-12-19,Night,Line2,M203,P103,1035,997,7.46,15
2025-12-19,Day,Line2,M204,P101,915,977,7.45,31
2025-12-19,Night,Line2,M204,P101,1052,990,7.54,37
2025-12-19,Day,Line3,M301,P104,1182,1110,6.73,43
2025-12-19,Night,Line3,M301,P104,1176,1109,6.82,12
2025-12-19,Day,Line3,M302,P104,1180,1085,7.64,39
2025-12-19,Night,Line3,M302,P102,1002,886,7.33,41
2025-12-19,Day,Line3,M303,P104,1091,977,7.85,15
2025-12-19,Night,Line3,M303,P103,1140,1004,7.84,44
2025-12-19,Day,Line3,M304,P104,976,893,7.17,19
2025-12-19,Night,Line3,M304,P103,1165,1028,6.99,15
2025-12-19,Day,Line4,M401,P101,968,949,7.67,43
2025-12-19,Night,Line4,M401,P103,944,928,6.61,29
2025-12-19,Day,Line4,M402,P102,1090,1008,6.99,34
2025-12-19,Night,Line4,M402,P102,928,840,7.25,16
2025-12-19,Day,Line4,M403,P103,1030,975,7.05,35
2025-12-19,Night,Line4,M403,P102,1196,1061,7.6,38
2025-12-19,Day,Line4,M404,P103,955,964,6.82,36
2025-12-19,Night,Line4,M404,P102,1155,1124,6.99,26
2025-12-20,Day,Line1,M101,P103,1155,1102,7.4,28
2025-12-20,Night,Line1,M101,P101,952,891,8.0,45
2025-12-20,Day,Line1,M102,P103,1014,983,7.46,28
2025-12-20,Night,Line1,M102,P104,1035,948,7.85,37
2025-12-20,Day,Line1,M103,P103,951,903,6.64,14
2025-12-20,Night,Line1,M103,P104,879,807,7.11,42
2025-12-20,Day,Line1,M104,P104,961,924,7.58,12
2025-12-20,Night,Line1,M104,P101,926,872,7.3,15
2025-12-20,Day,Line2,M201,P101,1189,1136,6.72,19
2025-12-20,Night,Line2,M201,P104,954,925,7.76,34
2025-12-20,Day,Line2,M202,P104,963,921,6.69,20
2025-12-20,Night,Line2,M202,P103,1049,984,7.41,39
2025-12-20,Day,Line2,M203,P102,945,865,7.59,20
2025-12-20,Night,Line2,M203,P102,995,954,7.66,42
2025-12-20,Day,Line2,M204,P104,987,952,7.67,23
2025-12-20,Night,Line2,M204,P101,1068,1028,7.63,35
2025-12-20,Day,Line3,M301,P101,899,794,7.22,17
2025-12-20,Night,Line3,M301,P101,1158,992,6.53,10
2025-12-20,Day,Line3,M302,P103,1130,1020,6.66,43
2025-12-20,Night,Line3,M302,P104,1052,877,6.69,11
2025-12-20,Day,Line3,M303,P104,956,919,7.75,19
2025-12-20,Night,Line3,M303,P104,1008,888,7.32,29
2025-12-20,Day,Line3,M304,P104,1135,953,6.79,22
2025-12-20,Night,Line3,M304,P104,1113,973,6.72,32
2025-12-20,Day,Line4,M401,P103,1172,1119,7.69,27
2025-12-20,Night,Line4,M401,P101,1097,1078,7.56,37
2025-12-20,Day,Line4,M402,P101,1165,1120,7.17,11
2025-12-20,Night,Line4,M402,P102,1103,990,7.14,16
2025-12-20,Day,Line4,M403,P104,999,969,7.72,33
2025-12-20,Night,Line4,M403,P101,857,806,7.86,28
2025-12-20,Day,Line4,M404,P103,1101,1050,7.16,25
2025-12-20,Night,Line4,M404,P103,1064,988,7.46,37
2025-12-21,Day,Line1,M101,P103,980,968,7.91,41
2025-12-21,Night,Line1,M101,P102,969,910,6.75,44
2025-12-21,Day,Line1,M102,P104,1131,1083,7.18,13
2025-12-21,Night,Line1,M102,P103,916,893,7.68,42
2025-12-21,Day,Line1,M103,P101,1187,1167,7.99,31
2025-12-21,Night,Line1,M103,P104,1073,1020,7.28,32
2025-12-21,Day,Line1,M104,P101,1133,1064,7.72,22
2025-12-21,Night,Line1,M104,P104,1127,1049,6.95,29
2025-12-21,Day,Line2,M201,P104,1076,1029,7.2,15
2025-12-21,Night,Line2,M201,P102,1077,970,7.24,27
2025-12-21,Day,Line2,M202,P102,985,930,7.53,32
2025-12-21,Night,Line2,M202,P101,1160,1091,7.23,35
2025-12-21,Day,Line2,M203,P103,1166,1139,6.85,23
2025-12-21,Night,Line2,M203,P101,1052,1005,6.57,20
2025-12-21,Day,Line2,M204,P103,879,800,6.74,19
2025-12-21,Night,Line2,M204,P102,873,811,6.93,42
2025-12-21,Day,Line3,M301,P104,993,879,7.48,35
2025-12-21,Night,Line3,M301,P102,985,823,6.91,24
2025-12-21,Day,Line3,M302,P103,968,876,7.78,32
2025-12-21,Night,Line3,M302,P103,1120,979,7.25,35
2025-12-21,Day,Line3,M303,P103,940,855,6.91,17
2025-12-21,Night,Line3,M303,P102,902,817,6.79,32
2025-12-21,Day,Line3,M304,P104,866,797,7.41,25
2025-12-21,Night,Line3,M304,P104,882,835,7.63,10
2025-12-21,Day,Line4,M401,P101,957,923,7.09,31
2025-12-21,Night,Line4,M401,P103,1064,1044,7.31,28
2025-12-21,Day,Line4,M402,P104,1068,991,7.13,10
2025-12-21,Night,Line4,M402,P103,1150,1092,7.0,13
2025-12-21,Day,Line4,M403,P102,1094,1027,6.74,35
2025-12-21,Night,Line4,M403,P103,1075,1002,6.74,27
2025-12-21,Day,Line4,M404,P104,1070,1053,6.81,17
2025-12-21,Night,Line4,M404,P101,1068,995,7.12,15
2025-12-22,Day,Line1,M101,P102,940,931,6.58,17
2025-12-22,Night,Line1,M101,P103,872,802,6.79,25
2025-12-22,Day,Line1,M102,P104,1010,936,6.91,32
2025-12-22,Night,Line1,M102,P104,1107,1047,6.75,14
2025-12-22,Day,Line1,M103,P101,871,842,7.24,29
2025-12-22,Night,Line1,M103,P101,1010,939,7.45,43
2025-12-22,Day,Line1,M104,P102,960,939,6.89,23
2025-12-22,Night,Line1,M104,P103,917,808,6.96,44
2025-12-22,Day,Line2,M201,P104,1188,1106,7.43,35
2025-12-22,Night,Line2,M201,P101,901,858,7.78,24
2025-12-22,Day,Line2,M202,P103,1011,963,7.42,10
2025-12-22,Night,Line2,M202,P101,935,861,7.34,31
2025-12-22,Day,Line2,M203,P104,948,913,7.9,43
2025-12-22,Night,Line2,M203,P101,904,875,6.76,11
2025-12-22,Day,Line2,M204,P101,944,915,7.06,28
2025-12-22,Night,Line2,M204,P103,1088,1047,6.79,16
2025-12-22,Day,Line3,M301,P101,1041,959,7.04,45
2025-12-22,Night,Line3,M301,P101,1047,969,7.17,15
2025-12-22,Day,Line3,M302,P103,1161,1039,6.63,17
2025-12-22,Night,Line3,M302,P102,1055,970,7.87,33
2025-12-22,Day,Line3,M303,P101,1032,890,6.81,31
2025-12-22,Night,Line3,M303,P101,1144,977,7.85,16
2025-12-22,Day,Line3,M304,P102,1145,1062,7.82,36
2025-12-22,Night,Line3,M304,P104,891,760,6.55,42
2025-12-22,Day,Line4,M401,P104,1188,1128,7.49,41
2025-12-22,Night,Line4,M401,P101,1097,1070,7.06,10
2025-12-22,Day,Line4,M402,P101,1178,1093,6.53,29
2025-12-22,Night,Line4,M402,P102,1155,1115,7.92,23
2025-12-22,Day,Line4,M403,P102,1135,1076,7.73,33
2025-12-22,Night,Line4,M403,P101,1101,997,6.81,16
2025-12-22,Day,Line4,M404,P104,892,856,7.05,19
2025-12-22,Night,Line4,M404,P102,956,930,7.49,18
2025-12-23,Day,Line1,M101,P101,949,875,7.6,27
2025-12-23,Night,Line1,M101,P103,933,840,6.96,18
2025-12-23,Day,Line1,M102,P101,1138,1111,7.71,26
2025-12-23,Night,Line1,M102,P101,1190,1099,7.25,13
2025-12-23,Day,Line1,M103,P102,1094,1112,7.26,14
2025-12-23,Night,Line1,M103,P104,1103,1045,7.13,33
2025-12-23,Day,Line1,M104,P103,1047,1034,7.53,19
2025-12-23,Night,Line1,M104,P104,980,927,7.82,44
2025-12-23,Day,Line2,M201,P101,1048,967,7.78,35
2025-12-23,Night,Line2,M201,P101,884,807,7.09,21
2025-12-23,Day,Line2,M202,P104,917,859,7.63,12
2025-12-23,Night,Line2,M202,P102,880,839,7.32,34
2025-12-23,Day,Line2,M203,P103,887,850,7.55,37
2025-12-23,Night,Line2,M203,P103,1101,976,6.52,15
2025-12-23,Day,Line2,M204,P102,906,887,6.83,17
2025-12-23,Night,Line2,M204,P104,874,877,7.63,14
2025-12-23,Day,Line3,M301,P101,912,800,7.21,18
2025-12-23,Night,Line3,M301,P102,1197,1031,7.51,24
2025-12-23,Day,Line3,M302,P102,880,783,7.64,21
2025-12-23,Night,Line3,M302,P103,1032,913,7.17,42
2025-12-23,Day,Line3,M303,P104,1147,1008,7.77,18
2025-12-23,Night,Line3,M303,P101,1069,989,7.3,19
2025-12-23,Day,Line3,M304,P102,908,869,7.4,28
2025-12-23,Night,Line3,M304,P103,1157,1032,6.53,37
2025-12-23,Day,Line4,M401,P101,860,823,7.31,34
2025-12-23,Night,Line4,M401,P101,1142,1016,7.65,35
2025-12-23,Day,Line4,M402,P101,997,922,7.3,32
2025-12-23,Night,Line4,M402,P101,1026,900,7.09,20
2025-12-23,Day,Line4,M403,P101,883,831,6.77,19
2025-12-23,Night,Line4,M403,P101,961,890,7.7,37
2025-12-23,Day,Line4,M404,P101,1115,1088,6.85,17
2025-12-23,Night,Line4,M404,P104,990,933,7.23,16
2025-12-24,Day,Line1,M101,P101,979,915,7.65,26
2025-12-24,Night,Line1,M101,P104,871,834,7.02,44
2025-12-24,Day,Line1,M102,P101,1162,1197,7.41,41
2025-12-24,Night,Line1,M102,P101,981,941,7.59,12
2025-12-24,Day,Line1,M103,P102,989,933,7.19,37
2025-12-24,Night,Line1,M103,P103,984,930,7.5,27
2025-12-24,Day,Line1,M104,P103,865,803,6.69,35
2025-12-24,Night,Line1,M104,P101,1152,1043,7.13,31
2025-12-24,Day,Line2,M201,P101,1061,1071,6.52,18
2025-12-24,Night,Line2,M201,P104,984,931,7.85,31
2025-12-24,Day,Line2,M202,P104,1071,1059,6.56,45
2025-12-24,Night,Line2,M202,P102,1200,1117,6.72,44
2025-12-24,Day,Line2,M203,P103,1142,1057,7.77,12
2025-12-24,Night,Line2,M203,P104,982,884,6.52,19
2025-12-24,Day,Line2,M204,P103,890,830,7.73,29
2025-12-24,Night,Line2,M204,P102,1190,1131,7.67,11
2025-12-24,Day,Line3,M301,P103,1167,1009,7.45,32
2025-12-24,Night,Line3,M301,P104,1183,1052,6.73,38
2025-12-24,Day,Line3,M302,P104,941,869,7.99,30
2025-12-24,Night,Line3,M302,P102,1195,1021,7.84,44
2025-12-24,Day,Line3,M303,P103,1082,1016,8.0,35
2025-12-24,Night,Line3,M303,P104,1159,1112,7.32,15
2025-12-24,Day,Line3,M304,P103,949,887,6.85,12
2025-12-24,Night,Line3,M304,P101,1050,929,6.65,28
2025-12-24,Day,Line4,M401,P104,921,863,7.06,43
2025-12-24,Night,Line4,M401,P104,913,865,7.14,40
2025-12-24,Day,Line4,M402,P103,1194,1154,6.83,34
2025-12-24,Night,Line4,M402,P103,1148,1079,7.06,10
2025-12-24,Day,Line4,M403,P102,1048,1015,7.59,18
2025-12-24,Night,Line4,M403,P104,1048,953,7.22,15
2025-12-24,Day,Line4,M404,P101,1049,1027,7.31,34
2025-12-24,Night,Line4,M404,P102,1126,1012,6.76,35
2025-12-25,Day,Line1,M101,P104,854,784,7.97,22
2025-12-25,Night,Line1,M101,P103,1155,1016,7.77,43
2025-12-25,Day,Line1,M102,P102,988,964,7.6,35
2025-12-25,Night,Line1,M102,P104,1097,1041,7.86,12
2025-12-25,Day,Line1,M103,P101,1052,1007,7.62,33
2025-12-25,Night,Line1,M103,P104,930,855,7.37,41
2025-12-25,Day,Line1,M104,P104,1200,1133,6.98,28
2025-12-25,Night,Line1,M104,P101,930,845,6.89,14
2025-12-25,Day,Line2,M201,P103,1104,1066,7.78,18
2025-12-25,Night,Line2,M201,P102,894,782,7.61,19
2025-12-25,Day,Line2,M202,P103,925,838,6.59,27
2025-12-25,Night,Line2,M202,P102,953,867,7.9,31
2025-12-25,Day,Line2,M203,P102,1024,985,7.07,34
2025-12-25,Night,Line2,M203,P101,850,795,7.92,43
2025-12-25,Day,Line2,M204,P103,1117,1114,6.92,29
2025-12-25,Night,Line2,M204,P104,882,820,6.95,38
2025-12-25,Day,Line3,M301,P102,905,843,7.68,33
2025-12-25,Night,Line3,M301,P101,1023,911,7.69,19
2025-12-25,Day,Line3,M302,P101,1170,993,6.79,33
2025-12-25,Night,Line3,M302,P102,1019,872,7.95,22
2025-12-25,Day,Line3,M303,P101,946,831,7.98,17
2025-12-25,Night,Line3,M303,P103,1040,900,6.6,36
2025-12-25,Day,Line3,M304,P101,1018,913,7.13,24
2025-12-25,Night,Line3,M304,P103,1189,1093,7.75,19
2025-12-25,Day,Line4,M401,P102,926,881,7.93,18
2025-12-25,Night,Line4,M401,P101,853,783,7.55,15
2025-12-25,Day,Line4,M402,P102,1146,1127,6.59,27
2025-12-25,Night,Line4,M402,P103,965,930,6.8,16
2025-12-25,Day,Line4,M403,P103,1178,1049,7.12,14
2025-12-25,Night,Line4,M403,P103,865,809,7.67,44
2025-12-25,Day,Line4,M404,P104,1112,1105,6.72,24
2025-12-25,Night,Line4,M404,P103,950,884,7.33,39
2025-12-26,Day,Line1,M101,P104,1152,1067,7.27,44
2025-12-26,Night,Line1,M101,P102,1005,966,7.87,12
2025-12-26,Day,Line1,M102,P102,899,829,7.44,17
2025-12-26,Night,Line1,M102,P104,1121,1055,7.39,19
2025-12-26,Day,Line1,M103,P102,897,852,7.06,23
2025-12-26,Night,Line1,M103,P104,1168,1039,7.84,43
2025-12-26,Day,Line1,M104,P101,1107,1094,7.29,16
2025-12-26,Night,Line1,M104,P101,871,826,6.63,34
2025-12-26,Day,Line2,M201,P102,1009,1008,6.79,20
2025-12-26,Night,Line2,M201,P104,1026,959,6.64,39
2025-12-26,Day,Line2,M202,P104,961,892,6.96,31
2025-12-26,Night,Line2,M202,P103,1108,988,6.7,40
2025-12-26,Day,Line2,M203,P104,994,978,7.08,32
2025-12-26,Night,Line2,M203,P102,1063,963,7.45,23
2025-12-26,Day,Line2,M204,P103,1107,1140,6.87,43
2025-12-26,Night,Line2,M204,P102,950,942,7.28,41
2025-12-26,Day,Line3,M301,P102,1011,918,7.36,29
2025-12-26,Night,Line3,M301,P103,945,830,6.77,18
2025-12-26,Day,Line3,M302,P103,953,843,6.61,30
2025-12-26,Night,Line3,M302,P101,884,767,7.02,39
2025-12-26,Day,Line3,M303,P102,1133,1101,7.47,11
2025-12-26,Night,Line3,M303,P103,873,762,7.92,25
2025-12-26,Day,Line3,M304,P103,1022,940,7.93,33
2025-12-26,Night,Line3,M304,P102,1133,1022,6.85,43
2025-12-26,Day,Line4,M401,P102,1111,1095,7.44,40
2025-12-26,Night,Line4,M401,P102,853,808,7.97,26
2025-12-26,Day,Line4,M402,P104,1053,1006,7.97,40
2025-12-26,Night,Line4,M402,P104,1044,952,7.07,34
2025-12-26,Day,Line4,M403,P101,1122,1090,7.07,18
2025-12-26,Night,Line4,M403,P104,1003,948,6.53,30
2025-12-26,Day,Line4,M404,P104,890,839,6.58,18
2025-12-26,Night,Line4,M404,P101,1170,1110,7.71,40
2025-12-27,Day,Line1,M101,P103,956,911,6.95,14
2025-12-27,Night,Line1,M101,P102,1049,991,7.67,45
2025-12-27,Day,Line1,M102,P103,1159,1133,7.22,22
2025-12-27,Night,Line1,M102,P101,1040,978,7.52,18
2025-12-27,Day,Line1,M103,P104,915,897,7.1,16
2025-12-27,Night,Line1,M103,P101,1096,1030,6.84,28
2025-12-27,Day,Line1,M104,P101,981,967,7.25,26
2025-12-27,Night,Line1,M104,P102,851,788,7.03,17
2025-12-27,Day,Line2,M201,P101,1048,971,6.51,15
2025-12-27,Night,Line2,M201,P103,996,940,6.92,32
2025-12-27,Day,Line2,M202,P102,1152,1159,7.74,34
2025-12-27,Night,Line2,M202,P103,1030,991,7.89,39
2025-12-27,Day,Line2,M203,P103,988,994,6.61,23
2025-12-27,Night,Line2,M203,P102,885,816,6.59,40
2025-12-27,Day,Line2,M204,P101,912,871,6.82,33
2025-12-27,Night,Line2,M204,P102,966,877,6.93,25
2025-12-27,Day,Line3,M301,P103,1147,998,7.34,38
2025-12-27,Night,Line3,M301,P102,1168,1087,7.12,37
2025-12-27,Day,Line3,M302,P104,864,818,7.01,15
2025-12-27,Night,Line3,M302,P101,873,790,7.08,23
2025-12-27,Day,Line3,M303,P103,965,862,6.68,28
2025-12-27,Night,Line3,M303,P103,1157,1051,7.25,41
2025-12-27,Day,Line3,M304,P103,1127,1064,7.57,32
2025-12-27,Night,Line3,M304,P104,1170,1100,6.59,14
2025-12-27,Day,Line4,M401,P101,1093,999,7.64,42
2025-12-27,Night,Line4,M401,P104,877,813,7.81,18
2025-12-27,Day,Line4,M402,P101,1037,979,6.88,19
2025-12-27,Night,Line4,M402,P104,1160,1080,6.66,26
2025-12-27,Day,Line4,M403,P102,1083,1053,7.96,37
2025-12-27,Night,Line4,M403,P102,1113,980,7.1,18
2025-12-27,Day,Line4,M404,P104,997,940,6.76,12
2025-12-27,Night,Line4,M404,P102,959,887,6.79,17
2025-12-28,Day,Line1,M101,P102,935,897,7.32,21
2025-12-28,Night,Line1,M101,P102,1158,1093,7.04,30
2025-12-28,Day,Line1,M102,P103,1135,1079,6.99,12
2025-12-28,Night,Line1,M102,P104,857,855,6.9,28
2025-12-28,Day,Line1,M103,P104,955,910,7.15,17
2025-12-28,Night,Line1,M103,P103,1118,1064,7.03,23
2025-12-28,Day,Line1,M104,P104,1134,1108,7.11,39
2025-12-28,Night,Line1,M104,P103,1085,989,7.67,40
2025-12-28,Day,Line2,M201,P104,980,914,7.34,10
2025-12-28,Night,Line2,M201,P104,859,823,7.61,24
2025-12-28,Day,Line2,M202,P104,1047,1044,7.61,36
2025-12-28,Night,Line2,M202,P103,1055,1044,6.59,10
2025-12-28,Day,Line2,M203,P101,1194,1113,7.36,38
2025-12-28,Night,Line2,M203,P104,921,891,6.86,20
2025-12-28,Day,Line2,M204,P102,911,872,7.46,21
2025-12-28,Night,Line2,M204,P102,911,890,7.69,23
2025-12-28,Day,Line3,M301,P104,1125,1033,6.72,20
2025-12-28,Night,Line3,M301,P104,1134,1026,7.78,26
2025-12-28,Day,Line3,M302,P104,918,875,7.88,37
2025-12-28,Night,Line3,M302,P103,960,899,6.87,23
2025-12-28,Day,Line3,M303,P102,855,780,7.63,29
2025-12-28,Night,Line3,M303,P103,1179,992,7.17,37
2025-12-28,Day,Line3,M304,P102,1189,1055,7.42,12
2025-12-28,Night,Line3,M304,P104,1055,1005,7.73,35
2025-12-28,Day,Line4,M401,P101,989,966,7.68,44
2025-12-28,Night,Line4,M401,P103,968,883,7.17,16
2025-12-28,Day,Line4,M402,P102,953,897,7.04,26
2025-12-28,Night,Line4,M402,P103,955,928,7.0,31
2025-12-28,Day,Line4,M403,P103,1146,1165,7.66,45
2025-12-28,Night,Line4,M403,P101,907,852,7.09,43
2025-12-28,Day,Line4,M404,P103,1071,1068,6.95,32
2025-12-28,Night,Line4,M404,P101,928,897,6.64,26
2025-12-29,Day,Line1,M101,P102,910,882,7.47,11
2025-12-29,Night,Line1,M101,P104,970,932,6.59,39
2025-12-29,Day,Line1,M102,P101,1092,1057,7.77,11
2025-12-29,Night,Line1,M102,P103,1136,1111,7.96,24
2025-12-29,Day,Line1,M103,P104,979,961,6.56,43
2025-12-29,Night,Line1,M103,P101,892,798,7.66,36
2025-12-29,Day,Line1,M104,P103,1146,1092,7.73,32
2025-12-29,Night,Line1,M104,P103,1132,1032,7.54,33
2025-12-29,Day,Line2,M201,P103,935,900,7.95,14
2025-12-29,Night,Line2,M201,P102,1105,1029,7.48,22
2025-12-29,Day,Line2,M202,P101,956,899,7.96,36
2025-12-29,Night,Line2,M202,P102,1051,949,6.84,31
2025-12-29,Day,Line2,M203,P104,940,844,7.65,41
2025-12-29,Night,Line2,M203,P104,1086,1062,7.8,37
2025-12-29,Day,Line2,M204,P104,1093,1090,7.32,41
2025-12-29,Night,Line2,M204,P103,1140,1028,6.92,23
2025-12-29,Day,Line3,M301,P103,1136,1043,6.73,37
2025-12-29,Night,Line3,M301,P101,956,801,7.72,29
2025-12-29,Day,Line3,M302,P101,1098,972,7.21,26
2025-12-29,Night,Line3,M302,P101,1149,1011,7.1,32
2025-12-29,Day,Line3,M303,P102,1134,1007,7.9,11
2025-12-29,Night,Line3,M303,P103,941,853,7.09,37
2025-12-29,Day,Line3,M304,P104,916,763,6.92,22
2025-12-29,Night,Line3,M304,P102,1161,1004,7.84,10
2025-12-29,Day,Line4,M401,P104,1057,1041,6.86,17
2025-12-29,Night,Line4,M401,P103,864,765,7.7,12
2025-12-29,Day,Line4,M402,P101,888,832,7.52,15
2025-12-29,Night,Line4,M402,P102,1162,1126,7.56,16
2025-12-29,Day,Line4,M403,P103,1007,1028,7.36,43
2025-12-29,Night,Line4,M403,P101,1007,984,6.62,28
2025-12-29,Day,Line4,M404,P102,951,902,7.16,36
2025-12-29,Night,Line4,M404,P103,1105,1105,7.79,20
2025-12-30,Day,Line1,M101,P101,983,969,6.68,10
2025-12-30,Night,Line1,M101,P101,851,768,7.4,43
2025-12-30,Day,Line1,M102,P104,899,817,7.51,34
2025-12-30,Night,Line1,M102,P103,1085,1045,7.77,11
2025-12-30,Day,Line1,M103,P103,1171,1117,6.98,15
2025-12-30,Night,Line1,M103,P103,1096,988,6.93,24
2025-12-30,Day,Line1,M104,P101,1045,995,7.01,39
2025-12-30,Night,Line1,M104,P104,1086,1055,7.41,24
2025-12-30,Day,Line2,M201,P104,1081,1015,7.28,21
2025-12-30,Night,Line2,M201,P101,1149,1055,7.11,35
2025-12-30,Day,Line2,M202,P101,873,831,7.28,21
2025-12-30,Night,Line2,M202,P102,1084,1015,7.72,21
2025-12-30,Day,Line2,M203,P104,1006,952,7.4,24
2025-12-30,Night,Line2,M203,P102,879,841,7.78,33
2025-12-30,Day,Line2,M204,P104,1140,1117,7.85,38
2025-12-30,Night,Line2,M204,P102,986,922,6.81,33
2025-12-30,Day,Line3,M301,P104,903,801,6.79,33
2025-12-30,Night,Line3,M301,P103,1199,1046,7.86,38
2025-12-30,Day,Line3,M302,P102,930,884,7.09,41
2025-12-30,Night,Line3,M302,P104,853,810,7.45,17
2025-12-30,Day,Line3,M303,P101,1198,1039,7.15,31
2025-12-30,Night,Line3,M303,P103,1197,1022,7.25,16
2025-12-30,Day,Line3,M304,P104,1196,1067,7.0,41
2025-12-30,Night,Line3,M304,P102,1170,1090,7.74,21
2025-12-30,Day,Line4,M401,P104,852,806,6.97,37
2025-12-30,Night,Line4,M401,P103,1058,1012,7.74,42
2025-12-30,Day,Line4,M402,P104,882,840,7.17,12
2025-12-30,Night,Line4,M402,P103,1194,1102,6.78,40
2025-12-30,Day,Line4,M403,P102,1027,976,7.63,42
2025-12-30,Night,Line4,M403,P104,1095,987,7.76,28
2025-12-30,Day,Line4,M404,P102,949,930,7.31,36
2025-12-30,Night,Line4,M404,P103,989,906,6.99,41
2025-12-31,Day,Line1,M101,P101,936,879,7.14,34
2025-12-31,Night,Line1,M101,P102,926,845,6.77,41
2025-12-31,Day,Line1,M102,P104,1102,1110,7.51,37
2025-12-31,Night,Line1,M102,P103,1154,1067,6.82,35
2025-12-31,Day,Line1,M103,P103,1021,985,7.46,43
2025-12-31,Night,Line1,M103,P104,1185,1038,7.31,34
2025-12-31,Day,Line1,M104,P104,1166,1028,7.25,26
2025-12-31,Night,Line1,M104,P103,1076,971,7.15,15
2025-12-31,Day,Line2,M201,P103,1031,1020,7.45,25
2025-12-31,Night,Line2,M201,P103,1076,1014,7.58,26
2025-12-31,Day,Line2,M202,P103,1181,1194,7.37,12
2025-12-31,Night,Line2,M202,P102,979,954,6.54,11
2025-12-31,Day,Line2,M203,P103,973,908,6.65,38
2025-12-31,Night,Line2,M203,P104,936,873,7.69,10
2025-12-31,Day,Line2,M204,P103,1197,1197,6.91,43
2025-12-31,Night,Line2,M204,P104,1011,940,6.88,24
2025-12-31,Day,Line3,M301,P103,1020,948,7.72,11
2025-12-31,Night,Line3,M301,P102,1075,911,7.18,32
2025-12-31,Day,Line3,M302,P103,1133,1040,6.68,12
2025-12-31,Night,Line3,M302,P104,1118,992,7.23,10
2025-12-31,Day,Line3,M303,P103,967,855,6.9,44
2025-12-31,Night,Line3,M303,P102,951,840,6.54,44
2025-12-31,Day,Line3,M304,P103,1056,969,7.72,22
2025-12-31,Night,Line3,M304,P102,1160,1065,7.28,17
2025-12-31,Day,Line4,M401,P102,1058,1066,7.86,34
2025-12-31,Night,Line4,M401,P103,1118,1077,6.64,12
2025-12-31,Day,Line4,M402,P103,864,861,7.94,40
2025-12-31,Night,Line4,M402,P102,1084,986,7.97,23
2025-12-31,Day,Line4,M403,P101,990,916,6.68,15
2025-12-31,Night,Line4,M403,P103,850,812,7.92,34
2025-12-31,Day,Line4,M404,P102,940,864,7.9,26
2025-12-31,Night,Line4,M404,P101,1010,940,6.66,16
